2026-06-19T09:57:34.663328699Z I0619 09:57:34.663083      10 apf_controller.go:493] "Update CurrentCL" plName="exempt" seatDemandHighWatermark=2 seatDemandAvg=0.003482059387830024 seatDemandStdev=0.06181148149036363 seatDemandSmoothed=0.1796405769181238 fairFrac=2.3333333333333335 currentCL=2 concurrencyDenominator=2 backstop=false
2026-06-19T09:57:44.663799693Z I0619 09:57:44.663466      10 apf_controller.go:493] "Update CurrentCL" plName="exempt" seatDemandHighWatermark=1 seatDemandAvg=0.0022555308989821708 seatDemandStdev=0.04743883935496217 seatDemandSmoothed=0.17665181416484768 fairFrac=2.3333333333333335 currentCL=1 concurrencyDenominator=1 backstop=false
2026-06-19T09:58:04.669513728Z I0619 09:58:04.669182      10 apf_controller.go:493] "Update CurrentCL" plName="exempt" seatDemandHighWatermark=2 seatDemandAvg=0.01201131911166836 seatDemandStdev=0.10898967607820159 seatDemandSmoothed=0.1724920037428233 fairFrac=2.3333333333333335 currentCL=2 concurrencyDenominator=2 backstop=false
2026-06-19T09:58:14.669930989Z I0619 09:58:14.669699      10 apf_controller.go:493] "Update CurrentCL" plName="exempt" seatDemandHighWatermark=1 seatDemandAvg=0.0025533201696159038 seatDemandStdev=0.050465837214172284 seatDemandSmoothed=0.1697441282765655 fairFrac=2.3333333333333335 currentCL=1 concurrencyDenominator=1 backstop=false
2026-06-19T09:58:34.671529597Z I0619 09:58:34.671253      10 apf_controller.go:493] "Update CurrentCL" plName="exempt" seatDemandHighWatermark=2 seatDemandAvg=0.003056917046663697 seatDemandStdev=0.05990853363843945 seatDemandSmoothed=0.1645989564177898 fairFrac=2.3333333333333335 currentCL=2 concurrencyDenominator=2 backstop=false
2026-06-19T09:58:54.673595441Z I0619 09:58:54.673311      10 apf_controller.go:493] "Update CurrentCL" plName="exempt" seatDemandHighWatermark=1 seatDemandAvg=0.0021499198539748844 seatDemandStdev=0.04631735850193067 seatDemandSmoothed=0.1595654989376306 fairFrac=2.3333333333333335 currentCL=1 concurrencyDenominator=1 backstop=false
2026-06-19T09:59:03.192403366Z I0619 09:59:03.190709      10 controller.go:231] Updating CRD OpenAPI spec because ciliumnodes.cilium.io changed
2026-06-19T09:59:03.192425600Z I0619 09:59:03.190750      10 controller.go:231] Updating CRD OpenAPI spec because ciliumendpoints.cilium.io changed
2026-06-19T09:59:03.196382611Z I0619 09:59:03.196154      10 controller.go:231] Updating CRD OpenAPI spec because ciliumnodeconfigs.cilium.io changed
2026-06-19T09:59:03.217732928Z I0619 09:59:03.217373      10 controller.go:231] Updating CRD OpenAPI spec because vmpodscrapes.operator.victoriametrics.com changed
2026-06-19T09:59:03.218592632Z I0619 09:59:03.217763      10 controller.go:231] Updating CRD OpenAPI spec because ciliumnetworkpolicies.cilium.io changed
2026-06-19T09:59:03.220572929Z I0619 09:59:03.220390      10 controller.go:231] Updating CRD OpenAPI spec because ciliuml2announcementpolicies.cilium.io changed
2026-06-19T09:59:03.220989286Z I0619 09:59:03.220877      10 controller.go:231] Updating CRD OpenAPI spec because vmanomalyconfigs.operator.victoriametrics.com changed
2026-06-19T09:59:03.227585580Z I0619 09:59:03.227340      10 controller.go:231] Updating CRD OpenAPI spec because vmanomalies.operator.victoriametrics.com changed
2026-06-19T09:59:03.231248457Z I0619 09:59:03.231058      10 controller.go:231] Updating CRD OpenAPI spec because vmservicescrapes.operator.victoriametrics.com changed
2026-06-19T09:59:03.233687525Z I0619 09:59:03.232584      10 controller.go:231] Updating CRD OpenAPI spec because vlsingles.operator.victoriametrics.com changed
2026-06-19T09:59:03.241080916Z I0619 09:59:03.240867      10 controller.go:231] Updating CRD OpenAPI spec because vlclusters.operator.victoriametrics.com changed
2026-06-19T09:59:03.241716961Z I0619 09:59:03.241525      10 controller.go:231] Updating CRD OpenAPI spec because vmrules.operator.victoriametrics.com changed
2026-06-19T09:59:03.255382627Z I0619 09:59:03.255150      10 controller.go:231] Updating CRD OpenAPI spec because vmalerts.operator.victoriametrics.com changed
2026-06-19T09:59:03.256275954Z I0619 09:59:03.256096      10 controller.go:231] Updating CRD OpenAPI spec because ciliumclusterwidenetworkpolicies.cilium.io changed
2026-06-19T09:59:03.257236091Z I0619 09:59:03.257066      10 controller.go:231] Updating CRD OpenAPI spec because ciliumcidrgroups.cilium.io changed
2026-06-19T09:59:03.258198873Z I0619 09:59:03.258097      10 controller.go:231] Updating CRD OpenAPI spec because vmusers.operator.victoriametrics.com changed
2026-06-19T09:59:03.258393811Z I0619 09:59:03.258301      10 controller.go:231] Updating CRD OpenAPI spec because vmprobes.operator.victoriametrics.com changed
2026-06-19T09:59:03.259625070Z I0619 09:59:03.259514      10 controller.go:231] Updating CRD OpenAPI spec because vlogs.operator.victoriametrics.com changed
2026-06-19T09:59:03.260139186Z I0619 09:59:03.260044      10 controller.go:231] Updating CRD OpenAPI spec because vmstaticscrapes.operator.victoriametrics.com changed
2026-06-19T09:59:03.267308679Z I0619 09:59:03.267108      10 controller.go:231] Updating CRD OpenAPI spec because vlagents.operator.victoriametrics.com changed
2026-06-19T09:59:03.271727530Z I0619 09:59:03.270390      10 controller.go:231] Updating CRD OpenAPI spec because vmalertmanagerconfigs.operator.victoriametrics.com changed
2026-06-19T09:59:03.274711635Z I0619 09:59:03.274517      10 controller.go:231] Updating CRD OpenAPI spec because vmalertmanagers.operator.victoriametrics.com changed
2026-06-19T09:59:03.275290032Z I0619 09:59:03.275154      10 controller.go:231] Updating CRD OpenAPI spec because vmauths.operator.victoriametrics.com changed
2026-06-19T09:59:03.276841928Z I0619 09:59:03.276708      10 controller.go:231] Updating CRD OpenAPI spec because vtsingles.operator.victoriametrics.com changed
2026-06-19T09:59:03.276986438Z I0619 09:59:03.276903      10 controller.go:231] Updating CRD OpenAPI spec because vmsingles.operator.victoriametrics.com changed
2026-06-19T09:59:03.277070907Z I0619 09:59:03.277000      10 controller.go:231] Updating CRD OpenAPI spec because vtclusters.operator.victoriametrics.com changed
2026-06-19T09:59:03.286582256Z I0619 09:59:03.286216      10 controller.go:231] Updating CRD OpenAPI spec because vmnodescrapes.operator.victoriametrics.com changed
2026-06-19T09:59:03.300731050Z I0619 09:59:03.300540      10 controller.go:231] Updating CRD OpenAPI spec because vmdistributed.operator.victoriametrics.com changed
2026-06-19T09:59:03.301313802Z I0619 09:59:03.301163      10 controller.go:231] Updating CRD OpenAPI spec because ciliumpodippools.cilium.io changed
2026-06-19T09:59:03.301321871Z I0619 09:59:03.301197      10 controller.go:231] Updating CRD OpenAPI spec because ciliumloadbalancerippools.cilium.io changed
2026-06-19T09:59:03.311379338Z I0619 09:59:03.311191      10 controller.go:231] Updating CRD OpenAPI spec because kubenticagents.kubentic.io changed
2026-06-19T09:59:03.317290748Z I0619 09:59:03.317094      10 controller.go:231] Updating CRD OpenAPI spec because ciliumidentities.cilium.io changed
2026-06-19T09:59:03.317829346Z I0619 09:59:03.317580      10 controller.go:231] Updating CRD OpenAPI spec because vmagents.operator.victoriametrics.com changed
2026-06-19T09:59:03.320771454Z I0619 09:59:03.320595      10 controller.go:231] Updating CRD OpenAPI spec because vmclusters.operator.victoriametrics.com changed
2026-06-19T09:59:03.322170288Z I0619 09:59:03.322017      10 controller.go:231] Updating CRD OpenAPI spec because vmscrapeconfigs.operator.victoriametrics.com changed
2026-06-19T09:59:04.677291340Z I0619 09:59:04.674039      10 apf_controller.go:493] "Update CurrentCL" plName="exempt" seatDemandHighWatermark=4 seatDemandAvg=0.013185731536967116 seatDemandStdev=0.12704645903591832 seatDemandSmoothed=0.15912083284524148 fairFrac=2.3333333333333335 currentCL=4 concurrencyDenominator=4 backstop=false
2026-06-19T09:59:14.675730943Z I0619 09:59:14.675461      10 apf_controller.go:493] "Update CurrentCL" plName="exempt" seatDemandHighWatermark=1 seatDemandAvg=0.004893468672220796 seatDemandStdev=0.06978196498075122 seatDemandSmoothed=0.15717858866381929 fairFrac=2.3333333333333335 currentCL=1 concurrencyDenominator=1 backstop=false
2026-06-19T09:59:34.677692077Z I0619 09:59:34.677392      10 apf_controller.go:493] "Update CurrentCL" plName="exempt" seatDemandHighWatermark=2 seatDemandAvg=0.0030847420617846908 seatDemandStdev=0.0574042051673914 seatDemandSmoothed=0.1527442005794869 fairFrac=2.3333333333333335 currentCL=2 concurrencyDenominator=2 backstop=false
2026-06-19T09:59:44.678898393Z I0619 09:59:44.678626      10 apf_controller.go:493] "Update CurrentCL" plName="exempt" seatDemandHighWatermark=1 seatDemandAvg=0.0020619343161203244 seatDemandStdev=0.04536168805276464 seatDemandSmoothed=0.15032182728064306 fairFrac=2.3333333333333335 currentCL=1 concurrencyDenominator=1 backstop=false
2026-06-19T10:00:04.690913098Z I0619 10:00:04.682246      10 apf_controller.go:493] "Update CurrentCL" plName="exempt" seatDemandHighWatermark=2 seatDemandAvg=0.037027213982506746 seatDemandStdev=0.24405349600510945 seatDemandSmoothed=0.2810807099876162 fairFrac=2.3333333333333335 currentCL=2 concurrencyDenominator=2 backstop=false
2026-06-19T10:00:10.024672215Z I0619 10:00:10.018173      10 trace.go:236] Trace[1849823180]: "Get" accept:application/json,audit-id:22aeb4ec-e3a0-42dd-b2bd-99c57aeb2072,client:172.20.237.164,api-group:,api-version:v1,name:ebs-csi-controller-79687fbb4f-swppk,subresource:log,namespace:kube-system,protocol:HTTP/1.1,resource:pods,scope:resource,url:/api/v1/namespaces/kube-system/pods/ebs-csi-controller-79687fbb4f-swppk/log,user-agent:OpenAPI-Generator/31.0.0/python,verb:CONNECT (19-Jun-2026 10:00:09.462) (total time: 538ms):
2026-06-19T10:00:10.024689725Z Trace[1849823180]: ---"Writing http response done" 523ms (10:00:10.000)
2026-06-19T10:00:10.024693688Z Trace[1849823180]: [538.088514ms] [538.088514ms] END
2026-06-19T10:00:10.887617874Z I0619 10:00:10.863176      10 trace.go:236] Trace[430077289]: "Get" accept:application/json,audit-id:6e8711ea-f7e4-4b86-bf04-3bf02a1afbe9,client:172.20.237.164,api-group:,api-version:v1,name:kops-controller-j2ljb,subresource:log,namespace:kube-system,protocol:HTTP/1.1,resource:pods,scope:resource,url:/api/v1/namespaces/kube-system/pods/kops-controller-j2ljb/log,user-agent:OpenAPI-Generator/31.0.0/python,verb:CONNECT (19-Jun-2026 10:00:10.086) (total time: 776ms):
2026-06-19T10:00:10.887682987Z Trace[430077289]: ---"Writing http response done" 745ms (10:00:10.863)
2026-06-19T10:00:10.887687626Z Trace[430077289]: [776.360368ms] [776.360368ms] END
2026-06-19T10:00:10.887694152Z I0619 10:00:10.864141      10 trace.go:236] Trace[21684762]: "Get" accept:application/json,audit-id:9d32a3b4-9e43-4a96-8ee5-3c3e41ebe04d,client:172.20.237.164,api-group:,api-version:v1,name:kube-controller-manager-i-0010bc1572a60c430,subresource:log,namespace:kube-system,protocol:HTTP/1.1,resource:pods,scope:resource,url:/api/v1/namespaces/kube-system/pods/kube-controller-manager-i-0010bc1572a60c430/log,user-agent:OpenAPI-Generator/31.0.0/python,verb:CONNECT (19-Jun-2026 10:00:10.183) (total time: 680ms):
2026-06-19T10:00:10.887697914Z Trace[21684762]: ---"Writing http response done" 653ms (10:00:10.864)
2026-06-19T10:00:10.887700841Z Trace[21684762]: [680.469081ms] [680.469081ms] END
2026-06-19T10:00:11.204203349Z I0619 10:00:11.203603      10 trace.go:236] Trace[778114839]: "Get" accept:application/json,audit-id:e1649ec2-ec19-42eb-9755-2a70a3fa1383,client:172.20.237.164,api-group:,api-version:v1,name:kube-apiserver-i-0010bc1572a60c430,subresource:log,namespace:kube-system,protocol:HTTP/1.1,resource:pods,scope:resource,url:/api/v1/namespaces/kube-system/pods/kube-apiserver-i-0010bc1572a60c430/log,user-agent:OpenAPI-Generator/31.0.0/python,verb:CONNECT (19-Jun-2026 10:00:10.088) (total time: 1114ms):
2026-06-19T10:00:11.204233851Z Trace[778114839]: ---"Writing http response done" 994ms (10:00:11.203)
2026-06-19T10:00:11.204237499Z Trace[778114839]: [1.114670195s] [1.114670195s] END
2026-06-19T10:00:11.910701492Z I0619 10:00:11.908778      10 trace.go:236] Trace[1975113551]: "Get" accept:application/json,audit-id:aa349008-8d44-4126-994d-96a6b95ca370,client:172.20.237.164,api-group:,api-version:v1,name:etcd-manager-events-i-0010bc1572a60c430,subresource:log,namespace:kube-system,protocol:HTTP/1.1,resource:pods,scope:resource,url:/api/v1/namespaces/kube-system/pods/etcd-manager-events-i-0010bc1572a60c430/log,user-agent:OpenAPI-Generator/31.0.0/python,verb:CONNECT (19-Jun-2026 10:00:10.020) (total time: 1888ms):
2026-06-19T10:00:11.910756623Z Trace[1975113551]: ---"Writing http response done" 1865ms (10:00:11.908)
2026-06-19T10:00:11.910760727Z Trace[1975113551]: [1.888281893s] [1.888281893s] END
2026-06-19T10:00:11.928581155Z I0619 10:00:11.928201      10 trace.go:236] Trace[1211575977]: "Get" accept:application/json,audit-id:0f46d5d5-540f-44f3-83a9-1c504ed27b33,client:172.20.237.164,api-group:,api-version:v1,name:etcd-manager-main-i-0010bc1572a60c430,subresource:log,namespace:kube-system,protocol:HTTP/1.1,resource:pods,scope:resource,url:/api/v1/namespaces/kube-system/pods/etcd-manager-main-i-0010bc1572a60c430/log,user-agent:OpenAPI-Generator/31.0.0/python,verb:CONNECT (19-Jun-2026 10:00:10.024) (total time: 1903ms):
2026-06-19T10:00:11.928602461Z Trace[1211575977]: ---"Writing http response done" 1882ms (10:00:11.928)
2026-06-19T10:00:11.928605804Z Trace[1211575977]: [1.903916534s] [1.903916534s] END
2026-06-19T10:00:14.682961553Z I0619 10:00:14.682703      10 apf_controller.go:493] "Update CurrentCL" plName="exempt" seatDemandHighWatermark=1 seatDemandAvg=0.03451009116923985 seatDemandStdev=0.18253532473669476 seatDemandSmoothed=0.27960789822373755 fairFrac=2.3333333333333335 currentCL=1 concurrencyDenominator=1 backstop=false
2026-06-19T10:00:34.684274340Z I0619 10:00:34.684051      10 apf_controller.go:493] "Update CurrentCL" plName="exempt" seatDemandHighWatermark=2 seatDemandAvg=0.0032697517248037327 seatDemandStdev=0.0574527227112264 seatDemandSmoothed=0.26975079911369726 fairFrac=2.3333333333333335 currentCL=2 concurrencyDenominator=2 backstop=false
2026-06-19T10:00:44.686202519Z I0619 10:00:44.685602      10 apf_controller.go:493] "Update CurrentCL" plName="exempt" seatDemandHighWatermark=1 seatDemandAvg=0.002611095395321969 seatDemandStdev=0.051032122983063304 seatDemandSmoothed=0.2647803247567851 fairFrac=2.3333333333333335 currentCL=1 concurrencyDenominator=1 backstop=false
2026-06-19T10:01:04.689647540Z I0619 10:01:04.688461      10 apf_controller.go:493] "Update CurrentCL" plName="exempt" seatDemandHighWatermark=4 seatDemandAvg=0.042837564969441744 seatDemandStdev=0.2224728373461605 seatDemandSmoothed=0.2653104023156022 fairFrac=2.3333333333333335 currentCL=4 concurrencyDenominator=4 backstop=false
2026-06-19T10:01:14.689886993Z I0619 10:01:14.689264      10 apf_controller.go:493] "Update CurrentCL" plName="exempt" seatDemandHighWatermark=1 seatDemandAvg=0.012114614954758839 seatDemandStdev=0.10939767392068614 seatDemandSmoothed=0.2620030457064786 fairFrac=2.3333333333333335 currentCL=1 concurrencyDenominator=1 backstop=false
2026-06-19T10:01:34.691722862Z I0619 10:01:34.691422      10 apf_controller.go:493] "Update CurrentCL" plName="exempt" seatDemandHighWatermark=2 seatDemandAvg=0.0034273417781776998 seatDemandStdev=0.05861603304766179 seatDemandSmoothed=0.252714954442092 fairFrac=2.3333333333333335 currentCL=2 concurrencyDenominator=2 backstop=false
2026-06-19T10:01:44.693252838Z I0619 10:01:44.692807      10 apf_controller.go:493] "Update CurrentCL" plName="exempt" seatDemandHighWatermark=1 seatDemandAvg=0.0028809433165184147 seatDemandStdev=0.053597047326559163 seatDemandSmoothed=0.24820150427471468 fairFrac=2.3333333333333335 currentCL=1 concurrencyDenominator=1 backstop=false
2026-06-19T10:02:04.694565027Z I0619 10:02:04.694309      10 apf_controller.go:493] "Update CurrentCL" plName="exempt" seatDemandHighWatermark=2 seatDemandAvg=0.04389577906736232 seatDemandStdev=0.2050782592593313 seatDemandSmoothed=0.24897403832669363 fairFrac=2.3333333333333335 currentCL=2 concurrencyDenominator=2 backstop=false
2026-06-19T10:02:14.695265808Z I0619 10:02:14.694955      10 apf_controller.go:493] "Update CurrentCL" plName="exempt" seatDemandHighWatermark=1 seatDemandAvg=0.0024897220236144595 seatDemandStdev=0.049834960698886765 seatDemandSmoothed=0.2444511031477972 fairFrac=2.3333333333333335 currentCL=1 concurrencyDenominator=1 backstop=false
2026-06-19T10:02:34.697649353Z I0619 10:02:34.697366      10 apf_controller.go:493] "Update CurrentCL" plName="exempt" seatDemandHighWatermark=2 seatDemandAvg=0.0031477855147955575 seatDemandStdev=0.05887679702726139 seatDemandSmoothed=0.23591611035803622 fairFrac=2.3333333333333335 currentCL=2 concurrencyDenominator=2 backstop=false
2026-06-19T10:02:44.698461105Z I0619 10:02:44.698198      10 apf_controller.go:493] "Update CurrentCL" plName="exempt" seatDemandHighWatermark=1 seatDemandAvg=0.005470953389425786 seatDemandStdev=0.07376328394558174 seatDemandSmoothed=0.23231242727850654 fairFrac=2.3333333333333335 currentCL=1 concurrencyDenominator=1 backstop=false
2026-06-19T10:03:04.699627320Z I0619 10:03:04.699377      10 apf_controller.go:493] "Update CurrentCL" plName="exempt" seatDemandHighWatermark=4 seatDemandAvg=0.010183496720572574 seatDemandStdev=0.16681189631174384 seatDemandSmoothed=0.2269673755160033 fairFrac=2.3333333333333335 currentCL=4 concurrencyDenominator=4 backstop=false
2026-06-19T10:03:14.700936597Z I0619 10:03:14.700619      10 apf_controller.go:493] "Update CurrentCL" plName="exempt" seatDemandHighWatermark=1 seatDemandAvg=0.003546495291908782 seatDemandStdev=0.05944676326809771 seatDemandSmoothed=0.2231959708260154 fairFrac=2.3333333333333335 currentCL=1 concurrencyDenominator=1 backstop=false
2026-06-19T10:03:34.702338564Z I0619 10:03:34.702100      10 apf_controller.go:493] "Update CurrentCL" plName="exempt" seatDemandHighWatermark=2 seatDemandAvg=0.0030645533616623388 seatDemandStdev=0.055533856119242574 seatDemandSmoothed=0.21549086459523312 fairFrac=2.3333333333333335 currentCL=2 concurrencyDenominator=2 backstop=false
2026-06-19T10:03:44.703565956Z I0619 10:03:44.703311      10 apf_controller.go:493] "Update CurrentCL" plName="exempt" seatDemandHighWatermark=1 seatDemandAvg=0.002915235425249798 seatDemandStdev=0.05391416166152606 seatDemandSmoothed=0.21184165084253861 fairFrac=2.3333333333333335 currentCL=1 concurrencyDenominator=1 backstop=false
2026-06-19T10:04:03.014913579Z I0619 10:04:03.014677      10 cidrallocator.go:242] syncing ServiceCIDR allocators
2026-06-19T10:04:03.014949725Z I0619 10:04:03.014719      10 cidrallocator.go:278] updated ClusterIP allocator for Service CIDR 100.64.0.0/13
2026-06-19T10:04:03.015009912Z I0619 10:04:03.014728      10 cidrallocator.go:244] syncing ServiceCIDR allocators took: 60.662µs
2026-06-19T10:04:03.199778321Z I0619 10:04:03.196191      10 controller.go:231] Updating CRD OpenAPI spec because vtsingles.operator.victoriametrics.com changed
2026-06-19T10:04:03.225880555Z I0619 10:04:03.225374      10 controller.go:231] Updating CRD OpenAPI spec because vmsingles.operator.victoriametrics.com changed
2026-06-19T10:04:03.241345218Z I0619 10:04:03.241100      10 controller.go:231] Updating CRD OpenAPI spec because vtclusters.operator.victoriametrics.com changed
2026-06-19T10:04:03.242352256Z I0619 10:04:03.241493      10 controller.go:231] Updating CRD OpenAPI spec because vmnodescrapes.operator.victoriametrics.com changed
2026-06-19T10:04:03.273600022Z I0619 10:04:03.273346      10 controller.go:231] Updating CRD OpenAPI spec because vmdistributed.operator.victoriametrics.com changed
2026-06-19T10:04:03.273923942Z I0619 10:04:03.273829      10 controller.go:231] Updating CRD OpenAPI spec because ciliumpodippools.cilium.io changed
2026-06-19T10:04:03.278243795Z I0619 10:04:03.278023      10 controller.go:231] Updating CRD OpenAPI spec because ciliumloadbalancerippools.cilium.io changed
2026-06-19T10:04:03.282411011Z I0619 10:04:03.279823      10 controller.go:231] Updating CRD OpenAPI spec because kubenticagents.kubentic.io changed
2026-06-19T10:04:03.282925408Z I0619 10:04:03.282742      10 controller.go:231] Updating CRD OpenAPI spec because ciliumidentities.cilium.io changed
2026-06-19T10:04:03.290423400Z I0619 10:04:03.290219      10 controller.go:231] Updating CRD OpenAPI spec because vmagents.operator.victoriametrics.com changed
2026-06-19T10:04:03.290713961Z I0619 10:04:03.290631      10 controller.go:231] Updating CRD OpenAPI spec because vmclusters.operator.victoriametrics.com changed
2026-06-19T10:04:03.309412823Z I0619 10:04:03.309243      10 controller.go:231] Updating CRD OpenAPI spec because vmscrapeconfigs.operator.victoriametrics.com changed
2026-06-19T10:04:03.310690092Z I0619 10:04:03.310512      10 controller.go:231] Updating CRD OpenAPI spec because ciliumnodes.cilium.io changed
2026-06-19T10:04:03.324500803Z I0619 10:04:03.324326      10 controller.go:231] Updating CRD OpenAPI spec because ciliumendpoints.cilium.io changed
2026-06-19T10:04:03.326034045Z I0619 10:04:03.325033      10 controller.go:231] Updating CRD OpenAPI spec because ciliumnodeconfigs.cilium.io changed
2026-06-19T10:04:03.326218564Z I0619 10:04:03.326106      10 controller.go:231] Updating CRD OpenAPI spec because vmpodscrapes.operator.victoriametrics.com changed
2026-06-19T10:04:03.349569659Z I0619 10:04:03.349358      10 controller.go:231] Updating CRD OpenAPI spec because ciliumnetworkpolicies.cilium.io changed
2026-06-19T10:04:03.349875451Z I0619 10:04:03.349791      10 controller.go:231] Updating CRD OpenAPI spec because ciliuml2announcementpolicies.cilium.io changed
2026-06-19T10:04:03.372248552Z I0619 10:04:03.372049      10 controller.go:231] Updating CRD OpenAPI spec because vmanomalyconfigs.operator.victoriametrics.com changed
2026-06-19T10:04:03.408922633Z I0619 10:04:03.408741      10 controller.go:231] Updating CRD OpenAPI spec because vmanomalies.operator.victoriametrics.com changed
2026-06-19T10:04:03.409096804Z I0619 10:04:03.408992      10 controller.go:231] Updating CRD OpenAPI spec because vmservicescrapes.operator.victoriametrics.com changed
2026-06-19T10:04:03.409248140Z I0619 10:04:03.409127      10 controller.go:231] Updating CRD OpenAPI spec because vlsingles.operator.victoriametrics.com changed
2026-06-19T10:04:03.427520810Z I0619 10:04:03.427285      10 controller.go:231] Updating CRD OpenAPI spec because vlclusters.operator.victoriametrics.com changed
2026-06-19T10:04:03.451188617Z I0619 10:04:03.450935      10 controller.go:231] Updating CRD OpenAPI spec because vmrules.operator.victoriametrics.com changed
2026-06-19T10:04:03.458155897Z I0619 10:04:03.457929      10 controller.go:231] Updating CRD OpenAPI spec because vmalerts.operator.victoriametrics.com changed
2026-06-19T10:04:03.472616127Z I0619 10:04:03.471342      10 controller.go:231] Updating CRD OpenAPI spec because ciliumclusterwidenetworkpolicies.cilium.io changed
2026-06-19T10:04:03.473123696Z I0619 10:04:03.472958      10 controller.go:231] Updating CRD OpenAPI spec because ciliumcidrgroups.cilium.io changed
2026-06-19T10:04:03.477228086Z I0619 10:04:03.477059      10 controller.go:231] Updating CRD OpenAPI spec because vmusers.operator.victoriametrics.com changed
2026-06-19T10:04:03.477590627Z I0619 10:04:03.477495      10 controller.go:231] Updating CRD OpenAPI spec because vmprobes.operator.victoriametrics.com changed
2026-06-19T10:04:03.482222278Z I0619 10:04:03.478838      10 controller.go:231] Updating CRD OpenAPI spec because vlogs.operator.victoriametrics.com changed
2026-06-19T10:04:03.497231326Z I0619 10:04:03.496986      10 controller.go:231] Updating CRD OpenAPI spec because vmstaticscrapes.operator.victoriametrics.com changed
2026-06-19T10:04:03.497257420Z I0619 10:04:03.497046      10 controller.go:231] Updating CRD OpenAPI spec because vlagents.operator.victoriametrics.com changed
2026-06-19T10:04:03.503801703Z I0619 10:04:03.497560      10 controller.go:231] Updating CRD OpenAPI spec because vmalertmanagerconfigs.operator.victoriametrics.com changed
2026-06-19T10:04:03.504947336Z I0619 10:04:03.504768      10 controller.go:231] Updating CRD OpenAPI spec because vmalertmanagers.operator.victoriametrics.com changed
2026-06-19T10:04:03.505110410Z I0619 10:04:03.504811      10 controller.go:231] Updating CRD OpenAPI spec because vmauths.operator.victoriametrics.com changed
2026-06-19T10:04:04.706010702Z I0619 10:04:04.705709      10 apf_controller.go:493] "Update CurrentCL" plName="exempt" seatDemandHighWatermark=2 seatDemandAvg=0.011331742509957972 seatDemandStdev=0.10594489836194793 seatDemandSmoothed=0.20608449703357498 fairFrac=2.3333333333333335 currentCL=2 concurrencyDenominator=2 backstop=false
2026-06-19T10:04:14.707200757Z I0619 10:04:14.706906      10 apf_controller.go:493] "Update CurrentCL" plName="exempt" seatDemandHighWatermark=1 seatDemandAvg=0.004530461012521765 seatDemandStdev=0.06715605658118846 seatDemandSmoothed=0.2029933435064581 fairFrac=2.3333333333333335 currentCL=1 concurrencyDenominator=1 backstop=false
2026-06-19T10:04:34.708228853Z I0619 10:04:34.707997      10 apf_controller.go:493] "Update CurrentCL" plName="exempt" seatDemandHighWatermark=4 seatDemandAvg=0.004296965892781255 seatDemandStdev=0.08624877235595461 seatDemandSmoothed=0.1971590994202508 fairFrac=2.3333333333333335 currentCL=4 concurrencyDenominator=4 backstop=false
2026-06-19T10:04:44.709646702Z I0619 10:04:44.709400      10 apf_controller.go:493] "Update CurrentCL" plName="exempt" seatDemandHighWatermark=1 seatDemandAvg=0.0028354631326172014 seatDemandStdev=0.05317352049131945 seatDemandSmoothed=0.1939126467569356 fairFrac=2.3333333333333335 currentCL=1 concurrencyDenominator=1 backstop=false
2026-06-19T10:05:04.711166461Z I0619 10:05:04.710927      10 apf_controller.go:493] "Update CurrentCL" plName="exempt" seatDemandHighWatermark=2 seatDemandAvg=0.006527372498674575 seatDemandStdev=0.08339192526057064 seatDemandSmoothed=0.18835437097466162 fairFrac=2.3333333333333335 currentCL=2 concurrencyDenominator=2 backstop=false
2026-06-19T10:05:14.712277967Z I0619 10:05:14.712017      10 apf_controller.go:493] "Update CurrentCL" plName="exempt" seatDemandHighWatermark=1 seatDemandAvg=0.004899701740635886 seatDemandStdev=0.06982617463021082 seatDemandSmoothed=0.18574091559877387 fairFrac=2.3333333333333335 currentCL=1 concurrencyDenominator=1 backstop=false
2026-06-19T10:05:34.712961760Z I0619 10:05:34.712749      10 apf_controller.go:493] "Update CurrentCL" plName="exempt" seatDemandHighWatermark=2 seatDemandAvg=0.0031705779543873564 seatDemandStdev=0.056924726217191426 seatDemandSmoothed=0.17987272030734788 fairFrac=2.3333333333333335 currentCL=2 concurrencyDenominator=2 backstop=false
2026-06-19T10:05:44.713968278Z I0619 10:05:44.713715      10 apf_controller.go:493] "Update CurrentCL" plName="exempt" seatDemandHighWatermark=1 seatDemandAvg=0.002440026268189044 seatDemandStdev=0.04933632069783469 seatDemandSmoothed=0.17692650372049742 fairFrac=2.3333333333333335 currentCL=1 concurrencyDenominator=1 backstop=false
2026-06-19T10:05:54.715241936Z I0619 10:05:54.714993      10 apf_controller.go:493] "Update CurrentCL" plName="exempt" seatDemandHighWatermark=4 seatDemandAvg=0.00319613186273206 seatDemandStdev=0.0790563639584353 seatDemandSmoothed=0.17474900153881281 fairFrac=2.3333333333333335 currentCL=4 concurrencyDenominator=4 backstop=false
2026-06-19T10:06:04.716221936Z I0619 10:06:04.715780      10 apf_controller.go:493] "Update CurrentCL" plName="exempt" seatDemandHighWatermark=10 seatDemandAvg=0.05810843230456167 seatDemandStdev=0.45072009091046017 seatDemandSmoothed=0.5088285232150218 fairFrac=2.3333333333333335 currentCL=10 concurrencyDenominator=10 backstop=false
2026-06-19T10:06:14.717341911Z I0619 10:06:14.716909      10 apf_controller.go:493] "Update CurrentCL" plName="exempt" seatDemandHighWatermark=1 seatDemandAvg=0.003096644117648956 seatDemandStdev=0.055561271699427345 seatDemandSmoothed=0.4984745992448691 fairFrac=2.3333333333333335 currentCL=1 concurrencyDenominator=1 backstop=false
2026-06-19T10:07:34.721646748Z I0619 10:07:34.721334      10 apf_controller.go:493] "Update CurrentCL" plName="exempt" seatDemandHighWatermark=4 seatDemandAvg=0.003779111892515613 seatDemandStdev=0.08161165245104782 seatDemandSmoothed=0.42477693477182005 fairFrac=2.3333333333333335 currentCL=4 concurrencyDenominator=4 backstop=false
2026-06-19T10:07:44.722230783Z I0619 10:07:44.721970      10 apf_controller.go:493] "Update CurrentCL" plName="exempt" seatDemandHighWatermark=1 seatDemandAvg=0.002258586054481039 seatDemandStdev=0.04747088416614486 seatDemandSmoothed=0.41615084308714256 fairFrac=2.3333333333333335 currentCL=1 concurrencyDenominator=1 backstop=false
2026-06-19T10:08:04.723618194Z I0619 10:08:04.723061      10 apf_controller.go:493] "Update CurrentCL" plName="exempt" seatDemandHighWatermark=2 seatDemandAvg=0.005488291468675256 seatDemandStdev=0.07407671111206252 seatDemandSmoothed=0.4002656973146936 fairFrac=2.3333333333333335 currentCL=2 concurrencyDenominator=2 backstop=false
2026-06-19T10:08:14.724463694Z I0619 10:08:14.724175      10 apf_controller.go:493] "Update CurrentCL" plName="exempt" seatDemandHighWatermark=1 seatDemandAvg=0.0023835378465470436 seatDemandStdev=0.048763270951415076 seatDemandSmoothed=0.39223596287880874 fairFrac=2.3333333333333335 currentCL=1 concurrencyDenominator=1 backstop=false
2026-06-19T10:08:34.726321381Z I0619 10:08:34.726103      10 apf_controller.go:493] "Update CurrentCL" plName="exempt" seatDemandHighWatermark=2 seatDemandAvg=0.003092279368376881 seatDemandStdev=0.055851239763271374 seatDemandSmoothed=0.37716199583118104 fairFrac=2.3333333333333335 currentCL=2 concurrencyDenominator=2 backstop=false
2026-06-19T10:08:44.727093081Z I0619 10:08:44.726799      10 apf_controller.go:493] "Update CurrentCL" plName="exempt" seatDemandHighWatermark=1 seatDemandAvg=0.0027047003156428673 seatDemandStdev=0.05193635443353171 seatDemandSmoothed=0.3697440141862949 fairFrac=2.3333333333333335 currentCL=1 concurrencyDenominator=1 backstop=false
2026-06-19T10:09:03.202316750Z I0619 10:09:03.198776      10 controller.go:231] Updating CRD OpenAPI spec because ciliumnodes.cilium.io changed
2026-06-19T10:09:03.202344261Z I0619 10:09:03.198818      10 controller.go:231] Updating CRD OpenAPI spec because ciliumendpoints.cilium.io changed
2026-06-19T10:09:03.202347853Z I0619 10:09:03.199242      10 controller.go:231] Updating CRD OpenAPI spec because ciliumnodeconfigs.cilium.io changed
2026-06-19T10:09:03.202351890Z I0619 10:09:03.199261      10 controller.go:231] Updating CRD OpenAPI spec because vmpodscrapes.operator.victoriametrics.com changed
2026-06-19T10:09:03.202355508Z I0619 10:09:03.199272      10 controller.go:231] Updating CRD OpenAPI spec because ciliumnetworkpolicies.cilium.io changed
2026-06-19T10:09:03.223111294Z I0619 10:09:03.222929      10 controller.go:231] Updating CRD OpenAPI spec because ciliuml2announcementpolicies.cilium.io changed
2026-06-19T10:09:03.223234521Z I0619 10:09:03.222998      10 controller.go:231] Updating CRD OpenAPI spec because vmanomalyconfigs.operator.victoriametrics.com changed
2026-06-19T10:09:03.231246799Z I0619 10:09:03.231074      10 controller.go:231] Updating CRD OpenAPI spec because vmanomalies.operator.victoriametrics.com changed
2026-06-19T10:09:03.231284863Z I0619 10:09:03.231124      10 controller.go:231] Updating CRD OpenAPI spec because vmservicescrapes.operator.victoriametrics.com changed
2026-06-19T10:09:03.236252969Z I0619 10:09:03.236082      10 controller.go:231] Updating CRD OpenAPI spec because vlsingles.operator.victoriametrics.com changed
2026-06-19T10:09:03.285971684Z I0619 10:09:03.244109      10 controller.go:231] Updating CRD OpenAPI spec because vlclusters.operator.victoriametrics.com changed
2026-06-19T10:09:03.286511627Z I0619 10:09:03.286365      10 controller.go:231] Updating CRD OpenAPI spec because vmrules.operator.victoriametrics.com changed
2026-06-19T10:09:03.286694009Z I0619 10:09:03.286601      10 controller.go:231] Updating CRD OpenAPI spec because vmalerts.operator.victoriametrics.com changed
2026-06-19T10:09:03.320002458Z I0619 10:09:03.314023      10 controller.go:231] Updating CRD OpenAPI spec because ciliumclusterwidenetworkpolicies.cilium.io changed
2026-06-19T10:09:03.326106675Z I0619 10:09:03.325915      10 controller.go:231] Updating CRD OpenAPI spec because ciliumcidrgroups.cilium.io changed
2026-06-19T10:09:03.339594671Z I0619 10:09:03.339407      10 controller.go:231] Updating CRD OpenAPI spec because vmusers.operator.victoriametrics.com changed
2026-06-19T10:09:03.340059092Z I0619 10:09:03.339941      10 controller.go:231] Updating CRD OpenAPI spec because vmprobes.operator.victoriametrics.com changed
2026-06-19T10:09:03.371733141Z I0619 10:09:03.371532      10 controller.go:231] Updating CRD OpenAPI spec because vlogs.operator.victoriametrics.com changed
2026-06-19T10:09:03.410060837Z I0619 10:09:03.409866      10 controller.go:231] Updating CRD OpenAPI spec because vmstaticscrapes.operator.victoriametrics.com changed
2026-06-19T10:09:03.411215767Z I0619 10:09:03.411059      10 controller.go:231] Updating CRD OpenAPI spec because vlagents.operator.victoriametrics.com changed
2026-06-19T10:09:03.476662542Z I0619 10:09:03.476459      10 controller.go:231] Updating CRD OpenAPI spec because vmalertmanagerconfigs.operator.victoriametrics.com changed
2026-06-19T10:09:03.554814881Z I0619 10:09:03.554619      10 controller.go:231] Updating CRD OpenAPI spec because vmalertmanagers.operator.victoriametrics.com changed
2026-06-19T10:09:03.557647900Z I0619 10:09:03.557479      10 controller.go:231] Updating CRD OpenAPI spec because vmauths.operator.victoriametrics.com changed
2026-06-19T10:09:03.601645372Z I0619 10:09:03.600016      10 controller.go:231] Updating CRD OpenAPI spec because vtsingles.operator.victoriametrics.com changed
2026-06-19T10:09:03.602184640Z I0619 10:09:03.600063      10 controller.go:231] Updating CRD OpenAPI spec because vmsingles.operator.victoriametrics.com changed
2026-06-19T10:09:03.620191416Z I0619 10:09:03.620001      10 controller.go:231] Updating CRD OpenAPI spec because vtclusters.operator.victoriametrics.com changed
2026-06-19T10:09:03.641239469Z I0619 10:09:03.640951      10 controller.go:231] Updating CRD OpenAPI spec because vmnodescrapes.operator.victoriametrics.com changed
2026-06-19T10:09:03.641299059Z I0619 10:09:03.641116      10 controller.go:231] Updating CRD OpenAPI spec because vmdistributed.operator.victoriametrics.com changed
2026-06-19T10:09:03.642749882Z I0619 10:09:03.642413      10 controller.go:231] Updating CRD OpenAPI spec because ciliumpodippools.cilium.io changed
2026-06-19T10:09:03.643253721Z I0619 10:09:03.643153      10 controller.go:231] Updating CRD OpenAPI spec because ciliumloadbalancerippools.cilium.io changed
2026-06-19T10:09:03.647097293Z I0619 10:09:03.646935      10 controller.go:231] Updating CRD OpenAPI spec because kubenticagents.kubentic.io changed
2026-06-19T10:09:03.648214873Z I0619 10:09:03.646981      10 controller.go:231] Updating CRD OpenAPI spec because ciliumidentities.cilium.io changed
2026-06-19T10:09:03.648450337Z I0619 10:09:03.648343      10 controller.go:231] Updating CRD OpenAPI spec because vmagents.operator.victoriametrics.com changed
2026-06-19T10:09:03.656811098Z I0619 10:09:03.656649      10 controller.go:231] Updating CRD OpenAPI spec because vmclusters.operator.victoriametrics.com changed
2026-06-19T10:09:03.659536853Z I0619 10:09:03.659345      10 controller.go:231] Updating CRD OpenAPI spec because vmscrapeconfigs.operator.victoriametrics.com changed
2026-06-19T10:09:54.735496709Z I0619 10:09:54.735191      10 apf_controller.go:493] "Update CurrentCL" plName="exempt" seatDemandHighWatermark=10 seatDemandAvg=0.010012127023907257 seatDemandStdev=0.263452104377436 seatDemandSmoothed=0.3292153754789237 fairFrac=2.3333333333333335 currentCL=10 concurrencyDenominator=10 backstop=false
2026-06-19T10:10:04.747461731Z I0619 10:10:04.739496      10 apf_controller.go:493] "Update CurrentCL" plName="exempt" seatDemandHighWatermark=1 seatDemandAvg=0.014722102178707838 seatDemandStdev=0.12043820775047893 seatDemandSmoothed=0.32475210897127976 fairFrac=2.3333333333333335 currentCL=1 concurrencyDenominator=1 backstop=false
2026-06-19T10:10:34.749025548Z I0619 10:10:34.748790      10 apf_controller.go:493] "Update CurrentCL" plName="exempt" seatDemandHighWatermark=2 seatDemandAvg=0.0027965405874880115 seatDemandStdev=0.05299888280952936 seatDemandSmoothed=0.3076046883128095 fairFrac=2.3333333333333335 currentCL=2 concurrencyDenominator=2 backstop=false
2026-06-19T10:10:44.749442352Z I0619 10:10:44.748951      10 apf_controller.go:493] "Update CurrentCL" plName="exempt" seatDemandHighWatermark=1 seatDemandAvg=0.002761841827322434 seatDemandStdev=0.052480606485093964 seatDemandSmoothed=0.3018003567928005 fairFrac=2.3333333333333335 currentCL=1 concurrencyDenominator=1 backstop=false
2026-06-19T10:11:04.751592578Z I0619 10:11:04.751334      10 apf_controller.go:493] "Update CurrentCL" plName="exempt" seatDemandHighWatermark=4 seatDemandAvg=0.00728231308352358 seatDemandStdev=0.11023463667613613 seatDemandSmoothed=0.29191989519344197 fairFrac=2.3333333333333335 currentCL=4 concurrencyDenominator=4 backstop=false
2026-06-19T10:11:14.752148209Z I0619 10:11:14.751903      10 apf_controller.go:493] "Update CurrentCL" plName="exempt" seatDemandHighWatermark=1 seatDemandAvg=0.0028108181001778323 seatDemandStdev=0.052942585900062955 seatDemandSmoothed=0.28648806589599835 fairFrac=2.3333333333333335 currentCL=1 concurrencyDenominator=1 backstop=false
2026-06-19T10:11:34.754190625Z I0619 10:11:34.753926      10 apf_controller.go:493] "Update CurrentCL" plName="exempt" seatDemandHighWatermark=2 seatDemandAvg=0.0030777794527877527 seatDemandStdev=0.05561137235644507 seatDemandSmoothed=0.2759815909907685 fairFrac=2.3333333333333335 currentCL=2 concurrencyDenominator=2 backstop=false
2026-06-19T10:11:44.755349192Z I0619 10:11:44.755097      10 apf_controller.go:493] "Update CurrentCL" plName="exempt" seatDemandHighWatermark=1 seatDemandAvg=0.0022973394213200893 seatDemandStdev=0.047875480706759885 seatDemandSmoothed=0.2707879892609267 fairFrac=2.3333333333333335 currentCL=1 concurrencyDenominator=1 backstop=false
2026-06-19T10:12:04.756258993Z I0619 10:12:04.755756      10 apf_controller.go:493] "Update CurrentCL" plName="exempt" seatDemandHighWatermark=2 seatDemandAvg=0.029778282700606666 seatDemandStdev=0.1700209962251431 seatDemandSmoothed=0.264412881830154 fairFrac=2.3333333333333335 currentCL=2 concurrencyDenominator=2 backstop=false
2026-06-19T10:12:14.756427357Z I0619 10:12:14.756144      10 apf_controller.go:493] "Update CurrentCL" plName="exempt" seatDemandHighWatermark=1 seatDemandAvg=0.0023120131924031975 seatDemandStdev=0.04802778141244244 seatDemandSmoothed=0.2594892008239719 fairFrac=2.3333333333333335 currentCL=1 concurrencyDenominator=1 backstop=false
2026-06-19T10:13:04.762356603Z I0619 10:13:04.760927      10 apf_controller.go:493] "Update CurrentCL" plName="exempt" seatDemandHighWatermark=2 seatDemandAvg=0.007903391098071621 seatDemandStdev=0.08869240856181143 seatDemandSmoothed=0.2381808797043693 fairFrac=2.3333333333333335 currentCL=2 concurrencyDenominator=2 backstop=false
2026-06-19T10:13:14.763102607Z I0619 10:13:14.762812      10 apf_controller.go:493] "Update CurrentCL" plName="exempt" seatDemandHighWatermark=1 seatDemandAvg=0.0028948399068479307 seatDemandStdev=0.05372578346345125 seatDemandSmoothed=0.23400499380868567 fairFrac=2.3333333333333335 currentCL=1 concurrencyDenominator=1 backstop=false
2026-06-19T10:13:34.765094850Z I0619 10:13:34.764874      10 apf_controller.go:493] "Update CurrentCL" plName="exempt" seatDemandHighWatermark=2 seatDemandAvg=0.0037413298072329765 seatDemandStdev=0.06362626474142101 seatDemandSmoothed=0.22619351924002745 fairFrac=2.3333333333333335 currentCL=2 concurrencyDenominator=2 backstop=false
2026-06-19T10:13:44.766158101Z I0619 10:13:44.765805      10 apf_controller.go:493] "Update CurrentCL" plName="exempt" seatDemandHighWatermark=1 seatDemandAvg=0.004872804520175161 seatDemandStdev=0.06963519437959029 seatDemandSmoothed=0.2227047522722014 fairFrac=2.3333333333333335 currentCL=1 concurrencyDenominator=1 backstop=false
2026-06-19T10:14:03.015590307Z I0619 10:14:03.015364      10 cidrallocator.go:242] syncing ServiceCIDR allocators
2026-06-19T10:14:03.015611494Z I0619 10:14:03.015407      10 cidrallocator.go:278] updated ClusterIP allocator for Service CIDR 100.64.0.0/13
2026-06-19T10:14:03.015615553Z I0619 10:14:03.015415      10 cidrallocator.go:244] syncing ServiceCIDR allocators took: 61.438µs
2026-06-19T10:14:03.195820070Z I0619 10:14:03.194303      10 controller.go:231] Updating CRD OpenAPI spec because ciliumidentities.cilium.io changed
2026-06-19T10:14:03.208440948Z I0619 10:14:03.200088      10 controller.go:231] Updating CRD OpenAPI spec because vmagents.operator.victoriametrics.com changed
2026-06-19T10:14:03.217323847Z I0619 10:14:03.208813      10 controller.go:231] Updating CRD OpenAPI spec because vmclusters.operator.victoriametrics.com changed
2026-06-19T10:14:03.244437818Z I0619 10:14:03.244236      10 controller.go:231] Updating CRD OpenAPI spec because vmscrapeconfigs.operator.victoriametrics.com changed
2026-06-19T10:14:03.244457349Z I0619 10:14:03.244278      10 controller.go:231] Updating CRD OpenAPI spec because ciliumnodes.cilium.io changed
2026-06-19T10:14:03.244462008Z I0619 10:14:03.244292      10 controller.go:231] Updating CRD OpenAPI spec because ciliumendpoints.cilium.io changed
2026-06-19T10:14:03.247715343Z I0619 10:14:03.247477      10 controller.go:231] Updating CRD OpenAPI spec because ciliumnodeconfigs.cilium.io changed
2026-06-19T10:14:03.247732177Z I0619 10:14:03.247561      10 controller.go:231] Updating CRD OpenAPI spec because vmpodscrapes.operator.victoriametrics.com changed
2026-06-19T10:14:03.268035195Z I0619 10:14:03.267817      10 controller.go:231] Updating CRD OpenAPI spec because ciliumnetworkpolicies.cilium.io changed
2026-06-19T10:14:03.269788752Z I0619 10:14:03.269518      10 controller.go:231] Updating CRD OpenAPI spec because ciliuml2announcementpolicies.cilium.io changed
2026-06-19T10:14:03.269814249Z I0619 10:14:03.269674      10 controller.go:231] Updating CRD OpenAPI spec because vmanomalyconfigs.operator.victoriametrics.com changed
2026-06-19T10:14:03.287769886Z I0619 10:14:03.285869      10 controller.go:231] Updating CRD OpenAPI spec because vmanomalies.operator.victoriametrics.com changed
2026-06-19T10:14:03.287786845Z I0619 10:14:03.286195      10 controller.go:231] Updating CRD OpenAPI spec because vmservicescrapes.operator.victoriametrics.com changed
2026-06-19T10:14:03.287791272Z I0619 10:14:03.286743      10 controller.go:231] Updating CRD OpenAPI spec because vlsingles.operator.victoriametrics.com changed
2026-06-19T10:14:03.292420267Z I0619 10:14:03.292219      10 controller.go:231] Updating CRD OpenAPI spec because vlclusters.operator.victoriametrics.com changed
2026-06-19T10:14:03.302218101Z I0619 10:14:03.302012      10 controller.go:231] Updating CRD OpenAPI spec because vmrules.operator.victoriametrics.com changed
2026-06-19T10:14:03.302961163Z I0619 10:14:03.302799      10 controller.go:231] Updating CRD OpenAPI spec because vmalerts.operator.victoriametrics.com changed
2026-06-19T10:14:03.302978824Z I0619 10:14:03.302842      10 controller.go:231] Updating CRD OpenAPI spec because ciliumclusterwidenetworkpolicies.cilium.io changed
2026-06-19T10:14:03.323433569Z I0619 10:14:03.323198      10 controller.go:231] Updating CRD OpenAPI spec because ciliumcidrgroups.cilium.io changed
2026-06-19T10:14:03.323448703Z I0619 10:14:03.323253      10 controller.go:231] Updating CRD OpenAPI spec because vmusers.operator.victoriametrics.com changed
2026-06-19T10:14:03.323729902Z I0619 10:14:03.323617      10 controller.go:231] Updating CRD OpenAPI spec because vmprobes.operator.victoriametrics.com changed
2026-06-19T10:14:03.324166657Z I0619 10:14:03.324025      10 controller.go:231] Updating CRD OpenAPI spec because vlogs.operator.victoriametrics.com changed
2026-06-19T10:14:03.331282644Z I0619 10:14:03.325239      10 controller.go:231] Updating CRD OpenAPI spec because vmstaticscrapes.operator.victoriametrics.com changed
2026-06-19T10:14:03.338760482Z I0619 10:14:03.337804      10 controller.go:231] Updating CRD OpenAPI spec because vlagents.operator.victoriametrics.com changed
2026-06-19T10:14:03.338956299Z I0619 10:14:03.337919      10 controller.go:231] Updating CRD OpenAPI spec because vmalertmanagerconfigs.operator.victoriametrics.com changed
2026-06-19T10:14:03.359403454Z I0619 10:14:03.359168      10 controller.go:231] Updating CRD OpenAPI spec because vmalertmanagers.operator.victoriametrics.com changed
2026-06-19T10:14:03.359659078Z I0619 10:14:03.359569      10 controller.go:231] Updating CRD OpenAPI spec because vmauths.operator.victoriametrics.com changed
2026-06-19T10:14:03.360968136Z I0619 10:14:03.360796      10 controller.go:231] Updating CRD OpenAPI spec because vtsingles.operator.victoriametrics.com changed
2026-06-19T10:14:03.382587492Z I0619 10:14:03.382288      10 controller.go:231] Updating CRD OpenAPI spec because vmsingles.operator.victoriametrics.com changed
2026-06-19T10:14:03.382904007Z I0619 10:14:03.382811      10 controller.go:231] Updating CRD OpenAPI spec because vtclusters.operator.victoriametrics.com changed
2026-06-19T10:14:03.383120272Z I0619 10:14:03.383030      10 controller.go:231] Updating CRD OpenAPI spec because vmnodescrapes.operator.victoriametrics.com changed
2026-06-19T10:14:03.426166264Z I0619 10:14:03.425983      10 controller.go:231] Updating CRD OpenAPI spec because vmdistributed.operator.victoriametrics.com changed
2026-06-19T10:14:03.426190236Z I0619 10:14:03.426043      10 controller.go:231] Updating CRD OpenAPI spec because ciliumpodippools.cilium.io changed
2026-06-19T10:14:03.426629344Z I0619 10:14:03.426452      10 controller.go:231] Updating CRD OpenAPI spec because ciliumloadbalancerippools.cilium.io changed
2026-06-19T10:14:03.428010518Z I0619 10:14:03.427814      10 controller.go:231] Updating CRD OpenAPI spec because kubenticagents.kubentic.io changed
2026-06-19T10:14:04.767999582Z I0619 10:14:04.767673      10 apf_controller.go:493] "Update CurrentCL" plName="exempt" seatDemandHighWatermark=2 seatDemandAvg=0.02076557425521123 seatDemandStdev=0.14276285904814517 seatDemandSmoothed=0.21796744662021164 fairFrac=2.3333333333333335 currentCL=2 concurrencyDenominator=2 backstop=false
2026-06-19T10:14:14.768844411Z I0619 10:14:14.768620      10 apf_controller.go:493] "Update CurrentCL" plName="exempt" seatDemandHighWatermark=4 seatDemandAvg=0.005439445422567179 seatDemandStdev=0.0917654725884747 seatDemandSmoothed=0.21518990846220074 fairFrac=2.3333333333333335 currentCL=4 concurrencyDenominator=4 backstop=false
2026-06-19T10:14:24.769872270Z I0619 10:14:24.769638      10 apf_controller.go:493] "Update CurrentCL" plName="exempt" seatDemandHighWatermark=1 seatDemandAvg=0.0023892473991764993 seatDemandStdev=0.048821500346077316 seatDemandSmoothed=0.21141838776571095 fairFrac=2.3333333333333335 currentCL=1 concurrencyDenominator=1 backstop=false
2026-06-19T10:14:34.772009878Z I0619 10:14:34.771813      10 apf_controller.go:493] "Update CurrentCL" plName="exempt" seatDemandHighWatermark=2 seatDemandAvg=0.003152727899195927 seatDemandStdev=0.0562225370383657 seatDemandSmoothed=0.2079213959406635 fairFrac=2.3333333333333335 currentCL=2 concurrencyDenominator=2 backstop=false
2026-06-19T10:14:44.773617944Z I0619 10:14:44.773383      10 apf_controller.go:493] "Update CurrentCL" plName="exempt" seatDemandHighWatermark=1 seatDemandAvg=0.0025562614899536608 seatDemandStdev=0.050494821686472374 seatDemandSmoothed=0.204359378747086 fairFrac=2.3333333333333335 currentCL=1 concurrencyDenominator=1 backstop=false
2026-06-19T10:14:54.775308970Z I0619 10:14:54.775014      10 apf_controller.go:493] "Update CurrentCL" plName="exempt" seatDemandHighWatermark=4 seatDemandAvg=0.00572739509188514 seatDemandStdev=0.09453373899948996 seatDemandSmoothed=0.20196511912000464 fairFrac=2.3333333333333335 currentCL=4 concurrencyDenominator=4 backstop=false
2026-06-19T10:15:04.779615890Z I0619 10:15:04.778813      10 apf_controller.go:493] "Update CurrentCL" plName="exempt" seatDemandHighWatermark=2 seatDemandAvg=0.022358259996793913 seatDemandStdev=0.14792557942346812 seatDemandSmoothed=0.20123644968691057 fairFrac=2.3333333333333335 currentCL=2 concurrencyDenominator=2 backstop=false
2026-06-19T10:15:14.779726521Z I0619 10:15:14.779519      10 apf_controller.go:493] "Update CurrentCL" plName="exempt" seatDemandHighWatermark=1 seatDemandAvg=0.004825975235497741 seatDemandStdev=0.06930140834444927 seatDemandSmoothed=0.1983129411664504 fairFrac=2.3333333333333335 currentCL=1 concurrencyDenominator=1 backstop=false
2026-06-19T10:15:24.780760541Z I0619 10:15:24.780473      10 apf_controller.go:493] "Update CurrentCL" plName="exempt" seatDemandHighWatermark=2 seatDemandAvg=0.0029855345652618943 seatDemandStdev=0.05520778268015918 seatDemandSmoothed=0.19509018981626672 fairFrac=2.3333333333333335 currentCL=2 concurrencyDenominator=2 backstop=false
2026-06-19T10:15:44.782221357Z I0619 10:15:44.782012      10 apf_controller.go:493] "Update CurrentCL" plName="exempt" seatDemandHighWatermark=1 seatDemandAvg=0.0023883138806320846 seatDemandStdev=0.04881198456772337 seatDemandSmoothed=0.18984740007290882 fairFrac=2.3333333333333335 currentCL=1 concurrencyDenominator=1 backstop=false
2026-06-19T10:16:04.784585310Z I0619 10:16:04.784205      10 apf_controller.go:493] "Update CurrentCL" plName="exempt" seatDemandHighWatermark=4 seatDemandAvg=0.023954912790705326 seatDemandStdev=0.16984810650570328 seatDemandSmoothed=0.1938030192964086 fairFrac=2.3333333333333335 currentCL=4 concurrencyDenominator=4 backstop=false
2026-06-19T10:16:14.786076538Z I0619 10:16:14.785802      10 apf_controller.go:493] "Update CurrentCL" plName="exempt" seatDemandHighWatermark=1 seatDemandAvg=0.0028559609396397834 seatDemandStdev=0.0533648238707019 seatDemandSmoothed=0.19063862790322908 fairFrac=2.3333333333333335 currentCL=1 concurrencyDenominator=1 backstop=false
2026-06-19T10:16:34.787620618Z I0619 10:16:34.787326      10 apf_controller.go:493] "Update CurrentCL" plName="exempt" seatDemandHighWatermark=2 seatDemandAvg=0.0028326748323805923 seatDemandStdev=0.0534497336926154 seatDemandSmoothed=0.18448826125556966 fairFrac=2.3333333333333335 currentCL=2 concurrencyDenominator=2 backstop=false
2026-06-19T10:16:44.788039760Z I0619 10:16:44.787763      10 apf_controller.go:493] "Update CurrentCL" plName="exempt" seatDemandHighWatermark=1 seatDemandAvg=0.0024579373012477233 seatDemandStdev=0.04951662191093874 seatDemandSmoothed=0.18144044610857185 fairFrac=2.3333333333333335 currentCL=1 concurrencyDenominator=1 backstop=false
2026-06-19T10:17:04.790110040Z I0619 10:17:04.789845      10 apf_controller.go:493] "Update CurrentCL" plName="exempt" seatDemandHighWatermark=2 seatDemandAvg=0.008710820556811555 seatDemandStdev=0.09310692355558771 seatDemandSmoothed=0.1767048599899324 fairFrac=2.3333333333333335 currentCL=2 concurrencyDenominator=2 backstop=false
2026-06-19T10:17:14.790874273Z I0619 10:17:14.790626      10 apf_controller.go:493] "Update CurrentCL" plName="exempt" seatDemandHighWatermark=1 seatDemandAvg=0.002594382941592793 seatDemandStdev=0.05086897009715417 seatDemandSmoothed=0.17387030533005512 fairFrac=2.3333333333333335 currentCL=1 concurrencyDenominator=1 backstop=false
2026-06-19T10:17:34.794824722Z I0619 10:17:34.792863      10 apf_controller.go:493] "Update CurrentCL" plName="exempt" seatDemandHighWatermark=2 seatDemandAvg=0.0033234972464173756 seatDemandStdev=0.05771786480258718 seatDemandSmoothed=0.16849926171981142 fairFrac=2.3333333333333335 currentCL=2 concurrencyDenominator=2 backstop=false
2026-06-19T10:17:44.793678666Z I0619 10:17:44.793310      10 apf_controller.go:493] "Update CurrentCL" plName="exempt" seatDemandHighWatermark=1 seatDemandAvg=0.002589572477590016 seatDemandStdev=0.050821910550207815 seatDemandSmoothed=0.16585224280989508 fairFrac=2.3333333333333335 currentCL=1 concurrencyDenominator=1 backstop=false
2026-06-19T10:18:04.803339825Z I0619 10:18:04.802976      10 apf_controller.go:493] "Update CurrentCL" plName="exempt" seatDemandHighWatermark=4 seatDemandAvg=0.00895047011024956 seatDemandStdev=0.10512787626050248 seatDemandSmoothed=0.16211917876955045 fairFrac=2.3333333333333335 currentCL=4 concurrencyDenominator=4 backstop=false
2026-06-19T10:18:14.803822096Z I0619 10:18:14.803433      10 apf_controller.go:493] "Update CurrentCL" plName="exempt" seatDemandHighWatermark=1 seatDemandAvg=0.0022586725567958566 seatDemandStdev=0.047471791150924925 seatDemandSmoothed=0.15953423832312838 fairFrac=2.3333333333333335 currentCL=1 concurrencyDenominator=1 backstop=false
2026-06-19T10:18:34.804318814Z I0619 10:18:34.804091      10 apf_controller.go:493] "Update CurrentCL" plName="exempt" seatDemandHighWatermark=2 seatDemandAvg=0.0029630713206340795 seatDemandStdev=0.05466898551888725 seatDemandSmoothed=0.15492786942607314 fairFrac=2.3333333333333335 currentCL=2 concurrencyDenominator=2 backstop=false
2026-06-19T10:18:44.805585673Z I0619 10:18:44.805342      10 apf_controller.go:493] "Update CurrentCL" plName="exempt" seatDemandHighWatermark=1 seatDemandAvg=0.0026897047579407156 seatDemandStdev=0.05179256941160408 seatDemandSmoothed=0.152617620735173 fairFrac=2.3333333333333335 currentCL=1 concurrencyDenominator=1 backstop=false
2026-06-19T10:19:03.255973965Z I0619 10:19:03.250044      10 controller.go:231] Updating CRD OpenAPI spec because vtsingles.operator.victoriametrics.com changed
2026-06-19T10:19:03.256014497Z I0619 10:19:03.250092      10 controller.go:231] Updating CRD OpenAPI spec because vmsingles.operator.victoriametrics.com changed
2026-06-19T10:19:03.279727714Z I0619 10:19:03.275745      10 controller.go:231] Updating CRD OpenAPI spec because vtclusters.operator.victoriametrics.com changed
2026-06-19T10:19:03.297026492Z I0619 10:19:03.294685      10 controller.go:231] Updating CRD OpenAPI spec because vmnodescrapes.operator.victoriametrics.com changed
2026-06-19T10:19:03.322325606Z I0619 10:19:03.322129      10 controller.go:231] Updating CRD OpenAPI spec because vmdistributed.operator.victoriametrics.com changed
2026-06-19T10:19:03.342188023Z I0619 10:19:03.341918      10 controller.go:231] Updating CRD OpenAPI spec because ciliumpodippools.cilium.io changed
2026-06-19T10:19:03.344091207Z I0619 10:19:03.343532      10 controller.go:231] Updating CRD OpenAPI spec because ciliumloadbalancerippools.cilium.io changed
2026-06-19T10:19:03.344666467Z I0619 10:19:03.344334      10 controller.go:231] Updating CRD OpenAPI spec because kubenticagents.kubentic.io changed
2026-06-19T10:19:03.366481196Z I0619 10:19:03.366002      10 controller.go:231] Updating CRD OpenAPI spec because ciliumidentities.cilium.io changed
2026-06-19T10:19:03.380420012Z I0619 10:19:03.375683      10 controller.go:231] Updating CRD OpenAPI spec because vmagents.operator.victoriametrics.com changed
2026-06-19T10:19:03.390990362Z I0619 10:19:03.390793      10 controller.go:231] Updating CRD OpenAPI spec because vmclusters.operator.victoriametrics.com changed
2026-06-19T10:19:03.395532120Z I0619 10:19:03.395337      10 controller.go:231] Updating CRD OpenAPI spec because vmscrapeconfigs.operator.victoriametrics.com changed
2026-06-19T10:19:03.395830118Z I0619 10:19:03.395739      10 controller.go:231] Updating CRD OpenAPI spec because ciliumnodes.cilium.io changed
2026-06-19T10:19:03.406980100Z I0619 10:19:03.406782      10 controller.go:231] Updating CRD OpenAPI spec because ciliumendpoints.cilium.io changed
2026-06-19T10:19:03.416761500Z I0619 10:19:03.416541      10 controller.go:231] Updating CRD OpenAPI spec because ciliumnodeconfigs.cilium.io changed
2026-06-19T10:19:03.438606503Z I0619 10:19:03.435359      10 controller.go:231] Updating CRD OpenAPI spec because vmpodscrapes.operator.victoriametrics.com changed
2026-06-19T10:19:03.479572125Z I0619 10:19:03.479399      10 controller.go:231] Updating CRD OpenAPI spec because ciliumnetworkpolicies.cilium.io changed
2026-06-19T10:19:03.491303708Z I0619 10:19:03.491132      10 controller.go:231] Updating CRD OpenAPI spec because ciliuml2announcementpolicies.cilium.io changed
2026-06-19T10:19:03.492037632Z I0619 10:19:03.491929      10 controller.go:231] Updating CRD OpenAPI spec because vmanomalyconfigs.operator.victoriametrics.com changed
2026-06-19T10:19:03.492274502Z I0619 10:19:03.492217      10 controller.go:231] Updating CRD OpenAPI spec because vmanomalies.operator.victoriametrics.com changed
2026-06-19T10:19:03.513150696Z I0619 10:19:03.512769      10 controller.go:231] Updating CRD OpenAPI spec because vmservicescrapes.operator.victoriametrics.com changed
2026-06-19T10:19:03.519796562Z I0619 10:19:03.519617      10 controller.go:231] Updating CRD OpenAPI spec because vlsingles.operator.victoriametrics.com changed
2026-06-19T10:19:03.554164164Z I0619 10:19:03.554004      10 controller.go:231] Updating CRD OpenAPI spec because vlclusters.operator.victoriametrics.com changed
2026-06-19T10:19:03.556971072Z I0619 10:19:03.556803      10 controller.go:231] Updating CRD OpenAPI spec because vmrules.operator.victoriametrics.com changed
2026-06-19T10:19:03.557217986Z I0619 10:19:03.557157      10 controller.go:231] Updating CRD OpenAPI spec because vmalerts.operator.victoriametrics.com changed
2026-06-19T10:19:03.569338161Z I0619 10:19:03.569186      10 controller.go:231] Updating CRD OpenAPI spec because ciliumclusterwidenetworkpolicies.cilium.io changed
2026-06-19T10:19:03.569636910Z I0619 10:19:03.569574      10 controller.go:231] Updating CRD OpenAPI spec because ciliumcidrgroups.cilium.io changed
2026-06-19T10:19:03.581880796Z I0619 10:19:03.581723      10 controller.go:231] Updating CRD OpenAPI spec because vmusers.operator.victoriametrics.com changed
2026-06-19T10:19:03.600098202Z I0619 10:19:03.599865      10 controller.go:231] Updating CRD OpenAPI spec because vmprobes.operator.victoriametrics.com changed
2026-06-19T10:19:03.601231507Z I0619 10:19:03.601033      10 controller.go:231] Updating CRD OpenAPI spec because vlogs.operator.victoriametrics.com changed
2026-06-19T10:19:03.601495698Z I0619 10:19:03.601398      10 controller.go:231] Updating CRD OpenAPI spec because vmstaticscrapes.operator.victoriametrics.com changed
2026-06-19T10:19:03.611274550Z I0619 10:19:03.611076      10 controller.go:231] Updating CRD OpenAPI spec because vlagents.operator.victoriametrics.com changed
2026-06-19T10:19:03.632709709Z I0619 10:19:03.632460      10 controller.go:231] Updating CRD OpenAPI spec because vmalertmanagerconfigs.operator.victoriametrics.com changed
2026-06-19T10:19:03.662740676Z I0619 10:19:03.662495      10 controller.go:231] Updating CRD OpenAPI spec because vmalertmanagers.operator.victoriametrics.com changed
2026-06-19T10:19:03.663853627Z I0619 10:19:03.663660      10 controller.go:231] Updating CRD OpenAPI spec because vmauths.operator.victoriametrics.com changed
2026-06-19T10:19:04.807569661Z I0619 10:19:04.807240      10 apf_controller.go:493] "Update CurrentCL" plName="exempt" seatDemandHighWatermark=2 seatDemandAvg=0.006337344133852944 seatDemandStdev=0.07958254194940614 seatDemandSmoothed=0.1488307195265216 fairFrac=2.3333333333333335 currentCL=2 concurrencyDenominator=2 backstop=false
2026-06-19T10:19:14.808598809Z I0619 10:19:14.808348      10 apf_controller.go:493] "Update CurrentCL" plName="exempt" seatDemandHighWatermark=1 seatDemandAvg=0.0031191601579193947 seatDemandStdev=0.05576227217239845 seatDemandSmoothed=0.14676188592100892 fairFrac=2.3333333333333335 currentCL=1 concurrencyDenominator=1 backstop=false
2026-06-19T10:20:04.814905490Z I0619 10:20:04.814586      10 apf_controller.go:493] "Update CurrentCL" plName="exempt" seatDemandHighWatermark=2 seatDemandAvg=0.010865845644449049 seatDemandStdev=0.10791067046379263 seatDemandSmoothed=0.13819721146281316 fairFrac=2.3333333333333335 currentCL=2 concurrencyDenominator=2 backstop=false
2026-06-19T10:20:14.819322137Z I0619 10:20:14.819024      10 apf_controller.go:493] "Update CurrentCL" plName="exempt" seatDemandHighWatermark=1 seatDemandAvg=0.003995701871243733 seatDemandStdev=0.06308515069174261 seatDemandSmoothed=0.13656153520811715 fairFrac=2.3333333333333335 currentCL=1 concurrencyDenominator=1 backstop=false
2026-06-19T10:21:04.825217851Z I0619 10:21:04.824171      10 apf_controller.go:493] "Update CurrentCL" plName="exempt" seatDemandHighWatermark=4 seatDemandAvg=0.05225959133418967 seatDemandStdev=0.28302330098093015 seatDemandSmoothed=0.3352828923151198 fairFrac=2.3333333333333335 currentCL=4 concurrencyDenominator=4 backstop=false
2026-06-19T10:21:14.825707746Z I0619 10:21:14.825479      10 apf_controller.go:493] "Update CurrentCL" plName="exempt" seatDemandHighWatermark=1 seatDemandAvg=0.0026450534993596405 seatDemandStdev=0.05136202090402174 seatDemandSmoothed=0.3288135485031498 fairFrac=2.3333333333333335 currentCL=1 concurrencyDenominator=1 backstop=false
2026-06-19T10:21:34.827175729Z I0619 10:21:34.826911      10 apf_controller.go:493] "Update CurrentCL" plName="exempt" seatDemandHighWatermark=2 seatDemandAvg=0.0032444012531006663 seatDemandStdev=0.05848343934100282 seatDemandSmoothed=0.3166088283614595 fairFrac=2.3333333333333335 currentCL=2 concurrencyDenominator=2 backstop=false
2026-06-19T10:21:44.828319431Z I0619 10:21:44.828050      10 apf_controller.go:493] "Update CurrentCL" plName="exempt" seatDemandHighWatermark=1 seatDemandAvg=0.002474673858968029 seatDemandStdev=0.04968450309965643 seatDemandSmoothed=0.3105264863791943 fairFrac=2.3333333333333335 currentCL=1 concurrencyDenominator=1 backstop=false
2026-06-19T10:22:34.832230013Z I0619 10:22:34.831951      10 apf_controller.go:493] "Update CurrentCL" plName="exempt" seatDemandHighWatermark=2 seatDemandAvg=0.0029209612425233466 seatDemandStdev=0.056380453662377567 seatDemandSmoothed=0.28317818950235957 fairFrac=2.3333333333333335 currentCL=2 concurrencyDenominator=2 backstop=false
2026-06-19T10:22:44.833135233Z I0619 10:22:44.832711      10 apf_controller.go:493] "Update CurrentCL" plName="exempt" seatDemandHighWatermark=1 seatDemandAvg=0.0023151497286524616 seatDemandStdev=0.048060272683229564 seatDemandSmoothed=0.27782372585927856 fairFrac=2.3333333333333335 currentCL=1 concurrencyDenominator=1 backstop=false
2026-06-19T10:23:04.835070410Z I0619 10:23:04.834792      10 apf_controller.go:493] "Update CurrentCL" plName="exempt" seatDemandHighWatermark=2 seatDemandAvg=0.014933846169706059 seatDemandStdev=0.12141808247874016 seatDemandSmoothed=0.2695499691742158 fairFrac=2.3333333333333335 currentCL=2 concurrencyDenominator=2 backstop=false
2026-06-19T10:23:14.836060369Z I0619 10:23:14.835807      10 apf_controller.go:493] "Update CurrentCL" plName="exempt" seatDemandHighWatermark=1 seatDemandAvg=0.0035015326768714564 seatDemandStdev=0.05907005963924751 seatDemandSmoothed=0.26478946650647955 fairFrac=2.3333333333333335 currentCL=1 concurrencyDenominator=1 backstop=false
2026-06-19T10:23:34.837840823Z I0619 10:23:34.837539      10 apf_controller.go:493] "Update CurrentCL" plName="exempt" seatDemandHighWatermark=2 seatDemandAvg=0.0032308251829223558 seatDemandStdev=0.05700909142332779 seatDemandSmoothed=0.25531688812554953 fairFrac=2.3333333333333335 currentCL=2 concurrencyDenominator=2 backstop=false
2026-06-19T10:23:44.838090370Z I0619 10:23:44.837837      10 apf_controller.go:493] "Update CurrentCL" plName="exempt" seatDemandHighWatermark=1 seatDemandAvg=0.0024283538206859925 seatDemandStdev=0.049218461154403766 seatDemandSmoothed=0.25063247644308895 fairFrac=2.3333333333333335 currentCL=1 concurrencyDenominator=1 backstop=false
2026-06-19T10:24:03.036462954Z I0619 10:24:03.020297      10 cidrallocator.go:242] syncing ServiceCIDR allocators
2026-06-19T10:24:03.036509238Z I0619 10:24:03.020336      10 cidrallocator.go:278] updated ClusterIP allocator for Service CIDR 100.64.0.0/13
2026-06-19T10:24:03.036514315Z I0619 10:24:03.020345      10 cidrallocator.go:244] syncing ServiceCIDR allocators took: 59.218µs
2026-06-19T10:24:03.204524551Z I0619 10:24:03.203892      10 controller.go:231] Updating CRD OpenAPI spec because vtsingles.operator.victoriametrics.com changed
2026-06-19T10:24:03.219196008Z I0619 10:24:03.218944      10 controller.go:231] Updating CRD OpenAPI spec because vmsingles.operator.victoriametrics.com changed
2026-06-19T10:24:03.238609918Z I0619 10:24:03.236447      10 controller.go:231] Updating CRD OpenAPI spec because vtclusters.operator.victoriametrics.com changed
2026-06-19T10:24:03.239195949Z I0619 10:24:03.239044      10 controller.go:231] Updating CRD OpenAPI spec because vmnodescrapes.operator.victoriametrics.com changed
2026-06-19T10:24:03.255966548Z I0619 10:24:03.255742      10 controller.go:231] Updating CRD OpenAPI spec because vmdistributed.operator.victoriametrics.com changed
2026-06-19T10:24:03.284491782Z I0619 10:24:03.284051      10 controller.go:231] Updating CRD OpenAPI spec because ciliumpodippools.cilium.io changed
2026-06-19T10:24:03.300278005Z I0619 10:24:03.300062      10 controller.go:231] Updating CRD OpenAPI spec because ciliumloadbalancerippools.cilium.io changed
2026-06-19T10:24:03.302872410Z I0619 10:24:03.301073      10 controller.go:231] Updating CRD OpenAPI spec because kubenticagents.kubentic.io changed
2026-06-19T10:24:03.302889161Z I0619 10:24:03.301162      10 controller.go:231] Updating CRD OpenAPI spec because ciliumidentities.cilium.io changed
2026-06-19T10:24:03.371411496Z I0619 10:24:03.371220      10 controller.go:231] Updating CRD OpenAPI spec because vmagents.operator.victoriametrics.com changed
2026-06-19T10:24:03.372005302Z I0619 10:24:03.371862      10 controller.go:231] Updating CRD OpenAPI spec because vmclusters.operator.victoriametrics.com changed
2026-06-19T10:24:03.372223912Z I0619 10:24:03.372121      10 controller.go:231] Updating CRD OpenAPI spec because vmscrapeconfigs.operator.victoriametrics.com changed
2026-06-19T10:24:03.393852830Z I0619 10:24:03.393565      10 controller.go:231] Updating CRD OpenAPI spec because ciliumnodes.cilium.io changed
2026-06-19T10:24:03.394492270Z I0619 10:24:03.394332      10 controller.go:231] Updating CRD OpenAPI spec because ciliumendpoints.cilium.io changed
2026-06-19T10:24:03.395147219Z I0619 10:24:03.395000      10 controller.go:231] Updating CRD OpenAPI spec because ciliumnodeconfigs.cilium.io changed
2026-06-19T10:24:03.395851370Z I0619 10:24:03.395696      10 controller.go:231] Updating CRD OpenAPI spec because vmpodscrapes.operator.victoriametrics.com changed
2026-06-19T10:24:03.426478747Z I0619 10:24:03.425034      10 controller.go:231] Updating CRD OpenAPI spec because ciliumnetworkpolicies.cilium.io changed
2026-06-19T10:24:03.463324972Z I0619 10:24:03.463122      10 controller.go:231] Updating CRD OpenAPI spec because ciliuml2announcementpolicies.cilium.io changed
2026-06-19T10:24:03.463785801Z I0619 10:24:03.463687      10 controller.go:231] Updating CRD OpenAPI spec because vmanomalyconfigs.operator.victoriametrics.com changed
2026-06-19T10:24:03.463982734Z I0619 10:24:03.463918      10 controller.go:231] Updating CRD OpenAPI spec because vmanomalies.operator.victoriametrics.com changed
2026-06-19T10:24:03.512070759Z I0619 10:24:03.511903      10 controller.go:231] Updating CRD OpenAPI spec because vmservicescrapes.operator.victoriametrics.com changed
2026-06-19T10:24:03.531239799Z I0619 10:24:03.531082      10 controller.go:231] Updating CRD OpenAPI spec because vlsingles.operator.victoriametrics.com changed
2026-06-19T10:24:03.536050987Z I0619 10:24:03.535890      10 controller.go:231] Updating CRD OpenAPI spec because vlclusters.operator.victoriametrics.com changed
2026-06-19T10:24:03.553961476Z I0619 10:24:03.553785      10 controller.go:231] Updating CRD OpenAPI spec because vmrules.operator.victoriametrics.com changed
2026-06-19T10:24:03.554262356Z I0619 10:24:03.554128      10 controller.go:231] Updating CRD OpenAPI spec because vmalerts.operator.victoriametrics.com changed
2026-06-19T10:24:03.587938958Z I0619 10:24:03.587780      10 controller.go:231] Updating CRD OpenAPI spec because ciliumclusterwidenetworkpolicies.cilium.io changed
2026-06-19T10:24:03.629044485Z I0619 10:24:03.626506      10 controller.go:231] Updating CRD OpenAPI spec because ciliumcidrgroups.cilium.io changed
2026-06-19T10:24:03.653497094Z I0619 10:24:03.653311      10 controller.go:231] Updating CRD OpenAPI spec because vmusers.operator.victoriametrics.com changed
2026-06-19T10:24:03.663000687Z I0619 10:24:03.659702      10 controller.go:231] Updating CRD OpenAPI spec because vmprobes.operator.victoriametrics.com changed
2026-06-19T10:24:03.674347103Z I0619 10:24:03.671772      10 controller.go:231] Updating CRD OpenAPI spec because vlogs.operator.victoriametrics.com changed
2026-06-19T10:24:03.674660925Z I0619 10:24:03.674581      10 controller.go:231] Updating CRD OpenAPI spec because vmstaticscrapes.operator.victoriametrics.com changed
2026-06-19T10:24:03.692421295Z I0619 10:24:03.692248      10 controller.go:231] Updating CRD OpenAPI spec because vlagents.operator.victoriametrics.com changed
2026-06-19T10:24:03.707312681Z I0619 10:24:03.704014      10 controller.go:231] Updating CRD OpenAPI spec because vmalertmanagerconfigs.operator.victoriametrics.com changed
2026-06-19T10:24:03.720267516Z I0619 10:24:03.717186      10 controller.go:231] Updating CRD OpenAPI spec because vmalertmanagers.operator.victoriametrics.com changed
2026-06-19T10:24:03.733609056Z I0619 10:24:03.733439      10 controller.go:231] Updating CRD OpenAPI spec because vmauths.operator.victoriametrics.com changed
2026-06-19T10:24:04.840128143Z I0619 10:24:04.839390      10 apf_controller.go:493] "Update CurrentCL" plName="exempt" seatDemandHighWatermark=2 seatDemandAvg=0.022825862494191582 seatDemandStdev=0.14942487618309333 seatDemandSmoothed=0.24447761438124457 fairFrac=2.3333333333333335 currentCL=2 concurrencyDenominator=2 backstop=false
2026-06-19T10:24:14.841202319Z I0619 10:24:14.840818      10 apf_controller.go:493] "Update CurrentCL" plName="exempt" seatDemandHighWatermark=1 seatDemandAvg=0.004073145566701135 seatDemandStdev=0.06369109083610987 seatDemandSmoothed=0.24041320668774058 fairFrac=2.3333333333333335 currentCL=1 concurrencyDenominator=1 backstop=false
2026-06-19T10:24:27.727804219Z I0619 10:24:27.727338      10 trace.go:236] Trace[1609740001]: "Get" accept:application/json, */*,audit-id:611f5f6f-3ddf-4571-844b-7c44acf5246f,client:202.47.35.113,api-group:,api-version:v1,name:worker-d4d849f76-nnb9z,subresource:log,namespace:voting,protocol:HTTP/2.0,resource:pods,scope:resource,url:/api/v1/namespaces/voting/pods/worker-d4d849f76-nnb9z/log,user-agent:kubectl/v1.35.3 (linux/amd64) kubernetes/6c1cd99,verb:CONNECT (19-Jun-2026 10:21:58.866) (total time: 148860ms):
2026-06-19T10:24:27.727880449Z Trace[1609740001]: ---"Writing http response done" 148857ms (10:24:27.727)
2026-06-19T10:24:27.727885083Z Trace[1609740001]: [2m28.860333785s] [2m28.860333785s] END
2026-06-19T10:24:34.843037355Z I0619 10:24:34.842814      10 apf_controller.go:493] "Update CurrentCL" plName="exempt" seatDemandHighWatermark=2 seatDemandAvg=0.003220068922111384 seatDemandStdev=0.05681416221984073 seatDemandSmoothed=0.2321670323196207 fairFrac=2.3333333333333335 currentCL=2 concurrencyDenominator=2 backstop=false
2026-06-19T10:24:44.844479940Z I0619 10:24:44.844185      10 apf_controller.go:493] "Update CurrentCL" plName="exempt" seatDemandHighWatermark=1 seatDemandAvg=0.002415353403625079 seatDemandStdev=0.049086856403325274 seatDemandSmoothed=0.22801174140182925 fairFrac=2.3333333333333335 currentCL=1 concurrencyDenominator=1 backstop=false
2026-06-19T10:25:34.851376493Z I0619 10:25:34.851191      10 apf_controller.go:493] "Update CurrentCL" plName="exempt" seatDemandHighWatermark=2 seatDemandAvg=0.0033741982945348385 seatDemandStdev=0.060407785439230866 seatDemandSmoothed=0.21199009633092925 fairFrac=2.3333333333333335 currentCL=2 concurrencyDenominator=2 backstop=false
2026-06-19T10:25:44.851882159Z I0619 10:25:44.851623      10 apf_controller.go:493] "Update CurrentCL" plName="exempt" seatDemandHighWatermark=4 seatDemandAvg=0.003894742274692588 seatDemandStdev=0.08720943879089138 seatDemandSmoothed=0.2092097202798263 fairFrac=2.3333333333333335 currentCL=4 concurrencyDenominator=4 backstop=false
2026-06-19T10:25:47.960707117Z I0619 10:25:47.960195      10 trace.go:236] Trace[2090604083]: "Get" accept:application/json, */*,audit-id:3ef131e4-2adb-454a-a32b-e151264a356c,client:202.47.35.113,api-group:,api-version:v1,name:worker-d4d849f76-nnb9z,subresource:log,namespace:voting,protocol:HTTP/2.0,resource:pods,scope:resource,url:/api/v1/namespaces/voting/pods/worker-d4d849f76-nnb9z/log,user-agent:kubectl/v1.35.3 (linux/amd64) kubernetes/6c1cd99,verb:CONNECT (19-Jun-2026 10:25:41.387) (total time: 6572ms):
2026-06-19T10:25:47.960729074Z Trace[2090604083]: ---"Writing http response done" 6569ms (10:25:47.960)
2026-06-19T10:25:47.960732497Z Trace[2090604083]: [6.572612365s] [6.572612365s] END
2026-06-19T10:25:52.708593974Z I0619 10:25:52.708303      10 trace.go:236] Trace[1729750167]: "Get" accept:application/json, */*,audit-id:4bba2fa5-2103-4dc4-a2cc-287f3c3a20e2,client:202.47.35.113,api-group:,api-version:v1,name:worker-d4d849f76-nnb9z,subresource:log,namespace:voting,protocol:HTTP/2.0,resource:pods,scope:resource,url:/api/v1/namespaces/voting/pods/worker-d4d849f76-nnb9z/log,user-agent:kubectl/v1.35.3 (linux/amd64) kubernetes/6c1cd99,verb:CONNECT (19-Jun-2026 10:25:49.772) (total time: 2935ms):
2026-06-19T10:25:52.708618424Z Trace[1729750167]: ---"Writing http response done" 2933ms (10:25:52.708)
2026-06-19T10:25:52.708623963Z Trace[1729750167]: [2.935990369s] [2.935990369s] END
2026-06-19T10:25:54.852389852Z I0619 10:25:54.852151      10 apf_controller.go:493] "Update CurrentCL" plName="exempt" seatDemandHighWatermark=1 seatDemandAvg=0.0030291244222104626 seatDemandStdev=0.05495406106417642 seatDemandSmoothed=0.20573150997957718 fairFrac=2.3333333333333335 currentCL=1 concurrencyDenominator=1 backstop=false
2026-06-19T10:26:04.854336960Z I0619 10:26:04.853859      10 apf_controller.go:493] "Update CurrentCL" plName="exempt" seatDemandHighWatermark=2 seatDemandAvg=0.009928936239241118 seatDemandStdev=0.1001728637037072 seatDemandSmoothed=0.20353202664873468 fairFrac=2.3333333333333335 currentCL=2 concurrencyDenominator=2 backstop=false
2026-06-19T10:26:14.855108957Z I0619 10:26:14.854920      10 apf_controller.go:493] "Update CurrentCL" plName="exempt" seatDemandHighWatermark=4 seatDemandAvg=0.010263069796994567 seatDemandStdev=0.14076815669847503 seatDemandSmoothed=0.20232450824520956 fairFrac=2.3333333333333335 currentCL=4 concurrencyDenominator=4 backstop=false
2026-06-19T10:26:25.398796150Z I0619 10:26:25.398210      10 trace.go:236] Trace[50216374]: "Get" accept:application/json, */*,audit-id:6af7f173-4823-4dc3-b34e-2e8bae6773b0,client:202.47.35.113,api-group:,api-version:v1,name:worker-d4d849f76-nnb9z,subresource:log,namespace:voting,protocol:HTTP/2.0,resource:pods,scope:resource,url:/api/v1/namespaces/voting/pods/worker-d4d849f76-nnb9z/log,user-agent:kubectl/v1.35.3 (linux/amd64) kubernetes/6c1cd99,verb:CONNECT (19-Jun-2026 10:26:22.654) (total time: 2743ms):
2026-06-19T10:26:25.398818178Z Trace[50216374]: ---"Writing http response done" 2730ms (10:26:25.398)
2026-06-19T10:26:25.398821710Z Trace[50216374]: [2.743341577s] [2.743341577s] END
2026-06-19T10:28:24.874974040Z I0619 10:28:24.874675      10 apf_controller.go:493] "Update CurrentCL" plName="exempt" seatDemandHighWatermark=10 seatDemandAvg=0.007045437232686643 seatDemandStdev=0.224231544005209 seatDemandSmoothed=0.2838913138611941 fairFrac=2.3333333333333335 currentCL=10 concurrencyDenominator=10 backstop=false
2026-06-19T10:28:34.875963006Z I0619 10:28:34.875734      10 apf_controller.go:493] "Update CurrentCL" plName="exempt" seatDemandHighWatermark=2 seatDemandAvg=0.003292867713274367 seatDemandStdev=0.06015104995021292 seatDemandSmoothed=0.2788210237486468 fairFrac=2.3333333333333335 currentCL=2 concurrencyDenominator=2 backstop=false
2026-06-19T10:28:44.878658822Z I0619 10:28:44.878365      10 apf_controller.go:493] "Update CurrentCL" plName="exempt" seatDemandHighWatermark=1 seatDemandAvg=0.0029051326643132315 seatDemandStdev=0.05382093336719433 seatDemandSmoothed=0.2737128397211526 fairFrac=2.3333333333333335 currentCL=1 concurrencyDenominator=1 backstop=false
2026-06-19T10:29:03.210019870Z I0619 10:29:03.209490      10 controller.go:231] Updating CRD OpenAPI spec because ciliumnodes.cilium.io changed
2026-06-19T10:29:03.213488510Z I0619 10:29:03.213226      10 controller.go:231] Updating CRD OpenAPI spec because ciliumendpoints.cilium.io changed
2026-06-19T10:29:03.214722064Z I0619 10:29:03.213936      10 controller.go:231] Updating CRD OpenAPI spec because ciliumnodeconfigs.cilium.io changed
2026-06-19T10:29:03.215362911Z I0619 10:29:03.215257      10 controller.go:231] Updating CRD OpenAPI spec because vmpodscrapes.operator.victoriametrics.com changed
2026-06-19T10:29:03.297221664Z I0619 10:29:03.289930      10 controller.go:231] Updating CRD OpenAPI spec because ciliumnetworkpolicies.cilium.io changed
2026-06-19T10:29:03.300784507Z I0619 10:29:03.300596      10 controller.go:231] Updating CRD OpenAPI spec because ciliuml2announcementpolicies.cilium.io changed
2026-06-19T10:29:03.308606451Z I0619 10:29:03.308399      10 controller.go:231] Updating CRD OpenAPI spec because vmanomalyconfigs.operator.victoriametrics.com changed
2026-06-19T10:29:03.310888890Z I0619 10:29:03.310724      10 controller.go:231] Updating CRD OpenAPI spec because vmanomalies.operator.victoriametrics.com changed
2026-06-19T10:29:03.345158858Z I0619 10:29:03.344941      10 controller.go:231] Updating CRD OpenAPI spec because vmservicescrapes.operator.victoriametrics.com changed
2026-06-19T10:29:03.389532845Z I0619 10:29:03.385406      10 controller.go:231] Updating CRD OpenAPI spec because vlsingles.operator.victoriametrics.com changed
2026-06-19T10:29:03.399684858Z I0619 10:29:03.399444      10 controller.go:231] Updating CRD OpenAPI spec because vlclusters.operator.victoriametrics.com changed
2026-06-19T10:29:03.403265333Z I0619 10:29:03.403089      10 controller.go:231] Updating CRD OpenAPI spec because vmrules.operator.victoriametrics.com changed
2026-06-19T10:29:03.413284963Z I0619 10:29:03.413055      10 controller.go:231] Updating CRD OpenAPI spec because vmalerts.operator.victoriametrics.com changed
2026-06-19T10:29:03.413561372Z I0619 10:29:03.413381      10 controller.go:231] Updating CRD OpenAPI spec because ciliumclusterwidenetworkpolicies.cilium.io changed
2026-06-19T10:29:03.415714379Z I0619 10:29:03.415592      10 controller.go:231] Updating CRD OpenAPI spec because ciliumcidrgroups.cilium.io changed
2026-06-19T10:29:03.417701206Z I0619 10:29:03.417570      10 controller.go:231] Updating CRD OpenAPI spec because vmusers.operator.victoriametrics.com changed
2026-06-19T10:29:03.418319987Z I0619 10:29:03.418169      10 controller.go:231] Updating CRD OpenAPI spec because vmprobes.operator.victoriametrics.com changed
2026-06-19T10:29:03.418557952Z I0619 10:29:03.418482      10 controller.go:231] Updating CRD OpenAPI spec because vlogs.operator.victoriametrics.com changed
2026-06-19T10:29:03.421979889Z I0619 10:29:03.421650      10 controller.go:231] Updating CRD OpenAPI spec because vmstaticscrapes.operator.victoriametrics.com changed
2026-06-19T10:29:03.428149474Z I0619 10:29:03.427978      10 controller.go:231] Updating CRD OpenAPI spec because vlagents.operator.victoriametrics.com changed
2026-06-19T10:29:03.431861905Z I0619 10:29:03.431638      10 controller.go:231] Updating CRD OpenAPI spec because vmalertmanagerconfigs.operator.victoriametrics.com changed
2026-06-19T10:29:03.432027582Z I0619 10:29:03.431949      10 controller.go:231] Updating CRD OpenAPI spec because vmalertmanagers.operator.victoriametrics.com changed
2026-06-19T10:29:03.436270394Z I0619 10:29:03.436113      10 controller.go:231] Updating CRD OpenAPI spec because vmauths.operator.victoriametrics.com changed
2026-06-19T10:29:03.438024084Z I0619 10:29:03.437885      10 controller.go:231] Updating CRD OpenAPI spec because vtsingles.operator.victoriametrics.com changed
2026-06-19T10:29:03.438313628Z I0619 10:29:03.438227      10 controller.go:231] Updating CRD OpenAPI spec because vmsingles.operator.victoriametrics.com changed
2026-06-19T10:29:03.449017466Z I0619 10:29:03.448784      10 controller.go:231] Updating CRD OpenAPI spec because vtclusters.operator.victoriametrics.com changed
2026-06-19T10:29:03.451178767Z I0619 10:29:03.450957      10 controller.go:231] Updating CRD OpenAPI spec because vmnodescrapes.operator.victoriametrics.com changed
2026-06-19T10:29:03.451389969Z I0619 10:29:03.451288      10 controller.go:231] Updating CRD OpenAPI spec because vmdistributed.operator.victoriametrics.com changed
2026-06-19T10:29:03.465276254Z I0619 10:29:03.465058      10 controller.go:231] Updating CRD OpenAPI spec because ciliumpodippools.cilium.io changed
2026-06-19T10:29:03.466770345Z I0619 10:29:03.466595      10 controller.go:231] Updating CRD OpenAPI spec because ciliumloadbalancerippools.cilium.io changed
2026-06-19T10:29:03.467342672Z I0619 10:29:03.467178      10 controller.go:231] Updating CRD OpenAPI spec because kubenticagents.kubentic.io changed
2026-06-19T10:29:03.468202834Z I0619 10:29:03.468020      10 controller.go:231] Updating CRD OpenAPI spec because ciliumidentities.cilium.io changed
2026-06-19T10:29:03.468446193Z I0619 10:29:03.468353      10 controller.go:231] Updating CRD OpenAPI spec because vmagents.operator.victoriametrics.com changed
2026-06-19T10:29:03.468612282Z I0619 10:29:03.468520      10 controller.go:231] Updating CRD OpenAPI spec because vmclusters.operator.victoriametrics.com changed
2026-06-19T10:29:03.502918500Z I0619 10:29:03.502720      10 controller.go:231] Updating CRD OpenAPI spec because vmscrapeconfigs.operator.victoriametrics.com changed
2026-06-19T10:29:04.880679482Z I0619 10:29:04.880054      10 apf_controller.go:493] "Update CurrentCL" plName="exempt" seatDemandHighWatermark=2 seatDemandAvg=0.006152192942944979 seatDemandStdev=0.0788556881226375 seatDemandSmoothed=0.26454852588088457 fairFrac=2.3333333333333335 currentCL=2 concurrencyDenominator=2 backstop=false
2026-06-19T10:29:14.881424167Z I0619 10:29:14.880901      10 apf_controller.go:493] "Update CurrentCL" plName="exempt" seatDemandHighWatermark=1 seatDemandAvg=0.00262863588147432 seatDemandStdev=0.05120279440496335 seatDemandSmoothed=0.2597020326822123 fairFrac=2.3333333333333335 currentCL=1 concurrencyDenominator=1 backstop=false
2026-06-19T10:30:04.887211348Z I0619 10:30:04.885443      10 apf_controller.go:493] "Update CurrentCL" plName="exempt" seatDemandHighWatermark=2 seatDemandAvg=0.006714549768415554 seatDemandStdev=0.09822089033054392 seatDemandSmoothed=0.23834293581651872 fairFrac=2.3333333333333335 currentCL=2 concurrencyDenominator=2 backstop=false
2026-06-19T10:30:14.886798820Z I0619 10:30:14.886530      10 apf_controller.go:493] "Update CurrentCL" plName="exempt" seatDemandHighWatermark=1 seatDemandAvg=0.004967648602378014 seatDemandStdev=0.07030626621960026 seatDemandSmoothed=0.23459234833364428 fairFrac=2.3333333333333335 currentCL=1 concurrencyDenominator=1 backstop=false
2026-06-19T10:30:34.889231595Z I0619 10:30:34.888782      10 apf_controller.go:493] "Update CurrentCL" plName="exempt" seatDemandHighWatermark=10 seatDemandAvg=0.008866089503837292 seatDemandStdev=0.2524564270585467 seatDemandSmoothed=0.261322516562384 fairFrac=2.3333333333333335 currentCL=10 concurrencyDenominator=10 backstop=false
2026-06-19T10:30:44.890194866Z I0619 10:30:44.889945      10 apf_controller.go:493] "Update CurrentCL" plName="exempt" seatDemandHighWatermark=1 seatDemandAvg=0.002954368806292665 seatDemandStdev=0.054273755271300975 seatDemandSmoothed=0.25662834553523384 fairFrac=2.3333333333333335 currentCL=1 concurrencyDenominator=1 backstop=false
2026-06-19T10:31:34.892901627Z I0619 10:31:34.892643      10 apf_controller.go:493] "Update CurrentCL" plName="exempt" seatDemandHighWatermark=2 seatDemandAvg=0.0025438452267886164 seatDemandStdev=0.053270322872872436 seatDemandSmoothed=0.23632332537922987 fairFrac=2.3333333333333335 currentCL=2 concurrencyDenominator=2 backstop=false
2026-06-19T10:31:44.894016395Z I0619 10:31:44.893666      10 apf_controller.go:493] "Update CurrentCL" plName="exempt" seatDemandHighWatermark=1 seatDemandAvg=0.0027724276056938753 seatDemandStdev=0.05258080686776366 seatDemandSmoothed=0.23216101328839708 fairFrac=2.3333333333333335 currentCL=1 concurrencyDenominator=1 backstop=false
2026-06-19T10:32:34.898118120Z I0619 10:32:34.897860      10 apf_controller.go:493] "Update CurrentCL" plName="exempt" seatDemandHighWatermark=2 seatDemandAvg=0.002557909399568207 seatDemandStdev=0.050998156582835324 seatDemandSmoothed=0.21333803421424502 fairFrac=2.3333333333333335 currentCL=2 concurrencyDenominator=2 backstop=false
2026-06-19T10:32:44.898515961Z I0619 10:32:44.898143      10 apf_controller.go:493] "Update CurrentCL" plName="exempt" seatDemandHighWatermark=1 seatDemandAvg=0.0030811496431404337 seatDemandStdev=0.05542252394123719 seatDemandSmoothed=0.20977684391975807 fairFrac=2.3333333333333335 currentCL=1 concurrencyDenominator=1 backstop=false
2026-06-19T10:33:04.905418852Z I0619 10:33:04.902852      10 apf_controller.go:493] "Update CurrentCL" plName="exempt" seatDemandHighWatermark=2 seatDemandAvg=0.025032130022207496 seatDemandStdev=0.17410615577254876 seatDemandSmoothed=0.2059212450464354 fairFrac=2.3333333333333335 currentCL=2 concurrencyDenominator=2 backstop=false
2026-06-19T10:33:14.905936743Z I0619 10:33:14.905690      10 apf_controller.go:493] "Update CurrentCL" plName="exempt" seatDemandHighWatermark=1 seatDemandAvg=0.003494561087110718 seatDemandStdev=0.05901143219681395 seatDemandSmoothed=0.20262269425589768 fairFrac=2.3333333333333335 currentCL=1 concurrencyDenominator=1 backstop=false
2026-06-19T10:33:34.908338696Z I0619 10:33:34.908028      10 apf_controller.go:493] "Update CurrentCL" plName="exempt" seatDemandHighWatermark=2 seatDemandAvg=0.0031802367302510032 seatDemandStdev=0.06003748133523833 seatDemandSmoothed=0.19599954671270142 fairFrac=2.3333333333333335 currentCL=2 concurrencyDenominator=2 backstop=false
2026-06-19T10:33:44.909624678Z I0619 10:33:44.908667      10 apf_controller.go:493] "Update CurrentCL" plName="exempt" seatDemandHighWatermark=1 seatDemandAvg=0.0027044864938737825 seatDemandStdev=0.0519343070299223 seatDemandSmoothed=0.19274824938935659 fairFrac=2.3333333333333335 currentCL=1 concurrencyDenominator=1 backstop=false
2026-06-19T10:34:03.057787491Z I0619 10:34:03.046189      10 cidrallocator.go:242] syncing ServiceCIDR allocators
2026-06-19T10:34:03.057822763Z I0619 10:34:03.046262      10 cidrallocator.go:278] updated ClusterIP allocator for Service CIDR 100.64.0.0/13
2026-06-19T10:34:03.057827406Z I0619 10:34:03.046272      10 cidrallocator.go:244] syncing ServiceCIDR allocators took: 96.128µs
2026-06-19T10:34:03.210848860Z I0619 10:34:03.208070      10 controller.go:231] Updating CRD OpenAPI spec because kubenticagents.kubentic.io changed
2026-06-19T10:34:03.210866089Z I0619 10:34:03.209133      10 controller.go:231] Updating CRD OpenAPI spec because ciliumidentities.cilium.io changed
2026-06-19T10:34:03.210870524Z I0619 10:34:03.210357      10 controller.go:231] Updating CRD OpenAPI spec because vmagents.operator.victoriametrics.com changed
2026-06-19T10:34:03.272684735Z I0619 10:34:03.250915      10 controller.go:231] Updating CRD OpenAPI spec because vmclusters.operator.victoriametrics.com changed
2026-06-19T10:34:03.273731521Z I0619 10:34:03.263723      10 controller.go:231] Updating CRD OpenAPI spec because vmscrapeconfigs.operator.victoriametrics.com changed
2026-06-19T10:34:03.273755578Z I0619 10:34:03.270256      10 controller.go:231] Updating CRD OpenAPI spec because ciliumnodes.cilium.io changed
2026-06-19T10:34:03.285970814Z I0619 10:34:03.285754      10 controller.go:231] Updating CRD OpenAPI spec because ciliumendpoints.cilium.io changed
2026-06-19T10:34:03.286417225Z I0619 10:34:03.286199      10 controller.go:231] Updating CRD OpenAPI spec because ciliumnodeconfigs.cilium.io changed
2026-06-19T10:34:03.290363282Z I0619 10:34:03.290085      10 controller.go:231] Updating CRD OpenAPI spec because vmpodscrapes.operator.victoriametrics.com changed
2026-06-19T10:34:03.297857772Z I0619 10:34:03.297234      10 controller.go:231] Updating CRD OpenAPI spec because ciliumnetworkpolicies.cilium.io changed
2026-06-19T10:34:03.300603204Z I0619 10:34:03.300330      10 controller.go:231] Updating CRD OpenAPI spec because ciliuml2announcementpolicies.cilium.io changed
2026-06-19T10:34:03.322894256Z I0619 10:34:03.322420      10 controller.go:231] Updating CRD OpenAPI spec because vmanomalyconfigs.operator.victoriametrics.com changed
2026-06-19T10:34:03.327295742Z I0619 10:34:03.326149      10 controller.go:231] Updating CRD OpenAPI spec because vmanomalies.operator.victoriametrics.com changed
2026-06-19T10:34:03.327338509Z I0619 10:34:03.326188      10 controller.go:231] Updating CRD OpenAPI spec because vmservicescrapes.operator.victoriametrics.com changed
2026-06-19T10:34:03.327342783Z I0619 10:34:03.326200      10 controller.go:231] Updating CRD OpenAPI spec because vlsingles.operator.victoriametrics.com changed
2026-06-19T10:34:03.369183577Z I0619 10:34:03.368980      10 controller.go:231] Updating CRD OpenAPI spec because vlclusters.operator.victoriametrics.com changed
2026-06-19T10:34:03.409309440Z I0619 10:34:03.409010      10 controller.go:231] Updating CRD OpenAPI spec because vmrules.operator.victoriametrics.com changed
2026-06-19T10:34:03.410119165Z I0619 10:34:03.409977      10 controller.go:231] Updating CRD OpenAPI spec because vmalerts.operator.victoriametrics.com changed
2026-06-19T10:34:03.410674360Z I0619 10:34:03.410587      10 controller.go:231] Updating CRD OpenAPI spec because ciliumclusterwidenetworkpolicies.cilium.io changed
2026-06-19T10:34:03.445521827Z I0619 10:34:03.445288      10 controller.go:231] Updating CRD OpenAPI spec because ciliumcidrgroups.cilium.io changed
2026-06-19T10:34:03.454770814Z I0619 10:34:03.454510      10 controller.go:231] Updating CRD OpenAPI spec because vmusers.operator.victoriametrics.com changed
2026-06-19T10:34:03.455938625Z I0619 10:34:03.455763      10 controller.go:231] Updating CRD OpenAPI spec because vmprobes.operator.victoriametrics.com changed
2026-06-19T10:34:03.456490319Z I0619 10:34:03.456393      10 controller.go:231] Updating CRD OpenAPI spec because vlogs.operator.victoriametrics.com changed
2026-06-19T10:34:03.468057682Z I0619 10:34:03.467888      10 controller.go:231] Updating CRD OpenAPI spec because vmstaticscrapes.operator.victoriametrics.com changed
2026-06-19T10:34:03.469405654Z I0619 10:34:03.469239      10 controller.go:231] Updating CRD OpenAPI spec because vlagents.operator.victoriametrics.com changed
2026-06-19T10:34:03.497922078Z I0619 10:34:03.497730      10 controller.go:231] Updating CRD OpenAPI spec because vmalertmanagerconfigs.operator.victoriametrics.com changed
2026-06-19T10:34:03.511595802Z I0619 10:34:03.511413      10 controller.go:231] Updating CRD OpenAPI spec because vmalertmanagers.operator.victoriametrics.com changed
2026-06-19T10:34:03.511880640Z I0619 10:34:03.511799      10 controller.go:231] Updating CRD OpenAPI spec because vmauths.operator.victoriametrics.com changed
2026-06-19T10:34:03.536839390Z I0619 10:34:03.536533      10 controller.go:231] Updating CRD OpenAPI spec because vtsingles.operator.victoriametrics.com changed
2026-06-19T10:34:03.559915680Z I0619 10:34:03.559693      10 controller.go:231] Updating CRD OpenAPI spec because vmsingles.operator.victoriametrics.com changed
2026-06-19T10:34:03.582608924Z I0619 10:34:03.582416      10 controller.go:231] Updating CRD OpenAPI spec because vtclusters.operator.victoriametrics.com changed
2026-06-19T10:34:03.584370343Z I0619 10:34:03.584131      10 controller.go:231] Updating CRD OpenAPI spec because vmnodescrapes.operator.victoriametrics.com changed
2026-06-19T10:34:03.603782068Z I0619 10:34:03.602743      10 controller.go:231] Updating CRD OpenAPI spec because vmdistributed.operator.victoriametrics.com changed
2026-06-19T10:34:03.605527254Z I0619 10:34:03.605064      10 controller.go:231] Updating CRD OpenAPI spec because ciliumpodippools.cilium.io changed
2026-06-19T10:34:03.609505856Z I0619 10:34:03.609246      10 controller.go:231] Updating CRD OpenAPI spec because ciliumloadbalancerippools.cilium.io changed
2026-06-19T10:34:04.911751806Z I0619 10:34:04.911199      10 apf_controller.go:493] "Update CurrentCL" plName="exempt" seatDemandHighWatermark=4 seatDemandAvg=0.013897839444548128 seatDemandStdev=0.15658671196199808 seatDemandSmoothed=0.18907398690712066 fairFrac=2.3333333333333335 currentCL=4 concurrencyDenominator=4 backstop=false
2026-06-19T10:34:14.912639050Z I0619 10:34:14.912406      10 apf_controller.go:493] "Update CurrentCL" plName="exempt" seatDemandHighWatermark=1 seatDemandAvg=0.003717713004906857 seatDemandStdev=0.06085960577361641 seatDemandSmoothed=0.1862105635401629 fairFrac=2.3333333333333335 currentCL=1 concurrencyDenominator=1 backstop=false
2026-06-19T10:34:34.913710612Z I0619 10:34:34.913472      10 apf_controller.go:493] "Update CurrentCL" plName="exempt" seatDemandHighWatermark=2 seatDemandAvg=0.0022583700739496502 seatDemandStdev=0.04785606697651232 seatDemandSmoothed=0.18012004111310803 fairFrac=2.3333333333333335 currentCL=2 concurrencyDenominator=2 backstop=false
2026-06-19T10:34:44.914414977Z I0619 10:34:44.914107      10 apf_controller.go:493] "Update CurrentCL" plName="exempt" seatDemandHighWatermark=1 seatDemandAvg=0.002845851808660045 seatDemandStdev=0.05327056350502772 seatDemandSmoothed=0.17726795771972137 fairFrac=2.3333333333333335 currentCL=1 concurrencyDenominator=1 backstop=false
2026-06-19T10:35:04.916390211Z I0619 10:35:04.916097      10 apf_controller.go:493] "Update CurrentCL" plName="exempt" seatDemandHighWatermark=2 seatDemandAvg=0.007430586686489652 seatDemandStdev=0.08742869135189624 seatDemandSmoothed=0.17251708807120653 fairFrac=2.3333333333333335 currentCL=2 concurrencyDenominator=2 backstop=false
2026-06-19T10:35:14.916828843Z I0619 10:35:14.916523      10 apf_controller.go:493] "Update CurrentCL" plName="exempt" seatDemandHighWatermark=1 seatDemandAvg=0.0033648494685935837 seatDemandStdev=0.0579096473538502 seatDemandSmoothed=0.169958508472485 fairFrac=2.3333333333333335 currentCL=1 concurrencyDenominator=1 backstop=false
2026-06-19T10:35:34.917563972Z I0619 10:35:34.917337      10 apf_controller.go:493] "Update CurrentCL" plName="exempt" seatDemandHighWatermark=2 seatDemandAvg=0.002672838227623441 seatDemandStdev=0.05348474924865162 seatDemandSmoothed=0.16472766544340414 fairFrac=2.3333333333333335 currentCL=2 concurrencyDenominator=2 backstop=false
2026-06-19T10:35:44.918807506Z I0619 10:35:44.918590      10 apf_controller.go:493] "Update CurrentCL" plName="exempt" seatDemandHighWatermark=1 seatDemandAvg=0.002684738584157576 seatDemandStdev=0.05174486218835945 seatDemandSmoothed=0.16219080995597374 fairFrac=2.3333333333333335 currentCL=1 concurrencyDenominator=1 backstop=false
2026-06-19T10:37:02.403247205Z I0619 10:37:02.402748      10 trace.go:236] Trace[1667591545]: "Update" accept:application/vnd.kubernetes.protobuf, */*,audit-id:f84452b9-967e-4d40-833d-cc52c51cf1bc,client:172.20.179.51,api-group:coordination.k8s.io,api-version:v1,name:external-attacher-leader-ebs-csi-aws-com,subresource:,namespace:kube-system,protocol:HTTP/2.0,resource:leases,scope:resource,url:/apis/coordination.k8s.io/v1/namespaces/kube-system/leases/external-attacher-leader-ebs-csi-aws-com,user-agent:csi-attacher/v0.0.0 (linux/amd64) kubernetes/$Format,verb:PUT (19-Jun-2026 10:37:01.857) (total time: 545ms):
2026-06-19T10:37:02.403285285Z Trace[1667591545]: ["GuaranteedUpdate etcd3" audit-id:f84452b9-967e-4d40-833d-cc52c51cf1bc,key:/leases/kube-system/external-attacher-leader-ebs-csi-aws-com,type:*coordination.Lease,group:coordination.k8s.io,resource:leases 536ms (10:37:01.866)
2026-06-19T10:37:02.403290085Z Trace[1667591545]:  ---"About to Encode" 417ms (10:37:02.285)
2026-06-19T10:37:02.403293270Z Trace[1667591545]:  ---"Txn call completed" 93ms (10:37:02.379)]
2026-06-19T10:37:02.403297245Z Trace[1667591545]: [545.387133ms] [545.387133ms] END
2026-06-19T10:39:03.222660996Z I0619 10:39:03.221356      10 controller.go:231] Updating CRD OpenAPI spec because vmsingles.operator.victoriametrics.com changed
2026-06-19T10:39:03.246661483Z I0619 10:39:03.222498      10 controller.go:231] Updating CRD OpenAPI spec because vtclusters.operator.victoriametrics.com changed
2026-06-19T10:39:03.253609240Z I0619 10:39:03.253041      10 controller.go:231] Updating CRD OpenAPI spec because vmnodescrapes.operator.victoriametrics.com changed
2026-06-19T10:39:03.267860109Z I0619 10:39:03.262060      10 controller.go:231] Updating CRD OpenAPI spec because vmdistributed.operator.victoriametrics.com changed
2026-06-19T10:39:03.312720205Z I0619 10:39:03.310430      10 controller.go:231] Updating CRD OpenAPI spec because ciliumpodippools.cilium.io changed
2026-06-19T10:39:03.322346237Z I0619 10:39:03.314796      10 controller.go:231] Updating CRD OpenAPI spec because ciliumloadbalancerippools.cilium.io changed
2026-06-19T10:39:03.323534862Z I0619 10:39:03.323344      10 controller.go:231] Updating CRD OpenAPI spec because kubenticagents.kubentic.io changed
2026-06-19T10:39:03.326497666Z I0619 10:39:03.326317      10 controller.go:231] Updating CRD OpenAPI spec because ciliumidentities.cilium.io changed
2026-06-19T10:39:03.335646862Z I0619 10:39:03.326359      10 controller.go:231] Updating CRD OpenAPI spec because vmagents.operator.victoriametrics.com changed
2026-06-19T10:39:03.367339367Z I0619 10:39:03.367172      10 controller.go:231] Updating CRD OpenAPI spec because vmclusters.operator.victoriametrics.com changed
2026-06-19T10:39:03.388520783Z I0619 10:39:03.388295      10 controller.go:231] Updating CRD OpenAPI spec because vmscrapeconfigs.operator.victoriametrics.com changed
2026-06-19T10:39:03.415427486Z I0619 10:39:03.413397      10 controller.go:231] Updating CRD OpenAPI spec because ciliumnodes.cilium.io changed
2026-06-19T10:39:03.443015706Z I0619 10:39:03.442136      10 controller.go:231] Updating CRD OpenAPI spec because ciliumendpoints.cilium.io changed
2026-06-19T10:39:03.455726013Z I0619 10:39:03.455517      10 controller.go:231] Updating CRD OpenAPI spec because ciliumnodeconfigs.cilium.io changed
2026-06-19T10:39:03.472416578Z I0619 10:39:03.472215      10 controller.go:231] Updating CRD OpenAPI spec because vmpodscrapes.operator.victoriametrics.com changed
2026-06-19T10:39:03.472443310Z I0619 10:39:03.472259      10 controller.go:231] Updating CRD OpenAPI spec because ciliumnetworkpolicies.cilium.io changed
2026-06-19T10:39:03.488807658Z I0619 10:39:03.488617      10 controller.go:231] Updating CRD OpenAPI spec because ciliuml2announcementpolicies.cilium.io changed
2026-06-19T10:39:03.497233525Z I0619 10:39:03.497075      10 controller.go:231] Updating CRD OpenAPI spec because vmanomalyconfigs.operator.victoriametrics.com changed
2026-06-19T10:39:03.505660604Z I0619 10:39:03.505386      10 controller.go:231] Updating CRD OpenAPI spec because vmanomalies.operator.victoriametrics.com changed
2026-06-19T10:39:03.505936681Z I0619 10:39:03.505493      10 controller.go:231] Updating CRD OpenAPI spec because vmservicescrapes.operator.victoriametrics.com changed
2026-06-19T10:39:03.532566644Z I0619 10:39:03.532095      10 controller.go:231] Updating CRD OpenAPI spec because vlsingles.operator.victoriametrics.com changed
2026-06-19T10:39:03.532592954Z I0619 10:39:03.532140      10 controller.go:231] Updating CRD OpenAPI spec because vlclusters.operator.victoriametrics.com changed
2026-06-19T10:39:03.555773824Z I0619 10:39:03.555192      10 controller.go:231] Updating CRD OpenAPI spec because vmrules.operator.victoriametrics.com changed
2026-06-19T10:39:03.555798592Z I0619 10:39:03.555301      10 controller.go:231] Updating CRD OpenAPI spec because vmalerts.operator.victoriametrics.com changed
2026-06-19T10:39:03.555948373Z I0619 10:39:03.555766      10 controller.go:231] Updating CRD OpenAPI spec because ciliumclusterwidenetworkpolicies.cilium.io changed
2026-06-19T10:39:03.556263203Z I0619 10:39:03.556110      10 controller.go:231] Updating CRD OpenAPI spec because ciliumcidrgroups.cilium.io changed
2026-06-19T10:39:03.556506876Z I0619 10:39:03.556373      10 controller.go:231] Updating CRD OpenAPI spec because vmusers.operator.victoriametrics.com changed
2026-06-19T10:39:03.556848169Z I0619 10:39:03.556715      10 controller.go:231] Updating CRD OpenAPI spec because vmprobes.operator.victoriametrics.com changed
2026-06-19T10:39:03.556866288Z I0619 10:39:03.556746      10 controller.go:231] Updating CRD OpenAPI spec because vlogs.operator.victoriametrics.com changed
2026-06-19T10:39:03.565199299Z I0619 10:39:03.557106      10 controller.go:231] Updating CRD OpenAPI spec because vmstaticscrapes.operator.victoriametrics.com changed
2026-06-19T10:39:03.565224470Z I0619 10:39:03.564534      10 controller.go:231] Updating CRD OpenAPI spec because vlagents.operator.victoriametrics.com changed
2026-06-19T10:39:03.565262768Z I0619 10:39:03.564970      10 controller.go:231] Updating CRD OpenAPI spec because vmalertmanagerconfigs.operator.victoriametrics.com changed
2026-06-19T10:39:03.565286712Z I0619 10:39:03.564995      10 controller.go:231] Updating CRD OpenAPI spec because vmalertmanagers.operator.victoriametrics.com changed
2026-06-19T10:39:03.565463205Z I0619 10:39:03.565053      10 controller.go:231] Updating CRD OpenAPI spec because vmauths.operator.victoriametrics.com changed
2026-06-19T10:39:03.581422538Z I0619 10:39:03.581194      10 controller.go:231] Updating CRD OpenAPI spec because vtsingles.operator.victoriametrics.com changed
2026-06-19T10:39:54.939196918Z I0619 10:39:54.938939      10 apf_controller.go:493] "Update CurrentCL" plName="exempt" seatDemandHighWatermark=4 seatDemandAvg=0.005462272161999028 seatDemandStdev=0.11845354752211057 seatDemandSmoothed=0.1239158196841096 fairFrac=2.3333333333333335 currentCL=4 concurrencyDenominator=4 backstop=false
2026-06-19T10:40:04.939912366Z I0619 10:40:04.939629      10 apf_controller.go:493] "Update CurrentCL" plName="exempt" seatDemandHighWatermark=2 seatDemandAvg=0.019354669770170443 seatDemandStdev=0.174367533370843 seatDemandSmoothed=0.19372220314101343 fairFrac=2.3333333333333335 currentCL=2 concurrencyDenominator=2 backstop=false
2026-06-19T10:40:14.941071957Z I0619 10:40:14.940676      10 apf_controller.go:493] "Update CurrentCL" plName="exempt" seatDemandHighWatermark=1 seatDemandAvg=0.003906877737790859 seatDemandStdev=0.06238280247097604 seatDemandSmoothed=0.19079125511357176 fairFrac=2.3333333333333335 currentCL=1 concurrencyDenominator=1 backstop=false
2026-06-19T10:40:34.942339399Z I0619 10:40:34.942052      10 apf_controller.go:493] "Update CurrentCL" plName="exempt" seatDemandHighWatermark=4 seatDemandAvg=0.004097336602218791 seatDemandStdev=0.08194850876237535 seatDemandSmoothed=0.18515269881949187 fairFrac=2.3333333333333335 currentCL=4 concurrencyDenominator=4 backstop=false
2026-06-19T10:40:54.943758637Z I0619 10:40:54.943461      10 apf_controller.go:493] "Update CurrentCL" plName="exempt" seatDemandHighWatermark=1 seatDemandAvg=0.0021842476434292867 seatDemandStdev=0.046684865916712885 seatDemandSmoothed=0.1800607578798876 fairFrac=2.3333333333333335 currentCL=1 concurrencyDenominator=1 backstop=false
2026-06-19T10:41:04.950312083Z I0619 10:41:04.943994      10 apf_controller.go:493] "Update CurrentCL" plName="exempt" seatDemandHighWatermark=2 seatDemandAvg=0.008176156672149958 seatDemandStdev=0.09015121592561515 seatDemandSmoothed=0.17818089001839876 fairFrac=2.3333333333333335 currentCL=2 concurrencyDenominator=2 backstop=false
2026-06-19T10:41:14.945915134Z I0619 10:41:14.945709      10 apf_controller.go:493] "Update CurrentCL" plName="exempt" seatDemandHighWatermark=1 seatDemandAvg=0.0032415859288089646 seatDemandStdev=0.05684257250930074 seatDemandSmoothed=0.17546466519205212 fairFrac=2.3333333333333335 currentCL=1 concurrencyDenominator=1 backstop=false
2026-06-19T10:41:34.947285446Z I0619 10:41:34.947014      10 apf_controller.go:493] "Update CurrentCL" plName="exempt" seatDemandHighWatermark=2 seatDemandAvg=0.0023186394492311266 seatDemandStdev=0.048425452079127386 seatDemandSmoothed=0.16980665219143687 fairFrac=2.3333333333333335 currentCL=2 concurrencyDenominator=2 backstop=false
2026-06-19T10:41:44.948068533Z I0619 10:41:44.947792      10 apf_controller.go:493] "Update CurrentCL" plName="exempt" seatDemandHighWatermark=1 seatDemandAvg=0.003468061374041904 seatDemandStdev=0.05878804235852545 seatDemandSmoothed=0.16733298957688286 fairFrac=2.3333333333333335 currentCL=1 concurrencyDenominator=1 backstop=false
2026-06-19T10:42:02.371727976Z I0619 10:42:02.362525      10 trace.go:236] Trace[263375995]: "Update" accept:application/vnd.kubernetes.protobuf, */*,audit-id:24a673fa-4b69-4f23-a52f-8470aa16c1e1,client:127.0.0.1,api-group:coordination.k8s.io,api-version:v1,name:cloud-controller-manager,subresource:,namespace:kube-system,protocol:HTTP/2.0,resource:leases,scope:resource,url:/apis/coordination.k8s.io/v1/namespaces/kube-system/leases/cloud-controller-manager,user-agent:aws-cloud-controller-manager/v0.0.0 (linux/amd64) kubernetes/$Format/leader-election,verb:PUT (19-Jun-2026 10:42:01.800) (total time: 561ms):
2026-06-19T10:42:02.371772593Z Trace[263375995]: ---"About to store object in database" 20ms (10:42:01.821)
2026-06-19T10:42:02.371777067Z Trace[263375995]: ["GuaranteedUpdate etcd3" audit-id:24a673fa-4b69-4f23-a52f-8470aa16c1e1,key:/leases/kube-system/cloud-controller-manager,type:*coordination.Lease,group:coordination.k8s.io,resource:leases 524ms (10:42:01.838)
2026-06-19T10:42:02.371780393Z Trace[263375995]:  ---"About to Encode" 275ms (10:42:02.113)
2026-06-19T10:42:02.371782891Z Trace[263375995]:  ---"Txn call completed" 248ms (10:42:02.362)]
2026-06-19T10:42:02.371785217Z Trace[263375995]: [561.74331ms] [561.74331ms] END
2026-06-19T10:42:02.396422995Z I0619 10:42:02.389732      10 trace.go:236] Trace[792774669]: "List(recursive=true) etcd3" audit-id:,key:/pods,resourceVersion:50310,resourceVersionMatch:Exact,limit:10000,continue: (19-Jun-2026 10:42:01.595) (total time: 794ms):
2026-06-19T10:42:02.396441213Z Trace[792774669]: [794.0897ms] [794.0897ms] END
2026-06-19T10:42:04.979157532Z I0619 10:42:04.955465      10 apf_controller.go:493] "Update CurrentCL" plName="exempt" seatDemandHighWatermark=2 seatDemandAvg=0.030519750995510398 seatDemandStdev=0.1720738136132798 seatDemandSmoothed=0.20259356460879022 fairFrac=2.3333333333333335 currentCL=2 concurrencyDenominator=2 backstop=false
2026-06-19T10:42:14.980435384Z I0619 10:42:14.980210      10 apf_controller.go:493] "Update CurrentCL" plName="exempt" seatDemandHighWatermark=1 seatDemandAvg=0.003953956216016328 seatDemandStdev=0.06275605505652944 seatDemandSmoothed=0.19946824288205658 fairFrac=2.3333333333333335 currentCL=1 concurrencyDenominator=1 backstop=false
2026-06-19T10:42:34.982243721Z I0619 10:42:34.981948      10 apf_controller.go:493] "Update CurrentCL" plName="exempt" seatDemandHighWatermark=2 seatDemandAvg=0.002531504564832771 seatDemandStdev=0.050625615494077514 seatDemandSmoothed=0.19290001980958277 fairFrac=2.3333333333333335 currentCL=2 concurrencyDenominator=2 backstop=false
2026-06-19T10:42:44.982738663Z I0619 10:42:44.982463      10 apf_controller.go:493] "Update CurrentCL" plName="exempt" seatDemandHighWatermark=1 seatDemandAvg=0.0026517867373416423 seatDemandStdev=0.05142717923862149 seatDemandSmoothed=0.1897071355714095 fairFrac=2.3333333333333335 currentCL=1 concurrencyDenominator=1 backstop=false
2026-06-19T10:42:54.984353198Z I0619 10:42:54.983774      10 apf_controller.go:493] "Update CurrentCL" plName="exempt" seatDemandHighWatermark=2 seatDemandAvg=0.002912456682237711 seatDemandStdev=0.05468960103217968 seatDemandSmoothed=0.18666871878069868 fairFrac=2.3333333333333335 currentCL=2 concurrencyDenominator=2 backstop=false
2026-06-19T10:43:04.985192585Z I0619 10:43:04.984619      10 apf_controller.go:493] "Update CurrentCL" plName="exempt" seatDemandHighWatermark=1 seatDemandAvg=0.015514527145947659 seatDemandStdev=0.12358732375686964 seatDemandSmoothed=0.1855746808195074 fairFrac=2.3333333333333335 currentCL=1 concurrencyDenominator=1 backstop=false
2026-06-19T10:43:34.987271803Z I0619 10:43:34.986764      10 apf_controller.go:493] "Update CurrentCL" plName="exempt" seatDemandHighWatermark=2 seatDemandAvg=0.0026292379008948062 seatDemandStdev=0.05177673459062568 seatDemandSmoothed=0.17678960954541587 fairFrac=2.3333333333333335 currentCL=2 concurrencyDenominator=2 backstop=false
2026-06-19T10:43:44.987967566Z I0619 10:43:44.987756      10 apf_controller.go:493] "Update CurrentCL" plName="exempt" seatDemandHighWatermark=1 seatDemandAvg=0.0025397772411448138 seatDemandStdev=0.05033216439524706 seatDemandSmoothed=0.17393950318350831 fairFrac=2.3333333333333335 currentCL=1 concurrencyDenominator=1 backstop=false
2026-06-19T10:44:03.075541227Z I0619 10:44:03.038704      10 cidrallocator.go:242] syncing ServiceCIDR allocators
2026-06-19T10:44:03.081669839Z I0619 10:44:03.038820      10 cidrallocator.go:278] updated ClusterIP allocator for Service CIDR 100.64.0.0/13
2026-06-19T10:44:03.112169084Z I0619 10:44:03.039035      10 cidrallocator.go:244] syncing ServiceCIDR allocators took: 337.366µs
2026-06-19T10:44:03.220520300Z I0619 10:44:03.220308      10 controller.go:231] Updating CRD OpenAPI spec because vlagents.operator.victoriametrics.com changed
2026-06-19T10:44:03.259651458Z I0619 10:44:03.231909      10 controller.go:231] Updating CRD OpenAPI spec because vmalertmanagerconfigs.operator.victoriametrics.com changed
2026-06-19T10:44:03.259682703Z I0619 10:44:03.233158      10 controller.go:231] Updating CRD OpenAPI spec because vmalertmanagers.operator.victoriametrics.com changed
2026-06-19T10:44:03.259686380Z I0619 10:44:03.246895      10 controller.go:231] Updating CRD OpenAPI spec because vmauths.operator.victoriametrics.com changed
2026-06-19T10:44:03.259689115Z I0619 10:44:03.249602      10 controller.go:231] Updating CRD OpenAPI spec because vtsingles.operator.victoriametrics.com changed
2026-06-19T10:44:03.259691449Z I0619 10:44:03.258759      10 controller.go:231] Updating CRD OpenAPI spec because vmsingles.operator.victoriametrics.com changed
2026-06-19T10:44:03.259694085Z I0619 10:44:03.258810      10 controller.go:231] Updating CRD OpenAPI spec because vtclusters.operator.victoriametrics.com changed
2026-06-19T10:44:03.349727765Z I0619 10:44:03.260948      10 controller.go:231] Updating CRD OpenAPI spec because vmnodescrapes.operator.victoriametrics.com changed
2026-06-19T10:44:03.349773720Z I0619 10:44:03.287701      10 controller.go:231] Updating CRD OpenAPI spec because vmdistributed.operator.victoriametrics.com changed
2026-06-19T10:44:03.349777161Z I0619 10:44:03.288083      10 controller.go:231] Updating CRD OpenAPI spec because ciliumpodippools.cilium.io changed
2026-06-19T10:44:03.349779511Z I0619 10:44:03.288173      10 controller.go:231] Updating CRD OpenAPI spec because ciliumloadbalancerippools.cilium.io changed
2026-06-19T10:44:03.349781952Z I0619 10:44:03.295208      10 controller.go:231] Updating CRD OpenAPI spec because kubenticagents.kubentic.io changed
2026-06-19T10:44:03.349784080Z I0619 10:44:03.295369      10 controller.go:231] Updating CRD OpenAPI spec because ciliumidentities.cilium.io changed
2026-06-19T10:44:03.349786467Z I0619 10:44:03.335748      10 controller.go:231] Updating CRD OpenAPI spec because vmagents.operator.victoriametrics.com changed
2026-06-19T10:44:03.350537754Z I0619 10:44:03.350375      10 controller.go:231] Updating CRD OpenAPI spec because vmclusters.operator.victoriametrics.com changed
2026-06-19T10:44:03.352719027Z I0619 10:44:03.350628      10 controller.go:231] Updating CRD OpenAPI spec because vmscrapeconfigs.operator.victoriametrics.com changed
2026-06-19T10:44:03.393228193Z I0619 10:44:03.393012      10 controller.go:231] Updating CRD OpenAPI spec because ciliumnodes.cilium.io changed
2026-06-19T10:44:03.396164894Z I0619 10:44:03.395976      10 controller.go:231] Updating CRD OpenAPI spec because ciliumendpoints.cilium.io changed
2026-06-19T10:44:03.396407882Z I0619 10:44:03.396319      10 controller.go:231] Updating CRD OpenAPI spec because ciliumnodeconfigs.cilium.io changed
2026-06-19T10:44:03.414142618Z I0619 10:44:03.413914      10 controller.go:231] Updating CRD OpenAPI spec because vmpodscrapes.operator.victoriametrics.com changed
2026-06-19T10:44:03.442932049Z I0619 10:44:03.442717      10 controller.go:231] Updating CRD OpenAPI spec because ciliumnetworkpolicies.cilium.io changed
2026-06-19T10:44:03.443904726Z I0619 10:44:03.443711      10 controller.go:231] Updating CRD OpenAPI spec because ciliuml2announcementpolicies.cilium.io changed
2026-06-19T10:44:03.444047494Z I0619 10:44:03.443952      10 controller.go:231] Updating CRD OpenAPI spec because vmanomalyconfigs.operator.victoriametrics.com changed
2026-06-19T10:44:03.460115809Z I0619 10:44:03.459888      10 controller.go:231] Updating CRD OpenAPI spec because vmanomalies.operator.victoriametrics.com changed
2026-06-19T10:44:03.460246617Z I0619 10:44:03.460147      10 controller.go:231] Updating CRD OpenAPI spec because vmservicescrapes.operator.victoriametrics.com changed
2026-06-19T10:44:03.460974083Z I0619 10:44:03.460788      10 controller.go:231] Updating CRD OpenAPI spec because vlsingles.operator.victoriametrics.com changed
2026-06-19T10:44:03.461567016Z I0619 10:44:03.461418      10 controller.go:231] Updating CRD OpenAPI spec because vlclusters.operator.victoriametrics.com changed
2026-06-19T10:44:03.471689562Z I0619 10:44:03.471476      10 controller.go:231] Updating CRD OpenAPI spec because vmrules.operator.victoriametrics.com changed
2026-06-19T10:44:03.472804003Z I0619 10:44:03.472607      10 controller.go:231] Updating CRD OpenAPI spec because vmalerts.operator.victoriametrics.com changed
2026-06-19T10:44:03.473667399Z I0619 10:44:03.473514      10 controller.go:231] Updating CRD OpenAPI spec because ciliumclusterwidenetworkpolicies.cilium.io changed
2026-06-19T10:44:03.474331455Z I0619 10:44:03.474194      10 controller.go:231] Updating CRD OpenAPI spec because ciliumcidrgroups.cilium.io changed
2026-06-19T10:44:03.475355777Z I0619 10:44:03.475234      10 controller.go:231] Updating CRD OpenAPI spec because vmusers.operator.victoriametrics.com changed
2026-06-19T10:44:03.475682636Z I0619 10:44:03.475575      10 controller.go:231] Updating CRD OpenAPI spec because vmprobes.operator.victoriametrics.com changed
2026-06-19T10:44:03.476424496Z I0619 10:44:03.476304      10 controller.go:231] Updating CRD OpenAPI spec because vlogs.operator.victoriametrics.com changed
2026-06-19T10:44:03.477071217Z I0619 10:44:03.476950      10 controller.go:231] Updating CRD OpenAPI spec because vmstaticscrapes.operator.victoriametrics.com changed
2026-06-19T10:44:04.989982127Z I0619 10:44:04.989693      10 apf_controller.go:493] "Update CurrentCL" plName="exempt" seatDemandHighWatermark=2 seatDemandAvg=0.006383770194775354 seatDemandStdev=0.08149336650356345 seatDemandSmoothed=0.16933482110261314 fairFrac=2.3333333333333335 currentCL=2 concurrencyDenominator=2 backstop=false
2026-06-19T10:44:14.991342822Z I0619 10:44:14.990431      10 apf_controller.go:493] "Update CurrentCL" plName="exempt" seatDemandHighWatermark=1 seatDemandAvg=0.0033986366435744915 seatDemandStdev=0.05819867620951051 seatDemandSmoothed=0.166856858412874 fairFrac=2.3333333333333335 currentCL=1 concurrencyDenominator=1 backstop=false
2026-06-19T10:44:34.994395704Z I0619 10:44:34.993662      10 apf_controller.go:493] "Update CurrentCL" plName="exempt" seatDemandHighWatermark=2 seatDemandAvg=0.0029906278898772396 seatDemandStdev=0.05469689675471285 seatDemandSmoothed=0.1618234807747307 fairFrac=2.3333333333333335 currentCL=2 concurrencyDenominator=2 backstop=false
2026-06-19T10:44:44.994263720Z I0619 10:44:44.994022      10 apf_controller.go:493] "Update CurrentCL" plName="exempt" seatDemandHighWatermark=1 seatDemandAvg=0.0032236246569381307 seatDemandStdev=0.05668538525060327 seatDemandSmoothed=0.15947944794478533 fairFrac=2.3333333333333335 currentCL=1 concurrencyDenominator=1 backstop=false
2026-06-19T10:45:04.996130081Z I0619 10:45:04.995872      10 apf_controller.go:493] "Update CurrentCL" plName="exempt" seatDemandHighWatermark=2 seatDemandAvg=0.021416841639945828 seatDemandStdev=0.16896168969181466 seatDemandSmoothed=0.1903785313317605 fairFrac=2.3333333333333335 currentCL=2 concurrencyDenominator=2 backstop=false
2026-06-19T10:45:14.997529017Z I0619 10:45:14.997323      10 apf_controller.go:493] "Update CurrentCL" plName="exempt" seatDemandHighWatermark=1 seatDemandAvg=0.004149916371815783 seatDemandStdev=0.06428603709922333 seatDemandSmoothed=0.1875738520409639 fairFrac=2.3333333333333335 currentCL=1 concurrencyDenominator=1 backstop=false
2026-06-19T10:46:05.002695390Z I0619 10:46:05.001504      10 apf_controller.go:493] "Update CurrentCL" plName="exempt" seatDemandHighWatermark=2 seatDemandAvg=0.018097798418488072 seatDemandStdev=0.13341932983718083 seatDemandSmoothed=0.1751892948677825 fairFrac=2.3333333333333335 currentCL=2 concurrencyDenominator=2 backstop=false
2026-06-19T10:46:15.003396031Z I0619 10:46:15.003174      10 apf_controller.go:493] "Update CurrentCL" plName="exempt" seatDemandHighWatermark=1 seatDemandAvg=0.0030957068145700327 seatDemandStdev=0.05555288843875049 seatDemandSmoothed=0.17250885877664987 fairFrac=2.3333333333333335 currentCL=1 concurrencyDenominator=1 backstop=false
2026-06-19T10:46:35.004496279Z I0619 10:46:35.004221      10 apf_controller.go:493] "Update CurrentCL" plName="exempt" seatDemandHighWatermark=2 seatDemandAvg=0.0025157982301993336 seatDemandStdev=0.05284734468112068 seatDemandSmoothed=0.16709281251149102 fairFrac=2.3333333333333335 currentCL=2 concurrencyDenominator=2 backstop=false
2026-06-19T10:46:45.006052350Z I0619 10:46:45.005780      10 apf_controller.go:493] "Update CurrentCL" plName="exempt" seatDemandHighWatermark=1 seatDemandAvg=0.0033106554455602133 seatDemandStdev=0.057442971772715554 seatDemandSmoothed=0.16464701124974707 fairFrac=2.3333333333333335 currentCL=1 concurrencyDenominator=1 backstop=false
2026-06-19T10:48:05.016408898Z I0619 10:48:05.015997      10 apf_controller.go:493] "Update CurrentCL" plName="exempt" seatDemandHighWatermark=2 seatDemandAvg=0.01015587170317733 seatDemandStdev=0.1017523319793847 seatDemandSmoothed=0.14905185601004822 fairFrac=2.3333333333333335 currentCL=2 concurrencyDenominator=2 backstop=false
2026-06-19T10:48:15.017568350Z I0619 10:48:15.017324      10 apf_controller.go:493] "Update CurrentCL" plName="exempt" seatDemandHighWatermark=1 seatDemandAvg=0.0024090307901719777 seatDemandStdev=0.049022722902996536 seatDemandSmoothed=0.14680659365676 fairFrac=2.3333333333333335 currentCL=1 concurrencyDenominator=1 backstop=false
2026-06-19T10:49:03.229701982Z I0619 10:49:03.210639      10 controller.go:231] Updating CRD OpenAPI spec because ciliumnodes.cilium.io changed
2026-06-19T10:49:03.243485940Z I0619 10:49:03.243264      10 controller.go:231] Updating CRD OpenAPI spec because ciliumendpoints.cilium.io changed
2026-06-19T10:49:03.244801551Z I0619 10:49:03.244589      10 controller.go:231] Updating CRD OpenAPI spec because ciliumnodeconfigs.cilium.io changed
2026-06-19T10:49:03.261252278Z I0619 10:49:03.260790      10 controller.go:231] Updating CRD OpenAPI spec because vmpodscrapes.operator.victoriametrics.com changed
2026-06-19T10:49:03.263464651Z I0619 10:49:03.262389      10 controller.go:231] Updating CRD OpenAPI spec because ciliumnetworkpolicies.cilium.io changed
2026-06-19T10:49:03.265286885Z I0619 10:49:03.262504      10 controller.go:231] Updating CRD OpenAPI spec because ciliuml2announcementpolicies.cilium.io changed
2026-06-19T10:49:03.265789010Z I0619 10:49:03.265651      10 controller.go:231] Updating CRD OpenAPI spec because vmanomalyconfigs.operator.victoriametrics.com changed
2026-06-19T10:49:03.286320815Z I0619 10:49:03.286061      10 controller.go:231] Updating CRD OpenAPI spec because vmanomalies.operator.victoriametrics.com changed
2026-06-19T10:49:03.286413550Z I0619 10:49:03.286292      10 controller.go:231] Updating CRD OpenAPI spec because vmservicescrapes.operator.victoriametrics.com changed
2026-06-19T10:49:03.294040055Z I0619 10:49:03.287782      10 controller.go:231] Updating CRD OpenAPI spec because vlsingles.operator.victoriametrics.com changed
2026-06-19T10:49:03.305380474Z I0619 10:49:03.300303      10 controller.go:231] Updating CRD OpenAPI spec because vlclusters.operator.victoriametrics.com changed
2026-06-19T10:49:03.307069849Z I0619 10:49:03.305197      10 controller.go:231] Updating CRD OpenAPI spec because vmrules.operator.victoriametrics.com changed
2026-06-19T10:49:03.312264022Z I0619 10:49:03.312049      10 controller.go:231] Updating CRD OpenAPI spec because vmalerts.operator.victoriametrics.com changed
2026-06-19T10:49:03.330214062Z I0619 10:49:03.330000      10 controller.go:231] Updating CRD OpenAPI spec because ciliumclusterwidenetworkpolicies.cilium.io changed
2026-06-19T10:49:03.331225392Z I0619 10:49:03.331051      10 controller.go:231] Updating CRD OpenAPI spec because ciliumcidrgroups.cilium.io changed
2026-06-19T10:49:03.331289208Z I0619 10:49:03.331209      10 controller.go:231] Updating CRD OpenAPI spec because vmusers.operator.victoriametrics.com changed
2026-06-19T10:49:03.331986079Z I0619 10:49:03.331874      10 controller.go:231] Updating CRD OpenAPI spec because vmprobes.operator.victoriametrics.com changed
2026-06-19T10:49:03.333962931Z I0619 10:49:03.333817      10 controller.go:231] Updating CRD OpenAPI spec because vlogs.operator.victoriametrics.com changed
2026-06-19T10:49:03.335467927Z I0619 10:49:03.335329      10 controller.go:231] Updating CRD OpenAPI spec because vmstaticscrapes.operator.victoriametrics.com changed
2026-06-19T10:49:03.335697717Z I0619 10:49:03.335604      10 controller.go:231] Updating CRD OpenAPI spec because vlagents.operator.victoriametrics.com changed
2026-06-19T10:49:03.338030612Z I0619 10:49:03.337878      10 controller.go:231] Updating CRD OpenAPI spec because vmalertmanagerconfigs.operator.victoriametrics.com changed
2026-06-19T10:49:03.348965227Z I0619 10:49:03.348696      10 controller.go:231] Updating CRD OpenAPI spec because vmalertmanagers.operator.victoriametrics.com changed
2026-06-19T10:49:03.349562543Z I0619 10:49:03.349407      10 controller.go:231] Updating CRD OpenAPI spec because vmauths.operator.victoriametrics.com changed
2026-06-19T10:49:03.351082045Z I0619 10:49:03.350940      10 controller.go:231] Updating CRD OpenAPI spec because vtsingles.operator.victoriametrics.com changed
2026-06-19T10:49:03.351287462Z I0619 10:49:03.351203      10 controller.go:231] Updating CRD OpenAPI spec because vmsingles.operator.victoriametrics.com changed
2026-06-19T10:49:03.364127303Z I0619 10:49:03.363922      10 controller.go:231] Updating CRD OpenAPI spec because vtclusters.operator.victoriametrics.com changed
2026-06-19T10:49:03.386603691Z I0619 10:49:03.386416      10 controller.go:231] Updating CRD OpenAPI spec because vmnodescrapes.operator.victoriametrics.com changed
2026-06-19T10:49:03.387243222Z I0619 10:49:03.387120      10 controller.go:231] Updating CRD OpenAPI spec because vmdistributed.operator.victoriametrics.com changed
2026-06-19T10:49:03.388797415Z I0619 10:49:03.388655      10 controller.go:231] Updating CRD OpenAPI spec because ciliumpodippools.cilium.io changed
2026-06-19T10:49:03.388993029Z I0619 10:49:03.388906      10 controller.go:231] Updating CRD OpenAPI spec because ciliumloadbalancerippools.cilium.io changed
2026-06-19T10:49:03.389295378Z I0619 10:49:03.389183      10 controller.go:231] Updating CRD OpenAPI spec because kubenticagents.kubentic.io changed
2026-06-19T10:49:03.434153117Z I0619 10:49:03.432671      10 controller.go:231] Updating CRD OpenAPI spec because ciliumidentities.cilium.io changed
2026-06-19T10:49:03.434169989Z I0619 10:49:03.432726      10 controller.go:231] Updating CRD OpenAPI spec because vmagents.operator.victoriametrics.com changed
2026-06-19T10:49:03.434671167Z I0619 10:49:03.434471      10 controller.go:231] Updating CRD OpenAPI spec because vmclusters.operator.victoriametrics.com changed
2026-06-19T10:49:03.434681012Z I0619 10:49:03.434602      10 controller.go:231] Updating CRD OpenAPI spec because vmscrapeconfigs.operator.victoriametrics.com changed
2026-06-19T10:49:05.021820812Z I0619 10:49:05.021397      10 apf_controller.go:493] "Update CurrentCL" plName="exempt" seatDemandHighWatermark=3 seatDemandAvg=0.012167972666320779 seatDemandStdev=0.11210886598953666 seatDemandSmoothed=0.13818968279108934 fairFrac=2.3333333333333335 currentCL=3 concurrencyDenominator=3 backstop=false
2026-06-19T10:49:15.022366039Z I0619 10:49:15.022115      10 apf_controller.go:493] "Update CurrentCL" plName="exempt" seatDemandHighWatermark=1 seatDemandAvg=0.0026879749983587655 seatDemandStdev=0.05177595763254373 seatDemandSmoothed=0.13626399053740504 fairFrac=2.3333333333333335 currentCL=1 concurrencyDenominator=1 backstop=false
2026-06-19T10:49:35.023374652Z I0619 10:49:35.023134      10 apf_controller.go:493] "Update CurrentCL" plName="exempt" seatDemandHighWatermark=2 seatDemandAvg=0.0024082631791922317 seatDemandStdev=0.049694353872690555 seatDemandSmoothed=0.13241005023432992 fairFrac=2.3333333333333335 currentCL=2 concurrencyDenominator=2 backstop=false
2026-06-19T10:49:45.024268613Z I0619 10:49:45.024070      10 apf_controller.go:493] "Update CurrentCL" plName="exempt" seatDemandHighWatermark=1 seatDemandAvg=0.003232390531925894 seatDemandStdev=0.0567621544990587 seatDemandSmoothed=0.13074449361465298 fairFrac=2.3333333333333335 currentCL=1 concurrencyDenominator=1 backstop=false
2026-06-19T10:50:05.027688885Z I0619 10:50:05.026642      10 apf_controller.go:493] "Update CurrentCL" plName="exempt" seatDemandHighWatermark=2 seatDemandAvg=0.02659817652762484 seatDemandStdev=0.1723995102208233 seatDemandSmoothed=0.19899768674844814 fairFrac=2.3333333333333335 currentCL=2 concurrencyDenominator=2 backstop=false
2026-06-19T10:50:15.027910539Z I0619 10:50:15.027643      10 apf_controller.go:493] "Update CurrentCL" plName="exempt" seatDemandHighWatermark=1 seatDemandAvg=0.0027545114919996466 seatDemandStdev=0.052411107204867254 seatDemandSmoothed=0.19568954918326179 fairFrac=2.3333333333333335 currentCL=1 concurrencyDenominator=1 backstop=false
2026-06-19T10:50:35.029299008Z I0619 10:50:35.028814      10 apf_controller.go:493] "Update CurrentCL" plName="exempt" seatDemandHighWatermark=2 seatDemandAvg=0.0025844933808082454 seatDemandStdev=0.05095727812176805 seatDemandSmoothed=0.18915583435024605 fairFrac=2.3333333333333335 currentCL=2 concurrencyDenominator=2 backstop=false
2026-06-19T10:50:45.029943172Z I0619 10:50:45.029525      10 apf_controller.go:493] "Update CurrentCL" plName="exempt" seatDemandHighWatermark=1 seatDemandAvg=0.002727929969493289 seatDemandStdev=0.05215830104187472 seatDemandSmoothed=0.18606763347345184 fairFrac=2.3333333333333335 currentCL=1 concurrencyDenominator=1 backstop=false
2026-06-19T10:51:05.032711187Z I0619 10:51:05.031837      10 apf_controller.go:493] "Update CurrentCL" plName="exempt" seatDemandHighWatermark=2 seatDemandAvg=0.010607983161635358 seatDemandStdev=0.10260601310481114 seatDemandSmoothed=0.18133199867108088 fairFrac=2.3333333333333335 currentCL=2 concurrencyDenominator=2 backstop=false
2026-06-19T10:51:15.033090928Z I0619 10:51:15.032771      10 apf_controller.go:493] "Update CurrentCL" plName="exempt" seatDemandHighWatermark=1 seatDemandAvg=0.002132882662878738 seatDemandStdev=0.046133864724572225 seatDemandSmoothed=0.17827149789155738 fairFrac=2.3333333333333335 currentCL=1 concurrencyDenominator=1 backstop=false
2026-06-19T10:51:35.034539710Z I0619 10:51:35.034220      10 apf_controller.go:493] "Update CurrentCL" plName="exempt" seatDemandHighWatermark=2 seatDemandAvg=0.0029826901712351147 seatDemandStdev=0.0547419129396802 seatDemandSmoothed=0.17285598298572383 fairFrac=2.3333333333333335 currentCL=2 concurrencyDenominator=2 backstop=false
2026-06-19T10:51:45.035257125Z I0619 10:51:45.034992      10 apf_controller.go:493] "Update CurrentCL" plName="exempt" seatDemandHighWatermark=1 seatDemandAvg=0.002989969306102428 seatDemandStdev=0.05459880392143214 seatDemandSmoothed=0.17020483716128548 fairFrac=2.3333333333333335 currentCL=1 concurrencyDenominator=1 backstop=false
2026-06-19T10:52:05.038152775Z I0619 10:52:05.036043      10 apf_controller.go:493] "Update CurrentCL" plName="exempt" seatDemandHighWatermark=2 seatDemandAvg=0.01091067443766154 seatDemandStdev=0.1039840360522313 seatDemandSmoothed=0.16629111133353894 fairFrac=2.3333333333333335 currentCL=2 concurrencyDenominator=2 backstop=false
2026-06-19T10:52:15.036763540Z I0619 10:52:15.036496      10 apf_controller.go:493] "Update CurrentCL" plName="exempt" seatDemandHighWatermark=1 seatDemandAvg=0.003637315155202493 seatDemandStdev=0.06020037453092985 seatDemandSmoothed=0.1639346826356486 fairFrac=2.3333333333333335 currentCL=1 concurrencyDenominator=1 backstop=false
2026-06-19T10:53:05.041585518Z I0619 10:53:05.041346      10 apf_controller.go:493] "Update CurrentCL" plName="exempt" seatDemandHighWatermark=2 seatDemandAvg=0.004002015864132813 seatDemandStdev=0.0634105673055976 seatDemandSmoothed=0.15209184680144108 fairFrac=2.3333333333333335 currentCL=2 concurrencyDenominator=2 backstop=false
2026-06-19T10:53:15.042135286Z I0619 10:53:15.041916      10 apf_controller.go:493] "Update CurrentCL" plName="exempt" seatDemandHighWatermark=1 seatDemandAvg=0.00258692705490997 seatDemandStdev=0.05079601227776197 seatDemandSmoothed=0.1498215419296594 fairFrac=2.3333333333333335 currentCL=1 concurrencyDenominator=1 backstop=false
2026-06-19T10:53:35.043417004Z I0619 10:53:35.043157      10 apf_controller.go:493] "Update CurrentCL" plName="exempt" seatDemandHighWatermark=2 seatDemandAvg=0.0023072031630913324 seatDemandStdev=0.04835510365932172 seatDemandSmoothed=0.14539897406170882 fairFrac=2.3333333333333335 currentCL=2 concurrencyDenominator=2 backstop=false
2026-06-19T10:53:45.044096948Z I0619 10:53:45.043846      10 apf_controller.go:493] "Update CurrentCL" plName="exempt" seatDemandHighWatermark=1 seatDemandAvg=0.003191724737311335 seatDemandStdev=0.05640512060542527 seatDemandSmoothed=0.14342552510117246 fairFrac=2.3333333333333335 currentCL=1 concurrencyDenominator=1 backstop=false
2026-06-19T10:54:03.039448105Z I0619 10:54:03.039280      10 cidrallocator.go:242] syncing ServiceCIDR allocators
2026-06-19T10:54:03.039478875Z I0619 10:54:03.039316      10 cidrallocator.go:278] updated ClusterIP allocator for Service CIDR 100.64.0.0/13
2026-06-19T10:54:03.039483058Z I0619 10:54:03.039324      10 cidrallocator.go:244] syncing ServiceCIDR allocators took: 52.695µs
2026-06-19T10:54:03.213816325Z I0619 10:54:03.212140      10 controller.go:231] Updating CRD OpenAPI spec because ciliumpodippools.cilium.io changed
2026-06-19T10:54:03.213832835Z I0619 10:54:03.212441      10 controller.go:231] Updating CRD OpenAPI spec because ciliumloadbalancerippools.cilium.io changed
2026-06-19T10:54:03.213836856Z I0619 10:54:03.213326      10 controller.go:231] Updating CRD OpenAPI spec because kubenticagents.kubentic.io changed
2026-06-19T10:54:03.213840248Z I0619 10:54:03.213529      10 controller.go:231] Updating CRD OpenAPI spec because ciliumidentities.cilium.io changed
2026-06-19T10:54:03.230683668Z I0619 10:54:03.230489      10 controller.go:231] Updating CRD OpenAPI spec because vmagents.operator.victoriametrics.com changed
2026-06-19T10:54:03.230882868Z I0619 10:54:03.230815      10 controller.go:231] Updating CRD OpenAPI spec because vmclusters.operator.victoriametrics.com changed
2026-06-19T10:54:03.248431174Z I0619 10:54:03.248213      10 controller.go:231] Updating CRD OpenAPI spec because vmscrapeconfigs.operator.victoriametrics.com changed
2026-06-19T10:54:03.271873491Z I0619 10:54:03.271653      10 controller.go:231] Updating CRD OpenAPI spec because ciliumnodes.cilium.io changed
2026-06-19T10:54:03.276376876Z I0619 10:54:03.276123      10 controller.go:231] Updating CRD OpenAPI spec because ciliumendpoints.cilium.io changed
2026-06-19T10:54:03.286229712Z I0619 10:54:03.276518      10 controller.go:231] Updating CRD OpenAPI spec because ciliumnodeconfigs.cilium.io changed
2026-06-19T10:54:03.297091492Z I0619 10:54:03.296588      10 controller.go:231] Updating CRD OpenAPI spec because vmpodscrapes.operator.victoriametrics.com changed
2026-06-19T10:54:03.297303316Z I0619 10:54:03.297044      10 controller.go:231] Updating CRD OpenAPI spec because ciliumnetworkpolicies.cilium.io changed
2026-06-19T10:54:03.297936920Z I0619 10:54:03.297821      10 controller.go:231] Updating CRD OpenAPI spec because ciliuml2announcementpolicies.cilium.io changed
2026-06-19T10:54:03.298409248Z I0619 10:54:03.298322      10 controller.go:231] Updating CRD OpenAPI spec because vmanomalyconfigs.operator.victoriametrics.com changed
2026-06-19T10:54:03.317134963Z I0619 10:54:03.316927      10 controller.go:231] Updating CRD OpenAPI spec because vmanomalies.operator.victoriametrics.com changed
2026-06-19T10:54:03.317161903Z I0619 10:54:03.316980      10 controller.go:231] Updating CRD OpenAPI spec because vmservicescrapes.operator.victoriametrics.com changed
2026-06-19T10:54:03.317165544Z I0619 10:54:03.316991      10 controller.go:231] Updating CRD OpenAPI spec because vlsingles.operator.victoriametrics.com changed
2026-06-19T10:54:03.338777762Z I0619 10:54:03.338613      10 controller.go:231] Updating CRD OpenAPI spec because vlclusters.operator.victoriametrics.com changed
2026-06-19T10:54:03.338804808Z I0619 10:54:03.338659      10 controller.go:231] Updating CRD OpenAPI spec because vmrules.operator.victoriametrics.com changed
2026-06-19T10:54:03.338931237Z I0619 10:54:03.338670      10 controller.go:231] Updating CRD OpenAPI spec because vmalerts.operator.victoriametrics.com changed
2026-06-19T10:54:03.379868043Z I0619 10:54:03.379674      10 controller.go:231] Updating CRD OpenAPI spec because ciliumclusterwidenetworkpolicies.cilium.io changed
2026-06-19T10:54:03.379894281Z I0619 10:54:03.379716      10 controller.go:231] Updating CRD OpenAPI spec because ciliumcidrgroups.cilium.io changed
2026-06-19T10:54:03.381039662Z I0619 10:54:03.380860      10 controller.go:231] Updating CRD OpenAPI spec because vmusers.operator.victoriametrics.com changed
2026-06-19T10:54:03.382442629Z I0619 10:54:03.382287      10 controller.go:231] Updating CRD OpenAPI spec because vmprobes.operator.victoriametrics.com changed
2026-06-19T10:54:03.382831708Z I0619 10:54:03.382726      10 controller.go:231] Updating CRD OpenAPI spec because vlogs.operator.victoriametrics.com changed
2026-06-19T10:54:03.383630370Z I0619 10:54:03.383497      10 controller.go:231] Updating CRD OpenAPI spec because vmstaticscrapes.operator.victoriametrics.com changed
2026-06-19T10:54:03.419470057Z I0619 10:54:03.419261      10 controller.go:231] Updating CRD OpenAPI spec because vlagents.operator.victoriametrics.com changed
2026-06-19T10:54:03.419716933Z I0619 10:54:03.419327      10 controller.go:231] Updating CRD OpenAPI spec because vmalertmanagerconfigs.operator.victoriametrics.com changed
2026-06-19T10:54:03.431496107Z I0619 10:54:03.431280      10 controller.go:231] Updating CRD OpenAPI spec because vmalertmanagers.operator.victoriametrics.com changed
2026-06-19T10:54:03.432889447Z I0619 10:54:03.432728      10 controller.go:231] Updating CRD OpenAPI spec because vmauths.operator.victoriametrics.com changed
2026-06-19T10:54:03.452764362Z I0619 10:54:03.452574      10 controller.go:231] Updating CRD OpenAPI spec because vtsingles.operator.victoriametrics.com changed
2026-06-19T10:54:03.452789238Z I0619 10:54:03.452616      10 controller.go:231] Updating CRD OpenAPI spec because vmsingles.operator.victoriametrics.com changed
2026-06-19T10:54:03.452889570Z I0619 10:54:03.452626      10 controller.go:231] Updating CRD OpenAPI spec because vtclusters.operator.victoriametrics.com changed
2026-06-19T10:54:03.489247179Z I0619 10:54:03.471670      10 controller.go:231] Updating CRD OpenAPI spec because vmnodescrapes.operator.victoriametrics.com changed
2026-06-19T10:54:03.500150771Z I0619 10:54:03.499963      10 controller.go:231] Updating CRD OpenAPI spec because vmdistributed.operator.victoriametrics.com changed
2026-06-19T10:55:05.050306112Z I0619 10:55:05.050062      10 apf_controller.go:493] "Update CurrentCL" plName="exempt" seatDemandHighWatermark=2 seatDemandAvg=0.004511777850186886 seatDemandStdev=0.06811866898979786 seatDemandSmoothed=0.13825135004244624 fairFrac=2.3333333333333335 currentCL=2 concurrencyDenominator=2 backstop=false
2026-06-19T10:55:15.050954575Z I0619 10:55:15.050526      10 apf_controller.go:493] "Update CurrentCL" plName="exempt" seatDemandHighWatermark=1 seatDemandAvg=0.003986716671448205 seatDemandStdev=0.06301446470160484 seatDemandSmoothed=0.1366125961630502 fairFrac=2.3333333333333335 currentCL=1 concurrencyDenominator=1 backstop=false
2026-06-19T10:55:35.052216263Z I0619 10:55:35.051388      10 apf_controller.go:493] "Update CurrentCL" plName="exempt" seatDemandHighWatermark=2 seatDemandAvg=0.0022198047967918644 seatDemandStdev=0.050067024810150615 seatDemandSmoothed=0.13271643429417154 fairFrac=2.3333333333333335 currentCL=2 concurrencyDenominator=2 backstop=false
2026-06-19T10:55:45.052588696Z I0619 10:55:45.052327      10 apf_controller.go:493] "Update CurrentCL" plName="exempt" seatDemandHighWatermark=1 seatDemandAvg=0.0033467071131951277 seatDemandStdev=0.05775384545373249 seatDemandSmoothed=0.13106926901444493 fairFrac=2.3333333333333335 currentCL=1 concurrencyDenominator=1 backstop=false
2026-06-19T10:56:05.055535185Z I0619 10:56:05.053807      10 apf_controller.go:493] "Update CurrentCL" plName="exempt" seatDemandHighWatermark=10 seatDemandAvg=0.009740710666911616 seatDemandStdev=0.16287847139025563 seatDemandSmoothed=0.17261918205716725 fairFrac=2.3333333333333335 currentCL=10 concurrencyDenominator=10 backstop=false
2026-06-19T10:56:15.055168922Z I0619 10:56:15.054883      10 apf_controller.go:493] "Update CurrentCL" plName="exempt" seatDemandHighWatermark=1 seatDemandAvg=0.0029288571398744085 seatDemandStdev=0.054039605251413665 seatDemandSmoothed=0.16995921550485205 fairFrac=2.3333333333333335 currentCL=1 concurrencyDenominator=1 backstop=false
2026-06-19T10:56:35.057278697Z I0619 10:56:35.056896      10 apf_controller.go:493] "Update CurrentCL" plName="exempt" seatDemandHighWatermark=2 seatDemandAvg=0.0029642824341296037 seatDemandStdev=0.055830562374215326 seatDemandSmoothed=0.16484939515455976 fairFrac=2.3333333333333335 currentCL=2 concurrencyDenominator=2 backstop=false
2026-06-19T10:56:45.058074424Z I0619 10:56:45.057778      10 apf_controller.go:493] "Update CurrentCL" plName="exempt" seatDemandHighWatermark=1 seatDemandAvg=0.002956705241364137 seatDemandStdev=0.05429514836041824 seatDemandSmoothed=0.16237465169884588 fairFrac=2.3333333333333335 currentCL=1 concurrencyDenominator=1 backstop=false
2026-06-19T10:57:05.060144878Z I0619 10:57:05.059844      10 apf_controller.go:493] "Update CurrentCL" plName="exempt" seatDemandHighWatermark=2 seatDemandAvg=0.009503194809123077 seatDemandStdev=0.09855507195208942 seatDemandSmoothed=0.15868676260409 fairFrac=2.3333333333333335 currentCL=2 concurrencyDenominator=2 backstop=false
2026-06-19T10:57:15.060510805Z I0619 10:57:15.060258      10 apf_controller.go:493] "Update CurrentCL" plName="exempt" seatDemandHighWatermark=1 seatDemandAvg=0.0024062760773543115 seatDemandStdev=0.048994753931353344 seatDemandSmoothed=0.1562191907543962 fairFrac=2.3333333333333335 currentCL=1 concurrencyDenominator=1 backstop=false
2026-06-19T10:58:05.064159202Z I0619 10:58:05.063772      10 apf_controller.go:493] "Update CurrentCL" plName="exempt" seatDemandHighWatermark=2 seatDemandAvg=0.007720694367127885 seatDemandStdev=0.08928053961248758 seatDemandSmoothed=0.14599402214511537 fairFrac=2.3333333333333335 currentCL=2 concurrencyDenominator=2 backstop=false
2026-06-19T10:58:15.065283169Z I0619 10:58:15.064902      10 apf_controller.go:493] "Update CurrentCL" plName="exempt" seatDemandHighWatermark=1 seatDemandAvg=0.002286376447103685 seatDemandStdev=0.047761374873906366 seatDemandSmoothed=0.14378725791616095 fairFrac=2.3333333333333335 currentCL=1 concurrencyDenominator=1 backstop=false
2026-06-19T10:59:03.229246264Z I0619 10:59:03.228034      10 controller.go:231] Updating CRD OpenAPI spec because vmscrapeconfigs.operator.victoriametrics.com changed
2026-06-19T10:59:03.229948530Z I0619 10:59:03.229765      10 controller.go:231] Updating CRD OpenAPI spec because ciliumnodes.cilium.io changed
2026-06-19T10:59:03.243199682Z I0619 10:59:03.230620      10 controller.go:231] Updating CRD OpenAPI spec because ciliumendpoints.cilium.io changed
2026-06-19T10:59:03.243226007Z I0619 10:59:03.231060      10 controller.go:231] Updating CRD OpenAPI spec because ciliumnodeconfigs.cilium.io changed
2026-06-19T10:59:03.243232576Z I0619 10:59:03.236454      10 controller.go:231] Updating CRD OpenAPI spec because vmpodscrapes.operator.victoriametrics.com changed
2026-06-19T10:59:03.243236327Z I0619 10:59:03.236502      10 controller.go:231] Updating CRD OpenAPI spec because ciliumnetworkpolicies.cilium.io changed
2026-06-19T10:59:03.243239948Z I0619 10:59:03.236514      10 controller.go:231] Updating CRD OpenAPI spec because ciliuml2announcementpolicies.cilium.io changed
2026-06-19T10:59:03.253712492Z I0619 10:59:03.252058      10 controller.go:231] Updating CRD OpenAPI spec because vmanomalyconfigs.operator.victoriametrics.com changed
2026-06-19T10:59:03.253739425Z I0619 10:59:03.252108      10 controller.go:231] Updating CRD OpenAPI spec because vmanomalies.operator.victoriametrics.com changed
2026-06-19T10:59:03.257587647Z I0619 10:59:03.257396      10 controller.go:231] Updating CRD OpenAPI spec because vmservicescrapes.operator.victoriametrics.com changed
2026-06-19T10:59:03.257756192Z I0619 10:59:03.257467      10 controller.go:231] Updating CRD OpenAPI spec because vlsingles.operator.victoriametrics.com changed
2026-06-19T10:59:03.283427776Z I0619 10:59:03.283277      10 controller.go:231] Updating CRD OpenAPI spec because vlclusters.operator.victoriametrics.com changed
2026-06-19T10:59:03.284267351Z I0619 10:59:03.283771      10 controller.go:231] Updating CRD OpenAPI spec because vmrules.operator.victoriametrics.com changed
2026-06-19T10:59:03.285994102Z I0619 10:59:03.285850      10 controller.go:231] Updating CRD OpenAPI spec because vmalerts.operator.victoriametrics.com changed
2026-06-19T10:59:03.306164855Z I0619 10:59:03.305981      10 controller.go:231] Updating CRD OpenAPI spec because ciliumclusterwidenetworkpolicies.cilium.io changed
2026-06-19T10:59:03.306343104Z I0619 10:59:03.306268      10 controller.go:231] Updating CRD OpenAPI spec because ciliumcidrgroups.cilium.io changed
2026-06-19T10:59:03.313833454Z I0619 10:59:03.313661      10 controller.go:231] Updating CRD OpenAPI spec because vmusers.operator.victoriametrics.com changed
2026-06-19T10:59:03.316804345Z I0619 10:59:03.316642      10 controller.go:231] Updating CRD OpenAPI spec because vmprobes.operator.victoriametrics.com changed
2026-06-19T10:59:03.317086707Z I0619 10:59:03.316887      10 controller.go:231] Updating CRD OpenAPI spec because vlogs.operator.victoriametrics.com changed
2026-06-19T10:59:03.335065860Z I0619 10:59:03.334784      10 controller.go:231] Updating CRD OpenAPI spec because vmstaticscrapes.operator.victoriametrics.com changed
2026-06-19T10:59:03.357517265Z I0619 10:59:03.348579      10 controller.go:231] Updating CRD OpenAPI spec because vlagents.operator.victoriametrics.com changed
2026-06-19T10:59:03.381111026Z I0619 10:59:03.379777      10 controller.go:231] Updating CRD OpenAPI spec because vmalertmanagerconfigs.operator.victoriametrics.com changed
2026-06-19T10:59:03.381161190Z I0619 10:59:03.379838      10 controller.go:231] Updating CRD OpenAPI spec because vmalertmanagers.operator.victoriametrics.com changed
2026-06-19T10:59:03.403384032Z I0619 10:59:03.400300      10 controller.go:231] Updating CRD OpenAPI spec because vmauths.operator.victoriametrics.com changed
2026-06-19T10:59:03.410468130Z I0619 10:59:03.410163      10 controller.go:231] Updating CRD OpenAPI spec because vtsingles.operator.victoriametrics.com changed
2026-06-19T10:59:03.410658524Z I0619 10:59:03.410481      10 controller.go:231] Updating CRD OpenAPI spec because vmsingles.operator.victoriametrics.com changed
2026-06-19T10:59:03.410667177Z I0619 10:59:03.410538      10 controller.go:231] Updating CRD OpenAPI spec because vtclusters.operator.victoriametrics.com changed
2026-06-19T10:59:03.419667365Z I0619 10:59:03.419381      10 controller.go:231] Updating CRD OpenAPI spec because vmnodescrapes.operator.victoriametrics.com changed
2026-06-19T10:59:03.424323091Z I0619 10:59:03.421152      10 controller.go:231] Updating CRD OpenAPI spec because vmdistributed.operator.victoriametrics.com changed
2026-06-19T10:59:03.490842959Z I0619 10:59:03.490611      10 controller.go:231] Updating CRD OpenAPI spec because ciliumpodippools.cilium.io changed
2026-06-19T10:59:03.494864181Z I0619 10:59:03.494615      10 controller.go:231] Updating CRD OpenAPI spec because ciliumloadbalancerippools.cilium.io changed
2026-06-19T10:59:03.505881715Z I0619 10:59:03.505662      10 controller.go:231] Updating CRD OpenAPI spec because kubenticagents.kubentic.io changed
2026-06-19T10:59:03.506889358Z I0619 10:59:03.506704      10 controller.go:231] Updating CRD OpenAPI spec because ciliumidentities.cilium.io changed
2026-06-19T10:59:03.507379196Z I0619 10:59:03.507262      10 controller.go:231] Updating CRD OpenAPI spec because vmagents.operator.victoriametrics.com changed
2026-06-19T10:59:03.554314076Z I0619 10:59:03.554072      10 controller.go:231] Updating CRD OpenAPI spec because vmclusters.operator.victoriametrics.com changed
2026-06-19T10:59:35.071538886Z I0619 10:59:35.071269      10 apf_controller.go:493] "Update CurrentCL" plName="exempt" seatDemandHighWatermark=2 seatDemandAvg=0.0029428571832116586 seatDemandStdev=0.05440150481107841 seatDemandSmoothed=0.129072782570572 fairFrac=2.3333333333333335 currentCL=2 concurrencyDenominator=2 backstop=false
2026-06-19T10:59:45.072521166Z I0619 10:59:45.072247      10 apf_controller.go:493] "Update CurrentCL" plName="exempt" seatDemandHighWatermark=1 seatDemandAvg=0.0029653945724540526 seatDemandStdev=0.05437463569977929 seatDemandSmoothed=0.12742292926771023 fairFrac=2.3333333333333335 currentCL=1 concurrencyDenominator=1 backstop=false
2026-06-19T11:00:10.979391175Z I0619 11:00:10.978631      10 trace.go:236] Trace[1790858797]: "Get" accept:application/json,audit-id:b6977e66-123c-433f-976c-3b609f37584b,client:172.20.237.164,api-group:,api-version:v1,name:etcd-manager-main-i-0010bc1572a60c430,subresource:log,namespace:kube-system,protocol:HTTP/1.1,resource:pods,scope:resource,url:/api/v1/namespaces/kube-system/pods/etcd-manager-main-i-0010bc1572a60c430/log,user-agent:OpenAPI-Generator/31.0.0/python,verb:CONNECT (19-Jun-2026 11:00:09.544) (total time: 1434ms):
2026-06-19T11:00:10.979581885Z Trace[1790858797]: ---"Writing http response done" 1419ms (11:00:10.978)
2026-06-19T11:00:10.979597237Z Trace[1790858797]: [1.434331256s] [1.434331256s] END
2026-06-19T11:00:10.987610608Z I0619 11:00:10.987107      10 trace.go:236] Trace[451152084]: "Get" accept:application/json,audit-id:8c3ea774-93dd-4029-b1db-2214a78b3042,client:172.20.237.164,api-group:,api-version:v1,name:etcd-manager-events-i-0010bc1572a60c430,subresource:log,namespace:kube-system,protocol:HTTP/1.1,resource:pods,scope:resource,url:/api/v1/namespaces/kube-system/pods/etcd-manager-events-i-0010bc1572a60c430/log,user-agent:OpenAPI-Generator/31.0.0/python,verb:CONNECT (19-Jun-2026 11:00:09.424) (total time: 1562ms):
2026-06-19T11:00:10.987627253Z Trace[451152084]: ---"Writing http response done" 1552ms (11:00:10.987)
2026-06-19T11:00:10.987630209Z Trace[451152084]: [1.562618898s] [1.562618898s] END
2026-06-19T11:01:05.079111684Z I0619 11:01:05.078812      10 apf_controller.go:493] "Update CurrentCL" plName="exempt" seatDemandHighWatermark=2 seatDemandAvg=0.009073298176590278 seatDemandStdev=0.09625913533925581 seatDemandSmoothed=0.18668280643991217 fairFrac=2.3333333333333335 currentCL=2 concurrencyDenominator=2 backstop=false
2026-06-19T11:01:15.079920108Z I0619 11:01:15.079654      10 apf_controller.go:493] "Update CurrentCL" plName="exempt" seatDemandHighWatermark=1 seatDemandAvg=0.0029022071314017735 seatDemandStdev=0.053793906022599015 seatDemandSmoothed=0.1836931124943362 fairFrac=2.3333333333333335 currentCL=1 concurrencyDenominator=1 backstop=false
2026-06-19T11:01:35.081265579Z I0619 11:01:35.080836      10 apf_controller.go:493] "Update CurrentCL" plName="exempt" seatDemandHighWatermark=2 seatDemandAvg=0.0025978158833759838 seatDemandStdev=0.051345104482301146 seatDemandSmoothed=0.17790949453703198 fairFrac=2.3333333333333335 currentCL=2 concurrencyDenominator=2 backstop=false
2026-06-19T11:01:45.082210165Z I0619 11:01:45.082004      10 apf_controller.go:493] "Update CurrentCL" plName="exempt" seatDemandHighWatermark=1 seatDemandAvg=0.0034112311025050646 seatDemandStdev=0.05830604261026782 seatDemandSmoothed=0.17523707345807402 fairFrac=2.3333333333333335 currentCL=1 concurrencyDenominator=1 backstop=false
2026-06-19T11:02:05.084914211Z I0619 11:02:05.084245      10 apf_controller.go:493] "Update CurrentCL" plName="exempt" seatDemandHighWatermark=2 seatDemandAvg=0.014195218157134388 seatDemandStdev=0.11862750025730114 seatDemandSmoothed=0.17151521051320204 fairFrac=2.3333333333333335 currentCL=2 concurrencyDenominator=2 backstop=false
2026-06-19T11:02:15.085502620Z I0619 11:02:15.085183      10 apf_controller.go:493] "Update CurrentCL" plName="exempt" seatDemandHighWatermark=1 seatDemandAvg=0.0030366928727177155 seatDemandStdev=0.05502246240504419 seatDemandSmoothed=0.1689057212427869 fairFrac=2.3333333333333335 currentCL=1 concurrencyDenominator=1 backstop=false
2026-06-19T11:02:35.087889088Z I0619 11:02:35.087625      10 apf_controller.go:493] "Update CurrentCL" plName="exempt" seatDemandHighWatermark=2 seatDemandAvg=0.0023591666486869885 seatDemandStdev=0.04879340449271104 seatDemandSmoothed=0.16348318360116432 fairFrac=2.3333333333333335 currentCL=2 concurrencyDenominator=2 backstop=false
2026-06-19T11:02:45.088474656Z I0619 11:02:45.088260      10 apf_controller.go:493] "Update CurrentCL" plName="exempt" seatDemandHighWatermark=1 seatDemandAvg=0.0028175380996046744 seatDemandStdev=0.05300565610066487 seatDemandSmoothed=0.16100700384494374 fairFrac=2.3333333333333335 currentCL=1 concurrencyDenominator=1 backstop=false
2026-06-19T11:03:05.089957402Z I0619 11:03:05.089639      10 apf_controller.go:493] "Update CurrentCL" plName="exempt" seatDemandHighWatermark=2 seatDemandAvg=0.009850454335528905 seatDemandStdev=0.09894423878708936 seatDemandSmoothed=0.15730806429566832 fairFrac=2.3333333333333335 currentCL=2 concurrencyDenominator=2 backstop=false
2026-06-19T11:03:15.090407625Z I0619 11:03:15.090113      10 apf_controller.go:493] "Update CurrentCL" plName="exempt" seatDemandHighWatermark=1 seatDemandAvg=0.004279908881942906 seatDemandStdev=0.0652808644390159 seatDemandSmoothed=0.15528987660325 fairFrac=2.3333333333333335 currentCL=1 concurrencyDenominator=1 backstop=false
2026-06-19T11:03:35.092096593Z I0619 11:03:35.091830      10 apf_controller.go:493] "Update CurrentCL" plName="exempt" seatDemandHighWatermark=2 seatDemandAvg=0.002744204405801394 seatDemandStdev=0.05337112614985156 seatDemandSmoothed=0.15084658361991707 fairFrac=2.3333333333333335 currentCL=2 concurrencyDenominator=2 backstop=false
2026-06-19T11:03:45.092655519Z I0619 11:03:45.092396      10 apf_controller.go:493] "Update CurrentCL" plName="exempt" seatDemandHighWatermark=1 seatDemandAvg=0.002933925902875041 seatDemandStdev=0.054086208793660884 seatDemandSmoothed=0.1486885752946793 fairFrac=2.3333333333333335 currentCL=1 concurrencyDenominator=1 backstop=false
2026-06-19T11:04:03.044030283Z I0619 11:04:03.040264      10 cidrallocator.go:242] syncing ServiceCIDR allocators
2026-06-19T11:04:03.044052792Z I0619 11:04:03.040305      10 cidrallocator.go:278] updated ClusterIP allocator for Service CIDR 100.64.0.0/13
2026-06-19T11:04:03.044057267Z I0619 11:04:03.040313      10 cidrallocator.go:244] syncing ServiceCIDR allocators took: 59.034µs
2026-06-19T11:04:03.216724432Z I0619 11:04:03.215657      10 controller.go:231] Updating CRD OpenAPI spec because ciliumloadbalancerippools.cilium.io changed
2026-06-19T11:04:03.216908415Z I0619 11:04:03.215709      10 controller.go:231] Updating CRD OpenAPI spec because kubenticagents.kubentic.io changed
2026-06-19T11:04:03.216912771Z I0619 11:04:03.216212      10 controller.go:231] Updating CRD OpenAPI spec because ciliumidentities.cilium.io changed
2026-06-19T11:04:03.216916081Z I0619 11:04:03.216263      10 controller.go:231] Updating CRD OpenAPI spec because vmagents.operator.victoriametrics.com changed
2026-06-19T11:04:03.242526787Z I0619 11:04:03.242307      10 controller.go:231] Updating CRD OpenAPI spec because vmclusters.operator.victoriametrics.com changed
2026-06-19T11:04:03.263440052Z I0619 11:04:03.263218      10 controller.go:231] Updating CRD OpenAPI spec because vmscrapeconfigs.operator.victoriametrics.com changed
2026-06-19T11:04:03.264571083Z I0619 11:04:03.264390      10 controller.go:231] Updating CRD OpenAPI spec because ciliumnodes.cilium.io changed
2026-06-19T11:04:03.273847300Z I0619 11:04:03.273614      10 controller.go:231] Updating CRD OpenAPI spec because ciliumendpoints.cilium.io changed
2026-06-19T11:04:03.275642850Z I0619 11:04:03.275403      10 controller.go:231] Updating CRD OpenAPI spec because ciliumnodeconfigs.cilium.io changed
2026-06-19T11:04:03.276078010Z I0619 11:04:03.275883      10 controller.go:231] Updating CRD OpenAPI spec because vmpodscrapes.operator.victoriametrics.com changed
2026-06-19T11:04:03.276088723Z I0619 11:04:03.275913      10 controller.go:231] Updating CRD OpenAPI spec because ciliumnetworkpolicies.cilium.io changed
2026-06-19T11:04:03.284735354Z I0619 11:04:03.284495      10 controller.go:231] Updating CRD OpenAPI spec because ciliuml2announcementpolicies.cilium.io changed
2026-06-19T11:04:03.284761808Z I0619 11:04:03.284532      10 controller.go:231] Updating CRD OpenAPI spec because vmanomalyconfigs.operator.victoriametrics.com changed
2026-06-19T11:04:03.287715849Z I0619 11:04:03.287399      10 controller.go:231] Updating CRD OpenAPI spec because vmanomalies.operator.victoriametrics.com changed
2026-06-19T11:04:03.287877070Z I0619 11:04:03.287609      10 controller.go:231] Updating CRD OpenAPI spec because vmservicescrapes.operator.victoriametrics.com changed
2026-06-19T11:04:03.309732965Z I0619 11:04:03.308088      10 controller.go:231] Updating CRD OpenAPI spec because vlsingles.operator.victoriametrics.com changed
2026-06-19T11:04:03.325993249Z I0619 11:04:03.325787      10 controller.go:231] Updating CRD OpenAPI spec because vlclusters.operator.victoriametrics.com changed
2026-06-19T11:04:03.326043078Z I0619 11:04:03.325831      10 controller.go:231] Updating CRD OpenAPI spec because vmrules.operator.victoriametrics.com changed
2026-06-19T11:04:03.326383325Z I0619 11:04:03.326287      10 controller.go:231] Updating CRD OpenAPI spec because vmalerts.operator.victoriametrics.com changed
2026-06-19T11:04:03.346007181Z I0619 11:04:03.345719      10 controller.go:231] Updating CRD OpenAPI spec because ciliumclusterwidenetworkpolicies.cilium.io changed
2026-06-19T11:04:03.346663181Z I0619 11:04:03.346517      10 controller.go:231] Updating CRD OpenAPI spec because ciliumcidrgroups.cilium.io changed
2026-06-19T11:04:03.346828016Z I0619 11:04:03.346572      10 controller.go:231] Updating CRD OpenAPI spec because vmusers.operator.victoriametrics.com changed
2026-06-19T11:04:03.347639495Z I0619 11:04:03.347357      10 controller.go:231] Updating CRD OpenAPI spec because vmprobes.operator.victoriametrics.com changed
2026-06-19T11:04:03.349008053Z I0619 11:04:03.348862      10 controller.go:231] Updating CRD OpenAPI spec because vlogs.operator.victoriametrics.com changed
2026-06-19T11:04:03.350050098Z I0619 11:04:03.349945      10 controller.go:231] Updating CRD OpenAPI spec because vmstaticscrapes.operator.victoriametrics.com changed
2026-06-19T11:04:03.350177561Z I0619 11:04:03.349989      10 controller.go:231] Updating CRD OpenAPI spec because vlagents.operator.victoriametrics.com changed
2026-06-19T11:04:03.360948341Z I0619 11:04:03.360742      10 controller.go:231] Updating CRD OpenAPI spec because vmalertmanagerconfigs.operator.victoriametrics.com changed
2026-06-19T11:04:03.361154103Z I0619 11:04:03.360810      10 controller.go:231] Updating CRD OpenAPI spec because vmalertmanagers.operator.victoriametrics.com changed
2026-06-19T11:04:03.378406726Z I0619 11:04:03.378155      10 controller.go:231] Updating CRD OpenAPI spec because vmauths.operator.victoriametrics.com changed
2026-06-19T11:04:03.379730335Z I0619 11:04:03.379503      10 controller.go:231] Updating CRD OpenAPI spec because vtsingles.operator.victoriametrics.com changed
2026-06-19T11:04:03.383484011Z I0619 11:04:03.383256      10 controller.go:231] Updating CRD OpenAPI spec because vmsingles.operator.victoriametrics.com changed
2026-06-19T11:04:03.405704344Z I0619 11:04:03.405471      10 controller.go:231] Updating CRD OpenAPI spec because vtclusters.operator.victoriametrics.com changed
2026-06-19T11:04:03.407059264Z I0619 11:04:03.406865      10 controller.go:231] Updating CRD OpenAPI spec because vmnodescrapes.operator.victoriametrics.com changed
2026-06-19T11:04:03.408689438Z I0619 11:04:03.407836      10 controller.go:231] Updating CRD OpenAPI spec because vmdistributed.operator.victoriametrics.com changed
2026-06-19T11:04:03.437825295Z I0619 11:04:03.437633      10 controller.go:231] Updating CRD OpenAPI spec because ciliumpodippools.cilium.io changed
2026-06-19T11:04:05.094262822Z I0619 11:04:05.093967      10 apf_controller.go:493] "Update CurrentCL" plName="exempt" seatDemandHighWatermark=2 seatDemandAvg=0.009319048514480083 seatDemandStdev=0.09633480096607729 seatDemandSmoothed=0.14559239651101313 fairFrac=2.3333333333333335 currentCL=2 concurrencyDenominator=2 backstop=false
2026-06-19T11:04:15.094947273Z I0619 11:04:15.094692      10 apf_controller.go:493] "Update CurrentCL" plName="exempt" seatDemandHighWatermark=1 seatDemandAvg=0.00273506249515812 seatDemandStdev=0.052226257077314084 seatDemandSmoothed=0.14350788174142667 fairFrac=2.3333333333333335 currentCL=1 concurrencyDenominator=1 backstop=false
2026-06-19T11:05:05.099994324Z I0619 11:05:05.099716      10 apf_controller.go:493] "Update CurrentCL" plName="exempt" seatDemandHighWatermark=2 seatDemandAvg=0.019043343456147933 seatDemandStdev=0.1412458057175695 seatDemandSmoothed=0.16028914917371745 fairFrac=2.3333333333333335 currentCL=2 concurrencyDenominator=2 backstop=false
2026-06-19T11:05:15.100456467Z I0619 11:05:15.100194      10 apf_controller.go:493] "Update CurrentCL" plName="exempt" seatDemandHighWatermark=1 seatDemandAvg=0.003779504978911507 seatDemandStdev=0.06136139112687953 seatDemandSmoothed=0.15810073935315513 fairFrac=2.3333333333333335 currentCL=1 concurrencyDenominator=1 backstop=false
2026-06-19T11:05:35.102310473Z I0619 11:05:35.102112      10 apf_controller.go:493] "Update CurrentCL" plName="exempt" seatDemandHighWatermark=2 seatDemandAvg=0.0028776734460987524 seatDemandStdev=0.0570417709112333 seatDemandSmoothed=0.15355630248785992 fairFrac=2.3333333333333335 currentCL=2 concurrencyDenominator=2 backstop=false
2026-06-19T11:05:45.103014713Z I0619 11:05:45.102794      10 apf_controller.go:493] "Update CurrentCL" plName="exempt" seatDemandHighWatermark=1 seatDemandAvg=0.0026905207941167585 seatDemandStdev=0.05180040436109726 seatDemandSmoothed=0.15127779880920908 fairFrac=2.3333333333333335 currentCL=1 concurrencyDenominator=1 backstop=false
2026-06-19T11:06:35.109931381Z I0619 11:06:35.109427      10 apf_controller.go:493] "Update CurrentCL" plName="exempt" seatDemandHighWatermark=2 seatDemandAvg=0.0027127871780484453 seatDemandStdev=0.05432038608731523 seatDemandSmoothed=0.1434456177213852 fairFrac=2.3333333333333335 currentCL=2 concurrencyDenominator=2 backstop=false
2026-06-19T11:06:45.110807033Z I0619 11:06:45.110572      10 apf_controller.go:493] "Update CurrentCL" plName="exempt" seatDemandHighWatermark=1 seatDemandAvg=0.0028711460994912653 seatDemandStdev=0.05350609890065469 seatDemandSmoothed=0.1414430451487967 fairFrac=2.3333333333333335 currentCL=1 concurrencyDenominator=1 backstop=false
2026-06-19T11:07:05.111870658Z I0619 11:07:05.111569      10 apf_controller.go:493] "Update CurrentCL" plName="exempt" seatDemandHighWatermark=2 seatDemandAvg=0.009574261076197998 seatDemandStdev=0.09744439097120028 seatDemandSmoothed=0.13856422341671906 fairFrac=2.3333333333333335 currentCL=2 concurrencyDenominator=2 backstop=false
2026-06-19T11:07:15.112424550Z I0619 11:07:15.112220      10 apf_controller.go:493] "Update CurrentCL" plName="exempt" seatDemandHighWatermark=1 seatDemandAvg=0.0028635168680804708 seatDemandStdev=0.05343516762607459 seatDemandSmoothed=0.1366721160215001 fairFrac=2.3333333333333335 currentCL=1 concurrencyDenominator=1 backstop=false
2026-06-19T11:08:05.117137328Z I0619 11:08:05.116722      10 apf_controller.go:493] "Update CurrentCL" plName="exempt" seatDemandHighWatermark=2 seatDemandAvg=0.014304800573528526 seatDemandStdev=0.12722982352186663 seatDemandSmoothed=0.14153462409539516 fairFrac=2.3333333333333335 currentCL=2 concurrencyDenominator=2 backstop=false
2026-06-19T11:08:15.117750273Z I0619 11:08:15.117537      10 apf_controller.go:493] "Update CurrentCL" plName="exempt" seatDemandHighWatermark=1 seatDemandAvg=0.0025333980456923484 seatDemandStdev=0.05026907538471769 seatDemandSmoothed=0.1394937846301005 fairFrac=2.3333333333333335 currentCL=1 concurrencyDenominator=1 backstop=false
2026-06-19T11:09:03.236630555Z I0619 11:09:03.236418      10 controller.go:231] Updating CRD OpenAPI spec because ciliumpodippools.cilium.io changed
2026-06-19T11:09:03.239321808Z I0619 11:09:03.239117      10 controller.go:231] Updating CRD OpenAPI spec because ciliumloadbalancerippools.cilium.io changed
2026-06-19T11:09:03.239349648Z I0619 11:09:03.239164      10 controller.go:231] Updating CRD OpenAPI spec because kubenticagents.kubentic.io changed
2026-06-19T11:09:03.244703909Z I0619 11:09:03.244020      10 controller.go:231] Updating CRD OpenAPI spec because ciliumidentities.cilium.io changed
2026-06-19T11:09:03.278524677Z I0619 11:09:03.267737      10 controller.go:231] Updating CRD OpenAPI spec because vmagents.operator.victoriametrics.com changed
2026-06-19T11:09:03.305517574Z I0619 11:09:03.305359      10 controller.go:231] Updating CRD OpenAPI spec because vmclusters.operator.victoriametrics.com changed
2026-06-19T11:09:03.322118820Z I0619 11:09:03.305602      10 controller.go:231] Updating CRD OpenAPI spec because vmscrapeconfigs.operator.victoriametrics.com changed
2026-06-19T11:09:03.341620502Z I0619 11:09:03.341377      10 controller.go:231] Updating CRD OpenAPI spec because ciliumnodes.cilium.io changed
2026-06-19T11:09:03.347013664Z I0619 11:09:03.346402      10 controller.go:231] Updating CRD OpenAPI spec because ciliumendpoints.cilium.io changed
2026-06-19T11:09:03.347030125Z I0619 11:09:03.346451      10 controller.go:231] Updating CRD OpenAPI spec because ciliumnodeconfigs.cilium.io changed
2026-06-19T11:09:03.363421464Z I0619 11:09:03.363141      10 controller.go:231] Updating CRD OpenAPI spec because vmpodscrapes.operator.victoriametrics.com changed
2026-06-19T11:09:03.382597023Z I0619 11:09:03.382334      10 controller.go:231] Updating CRD OpenAPI spec because ciliumnetworkpolicies.cilium.io changed
2026-06-19T11:09:03.383244170Z I0619 11:09:03.383069      10 controller.go:231] Updating CRD OpenAPI spec because ciliuml2announcementpolicies.cilium.io changed
2026-06-19T11:09:03.388419394Z I0619 11:09:03.388199      10 controller.go:231] Updating CRD OpenAPI spec because vmanomalyconfigs.operator.victoriametrics.com changed
2026-06-19T11:09:03.389706129Z I0619 11:09:03.389490      10 controller.go:231] Updating CRD OpenAPI spec because vmanomalies.operator.victoriametrics.com changed
2026-06-19T11:09:03.390109389Z I0619 11:09:03.389960      10 controller.go:231] Updating CRD OpenAPI spec because vmservicescrapes.operator.victoriametrics.com changed
2026-06-19T11:09:03.391769240Z I0619 11:09:03.391626      10 controller.go:231] Updating CRD OpenAPI spec because vlsingles.operator.victoriametrics.com changed
2026-06-19T11:09:03.404403930Z I0619 11:09:03.404186      10 controller.go:231] Updating CRD OpenAPI spec because vlclusters.operator.victoriametrics.com changed
2026-06-19T11:09:03.405162714Z I0619 11:09:03.404922      10 controller.go:231] Updating CRD OpenAPI spec because vmrules.operator.victoriametrics.com changed
2026-06-19T11:09:03.405465602Z I0619 11:09:03.405367      10 controller.go:231] Updating CRD OpenAPI spec because vmalerts.operator.victoriametrics.com changed
2026-06-19T11:09:03.426862550Z I0619 11:09:03.426633      10 controller.go:231] Updating CRD OpenAPI spec because ciliumclusterwidenetworkpolicies.cilium.io changed
2026-06-19T11:09:03.427059782Z I0619 11:09:03.426963      10 controller.go:231] Updating CRD OpenAPI spec because ciliumcidrgroups.cilium.io changed
2026-06-19T11:09:03.427957770Z I0619 11:09:03.427712      10 controller.go:231] Updating CRD OpenAPI spec because vmusers.operator.victoriametrics.com changed
2026-06-19T11:09:03.428715472Z I0619 11:09:03.428568      10 controller.go:231] Updating CRD OpenAPI spec because vmprobes.operator.victoriametrics.com changed
2026-06-19T11:09:03.430630489Z I0619 11:09:03.430457      10 controller.go:231] Updating CRD OpenAPI spec because vlogs.operator.victoriametrics.com changed
2026-06-19T11:09:03.431793936Z I0619 11:09:03.431630      10 controller.go:231] Updating CRD OpenAPI spec because vmstaticscrapes.operator.victoriametrics.com changed
2026-06-19T11:09:03.432438152Z I0619 11:09:03.432365      10 controller.go:231] Updating CRD OpenAPI spec because vlagents.operator.victoriametrics.com changed
2026-06-19T11:09:03.449085016Z I0619 11:09:03.448861      10 controller.go:231] Updating CRD OpenAPI spec because vmalertmanagerconfigs.operator.victoriametrics.com changed
2026-06-19T11:09:03.451678672Z I0619 11:09:03.451461      10 controller.go:231] Updating CRD OpenAPI spec because vmalertmanagers.operator.victoriametrics.com changed
2026-06-19T11:09:03.464694762Z I0619 11:09:03.464459      10 controller.go:231] Updating CRD OpenAPI spec because vmauths.operator.victoriametrics.com changed
2026-06-19T11:09:03.466251926Z I0619 11:09:03.466056      10 controller.go:231] Updating CRD OpenAPI spec because vtsingles.operator.victoriametrics.com changed
2026-06-19T11:09:03.474267504Z I0619 11:09:03.474089      10 controller.go:231] Updating CRD OpenAPI spec because vmsingles.operator.victoriametrics.com changed
2026-06-19T11:09:03.474518671Z I0619 11:09:03.474425      10 controller.go:231] Updating CRD OpenAPI spec because vtclusters.operator.victoriametrics.com changed
2026-06-19T11:09:03.479884792Z I0619 11:09:03.479677      10 controller.go:231] Updating CRD OpenAPI spec because vmnodescrapes.operator.victoriametrics.com changed
2026-06-19T11:09:03.480135813Z I0619 11:09:03.480035      10 controller.go:231] Updating CRD OpenAPI spec because vmdistributed.operator.victoriametrics.com changed
2026-06-19T11:09:05.150262529Z I0619 11:09:05.122366      10 apf_controller.go:493] "Update CurrentCL" plName="exempt" seatDemandHighWatermark=2 seatDemandAvg=0.017655288083892814 seatDemandStdev=0.13175867855878273 seatDemandSmoothed=0.14941396664267553 fairFrac=2.3333333333333335 currentCL=2 concurrencyDenominator=2 backstop=false
2026-06-19T11:09:15.150703983Z I0619 11:09:15.150442      10 apf_controller.go:493] "Update CurrentCL" plName="exempt" seatDemandHighWatermark=1 seatDemandAvg=0.0025866699998204775 seatDemandStdev=0.05079349503757845 seatDemandSmoothed=0.14720518920575418 fairFrac=2.3333333333333335 currentCL=1 concurrencyDenominator=1 backstop=false
2026-06-19T11:09:35.151481631Z I0619 11:09:35.151242      10 apf_controller.go:493] "Update CurrentCL" plName="exempt" seatDemandHighWatermark=2 seatDemandAvg=0.002252784506687726 seatDemandStdev=0.04889919290372 seatDemandSmoothed=0.14280579090954718 fairFrac=2.3333333333333335 currentCL=2 concurrencyDenominator=2 backstop=false
2026-06-19T11:09:45.151922252Z I0619 11:09:45.151658      10 apf_controller.go:493] "Update CurrentCL" plName="exempt" seatDemandHighWatermark=1 seatDemandAvg=0.003361486724742175 seatDemandStdev=0.05788080106340579 seatDemandSmoothed=0.140929830337755 fairFrac=2.3333333333333335 currentCL=1 concurrencyDenominator=1 backstop=false
2026-06-19T11:10:05.154895280Z I0619 11:10:05.153796      10 apf_controller.go:493] "Update CurrentCL" plName="exempt" seatDemandHighWatermark=2 seatDemandAvg=0.0195566537651503 seatDemandStdev=0.13857034353382028 seatDemandSmoothed=0.1581269972989706 fairFrac=2.3333333333333335 currentCL=2 concurrencyDenominator=2 backstop=false
2026-06-19T11:10:15.155254349Z I0619 11:10:15.154983      10 apf_controller.go:493] "Update CurrentCL" plName="exempt" seatDemandHighWatermark=1 seatDemandAvg=0.0033027459200669373 seatDemandStdev=0.057374539557668074 seatDemandSmoothed=0.15588565392708217 fairFrac=2.3333333333333335 currentCL=1 concurrencyDenominator=1 backstop=false
2026-06-19T11:10:35.156934340Z I0619 11:10:35.156681      10 apf_controller.go:493] "Update CurrentCL" plName="exempt" seatDemandHighWatermark=2 seatDemandAvg=0.0027104769701951723 seatDemandStdev=0.052322876900237805 seatDemandSmoothed=0.1511675520440698 fairFrac=2.3333333333333335 currentCL=2 concurrencyDenominator=2 backstop=false
2026-06-19T11:10:45.158081382Z I0619 11:10:45.157837      10 apf_controller.go:493] "Update CurrentCL" plName="exempt" seatDemandHighWatermark=1 seatDemandAvg=0.002996403626643672 seatDemandStdev=0.054657343440290884 seatDemandSmoothed=0.14901673452959566 fairFrac=2.3333333333333335 currentCL=1 concurrencyDenominator=1 backstop=false
2026-06-19T11:11:05.160435548Z I0619 11:11:05.159847      10 apf_controller.go:493] "Update CurrentCL" plName="exempt" seatDemandHighWatermark=2 seatDemandAvg=0.005073207580166953 seatDemandStdev=0.07347556815311934 seatDemandSmoothed=0.1452476930554585 fairFrac=2.3333333333333335 currentCL=2 concurrencyDenominator=2 backstop=false
2026-06-19T11:11:15.161496691Z I0619 11:11:15.161233      10 apf_controller.go:493] "Update CurrentCL" plName="exempt" seatDemandHighWatermark=1 seatDemandAvg=0.0028139360292797075 seatDemandStdev=0.052971858503386766 seatDemandSmoothed=0.1431900693894343 fairFrac=2.3333333333333335 currentCL=1 concurrencyDenominator=1 backstop=false
2026-06-19T11:11:35.162673366Z I0619 11:11:35.162397      10 apf_controller.go:493] "Update CurrentCL" plName="exempt" seatDemandHighWatermark=2 seatDemandAvg=0.00261337405177557 seatDemandStdev=0.051166091215320786 seatDemandSmoothed=0.13911337280774475 fairFrac=2.3333333333333335 currentCL=2 concurrencyDenominator=2 backstop=false
2026-06-19T11:11:55.163344370Z I0619 11:11:55.163073      10 apf_controller.go:493] "Update CurrentCL" plName="exempt" seatDemandHighWatermark=1 seatDemandAvg=0.0025730261735035427 seatDemandStdev=0.05065970499138352 seatDemandSmoothed=0.13541072135652132 fairFrac=2.3333333333333335 currentCL=1 concurrencyDenominator=1 backstop=false
2026-06-19T11:12:02.488751135Z I0619 11:12:02.484516      10 trace.go:236] Trace[111277245]: "Update" accept:application/vnd.kubernetes.protobuf,application/json,audit-id:ecd368aa-80d0-4828-94af-04dc865bce15,client:172.20.50.13,api-group:coordination.k8s.io,api-version:v1,name:i-0ecec600693268f66,subresource:,namespace:kube-node-lease,protocol:HTTP/2.0,resource:leases,scope:resource,url:/apis/coordination.k8s.io/v1/namespaces/kube-node-lease/leases/i-0ecec600693268f66,user-agent:kubelet/v1.35.1 (linux/amd64) kubernetes/8fea90b,verb:PUT (19-Jun-2026 11:12:01.878) (total time: 606ms):
2026-06-19T11:12:02.494916374Z Trace[111277245]: ["GuaranteedUpdate etcd3" audit-id:ecd368aa-80d0-4828-94af-04dc865bce15,key:/leases/kube-node-lease/i-0ecec600693268f66,type:*coordination.Lease,group:coordination.k8s.io,resource:leases 602ms (11:12:01.882)
2026-06-19T11:12:02.495019454Z Trace[111277245]:  ---"About to Encode" 106ms (11:12:01.991)
2026-06-19T11:12:02.495024151Z Trace[111277245]:  ---"Txn call completed" 460ms (11:12:02.452)]
2026-06-19T11:12:02.495027787Z Trace[111277245]: ---"Write to database call succeeded" len:510 31ms (11:12:02.483)
2026-06-19T11:12:02.495030143Z Trace[111277245]: [606.376815ms] [606.376815ms] END
2026-06-19T11:12:05.164153560Z I0619 11:12:05.163946      10 apf_controller.go:493] "Update CurrentCL" plName="exempt" seatDemandHighWatermark=2 seatDemandAvg=0.09890371686984102 seatDemandStdev=0.37038783482558846 seatDemandSmoothed=0.46929155169542947 fairFrac=2.3333333333333335 currentCL=2 concurrencyDenominator=2 backstop=false
2026-06-19T11:12:15.165064249Z I0619 11:12:15.164697      10 apf_controller.go:493] "Update CurrentCL" plName="exempt" seatDemandHighWatermark=1 seatDemandAvg=0.0030305856661647134 seatDemandStdev=0.05496727405179149 seatDemandSmoothed=0.45983179677994757 fairFrac=2.3333333333333335 currentCL=1 concurrencyDenominator=1 backstop=false
2026-06-19T11:12:35.166722984Z I0619 11:12:35.166443      10 apf_controller.go:493] "Update CurrentCL" plName="exempt" seatDemandHighWatermark=2 seatDemandAvg=0.0033676600580567146 seatDemandStdev=0.05823351093875413 seatDemandSmoothed=0.44154758195519056 fairFrac=2.3333333333333335 currentCL=2 concurrencyDenominator=2 backstop=false
2026-06-19T11:12:45.167527369Z I0619 11:12:45.167263      10 apf_controller.go:493] "Update CurrentCL" plName="exempt" seatDemandHighWatermark=1 seatDemandAvg=0.0028004895606244065 seatDemandStdev=0.05284549951363162 seatDemandSmoothed=0.43267184531892905 fairFrac=2.3333333333333335 currentCL=1 concurrencyDenominator=1 backstop=false
2026-06-19T11:13:05.169751509Z I0619 11:13:05.169462      10 apf_controller.go:493] "Update CurrentCL" plName="exempt" seatDemandHighWatermark=2 seatDemandAvg=0.0166110573402711 seatDemandStdev=0.12792581814347634 seatDemandSmoothed=0.41744520633678933 fairFrac=2.3333333333333335 currentCL=2 concurrencyDenominator=2 backstop=false
2026-06-19T11:13:15.170058243Z I0619 11:13:15.169804      10 apf_controller.go:493] "Update CurrentCL" plName="exempt" seatDemandHighWatermark=1 seatDemandAvg=0.00300789169089917 seatDemandStdev=0.054761704488401286 seatDemandSmoothed=0.4091726673031671 fairFrac=2.3333333333333335 currentCL=1 concurrencyDenominator=1 backstop=false
2026-06-19T11:13:35.172298292Z I0619 11:13:35.171816      10 apf_controller.go:493] "Update CurrentCL" plName="exempt" seatDemandHighWatermark=2 seatDemandAvg=0.0027173893393214574 seatDemandStdev=0.05234624156634638 seatDemandSmoothed=0.39291502943730916 fairFrac=2.3333333333333335 currentCL=2 concurrencyDenominator=2 backstop=false
2026-06-19T11:13:45.173573644Z I0619 11:13:45.173258      10 apf_controller.go:493] "Update CurrentCL" plName="exempt" seatDemandHighWatermark=1 seatDemandAvg=0.0031001257691991046 seatDemandStdev=0.05559240046458016 seatDemandSmoothed=0.385227911863628 fairFrac=2.3333333333333335 currentCL=1 concurrencyDenominator=1 backstop=false
2026-06-19T11:14:03.102363386Z I0619 11:14:03.068408      10 cidrallocator.go:242] syncing ServiceCIDR allocators
2026-06-19T11:14:03.103062264Z I0619 11:14:03.068448      10 cidrallocator.go:278] updated ClusterIP allocator for Service CIDR 100.64.0.0/13
2026-06-19T11:14:03.103069041Z I0619 11:14:03.068456      10 cidrallocator.go:244] syncing ServiceCIDR allocators took: 57.877µs
2026-06-19T11:14:03.278766212Z I0619 11:14:03.278599      10 controller.go:231] Updating CRD OpenAPI spec because vmstaticscrapes.operator.victoriametrics.com changed
2026-06-19T11:14:03.278800704Z I0619 11:14:03.278647      10 controller.go:231] Updating CRD OpenAPI spec because vlagents.operator.victoriametrics.com changed
2026-06-19T11:14:03.299072208Z I0619 11:14:03.298830      10 controller.go:231] Updating CRD OpenAPI spec because vmalertmanagerconfigs.operator.victoriametrics.com changed
2026-06-19T11:14:03.299106752Z I0619 11:14:03.298875      10 controller.go:231] Updating CRD OpenAPI spec because vmalertmanagers.operator.victoriametrics.com changed
2026-06-19T11:14:03.307311004Z I0619 11:14:03.307040      10 controller.go:231] Updating CRD OpenAPI spec because vmauths.operator.victoriametrics.com changed
2026-06-19T11:14:03.315307725Z I0619 11:14:03.314121      10 controller.go:231] Updating CRD OpenAPI spec because vtsingles.operator.victoriametrics.com changed
2026-06-19T11:14:03.333328335Z I0619 11:14:03.333008      10 controller.go:231] Updating CRD OpenAPI spec because vmsingles.operator.victoriametrics.com changed
2026-06-19T11:14:03.333618218Z I0619 11:14:03.333479      10 controller.go:231] Updating CRD OpenAPI spec because vtclusters.operator.victoriametrics.com changed
2026-06-19T11:14:03.365489544Z I0619 11:14:03.365260      10 controller.go:231] Updating CRD OpenAPI spec because vmnodescrapes.operator.victoriametrics.com changed
2026-06-19T11:14:03.384477714Z I0619 11:14:03.384280      10 controller.go:231] Updating CRD OpenAPI spec because vmdistributed.operator.victoriametrics.com changed
2026-06-19T11:14:03.384512038Z I0619 11:14:03.384331      10 controller.go:231] Updating CRD OpenAPI spec because ciliumpodippools.cilium.io changed
2026-06-19T11:14:03.385728628Z I0619 11:14:03.385528      10 controller.go:231] Updating CRD OpenAPI spec because ciliumloadbalancerippools.cilium.io changed
2026-06-19T11:14:03.394922020Z I0619 11:14:03.394591      10 controller.go:231] Updating CRD OpenAPI spec because kubenticagents.kubentic.io changed
2026-06-19T11:14:03.423328735Z I0619 11:14:03.423106      10 controller.go:231] Updating CRD OpenAPI spec because ciliumidentities.cilium.io changed
2026-06-19T11:14:03.423359465Z I0619 11:14:03.423184      10 controller.go:231] Updating CRD OpenAPI spec because vmagents.operator.victoriametrics.com changed
2026-06-19T11:14:03.463413300Z I0619 11:14:03.463175      10 controller.go:231] Updating CRD OpenAPI spec because vmclusters.operator.victoriametrics.com changed
2026-06-19T11:14:03.512279220Z I0619 11:14:03.512055      10 controller.go:231] Updating CRD OpenAPI spec because vmscrapeconfigs.operator.victoriametrics.com changed
2026-06-19T11:14:03.512293909Z I0619 11:14:03.512094      10 controller.go:231] Updating CRD OpenAPI spec because ciliumnodes.cilium.io changed
2026-06-19T11:14:03.516536115Z I0619 11:14:03.516301      10 controller.go:231] Updating CRD OpenAPI spec because ciliumendpoints.cilium.io changed
2026-06-19T11:14:03.517522053Z I0619 11:14:03.517327      10 controller.go:231] Updating CRD OpenAPI spec because ciliumnodeconfigs.cilium.io changed
2026-06-19T11:14:03.521285122Z I0619 11:14:03.521061      10 controller.go:231] Updating CRD OpenAPI spec because vmpodscrapes.operator.victoriametrics.com changed
2026-06-19T11:14:03.548946968Z I0619 11:14:03.548743      10 controller.go:231] Updating CRD OpenAPI spec because ciliumnetworkpolicies.cilium.io changed
2026-06-19T11:14:03.549255269Z I0619 11:14:03.549137      10 controller.go:231] Updating CRD OpenAPI spec because ciliuml2announcementpolicies.cilium.io changed
2026-06-19T11:14:03.554228380Z I0619 11:14:03.553997      10 controller.go:231] Updating CRD OpenAPI spec because vmanomalyconfigs.operator.victoriametrics.com changed
2026-06-19T11:14:03.568627719Z I0619 11:14:03.568254      10 controller.go:231] Updating CRD OpenAPI spec because vmanomalies.operator.victoriametrics.com changed
2026-06-19T11:14:03.574205415Z I0619 11:14:03.573859      10 controller.go:231] Updating CRD OpenAPI spec because vmservicescrapes.operator.victoriametrics.com changed
2026-06-19T11:14:03.596436672Z I0619 11:14:03.596206      10 controller.go:231] Updating CRD OpenAPI spec because vlsingles.operator.victoriametrics.com changed
2026-06-19T11:14:03.608712287Z I0619 11:14:03.608260      10 controller.go:231] Updating CRD OpenAPI spec because vlclusters.operator.victoriametrics.com changed
2026-06-19T11:14:03.610300463Z I0619 11:14:03.609965      10 controller.go:231] Updating CRD OpenAPI spec because vmrules.operator.victoriametrics.com changed
2026-06-19T11:14:03.629645358Z I0619 11:14:03.629106      10 controller.go:231] Updating CRD OpenAPI spec because vmalerts.operator.victoriametrics.com changed
2026-06-19T11:14:03.631651682Z I0619 11:14:03.630436      10 controller.go:231] Updating CRD OpenAPI spec because ciliumclusterwidenetworkpolicies.cilium.io changed
2026-06-19T11:14:03.634619534Z I0619 11:14:03.634391      10 controller.go:231] Updating CRD OpenAPI spec because ciliumcidrgroups.cilium.io changed
2026-06-19T11:14:03.674085303Z I0619 11:14:03.673020      10 controller.go:231] Updating CRD OpenAPI spec because vmusers.operator.victoriametrics.com changed
2026-06-19T11:14:03.684225567Z I0619 11:14:03.675149      10 controller.go:231] Updating CRD OpenAPI spec because vmprobes.operator.victoriametrics.com changed
2026-06-19T11:14:03.684607396Z I0619 11:14:03.684472      10 controller.go:231] Updating CRD OpenAPI spec because vlogs.operator.victoriametrics.com changed
2026-06-19T11:14:05.175198515Z I0619 11:14:05.174913      10 apf_controller.go:493] "Update CurrentCL" plName="exempt" seatDemandHighWatermark=2 seatDemandAvg=0.010741851449188218 seatDemandStdev=0.10326098825535844 seatDemandSmoothed=0.3715639734621836 fairFrac=2.3333333333333335 currentCL=2 concurrencyDenominator=2 backstop=false
2026-06-19T11:14:15.175918773Z I0619 11:14:15.175666      10 apf_controller.go:493] "Update CurrentCL" plName="exempt" seatDemandHighWatermark=1 seatDemandAvg=0.002394739140486142 seatDemandStdev=0.04887744229125708 seatDemandSmoothed=0.36419726224548343 fairFrac=2.3333333333333335 currentCL=1 concurrencyDenominator=1 backstop=false
2026-06-19T11:14:35.178314925Z I0619 11:14:35.178072      10 apf_controller.go:493] "Update CurrentCL" plName="exempt" seatDemandHighWatermark=2 seatDemandAvg=0.002168442550207967 seatDemandStdev=0.04685765884777784 seatDemandSmoothed=0.34991808569647337 fairFrac=2.3333333333333335 currentCL=2 concurrencyDenominator=2 backstop=false
2026-06-19T11:14:45.179172047Z I0619 11:14:45.178979      10 apf_controller.go:493] "Update CurrentCL" plName="exempt" seatDemandHighWatermark=1 seatDemandAvg=0.0027681540505989886 seatDemandStdev=0.0525403785078785 seatDemandSmoothed=0.34314206597429947 fairFrac=2.3333333333333335 currentCL=1 concurrencyDenominator=1 backstop=false
2026-06-19T11:15:02.422620680Z I0619 11:15:02.422316      10 trace.go:236] Trace[1367418826]: "Update" accept:application/vnd.kubernetes.protobuf,application/json,audit-id:10c377b1-8d69-4b97-9b97-1b3d86d68e3b,client:172.20.237.164,api-group:coordination.k8s.io,api-version:v1,name:57410f0d.victoriametrics.com,subresource:,namespace:kubentic-foresight,protocol:HTTP/2.0,resource:leases,scope:resource,url:/apis/coordination.k8s.io/v1/namespaces/kubentic-foresight/leases/57410f0d.victoriametrics.com,user-agent:app/v0.0.0 (linux/amd64) kubernetes/$Format/leader-election,verb:PUT (19-Jun-2026 11:15:01.644) (total time: 778ms):
2026-06-19T11:15:02.422678112Z Trace[1367418826]: ["GuaranteedUpdate etcd3" audit-id:10c377b1-8d69-4b97-9b97-1b3d86d68e3b,key:/leases/kubentic-foresight/57410f0d.victoriametrics.com,type:*coordination.Lease,group:coordination.k8s.io,resource:leases 768ms (11:15:01.653)
2026-06-19T11:15:02.422683140Z Trace[1367418826]:  ---"About to Encode" 377ms (11:15:02.031)
2026-06-19T11:15:02.422685670Z Trace[1367418826]:  ---"Txn call completed" 373ms (11:15:02.404)]
2026-06-19T11:15:02.422688249Z Trace[1367418826]: [778.019257ms] [778.019257ms] END
2026-06-19T11:15:05.180470919Z I0619 11:15:05.180163      10 apf_controller.go:493] "Update CurrentCL" plName="exempt" seatDemandHighWatermark=2 seatDemandAvg=0.009229494038581108 seatDemandStdev=0.10824243540694393 seatDemandSmoothed=0.3314042417883631 fairFrac=2.3333333333333335 currentCL=2 concurrencyDenominator=2 backstop=false
2026-06-19T11:15:15.181600060Z I0619 11:15:15.181331      10 apf_controller.go:493] "Update CurrentCL" plName="exempt" seatDemandHighWatermark=1 seatDemandAvg=0.0029082852648067447 seatDemandStdev=0.053850043097710264 seatDemandSmoothed=0.32508738577956864 fairFrac=2.3333333333333335 currentCL=1 concurrencyDenominator=1 backstop=false
2026-06-19T11:15:35.183519231Z I0619 11:15:35.183252      10 apf_controller.go:493] "Update CurrentCL" plName="exempt" seatDemandHighWatermark=2 seatDemandAvg=0.0021094192643724505 seatDemandStdev=0.04643428730739605 seatDemandSmoothed=0.312625525048903 fairFrac=2.3333333333333335 currentCL=2 concurrencyDenominator=2 backstop=false
2026-06-19T11:15:45.183763774Z I0619 11:15:45.183529      10 apf_controller.go:493] "Update CurrentCL" plName="exempt" seatDemandHighWatermark=1 seatDemandAvg=0.003336827040062817 seatDemandStdev=0.05766881848423394 seatDemandSmoothed=0.30683826781983703 fairFrac=2.3333333333333335 currentCL=1 concurrencyDenominator=1 backstop=false
2026-06-19T11:16:05.185612502Z I0619 11:16:05.185161      10 apf_controller.go:493] "Update CurrentCL" plName="exempt" seatDemandHighWatermark=2 seatDemandAvg=0.007302779393812413 seatDemandStdev=0.08759429141498885 seatDemandSmoothed=0.2961566205252181 fairFrac=2.3333333333333335 currentCL=2 concurrencyDenominator=2 backstop=false
2026-06-19T11:16:15.186367141Z I0619 11:16:15.186113      10 apf_controller.go:493] "Update CurrentCL" plName="exempt" seatDemandHighWatermark=1 seatDemandAvg=0.00378973809511843 seatDemandStdev=0.06144408824523998 seatDemandSmoothed=0.2908453962589663 fairFrac=2.3333333333333335 currentCL=1 concurrencyDenominator=1 backstop=false
2026-06-19T11:16:35.188095173Z I0619 11:16:35.187817      10 apf_controller.go:493] "Update CurrentCL" plName="exempt" seatDemandHighWatermark=2 seatDemandAvg=0.003366667018149793 seatDemandStdev=0.060958085790123226 seatDemandSmoothed=0.2803139998675344 fairFrac=2.3333333333333335 currentCL=2 concurrencyDenominator=2 backstop=false
2026-06-19T11:16:45.189587855Z I0619 11:16:45.189323      10 apf_controller.go:493] "Update CurrentCL" plName="exempt" seatDemandHighWatermark=1 seatDemandAvg=0.003114537141121555 seatDemandStdev=0.05572106244067973 seatDemandSmoothed=0.27521999666096253 fairFrac=2.3333333333333335 currentCL=1 concurrencyDenominator=1 backstop=false
2026-06-19T11:19:03.264381750Z I0619 11:19:03.263201      10 controller.go:231] Updating CRD OpenAPI spec because vmdistributed.operator.victoriametrics.com changed
2026-06-19T11:19:03.264403008Z I0619 11:19:03.263276      10 controller.go:231] Updating CRD OpenAPI spec because ciliumpodippools.cilium.io changed
2026-06-19T11:19:03.286977595Z I0619 11:19:03.286723      10 controller.go:231] Updating CRD OpenAPI spec because ciliumloadbalancerippools.cilium.io changed
2026-06-19T11:19:03.297984712Z I0619 11:19:03.297703      10 controller.go:231] Updating CRD OpenAPI spec because kubenticagents.kubentic.io changed
2026-06-19T11:19:03.313732789Z I0619 11:19:03.297881      10 controller.go:231] Updating CRD OpenAPI spec because ciliumidentities.cilium.io changed
2026-06-19T11:19:03.391931142Z I0619 11:19:03.391440      10 controller.go:231] Updating CRD OpenAPI spec because vmagents.operator.victoriametrics.com changed
2026-06-19T11:19:03.566195260Z I0619 11:19:03.534179      10 controller.go:231] Updating CRD OpenAPI spec because vmclusters.operator.victoriametrics.com changed
2026-06-19T11:19:03.566221465Z I0619 11:19:03.541202      10 controller.go:231] Updating CRD OpenAPI spec because vmscrapeconfigs.operator.victoriametrics.com changed
2026-06-19T11:19:03.587050100Z I0619 11:19:03.586768      10 controller.go:231] Updating CRD OpenAPI spec because ciliumnodes.cilium.io changed
2026-06-19T11:19:03.590842550Z I0619 11:19:03.588662      10 controller.go:231] Updating CRD OpenAPI spec because ciliumendpoints.cilium.io changed
2026-06-19T11:19:03.592027637Z I0619 11:19:03.591830      10 controller.go:231] Updating CRD OpenAPI spec because ciliumnodeconfigs.cilium.io changed
2026-06-19T11:19:03.592434764Z I0619 11:19:03.592294      10 controller.go:231] Updating CRD OpenAPI spec because vmpodscrapes.operator.victoriametrics.com changed
2026-06-19T11:19:03.624139344Z I0619 11:19:03.623817      10 controller.go:231] Updating CRD OpenAPI spec because ciliumnetworkpolicies.cilium.io changed
2026-06-19T11:19:03.625334516Z I0619 11:19:03.625075      10 controller.go:231] Updating CRD OpenAPI spec because ciliuml2announcementpolicies.cilium.io changed
2026-06-19T11:19:03.643066790Z I0619 11:19:03.631098      10 controller.go:231] Updating CRD OpenAPI spec because vmanomalyconfigs.operator.victoriametrics.com changed
2026-06-19T11:19:03.643099889Z I0619 11:19:03.631263      10 controller.go:231] Updating CRD OpenAPI spec because vmanomalies.operator.victoriametrics.com changed
2026-06-19T11:19:03.645661887Z I0619 11:19:03.645465      10 controller.go:231] Updating CRD OpenAPI spec because vmservicescrapes.operator.victoriametrics.com changed
2026-06-19T11:19:03.649092567Z I0619 11:19:03.648899      10 controller.go:231] Updating CRD OpenAPI spec because vlsingles.operator.victoriametrics.com changed
2026-06-19T11:19:03.649373105Z I0619 11:19:03.649305      10 controller.go:231] Updating CRD OpenAPI spec because vlclusters.operator.victoriametrics.com changed
2026-06-19T11:19:03.659169090Z I0619 11:19:03.659001      10 controller.go:231] Updating CRD OpenAPI spec because vmrules.operator.victoriametrics.com changed
2026-06-19T11:19:03.707275008Z I0619 11:19:03.667118      10 controller.go:231] Updating CRD OpenAPI spec because vmalerts.operator.victoriametrics.com changed
2026-06-19T11:19:03.729552666Z I0619 11:19:03.729323      10 controller.go:231] Updating CRD OpenAPI spec because ciliumclusterwidenetworkpolicies.cilium.io changed
2026-06-19T11:19:03.741214804Z I0619 11:19:03.740993      10 controller.go:231] Updating CRD OpenAPI spec because ciliumcidrgroups.cilium.io changed
2026-06-19T11:19:03.741262055Z I0619 11:19:03.741045      10 controller.go:231] Updating CRD OpenAPI spec because vmusers.operator.victoriametrics.com changed
2026-06-19T11:19:03.741798240Z I0619 11:19:03.741658      10 controller.go:231] Updating CRD OpenAPI spec because vmprobes.operator.victoriametrics.com changed
2026-06-19T11:19:03.743167642Z I0619 11:19:03.743006      10 controller.go:231] Updating CRD OpenAPI spec because vlogs.operator.victoriametrics.com changed
2026-06-19T11:19:03.743378030Z I0619 11:19:03.743314      10 controller.go:231] Updating CRD OpenAPI spec because vmstaticscrapes.operator.victoriametrics.com changed
2026-06-19T11:19:03.762565388Z I0619 11:19:03.762327      10 controller.go:231] Updating CRD OpenAPI spec because vlagents.operator.victoriametrics.com changed
2026-06-19T11:19:03.776602053Z I0619 11:19:03.776348      10 controller.go:231] Updating CRD OpenAPI spec because vmalertmanagerconfigs.operator.victoriametrics.com changed
2026-06-19T11:19:03.791822139Z I0619 11:19:03.791643      10 controller.go:231] Updating CRD OpenAPI spec because vmalertmanagers.operator.victoriametrics.com changed
2026-06-19T11:19:03.793222936Z I0619 11:19:03.793068      10 controller.go:231] Updating CRD OpenAPI spec because vmauths.operator.victoriametrics.com changed
2026-06-19T11:19:03.793519078Z I0619 11:19:03.793416      10 controller.go:231] Updating CRD OpenAPI spec because vtsingles.operator.victoriametrics.com changed
2026-06-19T11:19:03.813530476Z I0619 11:19:03.813270      10 controller.go:231] Updating CRD OpenAPI spec because vmsingles.operator.victoriametrics.com changed
2026-06-19T11:19:03.813583842Z I0619 11:19:03.813322      10 controller.go:231] Updating CRD OpenAPI spec because vtclusters.operator.victoriametrics.com changed
2026-06-19T11:19:03.813899104Z I0619 11:19:03.813814      10 controller.go:231] Updating CRD OpenAPI spec because vmnodescrapes.operator.victoriametrics.com changed
2026-06-19T11:19:15.201109960Z I0619 11:19:15.200755      10 apf_controller.go:493] "Update CurrentCL" plName="exempt" seatDemandHighWatermark=2 seatDemandAvg=0.0023407164608522497 seatDemandStdev=0.04895853208935198 seatDemandSmoothed=0.21546820281279483 fairFrac=2.3333333333333335 currentCL=2 concurrencyDenominator=2 backstop=false
2026-06-19T11:19:25.202398179Z I0619 11:19:25.201935      10 apf_controller.go:493] "Update CurrentCL" plName="exempt" seatDemandHighWatermark=1 seatDemandAvg=0.0021724161879436467 seatDemandStdev=0.04655853086009058 seatDemandSmoothed=0.21163324593020533 fairFrac=2.3333333333333335 currentCL=1 concurrencyDenominator=1 backstop=false
2026-06-19T11:20:05.206187845Z I0619 11:20:05.205874      10 apf_controller.go:493] "Update CurrentCL" plName="exempt" seatDemandHighWatermark=2 seatDemandAvg=0.013511948647681982 seatDemandStdev=0.13750699889900794 seatDemandSmoothed=0.1998496977937385 fairFrac=2.3333333333333335 currentCL=2 concurrencyDenominator=2 backstop=false
2026-06-19T11:20:15.207235336Z I0619 11:20:15.206973      10 apf_controller.go:493] "Update CurrentCL" plName="exempt" seatDemandHighWatermark=1 seatDemandAvg=0.002741791144152299 seatDemandStdev=0.05229028327972748 seatDemandSmoothed=0.19651889245623175 fairFrac=2.3333333333333335 currentCL=1 concurrencyDenominator=1 backstop=false
2026-06-19T11:20:35.208836406Z I0619 11:20:35.208585      10 apf_controller.go:493] "Update CurrentCL" plName="exempt" seatDemandHighWatermark=2 seatDemandAvg=0.002310985913421944 seatDemandStdev=0.04835327466776303 seatDemandSmoothed=0.18989665921815654 fairFrac=2.3333333333333335 currentCL=2 concurrencyDenominator=2 backstop=false
2026-06-19T11:20:45.209899645Z I0619 11:20:45.209629      10 apf_controller.go:493] "Update CurrentCL" plName="exempt" seatDemandHighWatermark=1 seatDemandAvg=0.003106708230536863 seatDemandStdev=0.05565120478935903 seatDemandSmoothed=0.18688046805559655 fairFrac=2.3333333333333335 currentCL=1 concurrencyDenominator=1 backstop=false
2026-06-19T11:21:05.211525382Z I0619 11:21:05.211241      10 apf_controller.go:493] "Update CurrentCL" plName="exempt" seatDemandHighWatermark=2 seatDemandAvg=0.005262551077818296 seatDemandStdev=0.07255385961993015 seatDemandSmoothed=0.18138648927073497 fairFrac=2.3333333333333335 currentCL=2 concurrencyDenominator=2 backstop=false
2026-06-19T11:21:15.211724757Z I0619 11:21:15.211514      10 apf_controller.go:493] "Update CurrentCL" plName="exempt" seatDemandHighWatermark=1 seatDemandAvg=0.004350964468623916 seatDemandStdev=0.06581818576059878 seatDemandSmoothed=0.1788284904727802 fairFrac=2.3333333333333335 currentCL=1 concurrencyDenominator=1 backstop=false
2026-06-19T11:21:35.213331622Z I0619 11:21:35.212506      10 apf_controller.go:493] "Update CurrentCL" plName="exempt" seatDemandHighWatermark=2 seatDemandAvg=0.002425329529027631 seatDemandStdev=0.049364566552633334 seatDemandSmoothed=0.17303675231335316 fairFrac=2.3333333333333335 currentCL=2 concurrencyDenominator=2 backstop=false
2026-06-19T11:21:45.213251651Z I0619 11:21:45.212780      10 apf_controller.go:493] "Update CurrentCL" plName="exempt" seatDemandHighWatermark=1 seatDemandAvg=0.003041979981122304 seatDemandStdev=0.05507019465116094 seatDemandSmoothed=0.17039348702668855 fairFrac=2.3333333333333335 currentCL=1 concurrencyDenominator=1 backstop=false
2026-06-19T11:22:05.214685086Z I0619 11:22:05.214421      10 apf_controller.go:493] "Update CurrentCL" plName="exempt" seatDemandHighWatermark=2 seatDemandAvg=0.0070786345069519035 seatDemandStdev=0.08410913061775963 seatDemandSmoothed=0.16582402192359347 fairFrac=2.3333333333333335 currentCL=2 concurrencyDenominator=2 backstop=false
2026-06-19T11:22:15.215969178Z I0619 11:22:15.215743      10 apf_controller.go:493] "Update CurrentCL" plName="exempt" seatDemandHighWatermark=1 seatDemandAvg=0.002727085263640959 seatDemandStdev=0.05215024707137821 seatDemandSmoothed=0.16327224806305626 fairFrac=2.3333333333333335 currentCL=1 concurrencyDenominator=1 backstop=false
2026-06-19T11:22:35.217502041Z I0619 11:22:35.217311      10 apf_controller.go:493] "Update CurrentCL" plName="exempt" seatDemandHighWatermark=2 seatDemandAvg=0.0026847116756944177 seatDemandStdev=0.05203384946418555 seatDemandSmoothed=0.15820737256196563 fairFrac=2.3333333333333335 currentCL=2 concurrencyDenominator=2 backstop=false
2026-06-19T11:22:55.218360565Z I0619 11:22:55.218077      10 apf_controller.go:493] "Update CurrentCL" plName="exempt" seatDemandHighWatermark=1 seatDemandAvg=0.002271834743893885 seatDemandStdev=0.04760959473457343 seatDemandSmoothed=0.15347611851519705 fairFrac=2.3333333333333335 currentCL=1 concurrencyDenominator=1 backstop=false
2026-06-19T11:23:35.221727608Z I0619 11:23:35.221476      10 apf_controller.go:493] "Update CurrentCL" plName="exempt" seatDemandHighWatermark=2 seatDemandAvg=0.002600673007984562 seatDemandStdev=0.051297736359376366 seatDemandSmoothed=0.1456762479868014 fairFrac=2.3333333333333335 currentCL=2 concurrencyDenominator=2 backstop=false
2026-06-19T11:23:45.223071337Z I0619 11:23:45.222848      10 apf_controller.go:493] "Update CurrentCL" plName="exempt" seatDemandHighWatermark=1 seatDemandAvg=0.0031463024771480374 seatDemandStdev=0.05600360040095931 seatDemandSmoothed=0.14368614204930144 fairFrac=2.3333333333333335 currentCL=1 concurrencyDenominator=1 backstop=false
2026-06-19T11:24:03.068986650Z I0619 11:24:03.068442      10 cidrallocator.go:242] syncing ServiceCIDR allocators
2026-06-19T11:24:03.075508825Z I0619 11:24:03.068474      10 cidrallocator.go:278] updated ClusterIP allocator for Service CIDR 100.64.0.0/13
2026-06-19T11:24:03.075628763Z I0619 11:24:03.068481      10 cidrallocator.go:244] syncing ServiceCIDR allocators took: 46.25µs
2026-06-19T11:24:03.277567274Z I0619 11:24:03.265368      10 controller.go:231] Updating CRD OpenAPI spec because vlsingles.operator.victoriametrics.com changed
2026-06-19T11:24:03.310438878Z I0619 11:24:03.308734      10 controller.go:231] Updating CRD OpenAPI spec because vlclusters.operator.victoriametrics.com changed
2026-06-19T11:24:03.310461324Z I0619 11:24:03.309054      10 controller.go:231] Updating CRD OpenAPI spec because vmrules.operator.victoriametrics.com changed
2026-06-19T11:24:03.312046764Z I0619 11:24:03.311110      10 controller.go:231] Updating CRD OpenAPI spec because vmalerts.operator.victoriametrics.com changed
2026-06-19T11:24:03.334358768Z I0619 11:24:03.334166      10 controller.go:231] Updating CRD OpenAPI spec because ciliumclusterwidenetworkpolicies.cilium.io changed
2026-06-19T11:24:03.359374505Z I0619 11:24:03.359189      10 controller.go:231] Updating CRD OpenAPI spec because ciliumcidrgroups.cilium.io changed
2026-06-19T11:24:03.363457282Z I0619 11:24:03.359704      10 controller.go:231] Updating CRD OpenAPI spec because vmusers.operator.victoriametrics.com changed
2026-06-19T11:24:03.382196506Z I0619 11:24:03.377209      10 controller.go:231] Updating CRD OpenAPI spec because vmprobes.operator.victoriametrics.com changed
2026-06-19T11:24:03.382210879Z I0619 11:24:03.381179      10 controller.go:231] Updating CRD OpenAPI spec because vlogs.operator.victoriametrics.com changed
2026-06-19T11:24:03.382639416Z I0619 11:24:03.382488      10 controller.go:231] Updating CRD OpenAPI spec because vmstaticscrapes.operator.victoriametrics.com changed
2026-06-19T11:24:03.382976426Z I0619 11:24:03.382866      10 controller.go:231] Updating CRD OpenAPI spec because vlagents.operator.victoriametrics.com changed
2026-06-19T11:24:03.445512009Z I0619 11:24:03.445254      10 controller.go:231] Updating CRD OpenAPI spec because vmalertmanagerconfigs.operator.victoriametrics.com changed
2026-06-19T11:24:03.445527633Z I0619 11:24:03.445331      10 controller.go:231] Updating CRD OpenAPI spec because vmalertmanagers.operator.victoriametrics.com changed
2026-06-19T11:24:03.445531332Z I0619 11:24:03.445351      10 controller.go:231] Updating CRD OpenAPI spec because vmauths.operator.victoriametrics.com changed
2026-06-19T11:24:03.445567120Z I0619 11:24:03.445366      10 controller.go:231] Updating CRD OpenAPI spec because vtsingles.operator.victoriametrics.com changed
2026-06-19T11:24:03.445572766Z I0619 11:24:03.445392      10 controller.go:231] Updating CRD OpenAPI spec because vmsingles.operator.victoriametrics.com changed
2026-06-19T11:24:03.483106198Z I0619 11:24:03.482895      10 controller.go:231] Updating CRD OpenAPI spec because vtclusters.operator.victoriametrics.com changed
2026-06-19T11:24:03.518082133Z I0619 11:24:03.517421      10 controller.go:231] Updating CRD OpenAPI spec because vmnodescrapes.operator.victoriametrics.com changed
2026-06-19T11:24:03.518095661Z I0619 11:24:03.517654      10 controller.go:231] Updating CRD OpenAPI spec because vmdistributed.operator.victoriametrics.com changed
2026-06-19T11:24:03.521812730Z I0619 11:24:03.521608      10 controller.go:231] Updating CRD OpenAPI spec because ciliumpodippools.cilium.io changed
2026-06-19T11:24:03.522115741Z I0619 11:24:03.521994      10 controller.go:231] Updating CRD OpenAPI spec because ciliumloadbalancerippools.cilium.io changed
2026-06-19T11:24:03.542469996Z I0619 11:24:03.539133      10 controller.go:231] Updating CRD OpenAPI spec because kubenticagents.kubentic.io changed
2026-06-19T11:24:03.543444168Z I0619 11:24:03.543271      10 controller.go:231] Updating CRD OpenAPI spec because ciliumidentities.cilium.io changed
2026-06-19T11:24:03.543629130Z I0619 11:24:03.543521      10 controller.go:231] Updating CRD OpenAPI spec because vmagents.operator.victoriametrics.com changed
2026-06-19T11:24:03.559145190Z I0619 11:24:03.558921      10 controller.go:231] Updating CRD OpenAPI spec because vmclusters.operator.victoriametrics.com changed
2026-06-19T11:24:03.583675185Z I0619 11:24:03.583441      10 controller.go:231] Updating CRD OpenAPI spec because vmscrapeconfigs.operator.victoriametrics.com changed
2026-06-19T11:24:03.583853626Z I0619 11:24:03.583756      10 controller.go:231] Updating CRD OpenAPI spec because ciliumnodes.cilium.io changed
2026-06-19T11:24:03.584679400Z I0619 11:24:03.584530      10 controller.go:231] Updating CRD OpenAPI spec because ciliumendpoints.cilium.io changed
2026-06-19T11:24:03.587058139Z I0619 11:24:03.585144      10 controller.go:231] Updating CRD OpenAPI spec because ciliumnodeconfigs.cilium.io changed
2026-06-19T11:24:03.587937212Z I0619 11:24:03.587280      10 controller.go:231] Updating CRD OpenAPI spec because vmpodscrapes.operator.victoriametrics.com changed
2026-06-19T11:24:03.592182933Z I0619 11:24:03.591982      10 controller.go:231] Updating CRD OpenAPI spec because ciliumnetworkpolicies.cilium.io changed
2026-06-19T11:24:03.592988865Z I0619 11:24:03.592817      10 controller.go:231] Updating CRD OpenAPI spec because ciliuml2announcementpolicies.cilium.io changed
2026-06-19T11:24:03.638197982Z I0619 11:24:03.637473      10 controller.go:231] Updating CRD OpenAPI spec because vmanomalyconfigs.operator.victoriametrics.com changed
2026-06-19T11:24:03.642884793Z I0619 11:24:03.641894      10 controller.go:231] Updating CRD OpenAPI spec because vmanomalies.operator.victoriametrics.com changed
2026-06-19T11:24:03.642899602Z I0619 11:24:03.642440      10 controller.go:231] Updating CRD OpenAPI spec because vmservicescrapes.operator.victoriametrics.com changed
2026-06-19T11:24:05.227611790Z I0619 11:24:05.225117      10 apf_controller.go:493] "Update CurrentCL" plName="exempt" seatDemandHighWatermark=2 seatDemandAvg=0.0040857031823108856 seatDemandStdev=0.06419447669897155 seatDemandSmoothed=0.13993260155813575 fairFrac=2.3333333333333335 currentCL=2 concurrencyDenominator=2 backstop=false
2026-06-19T11:24:15.228540291Z I0619 11:24:15.228272      10 apf_controller.go:493] "Update CurrentCL" plName="exempt" seatDemandHighWatermark=1 seatDemandAvg=0.003870352750578198 seatDemandStdev=0.062091650969871064 seatDemandSmoothed=0.13823127780786895 fairFrac=2.3333333333333335 currentCL=1 concurrencyDenominator=1 backstop=false
2026-06-19T11:24:35.229978602Z I0619 11:24:35.229634      10 apf_controller.go:493] "Update CurrentCL" plName="exempt" seatDemandHighWatermark=2 seatDemandAvg=0.0027892622909798325 seatDemandStdev=0.05299393563298123 seatDemandSmoothed=0.13441368563863013 fairFrac=2.3333333333333335 currentCL=2 concurrencyDenominator=2 backstop=false
2026-06-19T11:24:45.230641832Z I0619 11:24:45.230405      10 apf_controller.go:493] "Update CurrentCL" plName="exempt" seatDemandHighWatermark=1 seatDemandAvg=0.002844737723581982 seatDemandStdev=0.053260165141182314 seatDemandSmoothed=0.1326125836348312 fairFrac=2.3333333333333335 currentCL=1 concurrencyDenominator=1 backstop=false
2026-06-19T11:25:05.233406425Z I0619 11:25:05.232657      10 apf_controller.go:493] "Update CurrentCL" plName="exempt" seatDemandHighWatermark=2 seatDemandAvg=0.011527517855756755 seatDemandStdev=0.10714273988705082 seatDemandSmoothed=0.13067989871821545 fairFrac=2.3333333333333335 currentCL=2 concurrencyDenominator=2 backstop=false
2026-06-19T11:25:15.233738206Z I0619 11:25:15.233387      10 apf_controller.go:493] "Update CurrentCL" plName="exempt" seatDemandHighWatermark=1 seatDemandAvg=0.0032106181133472207 seatDemandStdev=0.05657128286222143 seatDemandSmoothed=0.12904924477013457 fairFrac=2.3333333333333335 currentCL=1 concurrencyDenominator=1 backstop=false
2026-06-19T11:25:35.235225838Z I0619 11:25:35.234986      10 apf_controller.go:493] "Update CurrentCL" plName="exempt" seatDemandHighWatermark=2 seatDemandAvg=0.002538111255997261 seatDemandStdev=0.053671167127994544 seatDemandSmoothed=0.1257453127786652 fairFrac=2.3333333333333335 currentCL=2 concurrencyDenominator=2 backstop=false
2026-06-19T11:25:45.237469592Z I0619 11:25:45.236333      10 apf_controller.go:493] "Update CurrentCL" plName="exempt" seatDemandHighWatermark=1 seatDemandAvg=0.003103219162388294 seatDemandStdev=0.05562004308896641 seatDemandSmoothed=0.12420380561653707 fairFrac=2.3333333333333335 currentCL=1 concurrencyDenominator=1 backstop=false
2026-06-19T11:26:05.238221302Z I0619 11:26:05.237860      10 apf_controller.go:493] "Update CurrentCL" plName="exempt" seatDemandHighWatermark=2 seatDemandAvg=0.011797514161269687 seatDemandStdev=0.10826732825189425 seatDemandSmoothed=0.1224478947429396 fairFrac=2.3333333333333335 currentCL=2 concurrencyDenominator=2 backstop=false
2026-06-19T11:26:15.239058338Z I0619 11:26:15.238814      10 apf_controller.go:493] "Update CurrentCL" plName="exempt" seatDemandHighWatermark=1 seatDemandAvg=0.0023666929982399426 seatDemandStdev=0.048591066694321755 seatDemandSmoothed=0.1208036216367809 fairFrac=2.3333333333333335 currentCL=1 concurrencyDenominator=1 backstop=false
2026-06-19T11:28:05.250237179Z I0619 11:28:05.249965      10 apf_controller.go:493] "Update CurrentCL" plName="exempt" seatDemandHighWatermark=2 seatDemandAvg=0.005212142460359513 seatDemandStdev=0.07236046494525619 seatDemandSmoothed=0.10756050059514632 fairFrac=2.3333333333333335 currentCL=2 concurrencyDenominator=2 backstop=false
2026-06-19T11:28:15.251511421Z I0619 11:28:15.251254      10 apf_controller.go:493] "Update CurrentCL" plName="exempt" seatDemandHighWatermark=1 seatDemandAvg=0.002621075428679609 seatDemandStdev=0.05112930072157041 seatDemandSmoothed=0.10632286773291372 fairFrac=2.3333333333333335 currentCL=1 concurrencyDenominator=1 backstop=false
2026-06-19T11:28:35.253255240Z I0619 11:28:35.252852      10 apf_controller.go:493] "Update CurrentCL" plName="exempt" seatDemandHighWatermark=2 seatDemandAvg=0.0023797327278465945 seatDemandStdev=0.04904332038533027 seatDemandSmoothed=0.10383485026723821 fairFrac=2.3333333333333335 currentCL=2 concurrencyDenominator=2 backstop=false
2026-06-19T11:28:45.254291956Z I0619 11:28:45.254033      10 apf_controller.go:493] "Update CurrentCL" plName="exempt" seatDemandHighWatermark=1 seatDemandAvg=0.0026013791090495077 seatDemandStdev=0.05093733341843199 seatDemandSmoothed=0.10267803909922381 fairFrac=2.3333333333333335 currentCL=1 concurrencyDenominator=1 backstop=false
2026-06-19T11:29:03.296223641Z I0619 11:29:03.288150      10 controller.go:231] Updating CRD OpenAPI spec because vtsingles.operator.victoriametrics.com changed
2026-06-19T11:29:03.319392821Z I0619 11:29:03.319136      10 controller.go:231] Updating CRD OpenAPI spec because vmsingles.operator.victoriametrics.com changed
2026-06-19T11:29:03.328773981Z I0619 11:29:03.328585      10 controller.go:231] Updating CRD OpenAPI spec because vtclusters.operator.victoriametrics.com changed
2026-06-19T11:29:03.337835917Z I0619 11:29:03.337639      10 controller.go:231] Updating CRD OpenAPI spec because vmnodescrapes.operator.victoriametrics.com changed
2026-06-19T11:29:03.338501194Z I0619 11:29:03.338401      10 controller.go:231] Updating CRD OpenAPI spec because vmdistributed.operator.victoriametrics.com changed
2026-06-19T11:29:03.384729026Z I0619 11:29:03.384526      10 controller.go:231] Updating CRD OpenAPI spec because ciliumpodippools.cilium.io changed
2026-06-19T11:29:03.388662657Z I0619 11:29:03.384882      10 controller.go:231] Updating CRD OpenAPI spec because ciliumloadbalancerippools.cilium.io changed
2026-06-19T11:29:03.390043374Z I0619 11:29:03.389890      10 controller.go:231] Updating CRD OpenAPI spec because kubenticagents.kubentic.io changed
2026-06-19T11:29:03.390611234Z I0619 11:29:03.390480      10 controller.go:231] Updating CRD OpenAPI spec because ciliumidentities.cilium.io changed
2026-06-19T11:29:03.390849023Z I0619 11:29:03.390786      10 controller.go:231] Updating CRD OpenAPI spec because vmagents.operator.victoriametrics.com changed
2026-06-19T11:29:03.444722223Z I0619 11:29:03.443361      10 controller.go:231] Updating CRD OpenAPI spec because vmclusters.operator.victoriametrics.com changed
2026-06-19T11:29:03.465451749Z I0619 11:29:03.465292      10 controller.go:231] Updating CRD OpenAPI spec because vmscrapeconfigs.operator.victoriametrics.com changed
2026-06-19T11:29:03.469214272Z I0619 11:29:03.469044      10 controller.go:231] Updating CRD OpenAPI spec because ciliumnodes.cilium.io changed
2026-06-19T11:29:03.470160945Z I0619 11:29:03.470035      10 controller.go:231] Updating CRD OpenAPI spec because ciliumendpoints.cilium.io changed
2026-06-19T11:29:03.470410875Z I0619 11:29:03.470347      10 controller.go:231] Updating CRD OpenAPI spec because ciliumnodeconfigs.cilium.io changed
2026-06-19T11:29:03.497918688Z I0619 11:29:03.497801      10 controller.go:231] Updating CRD OpenAPI spec because vmpodscrapes.operator.victoriametrics.com changed
2026-06-19T11:29:03.524968328Z I0619 11:29:03.524762      10 controller.go:231] Updating CRD OpenAPI spec because ciliumnetworkpolicies.cilium.io changed
2026-06-19T11:29:03.525803408Z I0619 11:29:03.525683      10 controller.go:231] Updating CRD OpenAPI spec because ciliuml2announcementpolicies.cilium.io changed
2026-06-19T11:29:03.526409432Z I0619 11:29:03.526273      10 controller.go:231] Updating CRD OpenAPI spec because vmanomalyconfigs.operator.victoriametrics.com changed
2026-06-19T11:29:03.564065599Z I0619 11:29:03.546653      10 controller.go:231] Updating CRD OpenAPI spec because vmanomalies.operator.victoriametrics.com changed
2026-06-19T11:29:03.566801207Z I0619 11:29:03.566582      10 controller.go:231] Updating CRD OpenAPI spec because vmservicescrapes.operator.victoriametrics.com changed
2026-06-19T11:29:03.567057872Z I0619 11:29:03.566973      10 controller.go:231] Updating CRD OpenAPI spec because vlsingles.operator.victoriametrics.com changed
2026-06-19T11:29:03.580075768Z I0619 11:29:03.579846      10 controller.go:231] Updating CRD OpenAPI spec because vlclusters.operator.victoriametrics.com changed
2026-06-19T11:29:03.581242418Z I0619 11:29:03.581049      10 controller.go:231] Updating CRD OpenAPI spec because vmrules.operator.victoriametrics.com changed
2026-06-19T11:29:03.581498912Z I0619 11:29:03.581368      10 controller.go:231] Updating CRD OpenAPI spec because vmalerts.operator.victoriametrics.com changed
2026-06-19T11:29:03.599453488Z I0619 11:29:03.599224      10 controller.go:231] Updating CRD OpenAPI spec because ciliumclusterwidenetworkpolicies.cilium.io changed
2026-06-19T11:29:03.616685576Z I0619 11:29:03.612595      10 controller.go:231] Updating CRD OpenAPI spec because ciliumcidrgroups.cilium.io changed
2026-06-19T11:29:03.616971545Z I0619 11:29:03.616884      10 controller.go:231] Updating CRD OpenAPI spec because vmusers.operator.victoriametrics.com changed
2026-06-19T11:29:03.635566469Z I0619 11:29:03.635161      10 controller.go:231] Updating CRD OpenAPI spec because vmprobes.operator.victoriametrics.com changed
2026-06-19T11:29:03.640870564Z I0619 11:29:03.638939      10 controller.go:231] Updating CRD OpenAPI spec because vlogs.operator.victoriametrics.com changed
2026-06-19T11:29:03.658816384Z I0619 11:29:03.658619      10 controller.go:231] Updating CRD OpenAPI spec because vmstaticscrapes.operator.victoriametrics.com changed
2026-06-19T11:29:03.681020438Z I0619 11:29:03.680825      10 controller.go:231] Updating CRD OpenAPI spec because vlagents.operator.victoriametrics.com changed
2026-06-19T11:29:03.709958337Z I0619 11:29:03.709759      10 controller.go:231] Updating CRD OpenAPI spec because vmalertmanagerconfigs.operator.victoriametrics.com changed
2026-06-19T11:29:03.710097325Z I0619 11:29:03.709862      10 controller.go:231] Updating CRD OpenAPI spec because vmalertmanagers.operator.victoriametrics.com changed
2026-06-19T11:29:03.744264341Z I0619 11:29:03.744041      10 controller.go:231] Updating CRD OpenAPI spec because vmauths.operator.victoriametrics.com changed
2026-06-19T11:29:05.255661498Z I0619 11:29:05.255023      10 apf_controller.go:493] "Update CurrentCL" plName="exempt" seatDemandHighWatermark=2 seatDemandAvg=0.014494423441697627 seatDemandStdev=0.1207036145625853 seatDemandSmoothed=0.13519803800428293 fairFrac=2.3333333333333335 currentCL=2 concurrencyDenominator=2 backstop=false
2026-06-19T11:29:15.256388488Z I0619 11:29:15.256165      10 apf_controller.go:493] "Update CurrentCL" plName="exempt" seatDemandHighWatermark=1 seatDemandAvg=0.0020144998552895773 seatDemandStdev=0.044837948722288974 seatDemandSmoothed=0.13316608944746874 fairFrac=2.3333333333333335 currentCL=1 concurrencyDenominator=1 backstop=false
2026-06-19T11:31:05.265314000Z I0619 11:31:05.264856      10 apf_controller.go:493] "Update CurrentCL" plName="exempt" seatDemandHighWatermark=2 seatDemandAvg=0.036229417626739285 seatDemandStdev=0.18696605305849448 seatDemandSmoothed=0.22319547068523377 fairFrac=2.3333333333333335 currentCL=2 concurrencyDenominator=2 backstop=false
2026-06-19T11:31:15.265847795Z I0619 11:31:15.265632      10 apf_controller.go:493] "Update CurrentCL" plName="exempt" seatDemandHighWatermark=1 seatDemandAvg=0.00268487636395706 seatDemandStdev=0.051746186360613323 seatDemandSmoothed=0.2193138893021385 fairFrac=2.3333333333333335 currentCL=1 concurrencyDenominator=1 backstop=false
2026-06-19T11:33:35.282803430Z I0619 11:33:35.282509      10 apf_controller.go:493] "Update CurrentCL" plName="exempt" seatDemandHighWatermark=2 seatDemandAvg=0.0024646170584419745 seatDemandStdev=0.049923205211845734 seatDemandSmoothed=0.1759784526049016 fairFrac=2.3333333333333335 currentCL=2 concurrencyDenominator=2 backstop=false
2026-06-19T11:33:45.283756530Z I0619 11:33:45.283502      10 apf_controller.go:493] "Update CurrentCL" plName="exempt" seatDemandHighWatermark=1 seatDemandAvg=0.0027137387772998268 seatDemandStdev=0.0520228257512835 seatDemandSmoothed=0.17318988917914627 fairFrac=2.3333333333333335 currentCL=1 concurrencyDenominator=1 backstop=false
2026-06-19T11:34:03.112242868Z I0619 11:34:03.079358      10 cidrallocator.go:242] syncing ServiceCIDR allocators
2026-06-19T11:34:03.112298331Z I0619 11:34:03.108661      10 cidrallocator.go:278] updated ClusterIP allocator for Service CIDR 100.64.0.0/13
2026-06-19T11:34:03.112302844Z I0619 11:34:03.108679      10 cidrallocator.go:244] syncing ServiceCIDR allocators took: 29.331626ms
2026-06-19T11:34:03.266044458Z I0619 11:34:03.265798      10 controller.go:231] Updating CRD OpenAPI spec because ciliumcidrgroups.cilium.io changed
2026-06-19T11:34:03.275046502Z I0619 11:34:03.274823      10 controller.go:231] Updating CRD OpenAPI spec because vmusers.operator.victoriametrics.com changed
2026-06-19T11:34:03.306446624Z I0619 11:34:03.306072      10 controller.go:231] Updating CRD OpenAPI spec because vmprobes.operator.victoriametrics.com changed
2026-06-19T11:34:03.309496144Z I0619 11:34:03.306801      10 controller.go:231] Updating CRD OpenAPI spec because vlogs.operator.victoriametrics.com changed
2026-06-19T11:34:03.309525116Z I0619 11:34:03.307958      10 controller.go:231] Updating CRD OpenAPI spec because vmstaticscrapes.operator.victoriametrics.com changed
2026-06-19T11:34:03.309529665Z I0619 11:34:03.308378      10 controller.go:231] Updating CRD OpenAPI spec because vlagents.operator.victoriametrics.com changed
2026-06-19T11:34:03.331594431Z I0619 11:34:03.331372      10 controller.go:231] Updating CRD OpenAPI spec because vmalertmanagerconfigs.operator.victoriametrics.com changed
2026-06-19T11:34:03.350835976Z I0619 11:34:03.350674      10 controller.go:231] Updating CRD OpenAPI spec because vmalertmanagers.operator.victoriametrics.com changed
2026-06-19T11:34:03.353240914Z I0619 11:34:03.352941      10 controller.go:231] Updating CRD OpenAPI spec because vmauths.operator.victoriametrics.com changed
2026-06-19T11:34:03.353264841Z I0619 11:34:03.352984      10 controller.go:231] Updating CRD OpenAPI spec because vtsingles.operator.victoriametrics.com changed
2026-06-19T11:34:03.360374293Z I0619 11:34:03.360172      10 controller.go:231] Updating CRD OpenAPI spec because vmsingles.operator.victoriametrics.com changed
2026-06-19T11:34:03.360757330Z I0619 11:34:03.360434      10 controller.go:231] Updating CRD OpenAPI spec because vtclusters.operator.victoriametrics.com changed
2026-06-19T11:34:03.371237666Z I0619 11:34:03.371060      10 controller.go:231] Updating CRD OpenAPI spec because vmnodescrapes.operator.victoriametrics.com changed
2026-06-19T11:34:03.371440757Z I0619 11:34:03.371268      10 controller.go:231] Updating CRD OpenAPI spec because vmdistributed.operator.victoriametrics.com changed
2026-06-19T11:34:03.387004332Z I0619 11:34:03.386817      10 controller.go:231] Updating CRD OpenAPI spec because ciliumpodippools.cilium.io changed
2026-06-19T11:34:03.387450868Z I0619 11:34:03.387240      10 controller.go:231] Updating CRD OpenAPI spec because ciliumloadbalancerippools.cilium.io changed
2026-06-19T11:34:03.387809344Z I0619 11:34:03.387630      10 controller.go:231] Updating CRD OpenAPI spec because kubenticagents.kubentic.io changed
2026-06-19T11:34:03.388414162Z I0619 11:34:03.388280      10 controller.go:231] Updating CRD OpenAPI spec because ciliumidentities.cilium.io changed
2026-06-19T11:34:03.391422734Z I0619 11:34:03.391219      10 controller.go:231] Updating CRD OpenAPI spec because vmagents.operator.victoriametrics.com changed
2026-06-19T11:34:03.413691943Z I0619 11:34:03.412245      10 controller.go:231] Updating CRD OpenAPI spec because vmclusters.operator.victoriametrics.com changed
2026-06-19T11:34:03.489776602Z I0619 11:34:03.489581      10 controller.go:231] Updating CRD OpenAPI spec because vmscrapeconfigs.operator.victoriametrics.com changed
2026-06-19T11:34:03.490467238Z I0619 11:34:03.490282      10 controller.go:231] Updating CRD OpenAPI spec because ciliumnodes.cilium.io changed
2026-06-19T11:34:03.508847259Z I0619 11:34:03.508655      10 controller.go:231] Updating CRD OpenAPI spec because ciliumendpoints.cilium.io changed
2026-06-19T11:34:03.511376903Z I0619 11:34:03.511182      10 controller.go:231] Updating CRD OpenAPI spec because ciliumnodeconfigs.cilium.io changed
2026-06-19T11:34:03.518695422Z I0619 11:34:03.518294      10 controller.go:231] Updating CRD OpenAPI spec because vmpodscrapes.operator.victoriametrics.com changed
2026-06-19T11:34:03.552408504Z I0619 11:34:03.552208      10 controller.go:231] Updating CRD OpenAPI spec because ciliumnetworkpolicies.cilium.io changed
2026-06-19T11:34:03.554933584Z I0619 11:34:03.554712      10 controller.go:231] Updating CRD OpenAPI spec because ciliuml2announcementpolicies.cilium.io changed
2026-06-19T11:34:03.554986148Z I0619 11:34:03.554752      10 controller.go:231] Updating CRD OpenAPI spec because vmanomalyconfigs.operator.victoriametrics.com changed
2026-06-19T11:34:03.556051772Z I0619 11:34:03.555839      10 controller.go:231] Updating CRD OpenAPI spec because vmanomalies.operator.victoriametrics.com changed
2026-06-19T11:34:03.577013051Z I0619 11:34:03.576755      10 controller.go:231] Updating CRD OpenAPI spec because vmservicescrapes.operator.victoriametrics.com changed
2026-06-19T11:34:03.609905971Z I0619 11:34:03.609716      10 controller.go:231] Updating CRD OpenAPI spec because vlsingles.operator.victoriametrics.com changed
2026-06-19T11:34:03.610106763Z I0619 11:34:03.609796      10 controller.go:231] Updating CRD OpenAPI spec because vlclusters.operator.victoriametrics.com changed
2026-06-19T11:34:03.622350534Z I0619 11:34:03.622176      10 controller.go:231] Updating CRD OpenAPI spec because vmrules.operator.victoriametrics.com changed
2026-06-19T11:34:03.632432392Z I0619 11:34:03.632221      10 controller.go:231] Updating CRD OpenAPI spec because vmalerts.operator.victoriametrics.com changed
2026-06-19T11:34:03.633202977Z I0619 11:34:03.633066      10 controller.go:231] Updating CRD OpenAPI spec because ciliumclusterwidenetworkpolicies.cilium.io changed
2026-06-19T11:34:05.284271178Z I0619 11:34:05.284058      10 apf_controller.go:493] "Update CurrentCL" plName="exempt" seatDemandHighWatermark=2 seatDemandAvg=0.01900542780654519 seatDemandStdev=0.13773356241342283 seatDemandSmoothed=0.17014644327668707 fairFrac=2.3333333333333335 currentCL=2 concurrencyDenominator=2 backstop=false
2026-06-19T11:34:15.284706700Z I0619 11:34:15.284436      10 apf_controller.go:493] "Update CurrentCL" plName="exempt" seatDemandHighWatermark=1 seatDemandAvg=0.002150956475816989 seatDemandStdev=0.04632849945828302 seatDemandSmoothed=0.16734810256780755 fairFrac=2.3333333333333335 currentCL=1 concurrencyDenominator=1 backstop=false
2026-06-19T11:34:35.285917513Z I0619 11:34:35.285603      10 apf_controller.go:493] "Update CurrentCL" plName="exempt" seatDemandHighWatermark=2 seatDemandAvg=0.0026637830267265353 seatDemandStdev=0.05172751944931421 seatDemandSmoothed=0.16234861124827438 fairFrac=2.3333333333333335 currentCL=2 concurrencyDenominator=2 backstop=false
2026-06-19T11:34:45.286873633Z I0619 11:34:45.286651      10 apf_controller.go:493] "Update CurrentCL" plName="exempt" seatDemandHighWatermark=1 seatDemandAvg=0.002718398865858524 seatDemandStdev=0.052067352280144065 seatDemandSmoothed=0.1598746654659221 fairFrac=2.3333333333333335 currentCL=1 concurrencyDenominator=1 backstop=false
2026-06-19T11:35:05.288425425Z I0619 11:35:05.288168      10 apf_controller.go:493] "Update CurrentCL" plName="exempt" seatDemandHighWatermark=2 seatDemandAvg=0.01836177727848965 seatDemandStdev=0.13566507972105274 seatDemandSmoothed=0.15736064552069934 fairFrac=2.3333333333333335 currentCL=2 concurrencyDenominator=2 backstop=false
2026-06-19T11:35:15.289259074Z I0619 11:35:15.288870      10 apf_controller.go:493] "Update CurrentCL" plName="exempt" seatDemandHighWatermark=1 seatDemandAvg=0.002925885199477255 seatDemandStdev=0.05401226152714525 seatDemandSmoothed=0.15505092804843557 fairFrac=2.3333333333333335 currentCL=1 concurrencyDenominator=1 backstop=false
2026-06-19T11:38:25.303818416Z I0619 11:38:25.303536      10 apf_controller.go:493] "Update CurrentCL" plName="exempt" seatDemandHighWatermark=2 seatDemandAvg=0.003133198076072413 seatDemandStdev=0.05648983048067302 seatDemandSmoothed=0.17212828365191857 fairFrac=2.3333333333333335 currentCL=2 concurrencyDenominator=2 backstop=false
2026-06-19T11:38:45.305537378Z I0619 11:38:45.305271      10 apf_controller.go:493] "Update CurrentCL" plName="exempt" seatDemandHighWatermark=1 seatDemandAvg=0.0031015665937260415 seatDemandStdev=0.05560527743290851 seatDemandSmoothed=0.1668577381651119 fairFrac=2.3333333333333335 currentCL=1 concurrencyDenominator=1 backstop=false
2026-06-19T11:39:03.272447395Z I0619 11:39:03.266186      10 controller.go:231] Updating CRD OpenAPI spec because vmscrapeconfigs.operator.victoriametrics.com changed
2026-06-19T11:39:03.293517188Z I0619 11:39:03.290834      10 controller.go:231] Updating CRD OpenAPI spec because ciliumnodes.cilium.io changed
2026-06-19T11:39:03.356593827Z I0619 11:39:03.351572      10 controller.go:231] Updating CRD OpenAPI spec because ciliumendpoints.cilium.io changed
2026-06-19T11:39:03.382182749Z I0619 11:39:03.381937      10 controller.go:231] Updating CRD OpenAPI spec because ciliumnodeconfigs.cilium.io changed
2026-06-19T11:39:03.401009995Z I0619 11:39:03.397984      10 controller.go:231] Updating CRD OpenAPI spec because vmpodscrapes.operator.victoriametrics.com changed
2026-06-19T11:39:03.438323378Z I0619 11:39:03.438132      10 controller.go:231] Updating CRD OpenAPI spec because ciliumnetworkpolicies.cilium.io changed
2026-06-19T11:39:03.438660359Z I0619 11:39:03.438572      10 controller.go:231] Updating CRD OpenAPI spec because ciliuml2announcementpolicies.cilium.io changed
2026-06-19T11:39:03.438713166Z I0619 11:39:03.438610      10 controller.go:231] Updating CRD OpenAPI spec because vmanomalyconfigs.operator.victoriametrics.com changed
2026-06-19T11:39:03.454754709Z I0619 11:39:03.454484      10 controller.go:231] Updating CRD OpenAPI spec because vmanomalies.operator.victoriametrics.com changed
2026-06-19T11:39:03.455074231Z I0619 11:39:03.454984      10 controller.go:231] Updating CRD OpenAPI spec because vmservicescrapes.operator.victoriametrics.com changed
2026-06-19T11:39:03.469134735Z I0619 11:39:03.468977      10 controller.go:231] Updating CRD OpenAPI spec because vlsingles.operator.victoriametrics.com changed
2026-06-19T11:39:03.482154767Z I0619 11:39:03.481935      10 controller.go:231] Updating CRD OpenAPI spec because vlclusters.operator.victoriametrics.com changed
2026-06-19T11:39:03.482201021Z I0619 11:39:03.481985      10 controller.go:231] Updating CRD OpenAPI spec because vmrules.operator.victoriametrics.com changed
2026-06-19T11:39:03.489078912Z I0619 11:39:03.488909      10 controller.go:231] Updating CRD OpenAPI spec because vmalerts.operator.victoriametrics.com changed
2026-06-19T11:39:03.489103543Z I0619 11:39:03.488944      10 controller.go:231] Updating CRD OpenAPI spec because ciliumclusterwidenetworkpolicies.cilium.io changed
2026-06-19T11:39:03.510393045Z I0619 11:39:03.510041      10 controller.go:231] Updating CRD OpenAPI spec because ciliumcidrgroups.cilium.io changed
2026-06-19T11:39:03.510934389Z I0619 11:39:03.510832      10 controller.go:231] Updating CRD OpenAPI spec because vmusers.operator.victoriametrics.com changed
2026-06-19T11:39:03.523564291Z I0619 11:39:03.523356      10 controller.go:231] Updating CRD OpenAPI spec because vmprobes.operator.victoriametrics.com changed
2026-06-19T11:39:03.523717813Z I0619 11:39:03.523416      10 controller.go:231] Updating CRD OpenAPI spec because vlogs.operator.victoriametrics.com changed
2026-06-19T11:39:03.536568354Z I0619 11:39:03.536383      10 controller.go:231] Updating CRD OpenAPI spec because vmstaticscrapes.operator.victoriametrics.com changed
2026-06-19T11:39:03.543065908Z I0619 11:39:03.542857      10 controller.go:231] Updating CRD OpenAPI spec because vlagents.operator.victoriametrics.com changed
2026-06-19T11:39:03.543090716Z I0619 11:39:03.542907      10 controller.go:231] Updating CRD OpenAPI spec because vmalertmanagerconfigs.operator.victoriametrics.com changed
2026-06-19T11:39:03.560086105Z I0619 11:39:03.559869      10 controller.go:231] Updating CRD OpenAPI spec because vmalertmanagers.operator.victoriametrics.com changed
2026-06-19T11:39:03.563721140Z I0619 11:39:03.563499      10 controller.go:231] Updating CRD OpenAPI spec because vmauths.operator.victoriametrics.com changed
2026-06-19T11:39:03.563766080Z I0619 11:39:03.563564      10 controller.go:231] Updating CRD OpenAPI spec because vtsingles.operator.victoriametrics.com changed
2026-06-19T11:39:03.568155698Z I0619 11:39:03.567945      10 controller.go:231] Updating CRD OpenAPI spec because vmsingles.operator.victoriametrics.com changed
2026-06-19T11:39:03.568321944Z I0619 11:39:03.568002      10 controller.go:231] Updating CRD OpenAPI spec because vtclusters.operator.victoriametrics.com changed
2026-06-19T11:39:03.590793902Z I0619 11:39:03.572799      10 controller.go:231] Updating CRD OpenAPI spec because vmnodescrapes.operator.victoriametrics.com changed
2026-06-19T11:39:03.590848723Z I0619 11:39:03.582612      10 controller.go:231] Updating CRD OpenAPI spec because vmdistributed.operator.victoriametrics.com changed
2026-06-19T11:39:03.603284418Z I0619 11:39:03.603035      10 controller.go:231] Updating CRD OpenAPI spec because ciliumpodippools.cilium.io changed
2026-06-19T11:39:03.604615314Z I0619 11:39:03.604403      10 controller.go:231] Updating CRD OpenAPI spec because ciliumloadbalancerippools.cilium.io changed
2026-06-19T11:39:03.605048523Z I0619 11:39:03.604902      10 controller.go:231] Updating CRD OpenAPI spec because kubenticagents.kubentic.io changed
2026-06-19T11:39:03.605057276Z I0619 11:39:03.604928      10 controller.go:231] Updating CRD OpenAPI spec because ciliumidentities.cilium.io changed
2026-06-19T11:39:03.626968867Z I0619 11:39:03.626713      10 controller.go:231] Updating CRD OpenAPI spec because vmagents.operator.victoriametrics.com changed
2026-06-19T11:39:03.627114669Z I0619 11:39:03.626798      10 controller.go:231] Updating CRD OpenAPI spec because vmclusters.operator.victoriametrics.com changed
2026-06-19T11:39:05.306855039Z I0619 11:39:05.306326      10 apf_controller.go:493] "Update CurrentCL" plName="exempt" seatDemandHighWatermark=2 seatDemandAvg=0.008617893735110498 seatDemandStdev=0.09474140074400252 seatDemandSmoothed=0.16286149532615563 fairFrac=2.3333333333333335 currentCL=2 concurrencyDenominator=2 backstop=false
2026-06-19T11:39:15.307804073Z I0619 11:39:15.307531      10 apf_controller.go:493] "Update CurrentCL" plName="exempt" seatDemandHighWatermark=1 seatDemandAvg=0.0026105711827285653 seatDemandStdev=0.05102701344218053 seatDemandSmoothed=0.16034934538002696 fairFrac=2.3333333333333335 currentCL=1 concurrencyDenominator=1 backstop=false
2026-06-19T11:39:35.310858191Z I0619 11:39:35.310483      10 apf_controller.go:493] "Update CurrentCL" plName="exempt" seatDemandHighWatermark=2 seatDemandAvg=0.00298226667408815 seatDemandStdev=0.057801275472859216 seatDemandSmoothed=0.1556372291113065 fairFrac=2.3333333333333335 currentCL=2 concurrencyDenominator=2 backstop=false
2026-06-19T11:39:45.312005159Z I0619 11:39:45.311750      10 apf_controller.go:493] "Update CurrentCL" plName="exempt" seatDemandHighWatermark=1 seatDemandAvg=0.0025880641856712992 seatDemandStdev=0.050807146243832126 seatDemandSmoothed=0.15328566268162502 fairFrac=2.3333333333333335 currentCL=1 concurrencyDenominator=1 backstop=false
2026-06-19T11:40:05.313737757Z I0619 11:40:05.313476      10 apf_controller.go:493] "Update CurrentCL" plName="exempt" seatDemandHighWatermark=2 seatDemandAvg=0.02571069197645614 seatDemandStdev=0.15830076073613972 seatDemandSmoothed=0.18401145271259586 fairFrac=2.3333333333333335 currentCL=2 concurrencyDenominator=2 backstop=false
2026-06-19T11:40:15.314521289Z I0619 11:40:15.314277      10 apf_controller.go:493] "Update CurrentCL" plName="exempt" seatDemandHighWatermark=1 seatDemandAvg=0.0029833018865679972 seatDemandStdev=0.05453807657427604 seatDemandSmoothed=0.18110218100480555 fairFrac=2.3333333333333335 currentCL=1 concurrencyDenominator=1 backstop=false
2026-06-19T11:40:35.316057359Z I0619 11:40:35.315681      10 apf_controller.go:493] "Update CurrentCL" plName="exempt" seatDemandHighWatermark=2 seatDemandAvg=0.0025682306661196897 seatDemandStdev=0.05086330102699482 seatDemandSmoothed=0.17526103567761522 fairFrac=2.3333333333333335 currentCL=2 concurrencyDenominator=2 backstop=false
2026-06-19T11:40:45.316599607Z I0619 11:40:45.316321      10 apf_controller.go:493] "Update CurrentCL" plName="exempt" seatDemandHighWatermark=1 seatDemandAvg=0.0034115204322904347 seatDemandStdev=0.058308506760424754 seatDemandSmoothed=0.1726495924824625 fairFrac=2.3333333333333335 currentCL=1 concurrencyDenominator=1 backstop=false
2026-06-19T11:41:05.318046311Z I0619 11:41:05.317731      10 apf_controller.go:493] "Update CurrentCL" plName="exempt" seatDemandHighWatermark=2 seatDemandAvg=0.024104763325792092 seatDemandStdev=0.16545552555388227 seatDemandSmoothed=0.18956028887967435 fairFrac=2.3333333333333335 currentCL=2 concurrencyDenominator=2 backstop=false
2026-06-19T11:41:15.318910395Z I0619 11:41:15.318709      10 apf_controller.go:493] "Update CurrentCL" plName="exempt" seatDemandHighWatermark=1 seatDemandAvg=0.0038748880388367823 seatDemandStdev=0.06212787845664185 seatDemandSmoothed=0.18671846586483787 fairFrac=2.3333333333333335 currentCL=1 concurrencyDenominator=1 backstop=false
2026-06-19T11:41:35.320638377Z I0619 11:41:35.320383      10 apf_controller.go:493] "Update CurrentCL" plName="exempt" seatDemandHighWatermark=2 seatDemandAvg=0.002740465804722036 seatDemandStdev=0.05257081597130507 seatDemandSmoothed=0.18069476431658418 fairFrac=2.3333333333333335 currentCL=2 concurrencyDenominator=2 backstop=false
2026-06-19T11:41:45.321779679Z I0619 11:41:45.321477      10 apf_controller.go:493] "Update CurrentCL" plName="exempt" seatDemandHighWatermark=1 seatDemandAvg=0.0029720894016969173 seatDemandStdev=0.05443579783823544 seatDemandSmoothed=0.1778591661438212 fairFrac=2.3333333333333335 currentCL=1 concurrencyDenominator=1 backstop=false
2026-06-19T11:42:45.326227386Z I0619 11:42:45.325883      10 apf_controller.go:493] "Update CurrentCL" plName="exempt" seatDemandHighWatermark=2 seatDemandAvg=0.003366745525629643 seatDemandStdev=0.05844968559942401 seatDemandSmoothed=0.16338486045060124 fairFrac=2.3333333333333335 currentCL=2 concurrencyDenominator=2 backstop=false
2026-06-19T11:42:55.327216457Z I0619 11:42:55.326867      10 apf_controller.go:493] "Update CurrentCL" plName="exempt" seatDemandHighWatermark=1 seatDemandAvg=0.002483306158792097 seatDemandStdev=0.049770868480606224 seatDemandSmoothed=0.16082885467694358 fairFrac=2.3333333333333335 currentCL=1 concurrencyDenominator=1 backstop=false
2026-06-19T11:43:35.330223790Z I0619 11:43:35.330018      10 apf_controller.go:493] "Update CurrentCL" plName="exempt" seatDemandHighWatermark=2 seatDemandAvg=0.002426629341134438 seatDemandStdev=0.05201733483160018 seatDemandSmoothed=0.15343065837901593 fairFrac=2.3333333333333335 currentCL=2 concurrencyDenominator=2 backstop=false
2026-06-19T11:43:45.331625951Z I0619 11:43:45.331376      10 apf_controller.go:493] "Update CurrentCL" plName="exempt" seatDemandHighWatermark=1 seatDemandAvg=0.003110780844176134 seatDemandStdev=0.05568755594130201 seatDemandSmoothed=0.15125411498236457 fairFrac=2.3333333333333335 currentCL=1 concurrencyDenominator=1 backstop=false
2026-06-19T11:44:03.078724154Z I0619 11:44:03.078444      10 cidrallocator.go:242] syncing ServiceCIDR allocators
2026-06-19T11:44:03.078793729Z I0619 11:44:03.078514      10 cidrallocator.go:278] updated ClusterIP allocator for Service CIDR 100.64.0.0/13
2026-06-19T11:44:03.078834260Z I0619 11:44:03.078523      10 cidrallocator.go:244] syncing ServiceCIDR allocators took: 88.608µs
2026-06-19T11:44:03.268563751Z I0619 11:44:03.268351      10 controller.go:231] Updating CRD OpenAPI spec because vmprobes.operator.victoriametrics.com changed
2026-06-19T11:44:03.305964119Z I0619 11:44:03.305675      10 controller.go:231] Updating CRD OpenAPI spec because vlogs.operator.victoriametrics.com changed
2026-06-19T11:44:03.329994109Z I0619 11:44:03.326113      10 controller.go:231] Updating CRD OpenAPI spec because vmstaticscrapes.operator.victoriametrics.com changed
2026-06-19T11:44:03.345363519Z I0619 11:44:03.345199      10 controller.go:231] Updating CRD OpenAPI spec because vlagents.operator.victoriametrics.com changed
2026-06-19T11:44:03.345790597Z I0619 11:44:03.345665      10 controller.go:231] Updating CRD OpenAPI spec because vmalertmanagerconfigs.operator.victoriametrics.com changed
2026-06-19T11:44:03.399846517Z I0619 11:44:03.399630      10 controller.go:231] Updating CRD OpenAPI spec because vmalertmanagers.operator.victoriametrics.com changed
2026-06-19T11:44:03.400191720Z I0619 11:44:03.400085      10 controller.go:231] Updating CRD OpenAPI spec because vmauths.operator.victoriametrics.com changed
2026-06-19T11:44:03.436104585Z I0619 11:44:03.430707      10 controller.go:231] Updating CRD OpenAPI spec because vtsingles.operator.victoriametrics.com changed
2026-06-19T11:44:03.436125713Z I0619 11:44:03.435813      10 controller.go:231] Updating CRD OpenAPI spec because vmsingles.operator.victoriametrics.com changed
2026-06-19T11:44:03.464625539Z I0619 11:44:03.459802      10 controller.go:231] Updating CRD OpenAPI spec because vtclusters.operator.victoriametrics.com changed
2026-06-19T11:44:03.476447449Z I0619 11:44:03.476227      10 controller.go:231] Updating CRD OpenAPI spec because vmnodescrapes.operator.victoriametrics.com changed
2026-06-19T11:44:03.502291222Z I0619 11:44:03.501994      10 controller.go:231] Updating CRD OpenAPI spec because vmdistributed.operator.victoriametrics.com changed
2026-06-19T11:44:03.502992264Z I0619 11:44:03.502847      10 controller.go:231] Updating CRD OpenAPI spec because ciliumpodippools.cilium.io changed
2026-06-19T11:44:03.503077050Z I0619 11:44:03.503023      10 controller.go:231] Updating CRD OpenAPI spec because ciliumloadbalancerippools.cilium.io changed
2026-06-19T11:44:03.503154370Z I0619 11:44:03.503110      10 controller.go:231] Updating CRD OpenAPI spec because kubenticagents.kubentic.io changed
2026-06-19T11:44:03.540943099Z I0619 11:44:03.540671      10 controller.go:231] Updating CRD OpenAPI spec because ciliumidentities.cilium.io changed
2026-06-19T11:44:03.558466133Z I0619 11:44:03.558182      10 controller.go:231] Updating CRD OpenAPI spec because vmagents.operator.victoriametrics.com changed
2026-06-19T11:44:03.559681108Z I0619 11:44:03.559488      10 controller.go:231] Updating CRD OpenAPI spec because vmclusters.operator.victoriametrics.com changed
2026-06-19T11:44:03.627874652Z I0619 11:44:03.627684      10 controller.go:231] Updating CRD OpenAPI spec because vmscrapeconfigs.operator.victoriametrics.com changed
2026-06-19T11:44:03.627889986Z I0619 11:44:03.627728      10 controller.go:231] Updating CRD OpenAPI spec because ciliumnodes.cilium.io changed
2026-06-19T11:44:03.629770493Z I0619 11:44:03.629223      10 controller.go:231] Updating CRD OpenAPI spec because ciliumendpoints.cilium.io changed
2026-06-19T11:44:03.635825139Z I0619 11:44:03.635640      10 controller.go:231] Updating CRD OpenAPI spec because ciliumnodeconfigs.cilium.io changed
2026-06-19T11:44:03.670911753Z I0619 11:44:03.670700      10 controller.go:231] Updating CRD OpenAPI spec because vmpodscrapes.operator.victoriametrics.com changed
2026-06-19T11:44:03.671526706Z I0619 11:44:03.670880      10 controller.go:231] Updating CRD OpenAPI spec because ciliumnetworkpolicies.cilium.io changed
2026-06-19T11:44:03.696210351Z I0619 11:44:03.696025      10 controller.go:231] Updating CRD OpenAPI spec because ciliuml2announcementpolicies.cilium.io changed
2026-06-19T11:44:03.696224223Z I0619 11:44:03.696067      10 controller.go:231] Updating CRD OpenAPI spec because vmanomalyconfigs.operator.victoriametrics.com changed
2026-06-19T11:44:03.713869460Z I0619 11:44:03.713677      10 controller.go:231] Updating CRD OpenAPI spec because vmanomalies.operator.victoriametrics.com changed
2026-06-19T11:44:03.735897840Z I0619 11:44:03.735689      10 controller.go:231] Updating CRD OpenAPI spec because vmservicescrapes.operator.victoriametrics.com changed
2026-06-19T11:44:03.735913525Z I0619 11:44:03.735749      10 controller.go:231] Updating CRD OpenAPI spec because vlsingles.operator.victoriametrics.com changed
2026-06-19T11:44:03.755194814Z I0619 11:44:03.755003      10 controller.go:231] Updating CRD OpenAPI spec because vlclusters.operator.victoriametrics.com changed
2026-06-19T11:44:03.756886670Z I0619 11:44:03.756669      10 controller.go:231] Updating CRD OpenAPI spec because vmrules.operator.victoriametrics.com changed
2026-06-19T11:44:03.766866891Z I0619 11:44:03.766625      10 controller.go:231] Updating CRD OpenAPI spec because vmalerts.operator.victoriametrics.com changed
2026-06-19T11:44:03.767074529Z I0619 11:44:03.766959      10 controller.go:231] Updating CRD OpenAPI spec because ciliumclusterwidenetworkpolicies.cilium.io changed
2026-06-19T11:44:03.806815787Z I0619 11:44:03.806623      10 controller.go:231] Updating CRD OpenAPI spec because ciliumcidrgroups.cilium.io changed
2026-06-19T11:44:03.807867884Z I0619 11:44:03.807697      10 controller.go:231] Updating CRD OpenAPI spec because vmusers.operator.victoriametrics.com changed
2026-06-19T11:44:05.333745345Z I0619 11:44:05.333322      10 apf_controller.go:493] "Update CurrentCL" plName="exempt" seatDemandHighWatermark=2 seatDemandAvg=0.0070508919065460285 seatDemandStdev=0.08380618105780661 seatDemandSmoothed=0.147614120001771 fairFrac=2.3333333333333335 currentCL=2 concurrencyDenominator=2 backstop=false
2026-06-19T11:44:15.334019447Z I0619 11:44:15.333736      10 apf_controller.go:493] "Update CurrentCL" plName="exempt" seatDemandHighWatermark=1 seatDemandAvg=0.003965953978162823 seatDemandStdev=0.06285081691757011 seatDemandSmoothed=0.14575578097233213 fairFrac=2.3333333333333335 currentCL=1 concurrencyDenominator=1 backstop=false
2026-06-19T11:44:35.336365487Z I0619 11:44:35.336134      10 apf_controller.go:493] "Update CurrentCL" plName="exempt" seatDemandHighWatermark=2 seatDemandAvg=0.0024278043888218176 seatDemandStdev=0.04966786804550534 seatDemandSmoothed=0.14142361776698356 fairFrac=2.3333333333333335 currentCL=2 concurrencyDenominator=2 backstop=false
2026-06-19T11:44:45.337442771Z I0619 11:44:45.337173      10 apf_controller.go:493] "Update CurrentCL" plName="exempt" seatDemandHighWatermark=1 seatDemandAvg=0.003329048446112744 seatDemandStdev=0.05760178714724204 seatDemandSmoothed=0.13957228377699007 fairFrac=2.3333333333333335 currentCL=1 concurrencyDenominator=1 backstop=false
2026-06-19T11:45:05.339385618Z I0619 11:45:05.339129      10 apf_controller.go:493] "Update CurrentCL" plName="exempt" seatDemandHighWatermark=2 seatDemandAvg=0.007767307260005697 seatDemandStdev=0.08810225071154268 seatDemandSmoothed=0.13652807945742138 fairFrac=2.3333333333333335 currentCL=2 concurrencyDenominator=2 backstop=false
2026-06-19T11:45:15.339952412Z I0619 11:45:15.339713      10 apf_controller.go:493] "Update CurrentCL" plName="exempt" seatDemandHighWatermark=1 seatDemandAvg=0.004395976140586728 seatDemandStdev=0.06615626602490592 seatDemandSmoothed=0.135010635199707 fairFrac=2.3333333333333335 currentCL=1 concurrencyDenominator=1 backstop=false
2026-06-19T11:45:35.340792981Z I0619 11:45:35.340534      10 apf_controller.go:493] "Update CurrentCL" plName="exempt" seatDemandHighWatermark=2 seatDemandAvg=0.002910928598164171 seatDemandStdev=0.05404679085258362 seatDemandSmoothed=0.13155547817342655 fairFrac=2.3333333333333335 currentCL=2 concurrencyDenominator=2 backstop=false
2026-06-19T11:45:45.342472489Z I0619 11:45:45.341874      10 apf_controller.go:493] "Update CurrentCL" plName="exempt" seatDemandHighWatermark=1 seatDemandAvg=0.0033186428073939955 seatDemandStdev=0.05751199368228272 seatDemandSmoothed=0.12992880681470032 fairFrac=2.3333333333333335 currentCL=1 concurrencyDenominator=1 backstop=false
2026-06-19T11:46:02.582663613Z I0619 11:46:02.579771      10 trace.go:236] Trace[1793011859]: "Update" accept:application/vnd.kubernetes.protobuf,application/json,audit-id:109ed288-fe23-4a27-ba3c-e21126c9f3bd,client:172.20.237.164,api-group:coordination.k8s.io,api-version:v1,name:i-0d94ada325e8491c5,subresource:,namespace:kube-node-lease,protocol:HTTP/2.0,resource:leases,scope:resource,url:/apis/coordination.k8s.io/v1/namespaces/kube-node-lease/leases/i-0d94ada325e8491c5,user-agent:kubelet/v1.35.1 (linux/amd64) kubernetes/8fea90b,verb:PUT (19-Jun-2026 11:46:01.818) (total time: 761ms):
2026-06-19T11:46:02.582694190Z Trace[1793011859]: ["GuaranteedUpdate etcd3" audit-id:109ed288-fe23-4a27-ba3c-e21126c9f3bd,key:/leases/kube-node-lease/i-0d94ada325e8491c5,type:*coordination.Lease,group:coordination.k8s.io,resource:leases 761ms (11:46:01.818)
2026-06-19T11:46:02.582699833Z Trace[1793011859]:  ---"About to Encode" 529ms (11:46:02.348)
2026-06-19T11:46:02.582703944Z Trace[1793011859]:  ---"Txn call completed" 228ms (11:46:02.576)]
2026-06-19T11:46:02.582707128Z Trace[1793011859]: [761.676115ms] [761.676115ms] END
2026-06-19T11:46:05.348961962Z I0619 11:46:05.344835      10 apf_controller.go:493] "Update CurrentCL" plName="exempt" seatDemandHighWatermark=2 seatDemandAvg=0.011138879414326307 seatDemandStdev=0.10500889165798982 seatDemandSmoothed=0.12787527506741328 fairFrac=2.3333333333333335 currentCL=2 concurrencyDenominator=2 backstop=false
2026-06-19T11:46:15.346472810Z I0619 11:46:15.346279      10 apf_controller.go:493] "Update CurrentCL" plName="exempt" seatDemandHighWatermark=1 seatDemandAvg=0.002997270774431073 seatDemandStdev=0.05466522790893508 seatDemandSmoothed=0.1262603812105802 fairFrac=2.3333333333333335 currentCL=1 concurrencyDenominator=1 backstop=false
2026-06-19T11:46:35.347929895Z I0619 11:46:35.347679      10 apf_controller.go:493] "Update CurrentCL" plName="exempt" seatDemandHighWatermark=2 seatDemandAvg=0.002449955179229262 seatDemandStdev=0.04970464269908522 seatDemandSmoothed=0.12306974310407938 fairFrac=2.3333333333333335 currentCL=2 concurrencyDenominator=2 backstop=false
2026-06-19T11:46:45.348637408Z I0619 11:46:45.348371      10 apf_controller.go:493] "Update CurrentCL" plName="exempt" seatDemandHighWatermark=1 seatDemandAvg=0.003099336539734942 seatDemandStdev=0.0555853456654576 seatDemandSmoothed=0.12158888670340498 fairFrac=2.3333333333333335 currentCL=1 concurrencyDenominator=1 backstop=false
2026-06-19T11:47:05.350313410Z I0619 11:47:05.349755      10 apf_controller.go:493] "Update CurrentCL" plName="exempt" seatDemandHighWatermark=2 seatDemandAvg=0.010164840555054256 seatDemandStdev=0.10068386876158712 seatDemandSmoothed=0.11970010867430766 fairFrac=2.3333333333333335 currentCL=2 concurrencyDenominator=2 backstop=false
2026-06-19T11:47:15.350927514Z I0619 11:47:15.350681      10 apf_controller.go:493] "Update CurrentCL" plName="exempt" seatDemandHighWatermark=1 seatDemandAvg=0.002527638322601634 seatDemandStdev=0.050212044044350056 seatDemandSmoothed=0.11816001886923848 fairFrac=2.3333333333333335 currentCL=1 concurrencyDenominator=1 backstop=false
2026-06-19T11:49:03.279128105Z I0619 11:49:03.276361      10 controller.go:231] Updating CRD OpenAPI spec because vmalertmanagers.operator.victoriametrics.com changed
2026-06-19T11:49:03.303057077Z I0619 11:49:03.302858      10 controller.go:231] Updating CRD OpenAPI spec because vmauths.operator.victoriametrics.com changed
2026-06-19T11:49:03.303077457Z I0619 11:49:03.302903      10 controller.go:231] Updating CRD OpenAPI spec because vtsingles.operator.victoriametrics.com changed
2026-06-19T11:49:03.319389525Z I0619 11:49:03.319080      10 controller.go:231] Updating CRD OpenAPI spec because vmsingles.operator.victoriametrics.com changed
2026-06-19T11:49:03.319407760Z I0619 11:49:03.319249      10 controller.go:231] Updating CRD OpenAPI spec because vtclusters.operator.victoriametrics.com changed
2026-06-19T11:49:03.356385601Z I0619 11:49:03.354485      10 controller.go:231] Updating CRD OpenAPI spec because vmnodescrapes.operator.victoriametrics.com changed
2026-06-19T11:49:03.357499554Z I0619 11:49:03.357364      10 controller.go:231] Updating CRD OpenAPI spec because vmdistributed.operator.victoriametrics.com changed
2026-06-19T11:49:03.357902903Z I0619 11:49:03.357795      10 controller.go:231] Updating CRD OpenAPI spec because ciliumpodippools.cilium.io changed
2026-06-19T11:49:03.361517773Z I0619 11:49:03.360767      10 controller.go:231] Updating CRD OpenAPI spec because ciliumloadbalancerippools.cilium.io changed
2026-06-19T11:49:03.370407150Z I0619 11:49:03.366371      10 controller.go:231] Updating CRD OpenAPI spec because kubenticagents.kubentic.io changed
2026-06-19T11:49:03.370425807Z I0619 11:49:03.366414      10 controller.go:231] Updating CRD OpenAPI spec because ciliumidentities.cilium.io changed
2026-06-19T11:49:03.386854512Z I0619 11:49:03.386606      10 controller.go:231] Updating CRD OpenAPI spec because vmagents.operator.victoriametrics.com changed
2026-06-19T11:49:03.412729136Z I0619 11:49:03.409484      10 controller.go:231] Updating CRD OpenAPI spec because vmclusters.operator.victoriametrics.com changed
2026-06-19T11:49:03.430021745Z I0619 11:49:03.429839      10 controller.go:231] Updating CRD OpenAPI spec because vmscrapeconfigs.operator.victoriametrics.com changed
2026-06-19T11:49:03.436720711Z I0619 11:49:03.435871      10 controller.go:231] Updating CRD OpenAPI spec because ciliumnodes.cilium.io changed
2026-06-19T11:49:03.437631149Z I0619 11:49:03.435943      10 controller.go:231] Updating CRD OpenAPI spec because ciliumendpoints.cilium.io changed
2026-06-19T11:49:03.459035321Z I0619 11:49:03.458049      10 controller.go:231] Updating CRD OpenAPI spec because ciliumnodeconfigs.cilium.io changed
2026-06-19T11:49:03.462321981Z I0619 11:49:03.461704      10 controller.go:231] Updating CRD OpenAPI spec because vmpodscrapes.operator.victoriametrics.com changed
2026-06-19T11:49:03.487476124Z I0619 11:49:03.487276      10 controller.go:231] Updating CRD OpenAPI spec because ciliumnetworkpolicies.cilium.io changed
2026-06-19T11:49:03.490350077Z I0619 11:49:03.487934      10 controller.go:231] Updating CRD OpenAPI spec because ciliuml2announcementpolicies.cilium.io changed
2026-06-19T11:49:03.490931211Z I0619 11:49:03.490798      10 controller.go:231] Updating CRD OpenAPI spec because vmanomalyconfigs.operator.victoriametrics.com changed
2026-06-19T11:49:03.491054047Z I0619 11:49:03.490850      10 controller.go:231] Updating CRD OpenAPI spec because vmanomalies.operator.victoriametrics.com changed
2026-06-19T11:49:03.541417995Z I0619 11:49:03.541246      10 controller.go:231] Updating CRD OpenAPI spec because vmservicescrapes.operator.victoriametrics.com changed
2026-06-19T11:49:03.542463464Z I0619 11:49:03.542317      10 controller.go:231] Updating CRD OpenAPI spec because vlsingles.operator.victoriametrics.com changed
2026-06-19T11:49:03.555048526Z I0619 11:49:03.554848      10 controller.go:231] Updating CRD OpenAPI spec because vlclusters.operator.victoriametrics.com changed
2026-06-19T11:49:03.555734818Z I0619 11:49:03.555498      10 controller.go:231] Updating CRD OpenAPI spec because vmrules.operator.victoriametrics.com changed
2026-06-19T11:49:03.577534596Z I0619 11:49:03.577329      10 controller.go:231] Updating CRD OpenAPI spec because vmalerts.operator.victoriametrics.com changed
2026-06-19T11:49:03.577563052Z I0619 11:49:03.577377      10 controller.go:231] Updating CRD OpenAPI spec because ciliumclusterwidenetworkpolicies.cilium.io changed
2026-06-19T11:49:03.577897308Z I0619 11:49:03.577791      10 controller.go:231] Updating CRD OpenAPI spec because ciliumcidrgroups.cilium.io changed
2026-06-19T11:49:03.580331183Z I0619 11:49:03.580165      10 controller.go:231] Updating CRD OpenAPI spec because vmusers.operator.victoriametrics.com changed
2026-06-19T11:49:03.581720369Z I0619 11:49:03.581492      10 controller.go:231] Updating CRD OpenAPI spec because vmprobes.operator.victoriametrics.com changed
2026-06-19T11:49:03.581850188Z I0619 11:49:03.581772      10 controller.go:231] Updating CRD OpenAPI spec because vlogs.operator.victoriametrics.com changed
2026-06-19T11:49:03.590260782Z I0619 11:49:03.589972      10 controller.go:231] Updating CRD OpenAPI spec because vmstaticscrapes.operator.victoriametrics.com changed
2026-06-19T11:49:03.609971113Z I0619 11:49:03.609761      10 controller.go:231] Updating CRD OpenAPI spec because vlagents.operator.victoriametrics.com changed
2026-06-19T11:49:03.609997355Z I0619 11:49:03.609812      10 controller.go:231] Updating CRD OpenAPI spec because vmalertmanagerconfigs.operator.victoriametrics.com changed
2026-06-19T11:51:05.371325170Z I0619 11:51:05.371081      10 apf_controller.go:493] "Update CurrentCL" plName="exempt" seatDemandHighWatermark=2 seatDemandAvg=0.01153362600827192 seatDemandStdev=0.10776162288711214 seatDemandSmoothed=0.1431509315160949 fairFrac=2.3333333333333335 currentCL=2 concurrencyDenominator=2 backstop=false
2026-06-19T11:51:15.372144323Z I0619 11:51:15.371930      10 apf_controller.go:493] "Update CurrentCL" plName="exempt" seatDemandHighWatermark=1 seatDemandAvg=0.0022802285278051846 seatDemandStdev=0.047697264970500856 seatDemandSmoothed=0.14100794244168574 fairFrac=2.3333333333333335 currentCL=1 concurrencyDenominator=1 backstop=false
2026-06-19T11:53:15.378824468Z I0619 11:53:15.378506      10 apf_controller.go:493] "Update CurrentCL" plName="exempt" seatDemandHighWatermark=2 seatDemandAvg=0.059768272277632324 seatDemandStdev=0.3367756874863374 seatDemandSmoothed=0.3965439597639697 fairFrac=2.3333333333333335 currentCL=2 concurrencyDenominator=2 backstop=false
2026-06-19T11:53:18.134123866Z I0619 11:53:18.133250      10 trace.go:236] Trace[1750388434]: "Update" accept:application/vnd.kubernetes.protobuf,application/json,audit-id:0489f574-35b3-4de0-98e0-58b74be28582,client:202.47.35.113,api-group:,api-version:v1,name:sh.helm.release.v1.kubentic.v1,subresource:,namespace:kubentic-foresight,protocol:HTTP/2.0,resource:secrets,scope:resource,url:/api/v1/namespaces/kubentic-foresight/secrets/sh.helm.release.v1.kubentic.v1,user-agent:Helm/4.0.4,verb:PUT (19-Jun-2026 11:53:16.926) (total time: 1206ms):
2026-06-19T11:53:18.134165118Z Trace[1750388434]: ---"limitedReadBody succeeded" len:161677 1187ms (11:53:18.113)
2026-06-19T11:53:18.134169436Z Trace[1750388434]: [1.206673218s] [1.206673218s] END
2026-06-19T11:53:21.744278964Z I0619 11:53:21.743861      10 trace.go:236] Trace[1838957527]: "Update" accept:application/vnd.kubernetes.protobuf,application/json,audit-id:fc1e0a48-f400-4352-9529-f28a0bbaca3d,client:202.47.35.113,api-group:,api-version:v1,name:sh.helm.release.v1.kubentic.v1,subresource:,namespace:kubentic-foresight,protocol:HTTP/2.0,resource:secrets,scope:resource,url:/api/v1/namespaces/kubentic-foresight/secrets/sh.helm.release.v1.kubentic.v1,user-agent:Helm/4.0.4,verb:PUT (19-Jun-2026 11:53:20.830) (total time: 913ms):
2026-06-19T11:53:21.744317568Z Trace[1838957527]: ---"limitedReadBody succeeded" len:161717 894ms (11:53:21.724)
2026-06-19T11:53:21.744321781Z Trace[1838957527]: [913.41248ms] [913.41248ms] END
2026-06-19T11:53:24.909753797Z I0619 11:53:24.909493      10 trace.go:236] Trace[456438987]: "Update" accept:application/vnd.kubernetes.protobuf,application/json,audit-id:503e09e6-e1a0-4280-9acc-fa82a2bfe1ef,client:202.47.35.113,api-group:,api-version:v1,name:sh.helm.release.v1.kubentic.v1,subresource:,namespace:kubentic-foresight,protocol:HTTP/2.0,resource:secrets,scope:resource,url:/api/v1/namespaces/kubentic-foresight/secrets/sh.helm.release.v1.kubentic.v1,user-agent:Helm/4.0.4,verb:PUT (19-Jun-2026 11:53:24.280) (total time: 628ms):
2026-06-19T11:53:24.909771894Z Trace[456438987]: ---"limitedReadBody succeeded" len:161749 609ms (11:53:24.890)
2026-06-19T11:53:24.909960641Z Trace[456438987]: [628.69793ms] [628.69793ms] END
2026-06-19T11:53:28.087485547Z I0619 11:53:28.087203      10 trace.go:236] Trace[1738583627]: "Update" accept:application/vnd.kubernetes.protobuf,application/json,audit-id:33f16672-f7ec-4e18-9745-a8c034e2c5ba,client:202.47.35.113,api-group:,api-version:v1,name:sh.helm.release.v1.kubentic.v1,subresource:,namespace:kubentic-foresight,protocol:HTTP/2.0,resource:secrets,scope:resource,url:/api/v1/namespaces/kubentic-foresight/secrets/sh.helm.release.v1.kubentic.v1,user-agent:Helm/4.0.4,verb:PUT (19-Jun-2026 11:53:27.479) (total time: 605ms):
2026-06-19T11:53:28.087611647Z Trace[1738583627]: ---"limitedReadBody succeeded" len:161777 581ms (11:53:28.060)
2026-06-19T11:53:28.087615412Z Trace[1738583627]: [605.801106ms] [605.801106ms] END
2026-06-19T11:53:31.811483315Z I0619 11:53:31.809481      10 cacher.go:855] cacher (secrets): 1 objects queued in incoming channel.
2026-06-19T11:53:31.811498149Z I0619 11:53:31.809507      10 cacher.go:855] cacher (secrets): 2 objects queued in incoming channel.
2026-06-19T11:53:36.510311500Z I0619 11:53:36.510063      10 trace.go:236] Trace[1933606921]: "Update" accept:application/vnd.kubernetes.protobuf,application/json,audit-id:5f688d42-bb77-4e89-ba88-f6184712f229,client:202.47.35.113,api-group:,api-version:v1,name:sh.helm.release.v1.kubentic.v1,subresource:,namespace:kubentic-foresight,protocol:HTTP/2.0,resource:secrets,scope:resource,url:/api/v1/namespaces/kubentic-foresight/secrets/sh.helm.release.v1.kubentic.v1,user-agent:Helm/4.0.4,verb:PUT (19-Jun-2026 11:53:35.450) (total time: 1059ms):
2026-06-19T11:53:36.510329482Z Trace[1933606921]: ---"limitedReadBody succeeded" len:161785 1043ms (11:53:36.493)
2026-06-19T11:53:36.510333049Z Trace[1933606921]: [1.059917385s] [1.059917385s] END
2026-06-19T11:53:38.399240431Z I0619 11:53:38.396622      10 cacher.go:855] cacher (services): 1 objects queued in incoming channel.
2026-06-19T11:53:38.399283173Z I0619 11:53:38.398342      10 cacher.go:855] cacher (services): 2 objects queued in incoming channel.
2026-06-19T11:53:38.435144135Z I0619 11:53:38.432372      10 cacher.go:855] cacher (endpoints): 3 objects queued in incoming channel.
2026-06-19T11:53:38.435159298Z I0619 11:53:38.432401      10 cacher.go:855] cacher (endpoints): 4 objects queued in incoming channel.
2026-06-19T11:53:38.444088882Z I0619 11:53:38.443880      10 cacher.go:855] cacher (endpointslices.discovery.k8s.io): 1 objects queued in incoming channel.
2026-06-19T11:53:38.444109503Z I0619 11:53:38.443903      10 cacher.go:855] cacher (endpointslices.discovery.k8s.io): 2 objects queued in incoming channel.
2026-06-19T11:53:39.746814987Z I0619 11:53:39.745341      10 cacher.go:855] cacher (rolebindings.rbac.authorization.k8s.io): 1 objects queued in incoming channel.
2026-06-19T11:53:39.746839982Z I0619 11:53:39.745369      10 cacher.go:855] cacher (rolebindings.rbac.authorization.k8s.io): 2 objects queued in incoming channel.
2026-06-19T11:53:40.043439826Z I0619 11:53:40.042705      10 cacher.go:855] cacher (roles.rbac.authorization.k8s.io): 1 objects queued in incoming channel.
2026-06-19T11:53:40.342803353Z I0619 11:53:40.342420      10 cacher.go:855] cacher (clusterrolebindings.rbac.authorization.k8s.io): 3 objects queued in incoming channel.
2026-06-19T11:53:40.342892679Z I0619 11:53:40.342442      10 cacher.go:855] cacher (clusterrolebindings.rbac.authorization.k8s.io): 4 objects queued in incoming channel.
2026-06-19T11:53:40.968626808Z I0619 11:53:40.966813      10 cacher.go:855] cacher (configmaps): 3 objects queued in incoming channel.
2026-06-19T11:53:40.968647852Z I0619 11:53:40.966837      10 cacher.go:855] cacher (configmaps): 4 objects queued in incoming channel.
2026-06-19T11:53:40.974903478Z I0619 11:53:40.974699      10 cacher.go:855] cacher (configmaps): 5 objects queued in incoming channel.
2026-06-19T11:53:40.974920171Z I0619 11:53:40.974726      10 cacher.go:855] cacher (configmaps): 6 objects queued in incoming channel.
2026-06-19T11:53:40.974924321Z I0619 11:53:40.974736      10 cacher.go:855] cacher (configmaps): 7 objects queued in incoming channel.
2026-06-19T11:53:40.974927924Z I0619 11:53:40.974740      10 cacher.go:855] cacher (configmaps): 8 objects queued in incoming channel.
2026-06-19T11:53:40.974944311Z I0619 11:53:40.974749      10 cacher.go:855] cacher (configmaps): 9 objects queued in incoming channel.
2026-06-19T11:53:40.974970526Z I0619 11:53:40.974754      10 cacher.go:855] cacher (configmaps): 10 objects queued in incoming channel.
2026-06-19T11:53:40.974973992Z I0619 11:53:40.974762      10 cacher.go:855] cacher (configmaps): 11 objects queued in incoming channel.
2026-06-19T11:53:40.974977349Z I0619 11:53:40.974767      10 cacher.go:855] cacher (configmaps): 12 objects queued in incoming channel.
2026-06-19T11:53:45.379690800Z I0619 11:53:45.379382      10 apf_controller.go:493] "Update CurrentCL" plName="exempt" seatDemandHighWatermark=16 seatDemandAvg=0.24349219036143882 seatDemandStdev=1.099627712800202 seatDemandSmoothed=1.343119903161641 fairFrac=2.3333333333333335 currentCL=16 concurrencyDenominator=16 backstop=false
2026-06-19T11:53:55.380845430Z I0619 11:53:55.380512      10 apf_controller.go:493] "Update CurrentCL" plName="exempt" seatDemandHighWatermark=2 seatDemandAvg=0.00400712742859712 seatDemandStdev=0.06594957439477485 seatDemandSmoothed=1.313837149530861 fairFrac=2.3333333333333335 currentCL=2 concurrencyDenominator=2 backstop=false
2026-06-19T11:54:03.079934274Z I0619 11:54:03.079768      10 cidrallocator.go:242] syncing ServiceCIDR allocators
2026-06-19T11:54:03.079964652Z I0619 11:54:03.079804      10 cidrallocator.go:278] updated ClusterIP allocator for Service CIDR 100.64.0.0/13
2026-06-19T11:54:03.079968458Z I0619 11:54:03.079812      10 cidrallocator.go:244] syncing ServiceCIDR allocators took: 69.736µs
2026-06-19T11:54:03.307667646Z I0619 11:54:03.299121      10 controller.go:231] Updating CRD OpenAPI spec because vtsingles.operator.victoriametrics.com changed
2026-06-19T11:54:03.328209999Z I0619 11:54:03.321838      10 controller.go:231] Updating CRD OpenAPI spec because vmsingles.operator.victoriametrics.com changed
2026-06-19T11:54:03.354422129Z I0619 11:54:03.354169      10 controller.go:231] Updating CRD OpenAPI spec because vtclusters.operator.victoriametrics.com changed
2026-06-19T11:54:03.355006406Z I0619 11:54:03.354715      10 controller.go:231] Updating CRD OpenAPI spec because vmnodescrapes.operator.victoriametrics.com changed
2026-06-19T11:54:03.399141642Z I0619 11:54:03.398986      10 controller.go:231] Updating CRD OpenAPI spec because vmdistributed.operator.victoriametrics.com changed
2026-06-19T11:54:03.399515562Z I0619 11:54:03.399230      10 controller.go:231] Updating CRD OpenAPI spec because ciliumpodippools.cilium.io changed
2026-06-19T11:54:03.404150746Z I0619 11:54:03.403937      10 controller.go:231] Updating CRD OpenAPI spec because ciliumloadbalancerippools.cilium.io changed
2026-06-19T11:54:03.405416962Z I0619 11:54:03.405257      10 controller.go:231] Updating CRD OpenAPI spec because kubenticagents.kubentic.io changed
2026-06-19T11:54:03.405752342Z I0619 11:54:03.405600      10 controller.go:231] Updating CRD OpenAPI spec because ciliumidentities.cilium.io changed
2026-06-19T11:54:03.429122903Z I0619 11:54:03.426623      10 controller.go:231] Updating CRD OpenAPI spec because vmagents.operator.victoriametrics.com changed
2026-06-19T11:54:03.431671157Z I0619 11:54:03.430779      10 controller.go:231] Updating CRD OpenAPI spec because vmclusters.operator.victoriametrics.com changed
2026-06-19T11:54:03.456296825Z I0619 11:54:03.456053      10 controller.go:231] Updating CRD OpenAPI spec because vmscrapeconfigs.operator.victoriametrics.com changed
2026-06-19T11:54:03.567535199Z I0619 11:54:03.567345      10 controller.go:231] Updating CRD OpenAPI spec because ciliumnodes.cilium.io changed
2026-06-19T11:54:03.567601408Z I0619 11:54:03.567388      10 controller.go:231] Updating CRD OpenAPI spec because ciliumendpoints.cilium.io changed
2026-06-19T11:54:03.567720581Z I0619 11:54:03.567401      10 controller.go:231] Updating CRD OpenAPI spec because ciliumnodeconfigs.cilium.io changed
2026-06-19T11:54:03.567726107Z I0619 11:54:03.567424      10 controller.go:231] Updating CRD OpenAPI spec because vmpodscrapes.operator.victoriametrics.com changed
2026-06-19T11:54:03.567728758Z I0619 11:54:03.567438      10 controller.go:231] Updating CRD OpenAPI spec because ciliumnetworkpolicies.cilium.io changed
2026-06-19T11:54:03.567731449Z I0619 11:54:03.567477      10 controller.go:231] Updating CRD OpenAPI spec because ciliuml2announcementpolicies.cilium.io changed
2026-06-19T11:54:03.567759908Z I0619 11:54:03.567489      10 controller.go:231] Updating CRD OpenAPI spec because vmanomalyconfigs.operator.victoriametrics.com changed
2026-06-19T11:54:03.573817751Z I0619 11:54:03.573364      10 controller.go:231] Updating CRD OpenAPI spec because vmanomalies.operator.victoriametrics.com changed
2026-06-19T11:54:03.575140505Z I0619 11:54:03.574949      10 controller.go:231] Updating CRD OpenAPI spec because vmservicescrapes.operator.victoriametrics.com changed
2026-06-19T11:54:03.576362518Z I0619 11:54:03.576211      10 controller.go:231] Updating CRD OpenAPI spec because vlsingles.operator.victoriametrics.com changed
2026-06-19T11:54:03.577091513Z I0619 11:54:03.576936      10 controller.go:231] Updating CRD OpenAPI spec because vlclusters.operator.victoriametrics.com changed
2026-06-19T11:54:03.577668486Z I0619 11:54:03.577534      10 controller.go:231] Updating CRD OpenAPI spec because vmrules.operator.victoriametrics.com changed
2026-06-19T11:54:03.593159598Z I0619 11:54:03.592928      10 controller.go:231] Updating CRD OpenAPI spec because vmalerts.operator.victoriametrics.com changed
2026-06-19T11:54:03.593312204Z I0619 11:54:03.593219      10 controller.go:231] Updating CRD OpenAPI spec because ciliumclusterwidenetworkpolicies.cilium.io changed
2026-06-19T11:54:03.594755568Z I0619 11:54:03.594455      10 controller.go:231] Updating CRD OpenAPI spec because ciliumcidrgroups.cilium.io changed
2026-06-19T11:54:03.607056204Z I0619 11:54:03.606766      10 controller.go:231] Updating CRD OpenAPI spec because vmusers.operator.victoriametrics.com changed
2026-06-19T11:54:03.607077888Z I0619 11:54:03.606848      10 controller.go:231] Updating CRD OpenAPI spec because vmprobes.operator.victoriametrics.com changed
2026-06-19T11:54:03.607296715Z I0619 11:54:03.606880      10 controller.go:231] Updating CRD OpenAPI spec because vlogs.operator.victoriametrics.com changed
2026-06-19T11:54:03.634738210Z I0619 11:54:03.633586      10 controller.go:231] Updating CRD OpenAPI spec because vmstaticscrapes.operator.victoriametrics.com changed
2026-06-19T11:54:03.635590506Z I0619 11:54:03.635451      10 controller.go:231] Updating CRD OpenAPI spec because vlagents.operator.victoriametrics.com changed
2026-06-19T11:54:03.636261953Z I0619 11:54:03.636154      10 controller.go:231] Updating CRD OpenAPI spec because vmalertmanagerconfigs.operator.victoriametrics.com changed
2026-06-19T11:54:03.650876644Z I0619 11:54:03.650571      10 controller.go:231] Updating CRD OpenAPI spec because vmalertmanagers.operator.victoriametrics.com changed
2026-06-19T11:54:03.651733319Z I0619 11:54:03.651577      10 controller.go:231] Updating CRD OpenAPI spec because vmauths.operator.victoriametrics.com changed
2026-06-19T11:54:05.382011516Z I0619 11:54:05.381711      10 apf_controller.go:493] "Update CurrentCL" plName="exempt" seatDemandHighWatermark=4 seatDemandAvg=0.028863457115562926 seatDemandStdev=0.17478187774251663 seatDemandSmoothed=1.288302737793387 fairFrac=2.3333333333333335 currentCL=4 concurrencyDenominator=4 backstop=false
2026-06-19T11:54:15.382453268Z I0619 11:54:15.382008      10 apf_controller.go:493] "Update CurrentCL" plName="exempt" seatDemandHighWatermark=1 seatDemandAvg=0.0034968983412436657 seatDemandStdev=0.059031093867847925 seatDemandSmoothed=1.2601099186449483 fairFrac=2.3333333333333335 currentCL=1 concurrencyDenominator=1 backstop=false
2026-06-19T11:54:35.383430364Z I0619 11:54:35.383166      10 apf_controller.go:493] "Update CurrentCL" plName="exempt" seatDemandHighWatermark=2 seatDemandAvg=0.002864210010019965 seatDemandStdev=0.055502129951130734 seatDemandSmoothed=1.2052940859479786 fairFrac=2.3333333333333335 currentCL=2 concurrencyDenominator=2 backstop=false
2026-06-19T11:54:45.383960353Z I0619 11:54:45.383693      10 apf_controller.go:493] "Update CurrentCL" plName="exempt" seatDemandHighWatermark=1 seatDemandAvg=0.0025948991362415453 seatDemandStdev=0.050874017284998026 seatDemandSmoothed=1.1788021070488637 fairFrac=2.3333333333333335 currentCL=1 concurrencyDenominator=1 backstop=false
2026-06-19T11:55:05.387463621Z I0619 11:55:05.385710      10 apf_controller.go:493] "Update CurrentCL" plName="exempt" seatDemandHighWatermark=2 seatDemandAvg=0.008635362725725142 seatDemandStdev=0.09268309925814083 seatDemandSmoothed=1.1289557788505629 fairFrac=2.3333333333333335 currentCL=2 concurrencyDenominator=2 backstop=false
2026-06-19T11:55:15.386795161Z I0619 11:55:15.386451      10 apf_controller.go:493] "Update CurrentCL" plName="exempt" seatDemandHighWatermark=1 seatDemandAvg=0.0020508183366106498 seatDemandStdev=0.04523950133192088 seatDemandSmoothed=1.104077473289376 fairFrac=2.3333333333333335 currentCL=1 concurrencyDenominator=1 backstop=false
2026-06-19T11:55:35.388814061Z I0619 11:55:35.388575      10 apf_controller.go:493] "Update CurrentCL" plName="exempt" seatDemandHighWatermark=2 seatDemandAvg=0.0028823165575921445 seatDemandStdev=0.05655795976902802 seatDemandSmoothed=1.056488261692509 fairFrac=2.3333333333333335 currentCL=2 concurrencyDenominator=2 backstop=false
2026-06-19T11:55:45.389585291Z I0619 11:55:45.389292      10 apf_controller.go:493] "Update CurrentCL" plName="exempt" seatDemandHighWatermark=1 seatDemandAvg=0.002337281694583146 seatDemandStdev=0.048288909791621024 seatDemandSmoothed=1.033353434077764 fairFrac=2.3333333333333335 currentCL=1 concurrencyDenominator=1 backstop=false
2026-06-19T11:56:35.394184314Z I0619 11:56:35.393961      10 apf_controller.go:493] "Update CurrentCL" plName="exempt" seatDemandHighWatermark=2 seatDemandAvg=0.0025648885436635504 seatDemandStdev=0.053407518868489094 seatDemandSmoothed=0.9266599092501913 fairFrac=2.3333333333333335 currentCL=2 concurrencyDenominator=2 backstop=false
2026-06-19T11:56:45.395123318Z I0619 11:56:45.394865      10 apf_controller.go:493] "Update CurrentCL" plName="exempt" seatDemandHighWatermark=1 seatDemandAvg=0.002083339912734597 seatDemandStdev=0.04559604815707831 seatDemandSmoothed=0.9064433572630425 fairFrac=2.3333333333333335 currentCL=1 concurrencyDenominator=1 backstop=false
2026-06-19T11:57:05.396890132Z I0619 11:57:05.396535      10 apf_controller.go:493] "Update CurrentCL" plName="exempt" seatDemandHighWatermark=2 seatDemandAvg=0.03997172618236586 seatDemandStdev=0.20190836537184353 seatDemandSmoothed=0.8721137968472001 fairFrac=2.3333333333333335 currentCL=2 concurrencyDenominator=2 backstop=false
2026-06-19T11:57:15.397755166Z I0619 11:57:15.397509      10 apf_controller.go:493] "Update CurrentCL" plName="exempt" seatDemandHighWatermark=1 seatDemandAvg=0.0022174180034748524 seatDemandStdev=0.047037230582515355 seatDemandSmoothed=0.8531880364371923 fairFrac=2.3333333333333335 currentCL=1 concurrencyDenominator=1 backstop=false
2026-06-19T11:57:35.399489006Z I0619 11:57:35.399230      10 apf_controller.go:493] "Update CurrentCL" plName="exempt" seatDemandHighWatermark=2 seatDemandAvg=0.0028570570151457936 seatDemandStdev=0.0536429709338963 seatDemandSmoothed=0.8168256236786391 fairFrac=2.3333333333333335 currentCL=2 concurrencyDenominator=2 backstop=false
2026-06-19T11:57:45.400001670Z I0619 11:57:45.399726      10 apf_controller.go:493] "Update CurrentCL" plName="exempt" seatDemandHighWatermark=1 seatDemandAvg=0.002095377858666823 seatDemandStdev=0.04572731405075343 seatDemandSmoothed=0.7991385562479469 fairFrac=2.3333333333333335 currentCL=1 concurrencyDenominator=1 backstop=false
2026-06-19T11:57:55.400843255Z I0619 11:57:55.400578      10 apf_controller.go:493] "Update CurrentCL" plName="exempt" seatDemandHighWatermark=2 seatDemandAvg=0.0028527350508225835 seatDemandStdev=0.054929370699146725 seatDemandSmoothed=0.7820873578864934 fairFrac=2.3333333333333335 currentCL=2 concurrencyDenominator=2 backstop=false
2026-06-19T11:58:15.402956165Z I0619 11:58:15.402647      10 apf_controller.go:493] "Update CurrentCL" plName="exempt" seatDemandHighWatermark=3 seatDemandAvg=0.005445381710026184 seatDemandStdev=0.08151778449037332 seatDemandSmoothed=0.7524551865116685 fairFrac=2.3333333333333335 currentCL=3 concurrencyDenominator=3 backstop=false
2026-06-19T11:58:25.403412974Z I0619 11:58:25.403175      10 apf_controller.go:493] "Update CurrentCL" plName="exempt" seatDemandHighWatermark=1 seatDemandAvg=0.0022546152000055717 seatDemandStdev=0.04742923054726352 seatDemandSmoothed=0.7362914456740873 fairFrac=2.3333333333333335 currentCL=1 concurrencyDenominator=1 backstop=false
2026-06-19T11:58:35.405203717Z I0619 11:58:35.404655      10 apf_controller.go:493] "Update CurrentCL" plName="exempt" seatDemandHighWatermark=2 seatDemandAvg=0.0027950771358001775 seatDemandStdev=0.05646135188084892 seatDemandSmoothed=0.7207196402909662 fairFrac=2.3333333333333335 currentCL=2 concurrencyDenominator=2 backstop=false
2026-06-19T11:58:45.405674922Z I0619 11:58:45.405461      10 apf_controller.go:493] "Update CurrentCL" plName="exempt" seatDemandHighWatermark=1 seatDemandAvg=0.001959566773858166 seatDemandStdev=0.044223600847476875 seatDemandSmoothed=0.7052053014195647 fairFrac=2.3333333333333335 currentCL=1 concurrencyDenominator=1 backstop=false
2026-06-19T11:59:03.275688513Z I0619 11:59:03.274326      10 controller.go:231] Updating CRD OpenAPI spec because vmanomalyconfigs.operator.victoriametrics.com changed
2026-06-19T11:59:03.276246403Z I0619 11:59:03.276052      10 controller.go:231] Updating CRD OpenAPI spec because vmanomalies.operator.victoriametrics.com changed
2026-06-19T11:59:03.308089805Z I0619 11:59:03.307879      10 controller.go:231] Updating CRD OpenAPI spec because vmservicescrapes.operator.victoriametrics.com changed
2026-06-19T11:59:03.344008628Z I0619 11:59:03.337422      10 controller.go:231] Updating CRD OpenAPI spec because vlsingles.operator.victoriametrics.com changed
2026-06-19T11:59:03.344170228Z I0619 11:59:03.344096      10 controller.go:231] Updating CRD OpenAPI spec because vlclusters.operator.victoriametrics.com changed
2026-06-19T11:59:03.359442731Z I0619 11:59:03.359225      10 controller.go:231] Updating CRD OpenAPI spec because vmrules.operator.victoriametrics.com changed
2026-06-19T11:59:03.386270971Z I0619 11:59:03.374044      10 controller.go:231] Updating CRD OpenAPI spec because vmalerts.operator.victoriametrics.com changed
2026-06-19T11:59:03.428426679Z I0619 11:59:03.426124      10 controller.go:231] Updating CRD OpenAPI spec because ciliumclusterwidenetworkpolicies.cilium.io changed
2026-06-19T11:59:03.434952701Z I0619 11:59:03.433638      10 controller.go:231] Updating CRD OpenAPI spec because ciliumcidrgroups.cilium.io changed
2026-06-19T11:59:03.435355616Z I0619 11:59:03.435267      10 controller.go:231] Updating CRD OpenAPI spec because vmusers.operator.victoriametrics.com changed
2026-06-19T11:59:03.509849467Z I0619 11:59:03.509693      10 controller.go:231] Updating CRD OpenAPI spec because vmprobes.operator.victoriametrics.com changed
2026-06-19T11:59:03.510248832Z I0619 11:59:03.510192      10 controller.go:231] Updating CRD OpenAPI spec because vlogs.operator.victoriametrics.com changed
2026-06-19T11:59:03.511493934Z I0619 11:59:03.511392      10 controller.go:231] Updating CRD OpenAPI spec because vmstaticscrapes.operator.victoriametrics.com changed
2026-06-19T11:59:03.511708644Z I0619 11:59:03.511646      10 controller.go:231] Updating CRD OpenAPI spec because vlagents.operator.victoriametrics.com changed
2026-06-19T11:59:03.538709423Z I0619 11:59:03.538492      10 controller.go:231] Updating CRD OpenAPI spec because vmalertmanagerconfigs.operator.victoriametrics.com changed
2026-06-19T11:59:03.584262458Z I0619 11:59:03.584062      10 controller.go:231] Updating CRD OpenAPI spec because vmalertmanagers.operator.victoriametrics.com changed
2026-06-19T11:59:03.607233805Z I0619 11:59:03.606989      10 controller.go:231] Updating CRD OpenAPI spec because vmauths.operator.victoriametrics.com changed
2026-06-19T11:59:03.607822527Z I0619 11:59:03.607704      10 controller.go:231] Updating CRD OpenAPI spec because vtsingles.operator.victoriametrics.com changed
2026-06-19T11:59:03.612795370Z I0619 11:59:03.612522      10 controller.go:231] Updating CRD OpenAPI spec because vmsingles.operator.victoriametrics.com changed
2026-06-19T11:59:03.634848575Z I0619 11:59:03.634654      10 controller.go:231] Updating CRD OpenAPI spec because vtclusters.operator.victoriametrics.com changed
2026-06-19T11:59:03.636037981Z I0619 11:59:03.635848      10 controller.go:231] Updating CRD OpenAPI spec because vmnodescrapes.operator.victoriametrics.com changed
2026-06-19T11:59:03.636244421Z I0619 11:59:03.636165      10 controller.go:231] Updating CRD OpenAPI spec because vmdistributed.operator.victoriametrics.com changed
2026-06-19T11:59:03.656979972Z I0619 11:59:03.656789      10 controller.go:231] Updating CRD OpenAPI spec because ciliumpodippools.cilium.io changed
2026-06-19T11:59:03.657722182Z I0619 11:59:03.657201      10 controller.go:231] Updating CRD OpenAPI spec because ciliumloadbalancerippools.cilium.io changed
2026-06-19T11:59:03.677076116Z I0619 11:59:03.676864      10 controller.go:231] Updating CRD OpenAPI spec because kubenticagents.kubentic.io changed
2026-06-19T11:59:03.677395404Z I0619 11:59:03.677304      10 controller.go:231] Updating CRD OpenAPI spec because ciliumidentities.cilium.io changed
2026-06-19T11:59:03.688128273Z I0619 11:59:03.687956      10 controller.go:231] Updating CRD OpenAPI spec because vmagents.operator.victoriametrics.com changed
2026-06-19T11:59:03.688410747Z I0619 11:59:03.688317      10 controller.go:231] Updating CRD OpenAPI spec because vmclusters.operator.victoriametrics.com changed
2026-06-19T11:59:03.720256873Z I0619 11:59:03.720019      10 controller.go:231] Updating CRD OpenAPI spec because vmscrapeconfigs.operator.victoriametrics.com changed
2026-06-19T11:59:03.720576245Z I0619 11:59:03.720425      10 controller.go:231] Updating CRD OpenAPI spec because ciliumnodes.cilium.io changed
2026-06-19T11:59:03.730066247Z I0619 11:59:03.722872      10 controller.go:231] Updating CRD OpenAPI spec because ciliumendpoints.cilium.io changed
2026-06-19T11:59:03.730836432Z I0619 11:59:03.730706      10 controller.go:231] Updating CRD OpenAPI spec because ciliumnodeconfigs.cilium.io changed
2026-06-19T11:59:03.753878042Z I0619 11:59:03.753697      10 controller.go:231] Updating CRD OpenAPI spec because vmpodscrapes.operator.victoriametrics.com changed
2026-06-19T11:59:03.754493104Z I0619 11:59:03.754361      10 controller.go:231] Updating CRD OpenAPI spec because ciliumnetworkpolicies.cilium.io changed
2026-06-19T11:59:03.755201573Z I0619 11:59:03.755077      10 controller.go:231] Updating CRD OpenAPI spec because ciliuml2announcementpolicies.cilium.io changed
2026-06-19T11:59:09.421471719Z I0619 11:59:09.421217      10 trace.go:236] Trace[1473792978]: "Patch" accept:application/json,audit-id:9acb1f56-aac8-40bf-9de5-5add447a3e71,client:202.47.35.113,api-group:apiextensions.k8s.io,api-version:v1,name:vlclusters.operator.victoriametrics.com,subresource:,namespace:,protocol:HTTP/2.0,resource:customresourcedefinitions,scope:resource,url:/apis/apiextensions.k8s.io/v1/customresourcedefinitions/vlclusters.operator.victoriametrics.com,user-agent:Helm/4.0.4,verb:APPLY (19-Jun-2026 11:59:08.735) (total time: 685ms):
2026-06-19T11:59:09.421489968Z Trace[1473792978]: ---"limitedReadBody succeeded" len:38265 66ms (11:59:08.802)
2026-06-19T11:59:09.421511052Z Trace[1473792978]: ["GuaranteedUpdate etcd3" audit-id:9acb1f56-aac8-40bf-9de5-5add447a3e71,key:/apiextensions.k8s.io/customresourcedefinitions/vlclusters.operator.victoriametrics.com,type:*apiextensions.CustomResourceDefinition,group:apiextensions.k8s.io,resource:customresourcedefinitions 611ms (11:59:08.809)
2026-06-19T11:59:09.421515574Z Trace[1473792978]:  ---"About to Encode" 469ms (11:59:09.296)]
2026-06-19T11:59:09.421519527Z Trace[1473792978]: ---"About to check admission control" 243ms (11:59:09.070)
2026-06-19T11:59:09.421522913Z Trace[1473792978]: ---"Object stored in database" 342ms (11:59:09.412)
2026-06-19T11:59:09.421526137Z Trace[1473792978]: [685.788025ms] [685.788025ms] END
2026-06-19T11:59:09.421919941Z I0619 11:59:09.421800      10 trace.go:236] Trace[556001853]: "Patch" accept:application/json,audit-id:ccd26893-3fb0-4284-8c3d-204f30a5d723,client:202.47.35.113,api-group:apiextensions.k8s.io,api-version:v1,name:vmclusters.operator.victoriametrics.com,subresource:,namespace:,protocol:HTTP/2.0,resource:customresourcedefinitions,scope:resource,url:/apis/apiextensions.k8s.io/v1/customresourcedefinitions/vmclusters.operator.victoriametrics.com,user-agent:Helm/4.0.4,verb:APPLY (19-Jun-2026 11:59:08.422) (total time: 998ms):
2026-06-19T11:59:09.421931404Z Trace[556001853]: ---"limitedReadBody succeeded" len:45005 312ms (11:59:08.735)
2026-06-19T11:59:09.421947315Z Trace[556001853]: ["GuaranteedUpdate etcd3" audit-id:ccd26893-3fb0-4284-8c3d-204f30a5d723,key:/apiextensions.k8s.io/customresourcedefinitions/vmclusters.operator.victoriametrics.com,type:*apiextensions.CustomResourceDefinition,group:apiextensions.k8s.io,resource:customresourcedefinitions 656ms (11:59:08.765)
2026-06-19T11:59:09.421950373Z Trace[556001853]:  ---"About to Encode" 490ms (11:59:09.301)]
2026-06-19T11:59:09.421952881Z Trace[556001853]: ---"About to check admission control" 324ms (11:59:09.134)
2026-06-19T11:59:09.421955367Z Trace[556001853]: ---"Object stored in database" 281ms (11:59:09.416)
2026-06-19T11:59:09.421957895Z Trace[556001853]: [998.818896ms] [998.818896ms] END
2026-06-19T11:59:09.504393413Z I0619 11:59:09.504118      10 trace.go:236] Trace[1555111129]: "Patch" accept:application/json,audit-id:7f3c2ae1-106f-473e-9913-3e46140404f0,client:202.47.35.113,api-group:apiextensions.k8s.io,api-version:v1,name:vmalertmanagerconfigs.operator.victoriametrics.com,subresource:,namespace:,protocol:HTTP/2.0,resource:customresourcedefinitions,scope:resource,url:/apis/apiextensions.k8s.io/v1/customresourcedefinitions/vmalertmanagerconfigs.operator.victoriametrics.com,user-agent:Helm/4.0.4,verb:APPLY (19-Jun-2026 11:59:08.801) (total time: 702ms):
2026-06-19T11:59:09.504450178Z Trace[1555111129]: ---"limitedReadBody succeeded" len:40703 225ms (11:59:09.027)
2026-06-19T11:59:09.504453669Z Trace[1555111129]: ---"About to check admission control" 264ms (11:59:09.360)
2026-06-19T11:59:09.504456018Z Trace[1555111129]: ---"Object stored in database" 138ms (11:59:09.499)
2026-06-19T11:59:09.504459247Z Trace[1555111129]: [702.174598ms] [702.174598ms] END
2026-06-19T11:59:09.612994632Z I0619 11:59:09.612653      10 trace.go:236] Trace[1978015707]: "Patch" accept:application/json,audit-id:0e6cd874-6eb9-4b94-97ca-8fcb24d35322,client:202.47.35.113,api-group:apiextensions.k8s.io,api-version:v1,name:vmagents.operator.victoriametrics.com,subresource:,namespace:,protocol:HTTP/2.0,resource:customresourcedefinitions,scope:resource,url:/apis/apiextensions.k8s.io/v1/customresourcedefinitions/vmagents.operator.victoriametrics.com,user-agent:Helm/4.0.4,verb:APPLY (19-Jun-2026 11:59:09.027) (total time: 585ms):
2026-06-19T11:59:09.613011156Z Trace[1978015707]: ---"limitedReadBody succeeded" len:53872 75ms (11:59:09.102)
2026-06-19T11:59:09.613013831Z Trace[1978015707]: ---"About to check admission control" 271ms (11:59:09.472)
2026-06-19T11:59:09.613016390Z Trace[1978015707]: ---"Object stored in database" 120ms (11:59:09.593)
2026-06-19T11:59:09.613019058Z Trace[1978015707]: [585.094859ms] [585.094859ms] END
2026-06-19T11:59:10.027699910Z I0619 11:59:10.027322      10 trace.go:236] Trace[784008929]: "Patch" accept:application/json,audit-id:95523f1e-be5d-4e24-b13e-21763b46ec80,client:202.47.35.113,api-group:apiextensions.k8s.io,api-version:v1,name:vmscrapeconfigs.operator.victoriametrics.com,subresource:,namespace:,protocol:HTTP/2.0,resource:customresourcedefinitions,scope:resource,url:/apis/apiextensions.k8s.io/v1/customresourcedefinitions/vmscrapeconfigs.operator.victoriametrics.com,user-agent:Helm/4.0.4,verb:APPLY (19-Jun-2026 11:59:09.301) (total time: 726ms):
2026-06-19T11:59:10.027717050Z Trace[784008929]: ---"limitedReadBody succeeded" len:79214 276ms (11:59:09.577)
2026-06-19T11:59:10.027719930Z Trace[784008929]: ---"About to check admission control" 220ms (11:59:09.843)
2026-06-19T11:59:10.027723095Z Trace[784008929]: ---"Object stored in database" 174ms (11:59:10.018)
2026-06-19T11:59:10.027757264Z Trace[784008929]: [726.027777ms] [726.027777ms] END
2026-06-19T11:59:10.634267244Z I0619 11:59:10.634078      10 trace.go:236] Trace[2080866778]: "Patch" accept:application/json,audit-id:71f9b096-499c-4ace-932a-252626c6f533,client:202.47.35.113,api-group:apiextensions.k8s.io,api-version:v1,name:vmdistributed.operator.victoriametrics.com,subresource:,namespace:,protocol:HTTP/2.0,resource:customresourcedefinitions,scope:resource,url:/apis/apiextensions.k8s.io/v1/customresourcedefinitions/vmdistributed.operator.victoriametrics.com,user-agent:Helm/4.0.4,verb:APPLY (19-Jun-2026 11:59:09.577) (total time: 1056ms):
2026-06-19T11:59:10.634289342Z Trace[2080866778]: ---"limitedReadBody succeeded" len:234330 325ms (11:59:09.903)
2026-06-19T11:59:10.634293019Z Trace[2080866778]: ["GuaranteedUpdate etcd3" audit-id:71f9b096-499c-4ace-932a-252626c6f533,key:/apiextensions.k8s.io/customresourcedefinitions/vmdistributed.operator.victoriametrics.com,type:*apiextensions.CustomResourceDefinition,group:apiextensions.k8s.io,resource:customresourcedefinitions 703ms (11:59:09.930)
2026-06-19T11:59:10.634296081Z Trace[2080866778]:  ---"About to Encode" 422ms (11:59:10.409)]
2026-06-19T11:59:10.634298789Z Trace[2080866778]: ---"About to check admission control" 273ms (11:59:10.259)
2026-06-19T11:59:10.634301588Z Trace[2080866778]: ---"Object stored in database" 319ms (11:59:10.579)
2026-06-19T11:59:10.634304048Z Trace[2080866778]: [1.056341306s] [1.056341306s] END
2026-06-19T11:59:15.406905762Z I0619 11:59:15.406675      10 apf_controller.go:493] "Update CurrentCL" plName="exempt" seatDemandHighWatermark=9 seatDemandAvg=0.8765454389366331 seatDemandStdev=1.924308292551341 seatDemandSmoothed=2.8008537314879742 fairFrac=2.3333333333333335 currentCL=9 concurrencyDenominator=9 backstop=false
2026-06-19T11:59:25.407246063Z I0619 11:59:25.407038      10 apf_controller.go:493] "Update CurrentCL" plName="exempt" seatDemandHighWatermark=2 seatDemandAvg=0.007601087905503983 seatDemandStdev=0.08713579737301314 seatDemandSmoothed=2.738613044025157 fairFrac=2.3333333333333335 currentCL=2 concurrencyDenominator=2 backstop=false
2026-06-19T11:59:37.415575585Z I0619 11:59:37.415282      10 trace.go:236] Trace[7579437]: "Create" accept:application/vnd.kubernetes.protobuf,application/json,audit-id:2c86bd1f-4657-4ff0-b565-9239f91201a5,client:202.47.35.113,api-group:,api-version:v1,name:,subresource:,namespace:kubentic-foresight,protocol:HTTP/2.0,resource:secrets,scope:resource,url:/api/v1/namespaces/kubentic-foresight/secrets,user-agent:Helm/4.0.4,verb:POST (19-Jun-2026 11:59:36.432) (total time: 982ms):
2026-06-19T11:59:37.415599775Z Trace[7579437]: ---"limitedReadBody succeeded" len:161451 968ms (11:59:37.401)
2026-06-19T11:59:37.415603707Z Trace[7579437]: [982.611721ms] [982.611721ms] END
2026-06-19T11:59:42.238921545Z I0619 11:59:42.238341      10 trace.go:236] Trace[972966141]: "Update" accept:application/vnd.kubernetes.protobuf,application/json,audit-id:c2e505ec-e9df-4f74-b464-92b9553557a8,client:202.47.35.113,api-group:,api-version:v1,name:sh.helm.release.v1.kubentic.v1,subresource:,namespace:kubentic-foresight,protocol:HTTP/2.0,resource:secrets,scope:resource,url:/api/v1/namespaces/kubentic-foresight/secrets/sh.helm.release.v1.kubentic.v1,user-agent:Helm/4.0.4,verb:PUT (19-Jun-2026 11:59:41.667) (total time: 571ms):
2026-06-19T11:59:42.238935437Z Trace[972966141]: ---"limitedReadBody succeeded" len:161532 556ms (11:59:42.224)
2026-06-19T11:59:42.238938772Z Trace[972966141]: [571.031761ms] [571.031761ms] END
2026-06-19T11:59:48.060012964Z I0619 11:59:48.059763      10 trace.go:236] Trace[915553112]: "Update" accept:application/vnd.kubernetes.protobuf,application/json,audit-id:388bd6fa-2083-4f3c-b217-8b34cd1235e4,client:202.47.35.113,api-group:,api-version:v1,name:sh.helm.release.v1.kubentic.v1,subresource:,namespace:kubentic-foresight,protocol:HTTP/2.0,resource:secrets,scope:resource,url:/api/v1/namespaces/kubentic-foresight/secrets/sh.helm.release.v1.kubentic.v1,user-agent:Helm/4.0.4,verb:PUT (19-Jun-2026 11:59:47.473) (total time: 585ms):
2026-06-19T11:59:48.060035266Z Trace[915553112]: ---"limitedReadBody succeeded" len:161580 570ms (11:59:48.044)
2026-06-19T11:59:48.060038701Z Trace[915553112]: [585.899526ms] [585.899526ms] END
2026-06-19T12:00:02.326725888Z I0619 12:00:02.326423      10 trace.go:236] Trace[857052163]: "Update" accept:application/vnd.kubernetes.protobuf,application/json,audit-id:7869f6a7-c8fc-43a0-a1c2-942da1e90e8e,client:202.47.35.113,api-group:,api-version:v1,name:sh.helm.release.v1.kubentic.v1,subresource:,namespace:kubentic-foresight,protocol:HTTP/2.0,resource:secrets,scope:resource,url:/api/v1/namespaces/kubentic-foresight/secrets/sh.helm.release.v1.kubentic.v1,user-agent:Helm/4.0.4,verb:PUT (19-Jun-2026 12:00:01.330) (total time: 995ms):
2026-06-19T12:00:02.326747149Z Trace[857052163]: ---"limitedReadBody succeeded" len:161683 958ms (12:00:02.289)
2026-06-19T12:00:02.326750756Z Trace[857052163]: [995.412649ms] [995.412649ms] END
2026-06-19T12:00:25.425754693Z I0619 12:00:25.425459      10 apf_controller.go:493] "Update CurrentCL" plName="exempt" seatDemandHighWatermark=1 seatDemandAvg=0.034077819326035236 seatDemandStdev=0.18142910889936414 seatDemandSmoothed=2.421142091484171 fairFrac=2.3333333333333335 currentCL=1 concurrencyDenominator=1 backstop=false
2026-06-19T12:00:55.428126388Z I0619 12:00:55.427882      10 apf_controller.go:493] "Update CurrentCL" plName="exempt" seatDemandHighWatermark=3 seatDemandAvg=0.0041131036368170755 seatDemandStdev=0.07970220345087967 seatDemandSmoothed=2.262222506550321 fairFrac=2.3333333333333335 currentCL=3 concurrencyDenominator=3 backstop=false
2026-06-19T12:01:05.429824913Z I0619 12:01:05.429445      10 apf_controller.go:493] "Update CurrentCL" plName="exempt" seatDemandHighWatermark=2 seatDemandAvg=0.008794852507613212 seatDemandStdev=0.09751626623150492 seatDemandSmoothed=2.2126365446306635 fairFrac=2.3333333333333335 currentCL=2 concurrencyDenominator=2 backstop=false
2026-06-19T12:01:15.430826172Z I0619 12:01:15.430505      10 apf_controller.go:493] "Update CurrentCL" plName="exempt" seatDemandHighWatermark=1 seatDemandAvg=0.007701835838523246 seatDemandStdev=0.08742149371430166 seatDemandSmoothed=2.163933740683873 fairFrac=2.3333333333333335 currentCL=1 concurrencyDenominator=1 backstop=false
2026-06-19T12:01:35.431710394Z I0619 12:01:35.431440      10 apf_controller.go:493] "Update CurrentCL" plName="exempt" seatDemandHighWatermark=2 seatDemandAvg=0.0024576262785099335 seatDemandStdev=0.051463199279388215 seatDemandSmoothed=2.067815011015648 fairFrac=2.3333333333333335 currentCL=2 concurrencyDenominator=2 backstop=false
2026-06-19T12:01:41.932719999Z I0619 12:01:41.931561      10 trace.go:236] Trace[1828946443]: "Update" accept:application/vnd.kubernetes.protobuf,application/json,audit-id:ddd8fe16-2141-4a98-ac1d-227b2f9722da,client:202.47.35.113,api-group:,api-version:v1,name:sh.helm.release.v1.kubentic.v1,subresource:,namespace:kubentic-foresight,protocol:HTTP/2.0,resource:secrets,scope:resource,url:/api/v1/namespaces/kubentic-foresight/secrets/sh.helm.release.v1.kubentic.v1,user-agent:Helm/4.0.4,verb:PUT (19-Jun-2026 12:01:40.463) (total time: 1468ms):
2026-06-19T12:01:41.932738000Z Trace[1828946443]: ---"limitedReadBody succeeded" len:161725 1452ms (12:01:41.915)
2026-06-19T12:01:41.932741153Z Trace[1828946443]: [1.468330195s] [1.468330195s] END
2026-06-19T12:01:45.429098761Z I0619 12:01:45.428442      10 trace.go:236] Trace[269247162]: "Update" accept:application/vnd.kubernetes.protobuf,application/json,audit-id:5f4c56bb-fab3-4740-97d3-8310d1073af7,client:202.47.35.113,api-group:,api-version:v1,name:sh.helm.release.v1.kubentic.v1,subresource:,namespace:kubentic-foresight,protocol:HTTP/2.0,resource:secrets,scope:resource,url:/api/v1/namespaces/kubentic-foresight/secrets/sh.helm.release.v1.kubentic.v1,user-agent:Helm/4.0.4,verb:PUT (19-Jun-2026 12:01:44.835) (total time: 593ms):
2026-06-19T12:01:45.429128595Z Trace[269247162]: ---"limitedReadBody succeeded" len:161765 575ms (12:01:45.411)
2026-06-19T12:01:45.429133999Z Trace[269247162]: [593.175824ms] [593.175824ms] END
2026-06-19T12:01:50.167919750Z I0619 12:01:50.167497      10 trace.go:236] Trace[1229611191]: "Update" accept:application/vnd.kubernetes.protobuf,application/json,audit-id:820bb14a-f5d0-4924-99fc-878e7c0cc110,client:202.47.35.113,api-group:,api-version:v1,name:sh.helm.release.v1.kubentic.v1,subresource:,namespace:kubentic-foresight,protocol:HTTP/2.0,resource:secrets,scope:resource,url:/api/v1/namespaces/kubentic-foresight/secrets/sh.helm.release.v1.kubentic.v1,user-agent:Helm/4.0.4,verb:PUT (19-Jun-2026 12:01:49.551) (total time: 616ms):
2026-06-19T12:01:50.168039557Z Trace[1229611191]: ---"limitedReadBody succeeded" len:161801 599ms (12:01:50.150)
2026-06-19T12:01:50.168045249Z Trace[1229611191]: [616.131319ms] [616.131319ms] END
2026-06-19T12:01:53.399662375Z I0619 12:01:53.399452      10 trace.go:236] Trace[2111496692]: "Update" accept:application/vnd.kubernetes.protobuf,application/json,audit-id:d61ec74b-259f-4dcc-b3a1-4fa19c5f79ac,client:202.47.35.113,api-group:,api-version:v1,name:sh.helm.release.v1.kubentic.v1,subresource:,namespace:kubentic-foresight,protocol:HTTP/2.0,resource:secrets,scope:resource,url:/api/v1/namespaces/kubentic-foresight/secrets/sh.helm.release.v1.kubentic.v1,user-agent:Helm/4.0.4,verb:PUT (19-Jun-2026 12:01:52.711) (total time: 688ms):
2026-06-19T12:01:53.399680569Z Trace[2111496692]: ---"limitedReadBody succeeded" len:161825 674ms (12:01:53.385)
2026-06-19T12:01:53.399685012Z Trace[2111496692]: [688.356939ms] [688.356939ms] END
2026-06-19T12:02:02.068107059Z I0619 12:02:02.052952      10 trace.go:236] Trace[1900875303]: "Update" accept:application/vnd.kubernetes.protobuf,application/json,audit-id:82bd07d2-6ad1-4a6a-8705-ee1537187e8c,client:202.47.35.113,api-group:,api-version:v1,name:sh.helm.release.v1.kubentic.v1,subresource:,namespace:kubentic-foresight,protocol:HTTP/2.0,resource:secrets,scope:resource,url:/api/v1/namespaces/kubentic-foresight/secrets/sh.helm.release.v1.kubentic.v1,user-agent:Helm/4.0.4,verb:PUT (19-Jun-2026 12:02:00.950) (total time: 1102ms):
2026-06-19T12:02:02.068130565Z Trace[1900875303]: ---"limitedReadBody succeeded" len:161837 834ms (12:02:01.784)
2026-06-19T12:02:02.068134507Z Trace[1900875303]: [1.102742677s] [1.102742677s] END
2026-06-19T12:02:05.433772310Z I0619 12:02:05.433508      10 apf_controller.go:493] "Update CurrentCL" plName="exempt" seatDemandHighWatermark=10 seatDemandAvg=0.14911871689474177 seatDemandStdev=0.5621879541177913 seatDemandSmoothed=1.9725985028512953 fairFrac=2.3333333333333335 currentCL=10 concurrencyDenominator=10 backstop=false
2026-06-19T12:02:15.434688223Z I0619 12:02:15.434456      10 apf_controller.go:493] "Update CurrentCL" plName="exempt" seatDemandHighWatermark=15 seatDemandAvg=0.022709141514809544 seatDemandStdev=0.3416876496619429 seatDemandSmoothed=1.9356098634827807 fairFrac=2.3333333333333335 currentCL=15 concurrencyDenominator=15 backstop=false
2026-06-19T12:02:25.435542690Z I0619 12:02:25.435367      10 apf_controller.go:493] "Update CurrentCL" plName="exempt" seatDemandHighWatermark=2 seatDemandAvg=0.005695719441935324 seatDemandStdev=0.09224295777306966 seatDemandSmoothed=1.893343426198622 fairFrac=2.3333333333333335 currentCL=2 concurrencyDenominator=2 backstop=false
2026-06-19T12:02:45.437646663Z I0619 12:02:45.437405      10 apf_controller.go:493] "Update CurrentCL" plName="exempt" seatDemandHighWatermark=1 seatDemandAvg=0.002309437560438318 seatDemandStdev=0.04800108393143591 seatDemandSmoothed=1.8096112723327853 fairFrac=2.3333333333333335 currentCL=1 concurrencyDenominator=1 backstop=false
2026-06-19T12:03:05.438274442Z I0619 12:03:05.438073      10 apf_controller.go:493] "Update CurrentCL" plName="exempt" seatDemandHighWatermark=2 seatDemandAvg=0.011227230369390552 seatDemandStdev=0.10724265006311552 seatDemandSmoothed=1.731389732237256 fairFrac=2.3333333333333335 currentCL=2 concurrencyDenominator=2 backstop=false
2026-06-19T12:03:15.439228220Z I0619 12:03:15.438809      10 apf_controller.go:493] "Update CurrentCL" plName="exempt" seatDemandHighWatermark=1 seatDemandAvg=0.0037282850837149074 seatDemandStdev=0.06094575435622613 seatDemandSmoothed=1.6930552713029177 fairFrac=2.3333333333333335 currentCL=1 concurrencyDenominator=1 backstop=false
2026-06-19T12:03:33.251204052Z I0619 12:03:33.250968      10 trace.go:236] Trace[104532108]: "Patch" accept:application/json,audit-id:770171ca-ee8d-4f9e-8e95-9bc3931cf7e1,client:202.47.35.113,api-group:apiextensions.k8s.io,api-version:v1,name:vmdistributed.operator.victoriametrics.com,subresource:,namespace:,protocol:HTTP/2.0,resource:customresourcedefinitions,scope:resource,url:/apis/apiextensions.k8s.io/v1/customresourcedefinitions/vmdistributed.operator.victoriametrics.com,user-agent:Helm/4.0.4,verb:APPLY (19-Jun-2026 12:03:31.396) (total time: 1854ms):
2026-06-19T12:03:33.251228205Z Trace[104532108]: ---"limitedReadBody succeeded" len:234330 931ms (12:03:32.327)
2026-06-19T12:03:33.251231536Z Trace[104532108]: ["GuaranteedUpdate etcd3" audit-id:770171ca-ee8d-4f9e-8e95-9bc3931cf7e1,key:/apiextensions.k8s.io/customresourcedefinitions/vmdistributed.operator.victoriametrics.com,type:*apiextensions.CustomResourceDefinition,group:apiextensions.k8s.io,resource:customresourcedefinitions 918ms (12:03:32.332)
2026-06-19T12:03:33.251234257Z Trace[104532108]:  ---"About to Encode" 804ms (12:03:33.151)]
2026-06-19T12:03:33.251236037Z Trace[104532108]: ---"About to check admission control" 361ms (12:03:32.708)
2026-06-19T12:03:33.251237739Z Trace[104532108]: ---"Object stored in database" 524ms (12:03:33.233)
2026-06-19T12:03:33.251239804Z Trace[104532108]: [1.854482751s] [1.854482751s] END
2026-06-19T12:03:35.440678285Z I0619 12:03:35.440386      10 apf_controller.go:493] "Update CurrentCL" plName="exempt" seatDemandHighWatermark=6 seatDemandAvg=0.740891291516636 seatDemandStdev=0.9147052125991201 seatDemandSmoothed=1.655596504115756 fairFrac=2.3333333333333335 currentCL=6 concurrencyDenominator=6 backstop=false
2026-06-19T12:03:45.441765558Z I0619 12:03:45.441472      10 apf_controller.go:493] "Update CurrentCL" plName="exempt" seatDemandHighWatermark=1 seatDemandAvg=0.0022958711581497963 seatDemandStdev=0.04786021451868945 seatDemandSmoothed=1.618671374491661 fairFrac=2.3333333333333335 currentCL=1 concurrencyDenominator=1 backstop=false
2026-06-19T12:04:03.088430232Z I0619 12:04:03.080396      10 cidrallocator.go:242] syncing ServiceCIDR allocators
2026-06-19T12:04:03.093304439Z I0619 12:04:03.083469      10 cidrallocator.go:278] updated ClusterIP allocator for Service CIDR 100.64.0.0/13
2026-06-19T12:04:03.093336656Z I0619 12:04:03.083497      10 cidrallocator.go:244] syncing ServiceCIDR allocators took: 3.108701ms
2026-06-19T12:04:03.279011659Z I0619 12:04:03.275584      10 controller.go:231] Updating CRD OpenAPI spec because vmservicescrapes.operator.victoriametrics.com changed
2026-06-19T12:04:03.304503267Z I0619 12:04:03.301815      10 controller.go:231] Updating CRD OpenAPI spec because vlsingles.operator.victoriametrics.com changed
2026-06-19T12:04:03.333924551Z I0619 12:04:03.331420      10 controller.go:231] Updating CRD OpenAPI spec because vlclusters.operator.victoriametrics.com changed
2026-06-19T12:04:03.338136094Z I0619 12:04:03.337976      10 controller.go:231] Updating CRD OpenAPI spec because vmrules.operator.victoriametrics.com changed
2026-06-19T12:04:03.339022264Z I0619 12:04:03.338905      10 controller.go:231] Updating CRD OpenAPI spec because vmalerts.operator.victoriametrics.com changed
2026-06-19T12:04:03.372297697Z I0619 12:04:03.369125      10 controller.go:231] Updating CRD OpenAPI spec because ciliumclusterwidenetworkpolicies.cilium.io changed
2026-06-19T12:04:03.375510079Z I0619 12:04:03.375319      10 controller.go:231] Updating CRD OpenAPI spec because ciliumcidrgroups.cilium.io changed
2026-06-19T12:04:03.377511568Z I0619 12:04:03.375593      10 controller.go:231] Updating CRD OpenAPI spec because vmusers.operator.victoriametrics.com changed
2026-06-19T12:04:03.379209387Z I0619 12:04:03.379055      10 controller.go:231] Updating CRD OpenAPI spec because vmprobes.operator.victoriametrics.com changed
2026-06-19T12:04:03.390897482Z I0619 12:04:03.390676      10 controller.go:231] Updating CRD OpenAPI spec because vlogs.operator.victoriametrics.com changed
2026-06-19T12:04:03.393375439Z I0619 12:04:03.393137      10 controller.go:231] Updating CRD OpenAPI spec because vmstaticscrapes.operator.victoriametrics.com changed
2026-06-19T12:04:03.410567903Z I0619 12:04:03.409577      10 controller.go:231] Updating CRD OpenAPI spec because vlagents.operator.victoriametrics.com changed
2026-06-19T12:04:03.442389757Z I0619 12:04:03.441142      10 controller.go:231] Updating CRD OpenAPI spec because vmalertmanagerconfigs.operator.victoriametrics.com changed
2026-06-19T12:04:03.444057367Z I0619 12:04:03.443858      10 controller.go:231] Updating CRD OpenAPI spec because vmalertmanagers.operator.victoriametrics.com changed
2026-06-19T12:04:03.463917753Z I0619 12:04:03.462902      10 controller.go:231] Updating CRD OpenAPI spec because vmauths.operator.victoriametrics.com changed
2026-06-19T12:04:03.480307464Z I0619 12:04:03.479643      10 controller.go:231] Updating CRD OpenAPI spec because vtsingles.operator.victoriametrics.com changed
2026-06-19T12:04:03.480561394Z I0619 12:04:03.480442      10 controller.go:231] Updating CRD OpenAPI spec because vmsingles.operator.victoriametrics.com changed
2026-06-19T12:04:03.490796098Z I0619 12:04:03.490243      10 controller.go:231] Updating CRD OpenAPI spec because vtclusters.operator.victoriametrics.com changed
2026-06-19T12:04:03.490821947Z I0619 12:04:03.490276      10 controller.go:231] Updating CRD OpenAPI spec because vmnodescrapes.operator.victoriametrics.com changed
2026-06-19T12:04:03.510061655Z I0619 12:04:03.509803      10 controller.go:231] Updating CRD OpenAPI spec because vmdistributed.operator.victoriametrics.com changed
2026-06-19T12:04:03.510657981Z I0619 12:04:03.510440      10 controller.go:231] Updating CRD OpenAPI spec because ciliumpodippools.cilium.io changed
2026-06-19T12:04:03.520959965Z I0619 12:04:03.520307      10 controller.go:231] Updating CRD OpenAPI spec because ciliumloadbalancerippools.cilium.io changed
2026-06-19T12:04:03.562198319Z I0619 12:04:03.561878      10 controller.go:231] Updating CRD OpenAPI spec because kubenticagents.kubentic.io changed
2026-06-19T12:04:03.567776837Z I0619 12:04:03.567592      10 controller.go:231] Updating CRD OpenAPI spec because ciliumidentities.cilium.io changed
2026-06-19T12:04:03.613623479Z I0619 12:04:03.613304      10 controller.go:231] Updating CRD OpenAPI spec because vmagents.operator.victoriametrics.com changed
2026-06-19T12:04:03.627443098Z I0619 12:04:03.627239      10 controller.go:231] Updating CRD OpenAPI spec because vmclusters.operator.victoriametrics.com changed
2026-06-19T12:04:03.627724170Z I0619 12:04:03.627608      10 controller.go:231] Updating CRD OpenAPI spec because vmscrapeconfigs.operator.victoriametrics.com changed
2026-06-19T12:04:03.668920352Z I0619 12:04:03.668721      10 controller.go:231] Updating CRD OpenAPI spec because ciliumnodes.cilium.io changed
2026-06-19T12:04:03.670247584Z I0619 12:04:03.670051      10 controller.go:231] Updating CRD OpenAPI spec because ciliumendpoints.cilium.io changed
2026-06-19T12:04:03.670993354Z I0619 12:04:03.670851      10 controller.go:231] Updating CRD OpenAPI spec because ciliumnodeconfigs.cilium.io changed
2026-06-19T12:04:03.671282661Z I0619 12:04:03.671151      10 controller.go:231] Updating CRD OpenAPI spec because vmpodscrapes.operator.victoriametrics.com changed
2026-06-19T12:04:03.710103690Z I0619 12:04:03.709890      10 controller.go:231] Updating CRD OpenAPI spec because ciliumnetworkpolicies.cilium.io changed
2026-06-19T12:04:03.710535070Z I0619 12:04:03.710410      10 controller.go:231] Updating CRD OpenAPI spec because ciliuml2announcementpolicies.cilium.io changed
2026-06-19T12:04:03.721461006Z I0619 12:04:03.721273      10 controller.go:231] Updating CRD OpenAPI spec because vmanomalyconfigs.operator.victoriametrics.com changed
2026-06-19T12:04:03.728626697Z I0619 12:04:03.728372      10 controller.go:231] Updating CRD OpenAPI spec because vmanomalies.operator.victoriametrics.com changed
2026-06-19T12:04:05.443344786Z I0619 12:04:05.443077      10 apf_controller.go:493] "Update CurrentCL" plName="exempt" seatDemandHighWatermark=2 seatDemandAvg=0.004244112860672128 seatDemandStdev=0.06516331105597045 seatDemandSmoothed=1.5479170590314626 fairFrac=2.3333333333333335 currentCL=2 concurrencyDenominator=2 backstop=false
2026-06-19T12:04:15.444196014Z I0619 12:04:15.443907      10 apf_controller.go:493] "Update CurrentCL" plName="exempt" seatDemandHighWatermark=1 seatDemandAvg=0.0025127410353307147 seatDemandStdev=0.050064230422728756 seatDemandSmoothed=1.5135242370172743 fairFrac=2.3333333333333335 currentCL=1 concurrencyDenominator=1 backstop=false
2026-06-19T12:05:05.447299294Z I0619 12:05:05.447040      10 apf_controller.go:493] "Update CurrentCL" plName="exempt" seatDemandHighWatermark=2 seatDemandAvg=0.016634488424357406 seatDemandStdev=0.12888980057491486 seatDemandSmoothed=1.3553303341393617 fairFrac=2.3333333333333335 currentCL=2 concurrencyDenominator=2 backstop=false
2026-06-19T12:05:15.448327401Z I0619 12:05:15.448080      10 apf_controller.go:493] "Update CurrentCL" plName="exempt" seatDemandHighWatermark=1 seatDemandAvg=0.002962730823843753 seatDemandStdev=0.05435028104719606 seatDemandSmoothed=1.3254759357271904 fairFrac=2.3333333333333335 currentCL=1 concurrencyDenominator=1 backstop=false
2026-06-19T12:05:35.450349269Z I0619 12:05:35.450082      10 apf_controller.go:493] "Update CurrentCL" plName="exempt" seatDemandHighWatermark=2 seatDemandAvg=0.0030807512599646102 seatDemandStdev=0.058472462360797846 seatDemandSmoothed=1.2679841809372758 fairFrac=2.3333333333333335 currentCL=2 concurrencyDenominator=2 backstop=false
2026-06-19T12:05:45.451168272Z I0619 12:05:45.450940      10 apf_controller.go:493] "Update CurrentCL" plName="exempt" seatDemandHighWatermark=1 seatDemandAvg=0.002333816344900942 seatDemandStdev=0.048253182756883665 seatDemandSmoothed=1.2399840457550597 fairFrac=2.3333333333333335 currentCL=1 concurrencyDenominator=1 backstop=false
2026-06-19T12:05:55.451578455Z I0619 12:05:55.451276      10 apf_controller.go:493] "Update CurrentCL" plName="exempt" seatDemandHighWatermark=3 seatDemandAvg=0.005159593725616065 seatDemandStdev=0.07989824926347724 seatDemandSmoothed=1.2134207430914423 fairFrac=2.3333333333333335 currentCL=3 concurrencyDenominator=3 backstop=false
2026-06-19T12:06:05.452941301Z I0619 12:06:05.452668      10 apf_controller.go:493] "Update CurrentCL" plName="exempt" seatDemandHighWatermark=2 seatDemandAvg=0.014303510604517048 seatDemandStdev=0.12001870673748521 seatDemandSmoothed=1.188601476999205 fairFrac=2.3333333333333335 currentCL=2 concurrencyDenominator=2 backstop=false
2026-06-19T12:06:15.453670224Z I0619 12:06:15.453407      10 apf_controller.go:493] "Update CurrentCL" plName="exempt" seatDemandHighWatermark=1 seatDemandAvg=0.00316710626851984 seatDemandStdev=0.05618786084559317 seatDemandSmoothed=1.1626288072718478 fairFrac=2.3333333333333335 currentCL=1 concurrencyDenominator=1 backstop=false
2026-06-19T12:06:35.455714056Z I0619 12:06:35.455469      10 apf_controller.go:493] "Update CurrentCL" plName="exempt" seatDemandHighWatermark=2 seatDemandAvg=0.002952821147641855 seatDemandStdev=0.05429099211423187 seatDemandSmoothed=1.1123196806318754 fairFrac=2.3333333333333335 currentCL=2 concurrencyDenominator=2 backstop=false
2026-06-19T12:06:45.456349440Z I0619 12:06:45.456118      10 apf_controller.go:493] "Update CurrentCL" plName="exempt" seatDemandHighWatermark=1 seatDemandAvg=0.0024995445673856313 seatDemandStdev=0.04993292345077829 seatDemandSmoothed=1.08794227474176 fairFrac=2.3333333333333335 currentCL=1 concurrencyDenominator=1 backstop=false
2026-06-19T12:06:55.457658677Z I0619 12:06:55.457412      10 apf_controller.go:493] "Update CurrentCL" plName="exempt" seatDemandHighWatermark=3 seatDemandAvg=0.0045655760074912975 seatDemandStdev=0.08004480675112306 seatDemandSmoothed=1.0648656412261477 fairFrac=2.3333333333333335 currentCL=3 concurrencyDenominator=3 backstop=false
2026-06-19T12:07:05.458619285Z I0619 12:07:05.458384      10 apf_controller.go:493] "Update CurrentCL" plName="exempt" seatDemandHighWatermark=2 seatDemandAvg=0.01930460682554846 seatDemandStdev=0.1376710130608702 seatDemandSmoothed=1.043984170735334 fairFrac=2.3333333333333335 currentCL=2 concurrencyDenominator=2 backstop=false
2026-06-19T12:07:15.459384395Z I0619 12:07:15.459150      10 apf_controller.go:493] "Update CurrentCL" plName="exempt" seatDemandHighWatermark=1 seatDemandAvg=0.002905740954694628 seatDemandStdev=0.05382655129393707 seatDemandSmoothed=1.0212773775301398 fairFrac=2.3333333333333335 currentCL=1 concurrencyDenominator=1 backstop=false
2026-06-19T12:07:35.460518874Z I0619 12:07:35.460300      10 apf_controller.go:493] "Update CurrentCL" plName="exempt" seatDemandHighWatermark=3 seatDemandAvg=0.00407996206966774 seatDemandStdev=0.07225990414773864 seatDemandSmoothed=0.9781772869166898 fairFrac=2.3333333333333335 currentCL=3 concurrencyDenominator=3 backstop=false
2026-06-19T12:07:45.461627503Z I0619 12:07:45.461355      10 apf_controller.go:493] "Update CurrentCL" plName="exempt" seatDemandHighWatermark=1 seatDemandAvg=0.003842113182639277 seatDemandStdev=0.061865590993144697 seatDemandSmoothed=0.957190486513649 fairFrac=2.3333333333333335 currentCL=1 concurrencyDenominator=1 backstop=false
2026-06-19T12:07:55.462042927Z I0619 12:07:55.461793      10 apf_controller.go:493] "Update CurrentCL" plName="exempt" seatDemandHighWatermark=2 seatDemandAvg=0.03258687739477022 seatDemandStdev=0.17833979548747755 seatDemandSmoothed=0.9400264188001268 fairFrac=2.3333333333333335 currentCL=2 concurrencyDenominator=2 backstop=false
2026-06-19T12:08:05.462343534Z I0619 12:08:05.462081      10 apf_controller.go:493] "Update CurrentCL" plName="exempt" seatDemandHighWatermark=1 seatDemandAvg=0.004692801354120615 seatDemandStdev=0.06834309745373982 seatDemandSmoothed=0.9200856368403046 fairFrac=2.3333333333333335 currentCL=1 concurrencyDenominator=1 backstop=false
2026-06-19T12:08:27.494567354Z I0619 12:08:27.493816      10 trace.go:236] Trace[1251503403]: "Patch" accept:application/json,audit-id:ab0f317e-e2ed-4ce2-a841-981be8dc07fb,client:202.47.35.113,api-group:apiextensions.k8s.io,api-version:v1,name:vlagents.operator.victoriametrics.com,subresource:,namespace:,protocol:HTTP/2.0,resource:customresourcedefinitions,scope:resource,url:/apis/apiextensions.k8s.io/v1/customresourcedefinitions/vlagents.operator.victoriametrics.com,user-agent:Helm/4.0.4,verb:APPLY (19-Jun-2026 12:08:26.825) (total time: 668ms):
2026-06-19T12:08:27.494601668Z Trace[1251503403]: ---"limitedReadBody succeeded" len:20393 467ms (12:08:27.292)
2026-06-19T12:08:27.494607819Z Trace[1251503403]: ---"About to check admission control" 99ms (12:08:27.393)
2026-06-19T12:08:27.494611396Z Trace[1251503403]: ---"Object stored in database" 96ms (12:08:27.490)
2026-06-19T12:08:27.494624003Z Trace[1251503403]: [668.306756ms] [668.306756ms] END
2026-06-19T12:08:29.295314384Z I0619 12:08:29.294940      10 trace.go:236] Trace[477120633]: "Patch" accept:application/json,audit-id:e714b7ec-68e6-4256-ad75-2198843bf21f,client:202.47.35.113,api-group:apiextensions.k8s.io,api-version:v1,name:vlclusters.operator.victoriametrics.com,subresource:,namespace:,protocol:HTTP/2.0,resource:customresourcedefinitions,scope:resource,url:/apis/apiextensions.k8s.io/v1/customresourcedefinitions/vlclusters.operator.victoriametrics.com,user-agent:Helm/4.0.4,verb:APPLY (19-Jun-2026 12:08:28.694) (total time: 600ms):
2026-06-19T12:08:29.295380606Z Trace[477120633]: ---"limitedReadBody succeeded" len:38265 392ms (12:08:29.086)
2026-06-19T12:08:29.295384310Z Trace[477120633]: ---"About to check admission control" 57ms (12:08:29.146)
2026-06-19T12:08:29.295386791Z Trace[477120633]: ---"Object stored in database" 131ms (12:08:29.278)
2026-06-19T12:08:29.295389416Z Trace[477120633]: [600.50107ms] [600.50107ms] END
2026-06-19T12:08:31.099187754Z I0619 12:08:31.098923      10 trace.go:236] Trace[2101565365]: "Patch" accept:application/json,audit-id:32026196-c548-4da1-839a-0dc176519615,client:202.47.35.113,api-group:apiextensions.k8s.io,api-version:v1,name:vtclusters.operator.victoriametrics.com,subresource:,namespace:,protocol:HTTP/2.0,resource:customresourcedefinitions,scope:resource,url:/apis/apiextensions.k8s.io/v1/customresourcedefinitions/vtclusters.operator.victoriametrics.com,user-agent:Helm/4.0.4,verb:APPLY (19-Jun-2026 12:08:30.220) (total time: 878ms):
2026-06-19T12:08:31.099202357Z Trace[2101565365]: ---"limitedReadBody succeeded" len:36696 390ms (12:08:30.611)
2026-06-19T12:08:31.099205259Z Trace[2101565365]: ---"About to check admission control" 227ms (12:08:30.846)
2026-06-19T12:08:31.099207948Z Trace[2101565365]: ---"Object stored in database" 249ms (12:08:31.095)
2026-06-19T12:08:31.099211081Z Trace[2101565365]: [878.642276ms] [878.642276ms] END
2026-06-19T12:08:31.128619988Z I0619 12:08:31.128338      10 trace.go:236] Trace[340026804]: "Patch" accept:application/json,audit-id:a5019c0c-031c-4008-bc78-b20cd2a2e3fd,client:202.47.35.113,api-group:apiextensions.k8s.io,api-version:v1,name:vmagents.operator.victoriametrics.com,subresource:,namespace:,protocol:HTTP/2.0,resource:customresourcedefinitions,scope:resource,url:/apis/apiextensions.k8s.io/v1/customresourcedefinitions/vmagents.operator.victoriametrics.com,user-agent:Helm/4.0.4,verb:APPLY (19-Jun-2026 12:08:30.611) (total time: 516ms):
2026-06-19T12:08:31.128645069Z Trace[340026804]: ---"About to check admission control" 280ms (12:08:30.930)
2026-06-19T12:08:31.128648475Z Trace[340026804]: ---"Object stored in database" 191ms (12:08:31.122)
2026-06-19T12:08:31.128651382Z Trace[340026804]: [516.805844ms] [516.805844ms] END
2026-06-19T12:08:32.258338874Z I0619 12:08:32.257811      10 trace.go:236] Trace[1261876649]: "Patch" accept:application/json,audit-id:3f0d6277-b28a-4a10-a395-e7cdee57bbf6,client:202.47.35.113,api-group:apiextensions.k8s.io,api-version:v1,name:vmdistributed.operator.victoriametrics.com,subresource:,namespace:,protocol:HTTP/2.0,resource:customresourcedefinitions,scope:resource,url:/apis/apiextensions.k8s.io/v1/customresourcedefinitions/vmdistributed.operator.victoriametrics.com,user-agent:Helm/4.0.4,verb:APPLY (19-Jun-2026 12:08:30.646) (total time: 1611ms):
2026-06-19T12:08:32.258357488Z Trace[1261876649]: ---"limitedReadBody succeeded" len:234330 897ms (12:08:31.543)
2026-06-19T12:08:32.258360685Z Trace[1261876649]: ["GuaranteedUpdate etcd3" audit-id:3f0d6277-b28a-4a10-a395-e7cdee57bbf6,key:/apiextensions.k8s.io/customresourcedefinitions/vmdistributed.operator.victoriametrics.com,type:*apiextensions.CustomResourceDefinition,group:apiextensions.k8s.io,resource:customresourcedefinitions 709ms (12:08:31.548)
2026-06-19T12:08:32.258364194Z Trace[1261876649]:  ---"About to Encode" 480ms (12:08:32.046)]
2026-06-19T12:08:32.258366992Z Trace[1261876649]: ---"About to check admission control" 235ms (12:08:31.800)
2026-06-19T12:08:32.258369184Z Trace[1261876649]: ---"Object stored in database" 401ms (12:08:32.201)
2026-06-19T12:08:32.258386893Z Trace[1261876649]: [1.611655159s] [1.611655159s] END
2026-06-19T12:08:35.465753518Z I0619 12:08:35.465210      10 apf_controller.go:493] "Update CurrentCL" plName="exempt" seatDemandHighWatermark=5 seatDemandAvg=0.8434117235492434 seatDemandStdev=1.011816798486327 seatDemandSmoothed=1.8552285220355706 fairFrac=2.3333333333333335 currentCL=5 concurrencyDenominator=5 backstop=false
2026-06-19T12:08:45.466823118Z I0619 12:08:45.466515      10 apf_controller.go:493] "Update CurrentCL" plName="exempt" seatDemandHighWatermark=1 seatDemandAvg=0.0070483868120642746 seatDemandStdev=0.08365827547476576 seatDemandSmoothed=1.8146445192613496 fairFrac=2.3333333333333335 currentCL=1 concurrencyDenominator=1 backstop=false
2026-06-19T12:09:02.439761285Z I0619 12:09:02.439477      10 trace.go:236] Trace[940354746]: "Create" accept:application/vnd.kubernetes.protobuf,application/json,audit-id:2e1bdd65-1785-410d-96ef-7054b5db8691,client:202.47.35.113,api-group:,api-version:v1,name:,subresource:,namespace:kubentic-foresight,protocol:HTTP/2.0,resource:secrets,scope:resource,url:/api/v1/namespaces/kubentic-foresight/secrets,user-agent:Helm/4.0.4,verb:POST (19-Jun-2026 12:09:01.275) (total time: 1162ms):
2026-06-19T12:09:02.439783754Z Trace[940354746]: ---"limitedReadBody succeeded" len:161315 1088ms (12:09:02.363)
2026-06-19T12:09:02.439788469Z Trace[940354746]: [1.162549797s] [1.162549797s] END
2026-06-19T12:09:03.321314449Z I0619 12:09:03.321128      10 controller.go:231] Updating CRD OpenAPI spec because kubenticagents.kubentic.io changed
2026-06-19T12:09:03.349971906Z I0619 12:09:03.327099      10 controller.go:231] Updating CRD OpenAPI spec because ciliumidentities.cilium.io changed
2026-06-19T12:09:03.449421611Z I0619 12:09:03.390525      10 controller.go:231] Updating CRD OpenAPI spec because vmagents.operator.victoriametrics.com changed
2026-06-19T12:09:03.449450593Z I0619 12:09:03.398553      10 controller.go:231] Updating CRD OpenAPI spec because vmclusters.operator.victoriametrics.com changed
2026-06-19T12:09:03.538929392Z I0619 12:09:03.529974      10 controller.go:231] Updating CRD OpenAPI spec because vmscrapeconfigs.operator.victoriametrics.com changed
2026-06-19T12:09:03.640598371Z I0619 12:09:03.539942      10 controller.go:231] Updating CRD OpenAPI spec because ciliumnodes.cilium.io changed
2026-06-19T12:09:03.640625853Z I0619 12:09:03.542708      10 controller.go:231] Updating CRD OpenAPI spec because ciliumendpoints.cilium.io changed
2026-06-19T12:09:03.640630240Z I0619 12:09:03.543510      10 controller.go:231] Updating CRD OpenAPI spec because ciliumnodeconfigs.cilium.io changed
2026-06-19T12:09:03.640634294Z I0619 12:09:03.595036      10 controller.go:231] Updating CRD OpenAPI spec because vmpodscrapes.operator.victoriametrics.com changed
2026-06-19T12:09:03.640637777Z I0619 12:09:03.596433      10 controller.go:231] Updating CRD OpenAPI spec because ciliumnetworkpolicies.cilium.io changed
2026-06-19T12:09:03.640641074Z I0619 12:09:03.597190      10 controller.go:231] Updating CRD OpenAPI spec because ciliuml2announcementpolicies.cilium.io changed
2026-06-19T12:09:03.640644234Z I0619 12:09:03.597280      10 controller.go:231] Updating CRD OpenAPI spec because vmanomalyconfigs.operator.victoriametrics.com changed
2026-06-19T12:09:03.640647120Z I0619 12:09:03.613003      10 controller.go:231] Updating CRD OpenAPI spec because vmanomalies.operator.victoriametrics.com changed
2026-06-19T12:09:03.640650424Z I0619 12:09:03.613235      10 controller.go:231] Updating CRD OpenAPI spec because vmservicescrapes.operator.victoriametrics.com changed
2026-06-19T12:09:03.640653824Z I0619 12:09:03.617019      10 controller.go:231] Updating CRD OpenAPI spec because vlsingles.operator.victoriametrics.com changed
2026-06-19T12:09:03.640657684Z I0619 12:09:03.617091      10 controller.go:231] Updating CRD OpenAPI spec because vlclusters.operator.victoriametrics.com changed
2026-06-19T12:09:03.640660719Z I0619 12:09:03.627307      10 controller.go:231] Updating CRD OpenAPI spec because vmrules.operator.victoriametrics.com changed
2026-06-19T12:09:03.640663971Z I0619 12:09:03.629365      10 controller.go:231] Updating CRD OpenAPI spec because vmalerts.operator.victoriametrics.com changed
2026-06-19T12:09:03.640688423Z I0619 12:09:03.629607      10 controller.go:231] Updating CRD OpenAPI spec because ciliumclusterwidenetworkpolicies.cilium.io changed
2026-06-19T12:09:03.669617678Z I0619 12:09:03.665446      10 controller.go:231] Updating CRD OpenAPI spec because ciliumcidrgroups.cilium.io changed
2026-06-19T12:09:03.671691588Z I0619 12:09:03.670869      10 controller.go:231] Updating CRD OpenAPI spec because vmusers.operator.victoriametrics.com changed
2026-06-19T12:09:03.673345379Z I0619 12:09:03.673193      10 controller.go:231] Updating CRD OpenAPI spec because vmprobes.operator.victoriametrics.com changed
2026-06-19T12:09:03.678577180Z I0619 12:09:03.678376      10 controller.go:231] Updating CRD OpenAPI spec because vlogs.operator.victoriametrics.com changed
2026-06-19T12:09:03.686532740Z I0619 12:09:03.686355      10 controller.go:231] Updating CRD OpenAPI spec because vmstaticscrapes.operator.victoriametrics.com changed
2026-06-19T12:09:03.700229006Z I0619 12:09:03.700032      10 controller.go:231] Updating CRD OpenAPI spec because vlagents.operator.victoriametrics.com changed
2026-06-19T12:09:03.700645692Z I0619 12:09:03.700508      10 controller.go:231] Updating CRD OpenAPI spec because vmalertmanagerconfigs.operator.victoriametrics.com changed
2026-06-19T12:09:03.710897274Z I0619 12:09:03.710682      10 controller.go:231] Updating CRD OpenAPI spec because vmalertmanagers.operator.victoriametrics.com changed
2026-06-19T12:09:03.711749138Z I0619 12:09:03.711390      10 controller.go:231] Updating CRD OpenAPI spec because vmauths.operator.victoriametrics.com changed
2026-06-19T12:09:03.722355748Z I0619 12:09:03.722119      10 controller.go:231] Updating CRD OpenAPI spec because vtsingles.operator.victoriametrics.com changed
2026-06-19T12:09:03.736763040Z I0619 12:09:03.735716      10 controller.go:231] Updating CRD OpenAPI spec because vmsingles.operator.victoriametrics.com changed
2026-06-19T12:09:03.747886847Z I0619 12:09:03.747597      10 controller.go:231] Updating CRD OpenAPI spec because vtclusters.operator.victoriametrics.com changed
2026-06-19T12:09:03.747960611Z I0619 12:09:03.747771      10 controller.go:231] Updating CRD OpenAPI spec because vmnodescrapes.operator.victoriametrics.com changed
2026-06-19T12:09:03.748943156Z I0619 12:09:03.748715      10 controller.go:231] Updating CRD OpenAPI spec because vmdistributed.operator.victoriametrics.com changed
2026-06-19T12:09:03.773643512Z I0619 12:09:03.772655      10 controller.go:231] Updating CRD OpenAPI spec because ciliumpodippools.cilium.io changed
2026-06-19T12:09:03.775150442Z I0619 12:09:03.773932      10 controller.go:231] Updating CRD OpenAPI spec because ciliumloadbalancerippools.cilium.io changed
2026-06-19T12:09:05.468302196Z I0619 12:09:05.468008      10 apf_controller.go:493] "Update CurrentCL" plName="exempt" seatDemandHighWatermark=2 seatDemandAvg=0.18319155411539464 seatDemandStdev=0.39233184727101983 seatDemandSmoothed=1.747416350448505 fairFrac=2.3333333333333335 currentCL=2 concurrencyDenominator=2 backstop=false
2026-06-19T12:09:25.461477637Z I0619 12:09:25.461054      10 trace.go:236] Trace[1052529706]: "Patch" accept:application/json,audit-id:950ffc58-74e8-4fb3-b1f8-98189b1bca22,client:202.47.35.113,api-group:,api-version:v1,name:vmstack-node-exporter-full,subresource:,namespace:kubentic-foresight,protocol:HTTP/2.0,resource:configmaps,scope:resource,url:/api/v1/namespaces/kubentic-foresight/configmaps/vmstack-node-exporter-full,user-agent:Helm/4.0.4,verb:APPLY (19-Jun-2026 12:09:23.795) (total time: 1665ms):
2026-06-19T12:09:25.461506590Z Trace[1052529706]: ---"limitedReadBody succeeded" len:276655 1631ms (12:09:25.426)
2026-06-19T12:09:25.461510926Z Trace[1052529706]: ---"About to check admission control" 18ms (12:09:25.446)
2026-06-19T12:09:25.461513711Z Trace[1052529706]: [1.665350514s] [1.665350514s] END
2026-06-19T12:09:25.469322433Z I0619 12:09:25.468764      10 apf_controller.go:493] "Update CurrentCL" plName="exempt" seatDemandHighWatermark=6 seatDemandAvg=0.40536999989805333 seatDemandStdev=0.5923225560524501 seatDemandSmoothed=1.6972893279273624 fairFrac=2.3333333333333335 currentCL=6 concurrencyDenominator=6 backstop=false
2026-06-19T12:09:25.811152333Z I0619 12:09:25.809437      10 cacher.go:855] cacher (clusterroles.rbac.authorization.k8s.io): 5 objects queued in incoming channel.
2026-06-19T12:09:25.811176682Z I0619 12:09:25.809480      10 cacher.go:855] cacher (clusterroles.rbac.authorization.k8s.io): 6 objects queued in incoming channel.
2026-06-19T12:09:27.250991158Z I0619 12:09:27.250700      10 alloc.go:329] "allocated clusterIPs" service="kubentic-foresight/kubentic-prometheus-node-exporter" clusterIPs={"IPv4":"100.70.81.75"}
2026-06-19T12:09:27.262946612Z I0619 12:09:27.261967      10 alloc.go:329] "allocated clusterIPs" service="kubentic-foresight/kubentic-kube-state-metrics" clusterIPs={"IPv4":"100.66.36.208"}
2026-06-19T12:09:27.277585388Z I0619 12:09:27.277196      10 alloc.go:329] "allocated clusterIPs" service="kubentic-foresight/vlogs-server" clusterIPs={"IPv4":"100.69.216.193"}
2026-06-19T12:09:27.279823647Z I0619 12:09:27.277490      10 alloc.go:329] "allocated clusterIPs" service="kubentic-foresight/kubentic-victoria-metrics-operator" clusterIPs={"IPv4":"100.64.251.250"}
2026-06-19T12:09:27.291405916Z I0619 12:09:27.291138      10 alloc.go:329] "allocated clusterIPs" service="kubentic-foresight/kubentic-grafana" clusterIPs={"IPv4":"100.66.60.54"}
2026-06-19T12:09:27.740679729Z I0619 12:09:27.739670      10 node_authorizer.go:232] "NODE DENY" err="node 'i-0d94ada325e8491c5' cannot get unknown pod kubentic-foresight/kubentic-prometheus-node-exporter-4lxmg"
2026-06-19T12:09:27.742256258Z I0619 12:09:27.742008      10 node_authorizer.go:232] "NODE DENY" err="node 'i-0010bc1572a60c430' cannot get unknown configmap kubentic-foresight/kubentic-vector-config"
2026-06-19T12:09:27.832574082Z I0619 12:09:27.831872      10 node_authorizer.go:232] "NODE DENY" err="node 'i-0d94ada325e8491c5' cannot get configmap kubentic-foresight/kubentic-vector-config, no relationship to this object was found in the node authorizer graph"
2026-06-19T12:09:28.274757999Z I0619 12:09:28.254440      10 node_authorizer.go:232] "NODE DENY" err="node 'i-0d94ada325e8491c5' cannot get unknown secret kubentic-foresight/kubentic-grafana"
2026-06-19T12:09:28.274780598Z I0619 12:09:28.257061      10 node_authorizer.go:232] "NODE DENY" err="node 'i-0d94ada325e8491c5' cannot get unknown configmap kubentic-foresight/kubentic-grafana"
2026-06-19T12:09:28.274784146Z I0619 12:09:28.257422      10 node_authorizer.go:232] "NODE DENY" err="node 'i-0d94ada325e8491c5' cannot get unknown configmap kubentic-foresight/kubentic-grafana-config-dashboards"
2026-06-19T12:09:28.384773406Z I0619 12:09:28.384118      10 node_authorizer.go:232] "NODE DENY" err="node 'i-0ecec600693268f66' cannot get unknown pod kubentic-foresight/kubentic-victoria-metrics-operator-5f96779cb6-pzc9k"
2026-06-19T12:09:28.385347785Z I0619 12:09:28.385177      10 node_authorizer.go:232] "NODE DENY" err="node 'i-0ecec600693268f66' cannot get unknown secret kubentic-foresight/kubentic-victoria-metrics-operator-validation"
2026-06-19T12:09:29.561631329Z W0619 12:09:29.561261      10 dispatcher.go:205] Failed calling webhook, failing open vmagents.operator.victoriametrics.com: failed calling webhook "vmagents.operator.victoriametrics.com": failed to call webhook: Post "https://kubentic-victoria-metrics-operator.kubentic-foresight.svc:9443/validate-operator-victoriametrics-com-v1beta1-vmagent?timeout=10s": dial tcp 100.64.251.250:9443: connect: operation not permitted
2026-06-19T12:09:29.561651420Z E0619 12:09:29.561319      10 dispatcher.go:213] "Unhandled Error" err="failed calling webhook \"vmagents.operator.victoriametrics.com\": failed to call webhook: Post \"https://kubentic-victoria-metrics-operator.kubentic-foresight.svc:9443/validate-operator-victoriametrics-com-v1beta1-vmagent?timeout=10s\": dial tcp 100.64.251.250:9443: connect: operation not permitted" logger="UnhandledError"
2026-06-19T12:09:29.907761351Z W0619 12:09:29.906764      10 dispatcher.go:205] Failed calling webhook, failing open vmnodescrapes.operator.victoriametrics.com: failed calling webhook "vmnodescrapes.operator.victoriametrics.com": failed to call webhook: Post "https://kubentic-victoria-metrics-operator.kubentic-foresight.svc:9443/validate-operator-victoriametrics-com-v1beta1-vmnodescrape?timeout=10s": dial tcp 100.64.251.250:9443: connect: operation not permitted
2026-06-19T12:09:29.907834369Z E0619 12:09:29.906822      10 dispatcher.go:213] "Unhandled Error" err="failed calling webhook \"vmnodescrapes.operator.victoriametrics.com\": failed to call webhook: Post \"https://kubentic-victoria-metrics-operator.kubentic-foresight.svc:9443/validate-operator-victoriametrics-com-v1beta1-vmnodescrape?timeout=10s\": dial tcp 100.64.251.250:9443: connect: operation not permitted" logger="UnhandledError"
2026-06-19T12:09:29.908662323Z W0619 12:09:29.908469      10 dispatcher.go:205] Failed calling webhook, failing open vmnodescrapes.operator.victoriametrics.com: failed calling webhook "vmnodescrapes.operator.victoriametrics.com": failed to call webhook: Post "https://kubentic-victoria-metrics-operator.kubentic-foresight.svc:9443/validate-operator-victoriametrics-com-v1beta1-vmnodescrape?timeout=10s": dial tcp 100.64.251.250:9443: connect: operation not permitted
2026-06-19T12:09:29.908859911Z E0619 12:09:29.908719      10 dispatcher.go:213] "Unhandled Error" err="failed calling webhook \"vmnodescrapes.operator.victoriametrics.com\": failed to call webhook: Post \"https://kubentic-victoria-metrics-operator.kubentic-foresight.svc:9443/validate-operator-victoriametrics-com-v1beta1-vmnodescrape?timeout=10s\": dial tcp 100.64.251.250:9443: connect: operation not permitted" logger="UnhandledError"
2026-06-19T12:09:29.910671454Z W0619 12:09:29.910448      10 dispatcher.go:205] Failed calling webhook, failing open vmnodescrapes.operator.victoriametrics.com: failed calling webhook "vmnodescrapes.operator.victoriametrics.com": failed to call webhook: Post "https://kubentic-victoria-metrics-operator.kubentic-foresight.svc:9443/validate-operator-victoriametrics-com-v1beta1-vmnodescrape?timeout=10s": dial tcp 100.64.251.250:9443: connect: operation not permitted
2026-06-19T12:09:29.911620736Z E0619 12:09:29.911447      10 dispatcher.go:213] "Unhandled Error" err="failed calling webhook \"vmnodescrapes.operator.victoriametrics.com\": failed to call webhook: Post \"https://kubentic-victoria-metrics-operator.kubentic-foresight.svc:9443/validate-operator-victoriametrics-com-v1beta1-vmnodescrape?timeout=10s\": dial tcp 100.64.251.250:9443: connect: operation not permitted" logger="UnhandledError"
2026-06-19T12:09:29.913847445Z W0619 12:09:29.913637      10 dispatcher.go:205] Failed calling webhook, failing open vmnodescrapes.operator.victoriametrics.com: failed calling webhook "vmnodescrapes.operator.victoriametrics.com": failed to call webhook: Post "https://kubentic-victoria-metrics-operator.kubentic-foresight.svc:9443/validate-operator-victoriametrics-com-v1beta1-vmnodescrape?timeout=10s": dial tcp 100.64.251.250:9443: connect: operation not permitted
2026-06-19T12:09:29.913861761Z E0619 12:09:29.913673      10 dispatcher.go:213] "Unhandled Error" err="failed calling webhook \"vmnodescrapes.operator.victoriametrics.com\": failed to call webhook: Post \"https://kubentic-victoria-metrics-operator.kubentic-foresight.svc:9443/validate-operator-victoriametrics-com-v1beta1-vmnodescrape?timeout=10s\": dial tcp 100.64.251.250:9443: connect: operation not permitted" logger="UnhandledError"
2026-06-19T12:09:30.234050256Z W0619 12:09:30.233577      10 dispatcher.go:205] Failed calling webhook, failing open vmservicescrapes.operator.victoriametrics.com: failed calling webhook "vmservicescrapes.operator.victoriametrics.com": failed to call webhook: Post "https://kubentic-victoria-metrics-operator.kubentic-foresight.svc:9443/validate-operator-victoriametrics-com-v1beta1-vmservicescrape?timeout=10s": dial tcp 100.64.251.250:9443: connect: operation not permitted
2026-06-19T12:09:30.234367222Z E0619 12:09:30.233624      10 dispatcher.go:213] "Unhandled Error" err="failed calling webhook \"vmservicescrapes.operator.victoriametrics.com\": failed to call webhook: Post \"https://kubentic-victoria-metrics-operator.kubentic-foresight.svc:9443/validate-operator-victoriametrics-com-v1beta1-vmservicescrape?timeout=10s\": dial tcp 100.64.251.250:9443: connect: operation not permitted" logger="UnhandledError"
2026-06-19T12:09:30.237067918Z W0619 12:09:30.236823      10 dispatcher.go:205] Failed calling webhook, failing open vmservicescrapes.operator.victoriametrics.com: failed calling webhook "vmservicescrapes.operator.victoriametrics.com": failed to call webhook: Post "https://kubentic-victoria-metrics-operator.kubentic-foresight.svc:9443/validate-operator-victoriametrics-com-v1beta1-vmservicescrape?timeout=10s": dial tcp 100.64.251.250:9443: connect: operation not permitted
2026-06-19T12:09:30.237351662Z E0619 12:09:30.236862      10 dispatcher.go:213] "Unhandled Error" err="failed calling webhook \"vmservicescrapes.operator.victoriametrics.com\": failed to call webhook: Post \"https://kubentic-victoria-metrics-operator.kubentic-foresight.svc:9443/validate-operator-victoriametrics-com-v1beta1-vmservicescrape?timeout=10s\": dial tcp 100.64.251.250:9443: connect: operation not permitted" logger="UnhandledError"
2026-06-19T12:09:30.241763255Z W0619 12:09:30.241274      10 dispatcher.go:205] Failed calling webhook, failing open vmservicescrapes.operator.victoriametrics.com: failed calling webhook "vmservicescrapes.operator.victoriametrics.com": failed to call webhook: Post "https://kubentic-victoria-metrics-operator.kubentic-foresight.svc:9443/validate-operator-victoriametrics-com-v1beta1-vmservicescrape?timeout=10s": dial tcp 100.64.251.250:9443: connect: operation not permitted
2026-06-19T12:09:30.241787201Z E0619 12:09:30.241317      10 dispatcher.go:213] "Unhandled Error" err="failed calling webhook \"vmservicescrapes.operator.victoriametrics.com\": failed to call webhook: Post \"https://kubentic-victoria-metrics-operator.kubentic-foresight.svc:9443/validate-operator-victoriametrics-com-v1beta1-vmservicescrape?timeout=10s\": dial tcp 100.64.251.250:9443: connect: operation not permitted" logger="UnhandledError"
2026-06-19T12:09:30.242449054Z W0619 12:09:30.242259      10 dispatcher.go:205] Failed calling webhook, failing open vmservicescrapes.operator.victoriametrics.com: failed calling webhook "vmservicescrapes.operator.victoriametrics.com": failed to call webhook: Post "https://kubentic-victoria-metrics-operator.kubentic-foresight.svc:9443/validate-operator-victoriametrics-com-v1beta1-vmservicescrape?timeout=10s": dial tcp 100.64.251.250:9443: connect: operation not permitted
2026-06-19T12:09:30.242692854Z E0619 12:09:30.242591      10 dispatcher.go:213] "Unhandled Error" err="failed calling webhook \"vmservicescrapes.operator.victoriametrics.com\": failed to call webhook: Post \"https://kubentic-victoria-metrics-operator.kubentic-foresight.svc:9443/validate-operator-victoriametrics-com-v1beta1-vmservicescrape?timeout=10s\": dial tcp 100.64.251.250:9443: connect: operation not permitted" logger="UnhandledError"
2026-06-19T12:09:30.633804875Z W0619 12:09:30.633578      10 dispatcher.go:205] Failed calling webhook, failing open vmsingles.operator.victoriametrics.com: failed calling webhook "vmsingles.operator.victoriametrics.com": failed to call webhook: Post "https://kubentic-victoria-metrics-operator.kubentic-foresight.svc:9443/validate-operator-victoriametrics-com-v1beta1-vmsingle?timeout=10s": dial tcp 100.64.251.250:9443: connect: operation not permitted
2026-06-19T12:09:30.634219608Z E0619 12:09:30.633653      10 dispatcher.go:213] "Unhandled Error" err="failed calling webhook \"vmsingles.operator.victoriametrics.com\": failed to call webhook: Post \"https://kubentic-victoria-metrics-operator.kubentic-foresight.svc:9443/validate-operator-victoriametrics-com-v1beta1-vmsingle?timeout=10s\": dial tcp 100.64.251.250:9443: connect: operation not permitted" logger="UnhandledError"
2026-06-19T12:09:32.042626234Z W0619 12:09:32.041900      10 dispatcher.go:205] Failed calling webhook, failing open vmsingles.operator.victoriametrics.com: failed calling webhook "vmsingles.operator.victoriametrics.com": failed to call webhook: Post "https://kubentic-victoria-metrics-operator.kubentic-foresight.svc:9443/validate-operator-victoriametrics-com-v1beta1-vmsingle?timeout=10s": dial tcp 100.64.251.250:9443: connect: operation not permitted
2026-06-19T12:09:32.042644113Z E0619 12:09:32.041950      10 dispatcher.go:213] "Unhandled Error" err="failed calling webhook \"vmsingles.operator.victoriametrics.com\": failed to call webhook: Post \"https://kubentic-victoria-metrics-operator.kubentic-foresight.svc:9443/validate-operator-victoriametrics-com-v1beta1-vmsingle?timeout=10s\": dial tcp 100.64.251.250:9443: connect: operation not permitted" logger="UnhandledError"
2026-06-19T12:09:32.044527944Z W0619 12:09:32.044306      10 dispatcher.go:205] Failed calling webhook, failing open vmagents.operator.victoriametrics.com: failed calling webhook "vmagents.operator.victoriametrics.com": failed to call webhook: Post "https://kubentic-victoria-metrics-operator.kubentic-foresight.svc:9443/validate-operator-victoriametrics-com-v1beta1-vmagent?timeout=10s": dial tcp 100.64.251.250:9443: connect: operation not permitted
2026-06-19T12:09:32.044781737Z E0619 12:09:32.044539      10 dispatcher.go:213] "Unhandled Error" err="failed calling webhook \"vmagents.operator.victoriametrics.com\": failed to call webhook: Post \"https://kubentic-victoria-metrics-operator.kubentic-foresight.svc:9443/validate-operator-victoriametrics-com-v1beta1-vmagent?timeout=10s\": dial tcp 100.64.251.250:9443: connect: operation not permitted" logger="UnhandledError"
2026-06-19T12:09:32.205355280Z I0619 12:09:32.205117      10 alloc.go:329] "allocated clusterIPs" service="kubentic-foresight/vmsingle-vmstack-additional-service" clusterIPs={"IPv4":"100.64.247.254"}
2026-06-19T12:09:32.226696378Z I0619 12:09:32.226401      10 alloc.go:329] "allocated clusterIPs" service="kubentic-foresight/vmsingle-vmstack" clusterIPs={"IPv4":"100.64.37.115"}
2026-06-19T12:09:32.231350886Z W0619 12:09:32.230690      10 dispatcher.go:205] Failed calling webhook, failing open vmservicescrapes.operator.victoriametrics.com: failed calling webhook "vmservicescrapes.operator.victoriametrics.com": failed to call webhook: Post "https://kubentic-victoria-metrics-operator.kubentic-foresight.svc:9443/validate-operator-victoriametrics-com-v1beta1-vmservicescrape?timeout=10s": dial tcp 100.64.251.250:9443: connect: operation not permitted
2026-06-19T12:09:32.231366334Z E0619 12:09:32.230732      10 dispatcher.go:213] "Unhandled Error" err="failed calling webhook \"vmservicescrapes.operator.victoriametrics.com\": failed to call webhook: Post \"https://kubentic-victoria-metrics-operator.kubentic-foresight.svc:9443/validate-operator-victoriametrics-com-v1beta1-vmservicescrape?timeout=10s\": dial tcp 100.64.251.250:9443: connect: operation not permitted" logger="UnhandledError"
2026-06-19T12:09:32.323471751Z I0619 12:09:32.323289      10 alloc.go:329] "allocated clusterIPs" service="kubentic-foresight/vmagent-vmstack" clusterIPs={"IPv4":"100.68.124.98"}
2026-06-19T12:09:32.331380908Z W0619 12:09:32.331195      10 dispatcher.go:205] Failed calling webhook, failing open vmservicescrapes.operator.victoriametrics.com: failed calling webhook "vmservicescrapes.operator.victoriametrics.com": failed to call webhook: Post "https://kubentic-victoria-metrics-operator.kubentic-foresight.svc:9443/validate-operator-victoriametrics-com-v1beta1-vmservicescrape?timeout=10s": dial tcp 100.64.251.250:9443: connect: operation not permitted
2026-06-19T12:09:32.331593931Z E0619 12:09:32.331433      10 dispatcher.go:213] "Unhandled Error" err="failed calling webhook \"vmservicescrapes.operator.victoriametrics.com\": failed to call webhook: Post \"https://kubentic-victoria-metrics-operator.kubentic-foresight.svc:9443/validate-operator-victoriametrics-com-v1beta1-vmservicescrape?timeout=10s\": dial tcp 100.64.251.250:9443: connect: operation not permitted" logger="UnhandledError"
2026-06-19T12:09:35.469688512Z I0619 12:09:35.469356      10 apf_controller.go:493] "Update CurrentCL" plName="workload-low" seatDemandHighWatermark=28 seatDemandAvg=0.13969784903286936 seatDemandStdev=1.1914353284472792 seatDemandSmoothed=1.3311331774801485 fairFrac=2.2977099236641223 currentCL=64 concurrencyDenominator=64 backstop=false
2026-06-19T12:09:35.469763947Z I0619 12:09:35.469490      10 apf_controller.go:493] "Update CurrentCL" plName="exempt" seatDemandHighWatermark=13 seatDemandAvg=0.1319039191926703 seatDemandStdev=0.8547448138124301 seatDemandSmoothed=1.6809445942441503 fairFrac=2.2977099236641223 currentCL=13 concurrencyDenominator=13 backstop=false
2026-06-19T12:09:45.470893143Z I0619 12:09:45.470671      10 apf_controller.go:493] "Update CurrentCL" plName="workload-low" seatDemandHighWatermark=1 seatDemandAvg=0.00534854773715454 seatDemandStdev=0.07293792411535935 seatDemandSmoothed=1.302317703250713 fairFrac=2.3333333333333335 currentCL=56 concurrencyDenominator=56 backstop=false
2026-06-19T12:09:45.470940411Z I0619 12:09:45.470752      10 apf_controller.go:493] "Update CurrentCL" plName="exempt" seatDemandHighWatermark=1 seatDemandAvg=0.002700168105822691 seatDemandStdev=0.05189293977048312 seatDemandSmoothed=1.64353851005769 fairFrac=2.3333333333333335 currentCL=1 concurrencyDenominator=1 backstop=false
2026-06-19T12:10:05.173122543Z I0619 12:10:05.172375      10 trace.go:236] Trace[437989652]: "Create" accept:application/vnd.kubernetes.protobuf,application/json,audit-id:29c0b768-5b18-4674-bd11-132e3ba0ad8a,client:202.47.35.113,api-group:,api-version:v1,name:,subresource:,namespace:kubentic-foresight,protocol:HTTP/2.0,resource:secrets,scope:resource,url:/api/v1/namespaces/kubentic-foresight/secrets,user-agent:Helm/4.0.4,verb:POST (19-Jun-2026 12:10:03.608) (total time: 1564ms):
2026-06-19T12:10:05.173173102Z Trace[437989652]: ---"limitedReadBody succeeded" len:159413 1504ms (12:10:05.113)
2026-06-19T12:10:05.173179124Z Trace[437989652]: [1.564286683s] [1.564286683s] END
2026-06-19T12:10:05.476592144Z I0619 12:10:05.476241      10 apf_controller.go:493] "Update CurrentCL" plName="exempt" seatDemandHighWatermark=3 seatDemandAvg=0.28972924084120505 seatDemandStdev=0.5782914140993353 seatDemandSmoothed=1.5900617077130808 fairFrac=2.3333333333333335 currentCL=3 concurrencyDenominator=3 backstop=false
2026-06-19T12:10:15.477586013Z I0619 12:10:15.477311      10 apf_controller.go:493] "Update CurrentCL" plName="exempt" seatDemandHighWatermark=2 seatDemandAvg=0.01583844307664817 seatDemandStdev=0.13194046450003677 seatDemandSmoothed=1.5568892033099435 fairFrac=2.3333333333333335 currentCL=2 concurrencyDenominator=2 backstop=false
2026-06-19T12:10:19.547056698Z I0619 12:10:19.546785      10 trace.go:236] Trace[1939663636]: "Patch" accept:application/json,audit-id:900b9d51-3774-4dca-a4d9-924c129e95a1,client:202.47.35.113,api-group:,api-version:v1,name:vmstack-node-exporter-full,subresource:,namespace:kubentic-foresight,protocol:HTTP/2.0,resource:configmaps,scope:resource,url:/api/v1/namespaces/kubentic-foresight/configmaps/vmstack-node-exporter-full,user-agent:Helm/4.0.4,verb:APPLY (19-Jun-2026 12:10:18.339) (total time: 1207ms):
2026-06-19T12:10:19.547078088Z Trace[1939663636]: ---"limitedReadBody succeeded" len:276655 1180ms (12:10:19.520)
2026-06-19T12:10:19.547082557Z Trace[1939663636]: ---"About to check admission control" 19ms (12:10:19.540)
2026-06-19T12:10:19.547108488Z Trace[1939663636]: [1.207335116s] [1.207335116s] END
2026-06-19T12:10:45.478616510Z I0619 12:10:45.478048      10 apf_controller.go:493] "Update CurrentCL" plName="exempt" seatDemandHighWatermark=3 seatDemandAvg=0.025477436182434792 seatDemandStdev=0.19066886989417417 seatDemandSmoothed=1.474649667408495 fairFrac=2.3333333333333335 currentCL=3 concurrencyDenominator=3 backstop=false
2026-06-19T12:10:46.603763425Z I0619 12:10:46.603432      10 trace.go:236] Trace[1909614719]: "Patch" accept:application/json,audit-id:e1135cc7-5b7a-410c-a023-20d97125fc6b,client:202.47.35.113,api-group:admissionregistration.k8s.io,api-version:v1,name:kubentic-victoria-metrics-operator-admission,subresource:,namespace:,protocol:HTTP/2.0,resource:validatingwebhookconfigurations,scope:resource,url:/apis/admissionregistration.k8s.io/v1/validatingwebhookconfigurations/kubentic-victoria-metrics-operator-admission,user-agent:Helm/4.0.4,verb:APPLY (19-Jun-2026 12:10:45.975) (total time: 627ms):
2026-06-19T12:10:46.603790831Z Trace[1909614719]: ---"limitedReadBody succeeded" len:51532 605ms (12:10:46.581)
2026-06-19T12:10:46.603794823Z Trace[1909614719]: ---"About to check admission control" 14ms (12:10:46.596)
2026-06-19T12:10:46.603797845Z Trace[1909614719]: [627.795319ms] [627.795319ms] END
2026-06-19T12:10:54.957470773Z I0619 12:10:54.957286      10 trace.go:236] Trace[224520505]: "Update" accept:application/vnd.kubernetes.protobuf,application/json,audit-id:699e4c0b-52e8-4a16-8e9a-eb44986bafbe,client:202.47.35.113,api-group:,api-version:v1,name:sh.helm.release.v1.kubentic.v1,subresource:,namespace:kubentic-foresight,protocol:HTTP/2.0,resource:secrets,scope:resource,url:/api/v1/namespaces/kubentic-foresight/secrets/sh.helm.release.v1.kubentic.v1,user-agent:Helm/4.0.4,verb:PUT (19-Jun-2026 12:10:54.291) (total time: 665ms):
2026-06-19T12:10:54.957598031Z Trace[224520505]: ---"limitedReadBody succeeded" len:161515 650ms (12:10:54.942)
2026-06-19T12:10:54.957605104Z Trace[224520505]: [665.304089ms] [665.304089ms] END
2026-06-19T12:10:55.479724902Z I0619 12:10:55.479445      10 apf_controller.go:493] "Update CurrentCL" plName="exempt" seatDemandHighWatermark=2 seatDemandAvg=0.1465401714875699 seatDemandStdev=0.35390147908653896 seatDemandSmoothed=1.452242883021304 fairFrac=2.3333333333333335 currentCL=2 concurrencyDenominator=2 backstop=false
2026-06-19T12:11:05.481325888Z I0619 12:11:05.480808      10 apf_controller.go:493] "Update CurrentCL" plName="exempt" seatDemandHighWatermark=1 seatDemandAvg=0.04318666867661677 seatDemandStdev=0.2032771023141389 seatDemandSmoothed=1.4245099634446015 fairFrac=2.3333333333333335 currentCL=1 concurrencyDenominator=1 backstop=false
2026-06-19T12:11:35.483780066Z I0619 12:11:35.483503      10 apf_controller.go:493] "Update CurrentCL" plName="exempt" seatDemandHighWatermark=2 seatDemandAvg=0.003068962381552467 seatDemandStdev=0.0568862224604985 seatDemandSmoothed=1.332475857235573 fairFrac=2.3333333333333335 currentCL=2 concurrencyDenominator=2 backstop=false
2026-06-19T12:11:45.485110946Z I0619 12:11:45.484727      10 apf_controller.go:493] "Update CurrentCL" plName="exempt" seatDemandHighWatermark=1 seatDemandAvg=0.0023462751849259713 seatDemandStdev=0.0483815065668957 seatDemandSmoothed=1.3029956514994467 fairFrac=2.3333333333333335 currentCL=1 concurrencyDenominator=1 backstop=false
2026-06-19T12:11:55.454621939Z I0619 12:11:55.453757      10 trace.go:236] Trace[68535099]: "Get" accept:application/json,audit-id:eb0ca3ca-013e-41ab-97a6-9a18f3dd9a60,client:172.20.237.164,api-group:,api-version:v1,name:etcd-manager-events-i-0010bc1572a60c430,subresource:log,namespace:kube-system,protocol:HTTP/1.1,resource:pods,scope:resource,url:/api/v1/namespaces/kube-system/pods/etcd-manager-events-i-0010bc1572a60c430/log,user-agent:OpenAPI-Generator/31.0.0/python,verb:CONNECT (19-Jun-2026 12:11:54.262) (total time: 1189ms):
2026-06-19T12:11:55.454736421Z Trace[68535099]: ---"Writing http response done" 1175ms (12:11:55.452)
2026-06-19T12:11:55.454767859Z Trace[68535099]: [1.189656383s] [1.189656383s] END
2026-06-19T12:11:55.527428162Z I0619 12:11:55.527181      10 trace.go:236] Trace[171210158]: "Get" accept:application/json,audit-id:3e9e1dd5-0a6d-480b-adcd-a763ed27e1c7,client:172.20.237.164,api-group:,api-version:v1,name:etcd-manager-main-i-0010bc1572a60c430,subresource:log,namespace:kube-system,protocol:HTTP/1.1,resource:pods,scope:resource,url:/api/v1/namespaces/kube-system/pods/etcd-manager-main-i-0010bc1572a60c430/log,user-agent:OpenAPI-Generator/31.0.0/python,verb:CONNECT (19-Jun-2026 12:11:54.257) (total time: 1269ms):
2026-06-19T12:11:55.527443994Z Trace[171210158]: ---"Writing http response done" 1253ms (12:11:55.526)
2026-06-19T12:11:55.527447259Z Trace[171210158]: [1.269779763s] [1.269779763s] END
2026-06-19T12:12:35.487815087Z I0619 12:12:35.487588      10 apf_controller.go:493] "Update CurrentCL" plName="exempt" seatDemandHighWatermark=2 seatDemandAvg=0.002743505868348142 seatDemandStdev=0.052684156536872515 seatDemandSmoothed=1.1673361210865227 fairFrac=2.3333333333333335 currentCL=2 concurrencyDenominator=2 backstop=false
2026-06-19T12:12:45.488373869Z I0619 12:12:45.488083      10 apf_controller.go:493] "Update CurrentCL" plName="exempt" seatDemandHighWatermark=1 seatDemandAvg=0.002421324419912491 seatDemandStdev=0.04914734588933594 seatDemandSmoothed=1.1416734697186455 fairFrac=2.3333333333333335 currentCL=1 concurrencyDenominator=1 backstop=false
2026-06-19T12:13:05.489983991Z I0619 12:13:05.489681      10 apf_controller.go:493] "Update CurrentCL" plName="exempt" seatDemandHighWatermark=2 seatDemandAvg=0.045391571230819154 seatDemandStdev=0.262510412584564 seatDemandSmoothed=1.0981049065815693 fairFrac=2.3333333333333335 currentCL=2 concurrencyDenominator=2 backstop=false
2026-06-19T12:13:15.490602746Z I0619 12:13:15.490351      10 apf_controller.go:493] "Update CurrentCL" plName="exempt" seatDemandHighWatermark=1 seatDemandAvg=0.0023265147351553203 seatDemandStdev=0.04817781713965905 seatDemandSmoothed=1.0740100933633139 fairFrac=2.3333333333333335 currentCL=1 concurrencyDenominator=1 backstop=false
2026-06-19T12:13:35.491811247Z I0619 12:13:35.491592      10 apf_controller.go:493] "Update CurrentCL" plName="exempt" seatDemandHighWatermark=2 seatDemandAvg=0.003591383342864492 seatDemandStdev=0.06269935954840376 seatDemandSmoothed=1.0278845205837872 fairFrac=2.3333333333333335 currentCL=2 concurrencyDenominator=2 backstop=false
2026-06-19T12:13:45.492734975Z I0619 12:13:45.492487      10 apf_controller.go:493] "Update CurrentCL" plName="exempt" seatDemandHighWatermark=1 seatDemandAvg=0.0031287388146095906 seatDemandStdev=0.05584755865782806 seatDemandSmoothed=1.0055996314522262 fairFrac=2.3333333333333335 currentCL=1 concurrencyDenominator=1 backstop=false
2026-06-19T12:13:55.493604115Z I0619 12:13:55.493219      10 apf_controller.go:493] "Update CurrentCL" plName="exempt" seatDemandHighWatermark=2 seatDemandAvg=0.002888875513695366 seatDemandStdev=0.05891528237655679 seatDemandSmoothed=0.9838923355603008 fairFrac=2.3333333333333335 currentCL=2 concurrencyDenominator=2 backstop=false
2026-06-19T12:14:03.100741627Z I0619 12:14:03.083864      10 cidrallocator.go:242] syncing ServiceCIDR allocators
2026-06-19T12:14:03.101594798Z I0619 12:14:03.100679      10 cidrallocator.go:278] updated ClusterIP allocator for Service CIDR 100.64.0.0/13
2026-06-19T12:14:03.104194458Z I0619 12:14:03.100969      10 cidrallocator.go:244] syncing ServiceCIDR allocators took: 17.426774ms
2026-06-19T12:14:03.333238495Z I0619 12:14:03.331909      10 controller.go:231] Updating CRD OpenAPI spec because vlsingles.operator.victoriametrics.com changed
2026-06-19T12:14:03.338919157Z I0619 12:14:03.338765      10 controller.go:231] Updating CRD OpenAPI spec because vlclusters.operator.victoriametrics.com changed
2026-06-19T12:14:03.379046908Z I0619 12:14:03.367783      10 controller.go:231] Updating CRD OpenAPI spec because vmrules.operator.victoriametrics.com changed
2026-06-19T12:14:03.385926730Z I0619 12:14:03.385725      10 controller.go:231] Updating CRD OpenAPI spec because vmalerts.operator.victoriametrics.com changed
2026-06-19T12:14:03.410076943Z I0619 12:14:03.406092      10 controller.go:231] Updating CRD OpenAPI spec because ciliumclusterwidenetworkpolicies.cilium.io changed
2026-06-19T12:14:03.455142615Z I0619 12:14:03.450533      10 controller.go:231] Updating CRD OpenAPI spec because ciliumcidrgroups.cilium.io changed
2026-06-19T12:14:03.455167940Z I0619 12:14:03.450615      10 controller.go:231] Updating CRD OpenAPI spec because vmusers.operator.victoriametrics.com changed
2026-06-19T12:14:03.489229871Z I0619 12:14:03.489039      10 controller.go:231] Updating CRD OpenAPI spec because vmprobes.operator.victoriametrics.com changed
2026-06-19T12:14:03.496392094Z I0619 12:14:03.496056      10 controller.go:231] Updating CRD OpenAPI spec because vlogs.operator.victoriametrics.com changed
2026-06-19T12:14:03.528480207Z I0619 12:14:03.527268      10 controller.go:231] Updating CRD OpenAPI spec because vmstaticscrapes.operator.victoriametrics.com changed
2026-06-19T12:14:03.530784956Z I0619 12:14:03.530621      10 controller.go:231] Updating CRD OpenAPI spec because vlagents.operator.victoriametrics.com changed
2026-06-19T12:14:03.580522080Z I0619 12:14:03.580312      10 controller.go:231] Updating CRD OpenAPI spec because vmalertmanagerconfigs.operator.victoriametrics.com changed
2026-06-19T12:14:03.580833196Z I0619 12:14:03.580742      10 controller.go:231] Updating CRD OpenAPI spec because vmalertmanagers.operator.victoriametrics.com changed
2026-06-19T12:14:03.618477415Z I0619 12:14:03.618229      10 controller.go:231] Updating CRD OpenAPI spec because vmauths.operator.victoriametrics.com changed
2026-06-19T12:14:03.646105671Z I0619 12:14:03.637643      10 controller.go:231] Updating CRD OpenAPI spec because vtsingles.operator.victoriametrics.com changed
2026-06-19T12:14:03.648480141Z I0619 12:14:03.648234      10 controller.go:231] Updating CRD OpenAPI spec because vmsingles.operator.victoriametrics.com changed
2026-06-19T12:14:03.649219491Z I0619 12:14:03.648599      10 controller.go:231] Updating CRD OpenAPI spec because vtclusters.operator.victoriametrics.com changed
2026-06-19T12:14:03.677512384Z I0619 12:14:03.673358      10 controller.go:231] Updating CRD OpenAPI spec because vmnodescrapes.operator.victoriametrics.com changed
2026-06-19T12:14:03.703907435Z I0619 12:14:03.703688      10 controller.go:231] Updating CRD OpenAPI spec because vmdistributed.operator.victoriametrics.com changed
2026-06-19T12:14:03.704153968Z I0619 12:14:03.704034      10 controller.go:231] Updating CRD OpenAPI spec because ciliumpodippools.cilium.io changed
2026-06-19T12:14:03.710937517Z I0619 12:14:03.710673      10 controller.go:231] Updating CRD OpenAPI spec because ciliumloadbalancerippools.cilium.io changed
2026-06-19T12:14:03.711578770Z I0619 12:14:03.711413      10 controller.go:231] Updating CRD OpenAPI spec because kubenticagents.kubentic.io changed
2026-06-19T12:14:03.712462994Z I0619 12:14:03.712281      10 controller.go:231] Updating CRD OpenAPI spec because ciliumidentities.cilium.io changed
2026-06-19T12:14:03.748520001Z I0619 12:14:03.748323      10 controller.go:231] Updating CRD OpenAPI spec because vmagents.operator.victoriametrics.com changed
2026-06-19T12:14:03.786070531Z I0619 12:14:03.785449      10 controller.go:231] Updating CRD OpenAPI spec because vmclusters.operator.victoriametrics.com changed
2026-06-19T12:14:03.786119994Z I0619 12:14:03.785539      10 controller.go:231] Updating CRD OpenAPI spec because vmscrapeconfigs.operator.victoriametrics.com changed
2026-06-19T12:14:03.832688448Z I0619 12:14:03.832488      10 controller.go:231] Updating CRD OpenAPI spec because ciliumnodes.cilium.io changed
2026-06-19T12:14:03.844222837Z I0619 12:14:03.834460      10 controller.go:231] Updating CRD OpenAPI spec because ciliumendpoints.cilium.io changed
2026-06-19T12:14:03.856661896Z I0619 12:14:03.856446      10 controller.go:231] Updating CRD OpenAPI spec because ciliumnodeconfigs.cilium.io changed
2026-06-19T12:14:03.868821965Z I0619 12:14:03.857733      10 controller.go:231] Updating CRD OpenAPI spec because vmpodscrapes.operator.victoriametrics.com changed
2026-06-19T12:14:03.868847914Z I0619 12:14:03.866910      10 controller.go:231] Updating CRD OpenAPI spec because ciliumnetworkpolicies.cilium.io changed
2026-06-19T12:14:03.882358424Z I0619 12:14:03.880712      10 controller.go:231] Updating CRD OpenAPI spec because ciliuml2announcementpolicies.cilium.io changed
2026-06-19T12:14:03.904203849Z I0619 12:14:03.904018      10 controller.go:231] Updating CRD OpenAPI spec because vmanomalyconfigs.operator.victoriametrics.com changed
2026-06-19T12:14:03.904661860Z I0619 12:14:03.904555      10 controller.go:231] Updating CRD OpenAPI spec because vmanomalies.operator.victoriametrics.com changed
2026-06-19T12:14:03.914493106Z I0619 12:14:03.914273      10 controller.go:231] Updating CRD OpenAPI spec because vmservicescrapes.operator.victoriametrics.com changed
2026-06-19T12:14:08.675302300Z I0619 12:14:08.674877      10 trace.go:236] Trace[1241526429]: "Get" accept:application/json,audit-id:257d7cda-2dab-43c6-9060-e6c0b9ea5c60,client:172.20.237.164,api-group:,api-version:v1,name:etcd-manager-events-i-0010bc1572a60c430,subresource:log,namespace:kube-system,protocol:HTTP/1.1,resource:pods,scope:resource,url:/api/v1/namespaces/kube-system/pods/etcd-manager-events-i-0010bc1572a60c430/log,user-agent:OpenAPI-Generator/31.0.0/python,verb:CONNECT (19-Jun-2026 12:14:07.529) (total time: 1145ms):
2026-06-19T12:14:08.675355927Z Trace[1241526429]: ---"Writing http response done" 1122ms (12:14:08.674)
2026-06-19T12:14:08.675360371Z Trace[1241526429]: [1.145495849s] [1.145495849s] END
2026-06-19T12:14:08.729049814Z I0619 12:14:08.728659      10 trace.go:236] Trace[376602258]: "Get" accept:application/json,audit-id:047bfb81-f085-4c33-b05c-883dd5e3112e,client:172.20.237.164,api-group:,api-version:v1,name:etcd-manager-main-i-0010bc1572a60c430,subresource:log,namespace:kube-system,protocol:HTTP/1.1,resource:pods,scope:resource,url:/api/v1/namespaces/kube-system/pods/etcd-manager-main-i-0010bc1572a60c430/log,user-agent:OpenAPI-Generator/31.0.0/python,verb:CONNECT (19-Jun-2026 12:14:07.521) (total time: 1207ms):
2026-06-19T12:14:08.729065368Z Trace[376602258]: ---"Writing http response done" 1178ms (12:14:08.728)
2026-06-19T12:14:08.729069359Z Trace[376602258]: [1.207231021s] [1.207231021s] END
2026-06-19T12:14:15.494962456Z I0619 12:14:15.494743      10 apf_controller.go:493] "Update CurrentCL" plName="exempt" seatDemandHighWatermark=1 seatDemandAvg=0.003133339994480786 seatDemandStdev=0.055888479805410465 seatDemandSmoothed=0.9462651260520809 fairFrac=2.3333333333333335 currentCL=1 concurrencyDenominator=1 backstop=false
2026-06-19T12:14:35.497478246Z I0619 12:14:35.497220      10 apf_controller.go:493] "Update CurrentCL" plName="exempt" seatDemandHighWatermark=2 seatDemandAvg=0.0028433859279220625 seatDemandStdev=0.055569896026942865 seatDemandSmoothed=0.9058144697874212 fairFrac=2.3333333333333335 currentCL=2 concurrencyDenominator=2 backstop=false
2026-06-19T12:14:45.498229506Z I0619 12:14:45.497962      10 apf_controller.go:493] "Update CurrentCL" plName="exempt" seatDemandHighWatermark=1 seatDemandAvg=0.0021016617977847206 seatDemandStdev=0.04579568555521855 seatDemandSmoothed=0.8860823759714296 fairFrac=2.3333333333333335 currentCL=1 concurrencyDenominator=1 backstop=false
2026-06-19T12:15:05.499575160Z I0619 12:15:05.499265      10 apf_controller.go:493] "Update CurrentCL" plName="exempt" seatDemandHighWatermark=2 seatDemandAvg=0.005139705132501217 seatDemandStdev=0.07168257511585932 seatDemandSmoothed=0.8489037742254528 fairFrac=2.3333333333333335 currentCL=2 concurrencyDenominator=2 backstop=false
2026-06-19T12:15:15.499923999Z I0619 12:15:15.499677      10 apf_controller.go:493] "Update CurrentCL" plName="exempt" seatDemandHighWatermark=1 seatDemandAvg=0.003008168893059468 seatDemandStdev=0.054764220189557136 seatDemandSmoothed=0.8307077523671677 fairFrac=2.3333333333333335 currentCL=1 concurrencyDenominator=1 backstop=false
2026-06-19T12:15:35.501565574Z I0619 12:15:35.501299      10 apf_controller.go:493] "Update CurrentCL" plName="exempt" seatDemandHighWatermark=2 seatDemandAvg=0.0021484482356321838 seatDemandStdev=0.04858678493004171 seatDemandSmoothed=0.7952828448745859 fairFrac=2.3333333333333335 currentCL=2 concurrencyDenominator=2 backstop=false
2026-06-19T12:15:45.502240595Z I0619 12:15:45.502008      10 apf_controller.go:493] "Update CurrentCL" plName="exempt" seatDemandHighWatermark=1 seatDemandAvg=0.0021693203193692157 seatDemandStdev=0.046525416373431716 seatDemandSmoothed=0.7781113183864049 fairFrac=2.3333333333333335 currentCL=1 concurrencyDenominator=1 backstop=false
2026-06-19T12:16:05.503179314Z I0619 12:16:05.502709      10 apf_controller.go:493] "Update CurrentCL" plName="exempt" seatDemandHighWatermark=2 seatDemandAvg=0.01701038027460154 seatDemandStdev=0.12946071514658544 seatDemandSmoothed=0.747315669887249 fairFrac=2.3333333333333335 currentCL=2 concurrencyDenominator=2 backstop=false
2026-06-19T12:16:15.503755475Z I0619 12:16:15.503531      10 apf_controller.go:493] "Update CurrentCL" plName="exempt" seatDemandHighWatermark=1 seatDemandAvg=0.0035183244261529326 seatDemandStdev=0.05921102785280178 seatDemandSmoothed=0.7315701845822582 fairFrac=2.3333333333333335 currentCL=1 concurrencyDenominator=1 backstop=false
2026-06-19T12:16:35.504867895Z I0619 12:16:35.504614      10 apf_controller.go:493] "Update CurrentCL" plName="exempt" seatDemandHighWatermark=2 seatDemandAvg=0.0028587694869872038 seatDemandStdev=0.05344164850120725 seatDemandSmoothed=0.7007913493280882 fairFrac=2.3333333333333335 currentCL=2 concurrencyDenominator=2 backstop=false
2026-06-19T12:16:45.506203424Z I0619 12:16:45.505892      10 apf_controller.go:493] "Update CurrentCL" plName="exempt" seatDemandHighWatermark=1 seatDemandAvg=0.0029229791533287425 seatDemandStdev=0.05398551052086058 seatDemandSmoothed=0.6859820435560484 fairFrac=2.3333333333333335 currentCL=1 concurrencyDenominator=1 backstop=false
2026-06-19T12:17:05.508717434Z I0619 12:17:05.508422      10 apf_controller.go:493] "Update CurrentCL" plName="exempt" seatDemandHighWatermark=2 seatDemandAvg=0.018345920483517967 seatDemandStdev=0.13442677369660452 seatDemandSmoothed=0.6595781073073608 fairFrac=2.3333333333333335 currentCL=2 concurrencyDenominator=2 backstop=false
2026-06-19T12:17:15.509299886Z I0619 12:17:15.509058      10 apf_controller.go:493] "Update CurrentCL" plName="exempt" seatDemandHighWatermark=1 seatDemandAvg=0.002841296689683976 seatDemandStdev=0.053228035120650156 seatDemandSmoothed=0.6456974054709291 fairFrac=2.3333333333333335 currentCL=1 concurrencyDenominator=1 backstop=false
2026-06-19T12:18:05.511079987Z I0619 12:18:05.510803      10 apf_controller.go:493] "Update CurrentCL" plName="exempt" seatDemandHighWatermark=2 seatDemandAvg=0.02797203010905064 seatDemandStdev=0.16489970284078967 seatDemandSmoothed=0.5838248125672963 fairFrac=2.3333333333333335 currentCL=2 concurrencyDenominator=2 backstop=false
2026-06-19T12:18:15.511254043Z I0619 12:18:15.511056      10 apf_controller.go:493] "Update CurrentCL" plName="exempt" seatDemandHighWatermark=1 seatDemandAvg=0.0024459395245890816 seatDemandStdev=0.049395919916842675 seatDemandSmoothed=0.5715892046454015 fairFrac=2.3333333333333335 currentCL=1 concurrencyDenominator=1 backstop=false
2026-06-19T12:18:35.512031025Z I0619 12:18:35.511822      10 apf_controller.go:493] "Update CurrentCL" plName="exempt" seatDemandHighWatermark=2 seatDemandAvg=0.003215984971480772 seatDemandStdev=0.060320855092216005 seatDemandSmoothed=0.5482174960153507 fairFrac=2.3333333333333335 currentCL=2 concurrencyDenominator=2 backstop=false
2026-06-19T12:18:45.512894853Z I0619 12:18:45.512659      10 apf_controller.go:493] "Update CurrentCL" plName="exempt" seatDemandHighWatermark=1 seatDemandAvg=0.002843668037837898 seatDemandStdev=0.053250179247853024 seatDemandSmoothed=0.5368986520945686 fairFrac=2.3333333333333335 currentCL=1 concurrencyDenominator=1 backstop=false
2026-06-19T12:19:03.325753658Z I0619 12:19:03.325462      10 controller.go:231] Updating CRD OpenAPI spec because vmauths.operator.victoriametrics.com changed
2026-06-19T12:19:03.337619862Z I0619 12:19:03.337167      10 controller.go:231] Updating CRD OpenAPI spec because vtsingles.operator.victoriametrics.com changed
2026-06-19T12:19:03.343184483Z I0619 12:19:03.342985      10 controller.go:231] Updating CRD OpenAPI spec because vmsingles.operator.victoriametrics.com changed
2026-06-19T12:19:03.403396804Z I0619 12:19:03.401504      10 controller.go:231] Updating CRD OpenAPI spec because vtclusters.operator.victoriametrics.com changed
2026-06-19T12:19:03.403412801Z I0619 12:19:03.401577      10 controller.go:231] Updating CRD OpenAPI spec because vmnodescrapes.operator.victoriametrics.com changed
2026-06-19T12:19:03.436596590Z I0619 12:19:03.434050      10 controller.go:231] Updating CRD OpenAPI spec because vmdistributed.operator.victoriametrics.com changed
2026-06-19T12:19:03.445367344Z I0619 12:19:03.439962      10 controller.go:231] Updating CRD OpenAPI spec because ciliumpodippools.cilium.io changed
2026-06-19T12:19:03.452788265Z I0619 12:19:03.445591      10 controller.go:231] Updating CRD OpenAPI spec because ciliumloadbalancerippools.cilium.io changed
2026-06-19T12:19:03.461604520Z I0619 12:19:03.458002      10 controller.go:231] Updating CRD OpenAPI spec because kubenticagents.kubentic.io changed
2026-06-19T12:19:03.461925842Z I0619 12:19:03.461789      10 controller.go:231] Updating CRD OpenAPI spec because ciliumidentities.cilium.io changed
2026-06-19T12:19:03.513279994Z I0619 12:19:03.511246      10 controller.go:231] Updating CRD OpenAPI spec because vmagents.operator.victoriametrics.com changed
2026-06-19T12:19:03.536975449Z I0619 12:19:03.536774      10 controller.go:231] Updating CRD OpenAPI spec because vmclusters.operator.victoriametrics.com changed
2026-06-19T12:19:03.572930561Z I0619 12:19:03.572751      10 controller.go:231] Updating CRD OpenAPI spec because vmscrapeconfigs.operator.victoriametrics.com changed
2026-06-19T12:19:03.701849359Z I0619 12:19:03.701651      10 controller.go:231] Updating CRD OpenAPI spec because ciliumnodes.cilium.io changed
2026-06-19T12:19:03.706392821Z I0619 12:19:03.706190      10 controller.go:231] Updating CRD OpenAPI spec because ciliumendpoints.cilium.io changed
2026-06-19T12:19:03.711007090Z I0619 12:19:03.710643      10 controller.go:231] Updating CRD OpenAPI spec because ciliumnodeconfigs.cilium.io changed
2026-06-19T12:19:03.711021861Z I0619 12:19:03.710710      10 controller.go:231] Updating CRD OpenAPI spec because vmpodscrapes.operator.victoriametrics.com changed
2026-06-19T12:19:03.715853681Z I0619 12:19:03.715672      10 controller.go:231] Updating CRD OpenAPI spec because ciliumnetworkpolicies.cilium.io changed
2026-06-19T12:19:03.757264163Z I0619 12:19:03.754957      10 controller.go:231] Updating CRD OpenAPI spec because ciliuml2announcementpolicies.cilium.io changed
2026-06-19T12:19:03.771100358Z I0619 12:19:03.769487      10 controller.go:231] Updating CRD OpenAPI spec because vmanomalyconfigs.operator.victoriametrics.com changed
2026-06-19T12:19:03.784929084Z I0619 12:19:03.784601      10 controller.go:231] Updating CRD OpenAPI spec because vmanomalies.operator.victoriametrics.com changed
2026-06-19T12:19:03.794188192Z I0619 12:19:03.794007      10 controller.go:231] Updating CRD OpenAPI spec because vmservicescrapes.operator.victoriametrics.com changed
2026-06-19T12:19:03.794211223Z I0619 12:19:03.794049      10 controller.go:231] Updating CRD OpenAPI spec because vlsingles.operator.victoriametrics.com changed
2026-06-19T12:19:03.801405324Z I0619 12:19:03.801204      10 controller.go:231] Updating CRD OpenAPI spec because vlclusters.operator.victoriametrics.com changed
2026-06-19T12:19:03.841596394Z I0619 12:19:03.841375      10 controller.go:231] Updating CRD OpenAPI spec because vmrules.operator.victoriametrics.com changed
2026-06-19T12:19:03.863876296Z I0619 12:19:03.863564      10 controller.go:231] Updating CRD OpenAPI spec because vmalerts.operator.victoriametrics.com changed
2026-06-19T12:19:03.865332333Z I0619 12:19:03.865170      10 controller.go:231] Updating CRD OpenAPI spec because ciliumclusterwidenetworkpolicies.cilium.io changed
2026-06-19T12:19:03.865352664Z I0619 12:19:03.865210      10 controller.go:231] Updating CRD OpenAPI spec because ciliumcidrgroups.cilium.io changed
2026-06-19T12:19:03.865928817Z I0619 12:19:03.865792      10 controller.go:231] Updating CRD OpenAPI spec because vmusers.operator.victoriametrics.com changed
2026-06-19T12:19:03.890599302Z I0619 12:19:03.890394      10 controller.go:231] Updating CRD OpenAPI spec because vmprobes.operator.victoriametrics.com changed
2026-06-19T12:19:03.891233582Z I0619 12:19:03.891084      10 controller.go:231] Updating CRD OpenAPI spec because vlogs.operator.victoriametrics.com changed
2026-06-19T12:19:03.925999811Z I0619 12:19:03.925817      10 controller.go:231] Updating CRD OpenAPI spec because vmstaticscrapes.operator.victoriametrics.com changed
2026-06-19T12:19:03.926345620Z I0619 12:19:03.926203      10 controller.go:231] Updating CRD OpenAPI spec because vlagents.operator.victoriametrics.com changed
2026-06-19T12:19:03.926960340Z I0619 12:19:03.926815      10 controller.go:231] Updating CRD OpenAPI spec because vmalertmanagerconfigs.operator.victoriametrics.com changed
2026-06-19T12:19:03.939539215Z I0619 12:19:03.939268      10 controller.go:231] Updating CRD OpenAPI spec because vmalertmanagers.operator.victoriametrics.com changed
2026-06-19T12:19:05.515568202Z I0619 12:19:05.514868      10 apf_controller.go:493] "Update CurrentCL" plName="exempt" seatDemandHighWatermark=2 seatDemandAvg=0.03226201186105303 seatDemandStdev=0.17689533819814598 seatDemandSmoothed=0.5185985546655211 fairFrac=2.3333333333333335 currentCL=2 concurrencyDenominator=2 backstop=false
2026-06-19T12:19:15.516172610Z I0619 12:19:15.515972      10 apf_controller.go:493] "Update CurrentCL" plName="exempt" seatDemandHighWatermark=1 seatDemandAvg=0.0026566708328650463 seatDemandStdev=0.051474391040116745 seatDemandSmoothed=0.5079158023312926 fairFrac=2.3333333333333335 currentCL=1 concurrencyDenominator=1 backstop=false
2026-06-19T12:19:35.518308867Z I0619 12:19:35.518070      10 apf_controller.go:493] "Update CurrentCL" plName="exempt" seatDemandHighWatermark=2 seatDemandAvg=0.0031828316027890744 seatDemandStdev=0.05659328900226626 seatDemandSmoothed=0.4873958037094535 fairFrac=2.3333333333333335 currentCL=2 concurrencyDenominator=2 backstop=false
2026-06-19T12:19:45.519183602Z I0619 12:19:45.518824      10 apf_controller.go:493] "Update CurrentCL" plName="exempt" seatDemandHighWatermark=1 seatDemandAvg=0.002596806180395656 seatDemandStdev=0.05089265937300894 seatDemandSmoothed=0.4774159579318644 fairFrac=2.3333333333333335 currentCL=1 concurrencyDenominator=1 backstop=false
2026-06-19T12:20:05.524237253Z I0619 12:20:05.523931      10 apf_controller.go:493] "Update CurrentCL" plName="exempt" seatDemandHighWatermark=2 seatDemandAvg=0.026735139062940977 seatDemandStdev=0.161329363722606 seatDemandSmoothed=0.4613519472020317 fairFrac=2.3333333333333335 currentCL=2 concurrencyDenominator=2 backstop=false
2026-06-19T12:20:15.525568078Z I0619 12:20:15.525275      10 apf_controller.go:493] "Update CurrentCL" plName="exempt" seatDemandHighWatermark=1 seatDemandAvg=0.00876002469394497 seatDemandStdev=0.0931841545613118 seatDemandSmoothed=0.45308556853925586 fairFrac=2.3333333333333335 currentCL=1 concurrencyDenominator=1 backstop=false
2026-06-19T12:20:35.526693171Z I0619 12:20:35.526425      10 apf_controller.go:493] "Update CurrentCL" plName="exempt" seatDemandHighWatermark=2 seatDemandAvg=0.002773809448080881 seatDemandStdev=0.05476396986242052 seatDemandSmoothed=0.4349259747582825 fairFrac=2.3333333333333335 currentCL=2 concurrencyDenominator=2 backstop=false
2026-06-19T12:20:45.527121397Z I0619 12:20:45.526919      10 apf_controller.go:493] "Update CurrentCL" plName="exempt" seatDemandHighWatermark=1 seatDemandAvg=0.003133724298651843 seatDemandStdev=0.05589189628802982 seatDemandSmoothed=0.42628026661233565 fairFrac=2.3333333333333335 currentCL=1 concurrencyDenominator=1 backstop=false
2026-06-19T12:21:05.528731451Z I0619 12:21:05.528453      10 apf_controller.go:493] "Update CurrentCL" plName="exempt" seatDemandHighWatermark=2 seatDemandAvg=0.016879410428765274 seatDemandStdev=0.1288740184020462 seatDemandSmoothed=0.4114877554027231 fairFrac=2.3333333333333335 currentCL=2 concurrencyDenominator=2 backstop=false
2026-06-19T12:21:15.530050031Z I0619 12:21:15.529777      10 apf_controller.go:493] "Update CurrentCL" plName="exempt" seatDemandHighWatermark=1 seatDemandAvg=0.002972458595453067 seatDemandStdev=0.0544391686688122 seatDemandSmoothed=0.40334400445553853 fairFrac=2.3333333333333335 currentCL=1 concurrencyDenominator=1 backstop=false
2026-06-19T12:21:35.531789592Z I0619 12:21:35.531521      10 apf_controller.go:493] "Update CurrentCL" plName="exempt" seatDemandHighWatermark=2 seatDemandAvg=0.002176658405388746 seatDemandStdev=0.046686060939947586 seatDemandSmoothed=0.3874147112478023 fairFrac=2.3333333333333335 currentCL=2 concurrencyDenominator=2 backstop=false
2026-06-19T12:21:45.532687539Z I0619 12:21:45.532439      10 apf_controller.go:493] "Update CurrentCL" plName="exempt" seatDemandHighWatermark=1 seatDemandAvg=0.002597313415088383 seatDemandStdev=0.0508976166250659 seatDemandSmoothed=0.3797345562800264 fairFrac=2.3333333333333335 currentCL=1 concurrencyDenominator=1 backstop=false
2026-06-19T12:22:05.534674989Z I0619 12:22:05.534389      10 apf_controller.go:493] "Update CurrentCL" plName="exempt" seatDemandHighWatermark=2 seatDemandAvg=0.008629006345216822 seatDemandStdev=0.09269275113380868 seatDemandSmoothed=0.36599960159055 fairFrac=2.3333333333333335 currentCL=2 concurrencyDenominator=2 backstop=false
2026-06-19T12:22:15.535762795Z I0619 12:22:15.535526      10 apf_controller.go:493] "Update CurrentCL" plName="exempt" seatDemandHighWatermark=1 seatDemandAvg=0.002666990366312886 seatDemandStdev=0.05157400051090549 seatDemandSmoothed=0.35882915354414335 fairFrac=2.3333333333333335 currentCL=1 concurrencyDenominator=1 backstop=false
2026-06-19T12:23:05.540178827Z I0619 12:23:05.539984      10 apf_controller.go:493] "Update CurrentCL" plName="exempt" seatDemandHighWatermark=2 seatDemandAvg=0.01147367842949984 seatDemandStdev=0.10748358513788941 seatDemandSmoothed=0.3268978861877546 fairFrac=2.3333333333333335 currentCL=2 concurrencyDenominator=2 backstop=false
2026-06-19T12:23:15.540920591Z I0619 12:23:15.540716      10 apf_controller.go:493] "Update CurrentCL" plName="exempt" seatDemandHighWatermark=1 seatDemandAvg=0.003676442233712099 seatDemandStdev=0.06052211171311091 seatDemandSmoothed=0.3208558015462132 fairFrac=2.3333333333333335 currentCL=1 concurrencyDenominator=1 backstop=false
2026-06-19T12:23:35.542107981Z I0619 12:23:35.541883      10 apf_controller.go:493] "Update CurrentCL" plName="exempt" seatDemandHighWatermark=2 seatDemandAvg=0.00275406333708588 seatDemandStdev=0.05524122592191233 seatDemandSmoothed=0.30874683878803905 fairFrac=2.3333333333333335 currentCL=2 concurrencyDenominator=2 backstop=false
2026-06-19T12:23:45.542882232Z I0619 12:23:45.542647      10 apf_controller.go:493] "Update CurrentCL" plName="exempt" seatDemandHighWatermark=1 seatDemandAvg=0.002958579276374063 seatDemandStdev=0.054312301415420365 seatDemandSmoothed=0.30296289175182545 fairFrac=2.3333333333333335 currentCL=1 concurrencyDenominator=1 backstop=false
2026-06-19T12:24:03.084655806Z I0619 12:24:03.084466      10 cidrallocator.go:242] syncing ServiceCIDR allocators
2026-06-19T12:24:03.084679072Z I0619 12:24:03.084505      10 cidrallocator.go:278] updated ClusterIP allocator for Service CIDR 100.64.0.0/13
2026-06-19T12:24:03.084683194Z I0619 12:24:03.084514      10 cidrallocator.go:244] syncing ServiceCIDR allocators took: 57.919µs
2026-06-19T12:24:03.297583992Z I0619 12:24:03.296742      10 controller.go:231] Updating CRD OpenAPI spec because ciliumpodippools.cilium.io changed
2026-06-19T12:24:03.299526725Z I0619 12:24:03.297993      10 controller.go:231] Updating CRD OpenAPI spec because ciliumloadbalancerippools.cilium.io changed
2026-06-19T12:24:03.299751727Z I0619 12:24:03.299333      10 controller.go:231] Updating CRD OpenAPI spec because kubenticagents.kubentic.io changed
2026-06-19T12:24:03.301242744Z I0619 12:24:03.301046      10 controller.go:231] Updating CRD OpenAPI spec because ciliumidentities.cilium.io changed
2026-06-19T12:24:03.301467567Z I0619 12:24:03.301391      10 controller.go:231] Updating CRD OpenAPI spec because vmagents.operator.victoriametrics.com changed
2026-06-19T12:24:03.341076266Z I0619 12:24:03.339699      10 controller.go:231] Updating CRD OpenAPI spec because vmclusters.operator.victoriametrics.com changed
2026-06-19T12:24:03.371209729Z I0619 12:24:03.371019      10 controller.go:231] Updating CRD OpenAPI spec because vmscrapeconfigs.operator.victoriametrics.com changed
2026-06-19T12:24:03.373743967Z I0619 12:24:03.373165      10 controller.go:231] Updating CRD OpenAPI spec because ciliumnodes.cilium.io changed
2026-06-19T12:24:03.373771217Z I0619 12:24:03.373204      10 controller.go:231] Updating CRD OpenAPI spec because ciliumendpoints.cilium.io changed
2026-06-19T12:24:03.381308603Z I0619 12:24:03.381116      10 controller.go:231] Updating CRD OpenAPI spec because ciliumnodeconfigs.cilium.io changed
2026-06-19T12:24:03.428742828Z I0619 12:24:03.427452      10 controller.go:231] Updating CRD OpenAPI spec because vmpodscrapes.operator.victoriametrics.com changed
2026-06-19T12:24:03.434502023Z I0619 12:24:03.432702      10 controller.go:231] Updating CRD OpenAPI spec because ciliumnetworkpolicies.cilium.io changed
2026-06-19T12:24:03.434844910Z I0619 12:24:03.433131      10 controller.go:231] Updating CRD OpenAPI spec because ciliuml2announcementpolicies.cilium.io changed
2026-06-19T12:24:03.434998099Z I0619 12:24:03.433159      10 controller.go:231] Updating CRD OpenAPI spec because vmanomalyconfigs.operator.victoriametrics.com changed
2026-06-19T12:24:03.435005191Z I0619 12:24:03.433172      10 controller.go:231] Updating CRD OpenAPI spec because vmanomalies.operator.victoriametrics.com changed
2026-06-19T12:24:03.435008799Z I0619 12:24:03.433305      10 controller.go:231] Updating CRD OpenAPI spec because vmservicescrapes.operator.victoriametrics.com changed
2026-06-19T12:24:03.435012179Z I0619 12:24:03.433521      10 controller.go:231] Updating CRD OpenAPI spec because vlsingles.operator.victoriametrics.com changed
2026-06-19T12:24:03.436681512Z I0619 12:24:03.436162      10 controller.go:231] Updating CRD OpenAPI spec because vlclusters.operator.victoriametrics.com changed
2026-06-19T12:24:03.437302500Z I0619 12:24:03.437192      10 controller.go:231] Updating CRD OpenAPI spec because vmrules.operator.victoriametrics.com changed
2026-06-19T12:24:03.483845041Z I0619 12:24:03.480712      10 controller.go:231] Updating CRD OpenAPI spec because vmalerts.operator.victoriametrics.com changed
2026-06-19T12:24:03.497824736Z I0619 12:24:03.495605      10 controller.go:231] Updating CRD OpenAPI spec because ciliumclusterwidenetworkpolicies.cilium.io changed
2026-06-19T12:24:03.497849548Z I0619 12:24:03.495672      10 controller.go:231] Updating CRD OpenAPI spec because ciliumcidrgroups.cilium.io changed
2026-06-19T12:24:03.513275591Z I0619 12:24:03.510696      10 controller.go:231] Updating CRD OpenAPI spec because vmusers.operator.victoriametrics.com changed
2026-06-19T12:24:03.586226966Z I0619 12:24:03.584854      10 controller.go:231] Updating CRD OpenAPI spec because vmprobes.operator.victoriametrics.com changed
2026-06-19T12:24:03.604689111Z I0619 12:24:03.604460      10 controller.go:231] Updating CRD OpenAPI spec because vlogs.operator.victoriametrics.com changed
2026-06-19T12:24:03.605958770Z I0619 12:24:03.605680      10 controller.go:231] Updating CRD OpenAPI spec because vmstaticscrapes.operator.victoriametrics.com changed
2026-06-19T12:24:03.605974527Z I0619 12:24:03.605745      10 controller.go:231] Updating CRD OpenAPI spec because vlagents.operator.victoriametrics.com changed
2026-06-19T12:24:03.637149035Z I0619 12:24:03.636900      10 controller.go:231] Updating CRD OpenAPI spec because vmalertmanagerconfigs.operator.victoriametrics.com changed
2026-06-19T12:24:03.643012782Z I0619 12:24:03.642774      10 controller.go:231] Updating CRD OpenAPI spec because vmalertmanagers.operator.victoriametrics.com changed
2026-06-19T12:24:03.658847263Z I0619 12:24:03.658594      10 controller.go:231] Updating CRD OpenAPI spec because vmauths.operator.victoriametrics.com changed
2026-06-19T12:24:03.658862810Z I0619 12:24:03.658637      10 controller.go:231] Updating CRD OpenAPI spec because vtsingles.operator.victoriametrics.com changed
2026-06-19T12:24:03.695193371Z I0619 12:24:03.694929      10 controller.go:231] Updating CRD OpenAPI spec because vmsingles.operator.victoriametrics.com changed
2026-06-19T12:24:03.720777144Z I0619 12:24:03.720342      10 controller.go:231] Updating CRD OpenAPI spec because vtclusters.operator.victoriametrics.com changed
2026-06-19T12:24:03.720792956Z I0619 12:24:03.720374      10 controller.go:231] Updating CRD OpenAPI spec because vmnodescrapes.operator.victoriametrics.com changed
2026-06-19T12:24:03.738776829Z I0619 12:24:03.738241      10 controller.go:231] Updating CRD OpenAPI spec because vmdistributed.operator.victoriametrics.com changed
2026-06-19T12:24:05.544846153Z I0619 12:24:05.544528      10 apf_controller.go:493] "Update CurrentCL" plName="exempt" seatDemandHighWatermark=2 seatDemandAvg=0.007390105503769032 seatDemandStdev=0.08592955347535651 seatDemandSmoothed=0.29257420681146346 fairFrac=2.3333333333333335 currentCL=2 concurrencyDenominator=2 backstop=false
2026-06-19T12:24:15.545652651Z I0619 12:24:15.545421      10 apf_controller.go:493] "Update CurrentCL" plName="exempt" seatDemandHighWatermark=1 seatDemandAvg=0.0020726131062228067 seatDemandStdev=0.045478757471315336 seatDemandSmoothed=0.28693868157808317 fairFrac=2.3333333333333335 currentCL=1 concurrencyDenominator=1 backstop=false
2026-06-19T12:25:15.550737083Z I0619 12:25:15.550458      10 apf_controller.go:493] "Update CurrentCL" plName="exempt" seatDemandHighWatermark=2 seatDemandAvg=0.002965331632625497 seatDemandStdev=0.05710197025171275 seatDemandSmoothed=0.2575234335153621 fairFrac=2.3333333333333335 currentCL=2 concurrencyDenominator=2 backstop=false
2026-06-19T12:25:25.551521812Z I0619 12:25:25.551253      10 apf_controller.go:493] "Update CurrentCL" plName="exempt" seatDemandHighWatermark=1 seatDemandAvg=0.002328516817861289 seatDemandStdev=0.048198494035501006 seatDemandSmoothed=0.2527625157941361 fairFrac=2.3333333333333335 currentCL=1 concurrencyDenominator=1 backstop=false
2026-06-19T12:25:35.552770164Z I0619 12:25:35.552505      10 apf_controller.go:493] "Update CurrentCL" plName="exempt" seatDemandHighWatermark=2 seatDemandAvg=0.002460416031168185 seatDemandStdev=0.05210206551617305 seatDemandSmoothed=0.24820391500645983 fairFrac=2.3333333333333335 currentCL=2 concurrencyDenominator=2 backstop=false
2026-06-19T12:25:55.555292555Z I0619 12:25:55.554994      10 apf_controller.go:493] "Update CurrentCL" plName="exempt" seatDemandHighWatermark=1 seatDemandAvg=0.002804137161920002 seatDemandStdev=0.052879806889748956 seatDemandSmoothed=0.23945872880566083 fairFrac=2.3333333333333335 currentCL=1 concurrencyDenominator=1 backstop=false
2026-06-19T12:26:15.557277297Z I0619 12:26:15.556803      10 apf_controller.go:493] "Update CurrentCL" plName="exempt" seatDemandHighWatermark=2 seatDemandAvg=0.0033974733776347783 seatDemandStdev=0.06054790397019126 seatDemandSmoothed=0.23266180832376024 fairFrac=2.3333333333333335 currentCL=2 concurrencyDenominator=2 backstop=false
2026-06-19T12:26:45.559948070Z I0619 12:26:45.559648      10 apf_controller.go:493] "Update CurrentCL" plName="exempt" seatDemandHighWatermark=1 seatDemandAvg=0.002635068904715927 seatDemandStdev=0.051265244723724145 seatDemandSmoothed=0.2208672458989816 fairFrac=2.3333333333333335 currentCL=1 concurrencyDenominator=1 backstop=false
2026-06-19T12:26:55.560902201Z I0619 12:26:55.560592      10 apf_controller.go:493] "Update CurrentCL" plName="exempt" seatDemandHighWatermark=2 seatDemandAvg=0.0029816269914625655 seatDemandStdev=0.056164680407026484 seatDemandSmoothed=0.21714766431347027 fairFrac=2.3333333333333335 currentCL=2 concurrencyDenominator=2 backstop=false
2026-06-19T12:27:55.564943447Z I0619 12:27:55.564668      10 apf_controller.go:493] "Update CurrentCL" plName="exempt" seatDemandHighWatermark=1 seatDemandAvg=0.002561689366309838 seatDemandStdev=0.05054826519179836 seatDemandSmoothed=0.196576725383408 fairFrac=2.3333333333333335 currentCL=1 concurrencyDenominator=1 backstop=false
2026-06-19T12:28:05.566207211Z I0619 12:28:05.565933      10 apf_controller.go:493] "Update CurrentCL" plName="exempt" seatDemandHighWatermark=2 seatDemandAvg=0.029797344377724994 seatDemandStdev=0.1701477274114099 seatDemandSmoothed=0.1999450717891349 fairFrac=2.3333333333333335 currentCL=2 concurrencyDenominator=2 backstop=false
2026-06-19T12:28:15.567447732Z I0619 12:28:15.567257      10 apf_controller.go:493] "Update CurrentCL" plName="exempt" seatDemandHighWatermark=1 seatDemandAvg=0.002791445807801221 seatDemandStdev=0.05276034152754633 seatDemandSmoothed=0.19662402624669778 fairFrac=2.3333333333333335 currentCL=1 concurrencyDenominator=1 backstop=false
2026-06-19T12:28:35.567959004Z I0619 12:28:35.567733      10 apf_controller.go:493] "Update CurrentCL" plName="exempt" seatDemandHighWatermark=2 seatDemandAvg=0.0026945126436396676 seatDemandStdev=0.05471661484653068 seatDemandSmoothed=0.1902063586672133 fairFrac=2.3333333333333335 currentCL=2 concurrencyDenominator=2 backstop=false
2026-06-19T12:28:45.568640859Z I0619 12:28:45.568415      10 apf_controller.go:493] "Update CurrentCL" plName="exempt" seatDemandHighWatermark=1 seatDemandAvg=0.0028673169403574702 seatDemandStdev=0.05347050994633406 seatDemandSmoothed=0.18712738243626129 fairFrac=2.3333333333333335 currentCL=1 concurrencyDenominator=1 backstop=false
2026-06-19T12:29:03.315471274Z I0619 12:29:03.314041      10 controller.go:231] Updating CRD OpenAPI spec because vmsingles.operator.victoriametrics.com changed
2026-06-19T12:29:03.316528970Z I0619 12:29:03.316404      10 controller.go:231] Updating CRD OpenAPI spec because vtclusters.operator.victoriametrics.com changed
2026-06-19T12:29:03.352660091Z I0619 12:29:03.351793      10 controller.go:231] Updating CRD OpenAPI spec because vmnodescrapes.operator.victoriametrics.com changed
2026-06-19T12:29:03.357040688Z I0619 12:29:03.355589      10 controller.go:231] Updating CRD OpenAPI spec because vmdistributed.operator.victoriametrics.com changed
2026-06-19T12:29:03.400530563Z I0619 12:29:03.400371      10 controller.go:231] Updating CRD OpenAPI spec because ciliumpodippools.cilium.io changed
2026-06-19T12:29:03.416991497Z I0619 12:29:03.416750      10 controller.go:231] Updating CRD OpenAPI spec because ciliumloadbalancerippools.cilium.io changed
2026-06-19T12:29:03.444922254Z I0619 12:29:03.443356      10 controller.go:231] Updating CRD OpenAPI spec because kubenticagents.kubentic.io changed
2026-06-19T12:29:03.447919161Z I0619 12:29:03.446369      10 controller.go:231] Updating CRD OpenAPI spec because ciliumidentities.cilium.io changed
2026-06-19T12:29:03.494772296Z I0619 12:29:03.494586      10 controller.go:231] Updating CRD OpenAPI spec because vmagents.operator.victoriametrics.com changed
2026-06-19T12:29:03.494795107Z I0619 12:29:03.494627      10 controller.go:231] Updating CRD OpenAPI spec because vmclusters.operator.victoriametrics.com changed
2026-06-19T12:29:03.644260580Z I0619 12:29:03.632943      10 controller.go:231] Updating CRD OpenAPI spec because vmscrapeconfigs.operator.victoriametrics.com changed
2026-06-19T12:29:03.644293062Z I0619 12:29:03.639319      10 controller.go:231] Updating CRD OpenAPI spec because ciliumnodes.cilium.io changed
2026-06-19T12:29:03.663656825Z I0619 12:29:03.660473      10 controller.go:231] Updating CRD OpenAPI spec because ciliumendpoints.cilium.io changed
2026-06-19T12:29:03.670457320Z I0619 12:29:03.668590      10 controller.go:231] Updating CRD OpenAPI spec because ciliumnodeconfigs.cilium.io changed
2026-06-19T12:29:03.680776897Z I0619 12:29:03.680539      10 controller.go:231] Updating CRD OpenAPI spec because vmpodscrapes.operator.victoriametrics.com changed
2026-06-19T12:29:03.739755520Z I0619 12:29:03.739366      10 controller.go:231] Updating CRD OpenAPI spec because ciliumnetworkpolicies.cilium.io changed
2026-06-19T12:29:03.739781671Z I0619 12:29:03.739431      10 controller.go:231] Updating CRD OpenAPI spec because ciliuml2announcementpolicies.cilium.io changed
2026-06-19T12:29:03.740105262Z I0619 12:29:03.739984      10 controller.go:231] Updating CRD OpenAPI spec because vmanomalyconfigs.operator.victoriametrics.com changed
2026-06-19T12:29:03.774931107Z I0619 12:29:03.774732      10 controller.go:231] Updating CRD OpenAPI spec because vmanomalies.operator.victoriametrics.com changed
2026-06-19T12:29:03.783414109Z I0619 12:29:03.775918      10 controller.go:231] Updating CRD OpenAPI spec because vmservicescrapes.operator.victoriametrics.com changed
2026-06-19T12:29:03.783428048Z I0619 12:29:03.780676      10 controller.go:231] Updating CRD OpenAPI spec because vlsingles.operator.victoriametrics.com changed
2026-06-19T12:29:03.784811041Z I0619 12:29:03.784601      10 controller.go:231] Updating CRD OpenAPI spec because vlclusters.operator.victoriametrics.com changed
2026-06-19T12:29:03.793588034Z I0619 12:29:03.787122      10 controller.go:231] Updating CRD OpenAPI spec because vmrules.operator.victoriametrics.com changed
2026-06-19T12:29:03.795568136Z I0619 12:29:03.795355      10 controller.go:231] Updating CRD OpenAPI spec because vmalerts.operator.victoriametrics.com changed
2026-06-19T12:29:03.797655145Z I0619 12:29:03.797117      10 controller.go:231] Updating CRD OpenAPI spec because ciliumclusterwidenetworkpolicies.cilium.io changed
2026-06-19T12:29:03.801423273Z I0619 12:29:03.801173      10 controller.go:231] Updating CRD OpenAPI spec because ciliumcidrgroups.cilium.io changed
2026-06-19T12:29:03.801445874Z I0619 12:29:03.801230      10 controller.go:231] Updating CRD OpenAPI spec because vmusers.operator.victoriametrics.com changed
2026-06-19T12:29:03.815564188Z I0619 12:29:03.815315      10 controller.go:231] Updating CRD OpenAPI spec because vmprobes.operator.victoriametrics.com changed
2026-06-19T12:29:03.816823728Z I0619 12:29:03.816582      10 controller.go:231] Updating CRD OpenAPI spec because vlogs.operator.victoriametrics.com changed
2026-06-19T12:29:03.819788403Z I0619 12:29:03.819560      10 controller.go:231] Updating CRD OpenAPI spec because vmstaticscrapes.operator.victoriametrics.com changed
2026-06-19T12:29:03.819803397Z I0619 12:29:03.819616      10 controller.go:231] Updating CRD OpenAPI spec because vlagents.operator.victoriametrics.com changed
2026-06-19T12:29:03.820446047Z I0619 12:29:03.820189      10 controller.go:231] Updating CRD OpenAPI spec because vmalertmanagerconfigs.operator.victoriametrics.com changed
2026-06-19T12:29:03.820454156Z I0619 12:29:03.820334      10 controller.go:231] Updating CRD OpenAPI spec because vmalertmanagers.operator.victoriametrics.com changed
2026-06-19T12:29:03.861046083Z I0619 12:29:03.856062      10 controller.go:231] Updating CRD OpenAPI spec because vmauths.operator.victoriametrics.com changed
2026-06-19T12:29:03.861060923Z I0619 12:29:03.856626      10 controller.go:231] Updating CRD OpenAPI spec because vtsingles.operator.victoriametrics.com changed
2026-06-19T12:29:05.569949677Z I0619 12:29:05.569693      10 apf_controller.go:493] "Update CurrentCL" plName="exempt" seatDemandHighWatermark=2 seatDemandAvg=0.020207546129271052 seatDemandStdev=0.14118422163797043 seatDemandSmoothed=0.18356390808432732 fairFrac=2.3333333333333335 currentCL=2 concurrencyDenominator=2 backstop=false
2026-06-19T12:29:15.570655657Z I0619 12:29:15.570400      10 apf_controller.go:493] "Update CurrentCL" plName="exempt" seatDemandHighWatermark=1 seatDemandAvg=0.002846706840077711 seatDemandStdev=0.053278542587465415 seatDemandSmoothed=0.1806328189352213 fairFrac=2.3333333333333335 currentCL=1 concurrencyDenominator=1 backstop=false
2026-06-19T12:30:05.574135856Z I0619 12:30:05.573859      10 apf_controller.go:493] "Update CurrentCL" plName="exempt" seatDemandHighWatermark=2 seatDemandAvg=0.016368254752005595 seatDemandStdev=0.15453546421486927 seatDemandSmoothed=0.17090371896687487 fairFrac=2.3333333333333335 currentCL=2 concurrencyDenominator=2 backstop=false
2026-06-19T12:30:15.575234380Z I0619 12:30:15.575001      10 apf_controller.go:493] "Update CurrentCL" plName="exempt" seatDemandHighWatermark=1 seatDemandAvg=0.0025250817260219793 seatDemandStdev=0.05018670828315889 seatDemandSmoothed=0.1681853046008479 fairFrac=2.3333333333333335 currentCL=1 concurrencyDenominator=1 backstop=false
2026-06-19T12:30:35.577081091Z I0619 12:30:35.576717      10 apf_controller.go:493] "Update CurrentCL" plName="exempt" seatDemandHighWatermark=2 seatDemandAvg=0.0026020393439957767 seatDemandStdev=0.05131516320681047 seatDemandSmoothed=0.1628620630640387 fairFrac=2.3333333333333335 currentCL=2 concurrencyDenominator=2 backstop=false
2026-06-19T12:30:45.577786278Z I0619 12:30:45.577591      10 apf_controller.go:493] "Update CurrentCL" plName="exempt" seatDemandHighWatermark=1 seatDemandAvg=0.0022222133227496033 seatDemandStdev=0.047087950589272815 seatDemandSmoothed=0.1602503693835423 fairFrac=2.3333333333333335 currentCL=1 concurrencyDenominator=1 backstop=false
2026-06-19T12:31:05.579570628Z I0619 12:31:05.579266      10 apf_controller.go:493] "Update CurrentCL" plName="exempt" seatDemandHighWatermark=2 seatDemandAvg=0.01725473695983869 seatDemandStdev=0.13153004029827406 seatDemandSmoothed=0.1577641509522005 fairFrac=2.3333333333333335 currentCL=2 concurrencyDenominator=2 backstop=false
2026-06-19T12:31:15.579888153Z I0619 12:31:15.579688      10 apf_controller.go:493] "Update CurrentCL" plName="exempt" seatDemandHighWatermark=1 seatDemandAvg=0.0031406798795051457 seatDemandStdev=0.05595369522560255 seatDemandSmoothed=0.15549474610771735 fairFrac=2.3333333333333335 currentCL=1 concurrencyDenominator=1 backstop=false
2026-06-19T12:31:25.581314647Z I0619 12:31:25.581050      10 apf_controller.go:493] "Update CurrentCL" plName="exempt" seatDemandHighWatermark=2 seatDemandAvg=0.002832957284480431 seatDemandStdev=0.05472558084842565 seatDemandSmoothed=0.1532422133242967 fairFrac=2.3333333333333335 currentCL=2 concurrencyDenominator=2 backstop=false
2026-06-19T12:31:35.581836183Z I0619 12:31:35.581625      10 apf_controller.go:493] "Update CurrentCL" plName="exempt" seatDemandHighWatermark=1 seatDemandAvg=0.0027345490791867437 seatDemandStdev=0.05222136842826185 seatDemandSmoothed=0.15098162852050917 fairFrac=2.3333333333333335 currentCL=1 concurrencyDenominator=1 backstop=false
2026-06-19T12:32:05.585251610Z I0619 12:32:05.583873      10 apf_controller.go:493] "Update CurrentCL" plName="exempt" seatDemandHighWatermark=2 seatDemandAvg=0.005738197418040564 seatDemandStdev=0.0779608612262627 seatDemandSmoothed=0.145397346598619 fairFrac=2.3333333333333335 currentCL=2 concurrencyDenominator=2 backstop=false
2026-06-19T12:32:15.585461904Z I0619 12:32:15.585193      10 apf_controller.go:493] "Update CurrentCL" plName="exempt" seatDemandHighWatermark=1 seatDemandAvg=0.0022595201697043887 seatDemandStdev=0.047480677525779766 seatDemandSmoothed=0.1431972321738469 fairFrac=2.3333333333333335 currentCL=1 concurrencyDenominator=1 backstop=false
2026-06-19T12:32:35.586520993Z I0619 12:32:35.586293      10 apf_controller.go:493] "Update CurrentCL" plName="exempt" seatDemandHighWatermark=2 seatDemandAvg=0.0025148669316794863 seatDemandStdev=0.05297479186773281 seatDemandSmoothed=0.13908695970856444 fairFrac=2.3333333333333335 currentCL=2 concurrencyDenominator=2 backstop=false
2026-06-19T12:32:45.586985057Z I0619 12:32:45.586702      10 apf_controller.go:493] "Update CurrentCL" plName="exempt" seatDemandHighWatermark=1 seatDemandAvg=0.0022571120490751605 seatDemandStdev=0.047455426394386976 seatDemandSmoothed=0.1370313480194671 fairFrac=2.3333333333333335 currentCL=1 concurrencyDenominator=1 backstop=false
2026-06-19T12:33:05.588789525Z I0619 12:33:05.588521      10 apf_controller.go:493] "Update CurrentCL" plName="exempt" seatDemandHighWatermark=2 seatDemandAvg=0.004292494520104781 seatDemandStdev=0.06564831687862327 seatDemandSmoothed=0.13375849611828292 fairFrac=2.3333333333333335 currentCL=2 concurrencyDenominator=2 backstop=false
2026-06-19T12:33:15.589482799Z I0619 12:33:15.589268      10 apf_controller.go:493] "Update CurrentCL" plName="exempt" seatDemandHighWatermark=1 seatDemandAvg=0.0035967933063963064 seatDemandStdev=0.05986531871048019 seatDemandSmoothed=0.13214167928395057 fairFrac=2.3333333333333335 currentCL=1 concurrencyDenominator=1 backstop=false
2026-06-19T12:33:35.591070605Z I0619 12:33:35.590811      10 apf_controller.go:493] "Update CurrentCL" plName="exempt" seatDemandHighWatermark=2 seatDemandAvg=0.00257929044882121 seatDemandStdev=0.05385941586951474 seatDemandSmoothed=0.12856515312772027 fairFrac=2.3333333333333335 currentCL=2 concurrencyDenominator=2 backstop=false
2026-06-19T12:33:45.592130288Z I0619 12:33:45.591902      10 apf_controller.go:493] "Update CurrentCL" plName="exempt" seatDemandHighWatermark=1 seatDemandAvg=0.0026901353622622525 seatDemandStdev=0.051796703891222255 seatDemandSmoothed=0.12686135190861283 fairFrac=2.3333333333333335 currentCL=1 concurrencyDenominator=1 backstop=false
2026-06-19T12:34:03.095988995Z I0619 12:34:03.090050      10 cidrallocator.go:242] syncing ServiceCIDR allocators
2026-06-19T12:34:03.096018646Z I0619 12:34:03.095628      10 cidrallocator.go:278] updated ClusterIP allocator for Service CIDR 100.64.0.0/13
2026-06-19T12:34:03.096022855Z I0619 12:34:03.095644      10 cidrallocator.go:244] syncing ServiceCIDR allocators took: 5.61246ms
2026-06-19T12:34:03.306887223Z I0619 12:34:03.304082      10 controller.go:231] Updating CRD OpenAPI spec because ciliumpodippools.cilium.io changed
2026-06-19T12:34:03.319149940Z I0619 12:34:03.318205      10 controller.go:231] Updating CRD OpenAPI spec because ciliumloadbalancerippools.cilium.io changed
2026-06-19T12:34:03.319215695Z I0619 12:34:03.318649      10 controller.go:231] Updating CRD OpenAPI spec because kubenticagents.kubentic.io changed
2026-06-19T12:34:03.319220166Z I0619 12:34:03.318671      10 controller.go:231] Updating CRD OpenAPI spec because ciliumidentities.cilium.io changed
2026-06-19T12:34:03.370487030Z I0619 12:34:03.370227      10 controller.go:231] Updating CRD OpenAPI spec because vmagents.operator.victoriametrics.com changed
2026-06-19T12:34:03.370540594Z I0619 12:34:03.370268      10 controller.go:231] Updating CRD OpenAPI spec because vmclusters.operator.victoriametrics.com changed
2026-06-19T12:34:03.396560925Z I0619 12:34:03.396119      10 controller.go:231] Updating CRD OpenAPI spec because vmscrapeconfigs.operator.victoriametrics.com changed
2026-06-19T12:34:03.423467387Z I0619 12:34:03.423293      10 controller.go:231] Updating CRD OpenAPI spec because ciliumnodes.cilium.io changed
2026-06-19T12:34:03.426446675Z I0619 12:34:03.426038      10 controller.go:231] Updating CRD OpenAPI spec because ciliumendpoints.cilium.io changed
2026-06-19T12:34:03.430765411Z I0619 12:34:03.430590      10 controller.go:231] Updating CRD OpenAPI spec because ciliumnodeconfigs.cilium.io changed
2026-06-19T12:34:03.434272919Z I0619 12:34:03.434118      10 controller.go:231] Updating CRD OpenAPI spec because vmpodscrapes.operator.victoriametrics.com changed
2026-06-19T12:34:03.454839704Z I0619 12:34:03.453767      10 controller.go:231] Updating CRD OpenAPI spec because ciliumnetworkpolicies.cilium.io changed
2026-06-19T12:34:03.454865553Z I0619 12:34:03.454392      10 controller.go:231] Updating CRD OpenAPI spec because ciliuml2announcementpolicies.cilium.io changed
2026-06-19T12:34:03.454868966Z I0619 12:34:03.454643      10 controller.go:231] Updating CRD OpenAPI spec because vmanomalyconfigs.operator.victoriametrics.com changed
2026-06-19T12:34:03.469657358Z I0619 12:34:03.469416      10 controller.go:231] Updating CRD OpenAPI spec because vmanomalies.operator.victoriametrics.com changed
2026-06-19T12:34:03.469993970Z I0619 12:34:03.469924      10 controller.go:231] Updating CRD OpenAPI spec because vmservicescrapes.operator.victoriametrics.com changed
2026-06-19T12:34:03.472802338Z I0619 12:34:03.472652      10 controller.go:231] Updating CRD OpenAPI spec because vlsingles.operator.victoriametrics.com changed
2026-06-19T12:34:03.520536307Z I0619 12:34:03.520369      10 controller.go:231] Updating CRD OpenAPI spec because vlclusters.operator.victoriametrics.com changed
2026-06-19T12:34:03.520805083Z I0619 12:34:03.520744      10 controller.go:231] Updating CRD OpenAPI spec because vmrules.operator.victoriametrics.com changed
2026-06-19T12:34:03.522332611Z I0619 12:34:03.522209      10 controller.go:231] Updating CRD OpenAPI spec because vmalerts.operator.victoriametrics.com changed
2026-06-19T12:34:03.547650145Z I0619 12:34:03.542905      10 controller.go:231] Updating CRD OpenAPI spec because ciliumclusterwidenetworkpolicies.cilium.io changed
2026-06-19T12:34:03.548064696Z I0619 12:34:03.547849      10 controller.go:231] Updating CRD OpenAPI spec because ciliumcidrgroups.cilium.io changed
2026-06-19T12:34:03.552936561Z I0619 12:34:03.552731      10 controller.go:231] Updating CRD OpenAPI spec because vmusers.operator.victoriametrics.com changed
2026-06-19T12:34:03.555031922Z I0619 12:34:03.554799      10 controller.go:231] Updating CRD OpenAPI spec because vmprobes.operator.victoriametrics.com changed
2026-06-19T12:34:03.564780771Z I0619 12:34:03.560389      10 controller.go:231] Updating CRD OpenAPI spec because vlogs.operator.victoriametrics.com changed
2026-06-19T12:34:03.564796465Z I0619 12:34:03.560772      10 controller.go:231] Updating CRD OpenAPI spec because vmstaticscrapes.operator.victoriametrics.com changed
2026-06-19T12:34:03.564799840Z I0619 12:34:03.560791      10 controller.go:231] Updating CRD OpenAPI spec because vlagents.operator.victoriametrics.com changed
2026-06-19T12:34:03.575112941Z I0619 12:34:03.574907      10 controller.go:231] Updating CRD OpenAPI spec because vmalertmanagerconfigs.operator.victoriametrics.com changed
2026-06-19T12:34:03.575146105Z I0619 12:34:03.574989      10 controller.go:231] Updating CRD OpenAPI spec because vmalertmanagers.operator.victoriametrics.com changed
2026-06-19T12:34:03.582212655Z I0619 12:34:03.582056      10 controller.go:231] Updating CRD OpenAPI spec because vmauths.operator.victoriametrics.com changed
2026-06-19T12:34:03.582228147Z I0619 12:34:03.582097      10 controller.go:231] Updating CRD OpenAPI spec because vtsingles.operator.victoriametrics.com changed
2026-06-19T12:34:03.582515898Z I0619 12:34:03.582408      10 controller.go:231] Updating CRD OpenAPI spec because vmsingles.operator.victoriametrics.com changed
2026-06-19T12:34:03.590513441Z I0619 12:34:03.590229      10 controller.go:231] Updating CRD OpenAPI spec because vtclusters.operator.victoriametrics.com changed
2026-06-19T12:34:03.591625922Z I0619 12:34:03.591451      10 controller.go:231] Updating CRD OpenAPI spec because vmnodescrapes.operator.victoriametrics.com changed
2026-06-19T12:34:03.591828235Z I0619 12:34:03.591707      10 controller.go:231] Updating CRD OpenAPI spec because vmdistributed.operator.victoriametrics.com changed
2026-06-19T12:34:05.593958850Z I0619 12:34:05.593672      10 apf_controller.go:493] "Update CurrentCL" plName="exempt" seatDemandHighWatermark=2 seatDemandAvg=0.025492173391976434 seatDemandStdev=0.15838371996812262 seatDemandSmoothed=0.18387589336009905 fairFrac=2.3333333333333335 currentCL=2 concurrencyDenominator=2 backstop=false
2026-06-19T12:34:15.595149027Z I0619 12:34:15.594910      10 apf_controller.go:493] "Update CurrentCL" plName="exempt" seatDemandHighWatermark=1 seatDemandAvg=0.0024074790783102855 seatDemandStdev=0.04900697014504961 seatDemandSmoothed=0.18082928014495403 fairFrac=2.3333333333333335 currentCL=1 concurrencyDenominator=1 backstop=false
2026-06-19T12:35:05.599632993Z I0619 12:35:05.599372      10 apf_controller.go:493] "Update CurrentCL" plName="exempt" seatDemandHighWatermark=2 seatDemandAvg=0.01897337857582976 seatDemandStdev=0.13715641360594966 seatDemandSmoothed=0.16901695215754922 fairFrac=2.3333333333333335 currentCL=2 concurrencyDenominator=2 backstop=false
2026-06-19T12:35:15.600636249Z I0619 12:35:15.600379      10 apf_controller.go:493] "Update CurrentCL" plName="exempt" seatDemandHighWatermark=1 seatDemandAvg=0.002868871231782407 seatDemandStdev=0.05348495872334444 seatDemandSmoothed=0.1664257003468935 fairFrac=2.3333333333333335 currentCL=1 concurrencyDenominator=1 backstop=false
2026-06-19T12:35:35.602625724Z I0619 12:35:35.602251      10 apf_controller.go:493] "Update CurrentCL" plName="exempt" seatDemandHighWatermark=2 seatDemandAvg=0.0029211258602344103 seatDemandStdev=0.05663816569875806 seatDemandSmoothed=0.16140761663562853 fairFrac=2.3333333333333335 currentCL=2 concurrencyDenominator=2 backstop=false
2026-06-19T12:35:45.603439483Z I0619 12:35:45.603148      10 apf_controller.go:493] "Update CurrentCL" plName="exempt" seatDemandHighWatermark=1 seatDemandAvg=0.0023018659271966326 seatDemandStdev=0.04792251392038865 seatDemandSmoothed=0.15885040218950353 fairFrac=2.3333333333333335 currentCL=1 concurrencyDenominator=1 backstop=false
2026-06-19T12:36:05.604690917Z I0619 12:36:05.604404      10 apf_controller.go:493] "Update CurrentCL" plName="exempt" seatDemandHighWatermark=2 seatDemandAvg=0.03051998341963147 seatDemandStdev=0.1731020519456284 seatDemandSmoothed=0.20362203536525986 fairFrac=2.3333333333333335 currentCL=2 concurrencyDenominator=2 backstop=false
2026-06-19T12:36:15.605861924Z I0619 12:36:15.605632      10 apf_controller.go:493] "Update CurrentCL" plName="exempt" seatDemandHighWatermark=1 seatDemandAvg=0.002560837610938169 seatDemandStdev=0.050539882485702056 seatDemandSmoothed=0.2001600451140816 fairFrac=2.3333333333333335 currentCL=1 concurrencyDenominator=1 backstop=false
2026-06-19T12:36:35.608026924Z I0619 12:36:35.607803      10 apf_controller.go:493] "Update CurrentCL" plName="exempt" seatDemandHighWatermark=2 seatDemandAvg=0.0030310886542650605 seatDemandStdev=0.055163035495516606 seatDemandSmoothed=0.19354688298667475 fairFrac=2.3333333333333335 currentCL=2 concurrencyDenominator=2 backstop=false
2026-06-19T12:36:45.609154661Z I0619 12:36:45.608714      10 apf_controller.go:493] "Update CurrentCL" plName="exempt" seatDemandHighWatermark=1 seatDemandAvg=0.002718750471614908 seatDemandStdev=0.05207071026486965 seatDemandSmoothed=0.19035546227492037 fairFrac=2.3333333333333335 currentCL=1 concurrencyDenominator=1 backstop=false
2026-06-19T12:37:05.610233991Z I0619 12:37:05.609969      10 apf_controller.go:493] "Update CurrentCL" plName="exempt" seatDemandHighWatermark=2 seatDemandAvg=0.006242844436626739 seatDemandStdev=0.08068837811599988 seatDemandSmoothed=0.1849930739250594 fairFrac=2.3333333333333335 currentCL=2 concurrencyDenominator=2 backstop=false
2026-06-19T12:37:15.611247274Z I0619 12:37:15.611014      10 apf_controller.go:493] "Update CurrentCL" plName="exempt" seatDemandHighWatermark=1 seatDemandAvg=0.002661046447971738 seatDemandStdev=0.051516650510038745 seatDemandSmoothed=0.18198432025481726 fairFrac=2.3333333333333335 currentCL=1 concurrencyDenominator=1 backstop=false
2026-06-19T12:38:05.615326116Z I0619 12:38:05.615012      10 apf_controller.go:493] "Update CurrentCL" plName="exempt" seatDemandHighWatermark=2 seatDemandAvg=0.01311383464740539 seatDemandStdev=0.11417421777952028 seatDemandSmoothed=0.16959043783538316 fairFrac=2.3333333333333335 currentCL=2 concurrencyDenominator=2 backstop=false
2026-06-19T12:38:15.616477162Z I0619 12:38:15.616195      10 apf_controller.go:493] "Update CurrentCL" plName="exempt" seatDemandHighWatermark=1 seatDemandAvg=0.002390750570829014 seatDemandStdev=0.04883681892319661 seatDemandSmoothed=0.16686809186353194 fairFrac=2.3333333333333335 currentCL=1 concurrencyDenominator=1 backstop=false
2026-06-19T12:39:03.341904281Z I0619 12:39:03.329134      10 controller.go:231] Updating CRD OpenAPI spec because vlagents.operator.victoriametrics.com changed
2026-06-19T12:39:03.432512920Z I0619 12:39:03.405148      10 controller.go:231] Updating CRD OpenAPI spec because vmalertmanagerconfigs.operator.victoriametrics.com changed
2026-06-19T12:39:03.432539122Z I0619 12:39:03.412100      10 controller.go:231] Updating CRD OpenAPI spec because vmalertmanagers.operator.victoriametrics.com changed
2026-06-19T12:39:03.432604137Z I0619 12:39:03.412323      10 controller.go:231] Updating CRD OpenAPI spec because vmauths.operator.victoriametrics.com changed
2026-06-19T12:39:03.518226059Z I0619 12:39:03.518025      10 controller.go:231] Updating CRD OpenAPI spec because vtsingles.operator.victoriametrics.com changed
2026-06-19T12:39:03.540630266Z I0619 12:39:03.540422      10 controller.go:231] Updating CRD OpenAPI spec because vmsingles.operator.victoriametrics.com changed
2026-06-19T12:39:03.540646248Z I0619 12:39:03.540465      10 controller.go:231] Updating CRD OpenAPI spec because vtclusters.operator.victoriametrics.com changed
2026-06-19T12:39:03.568137223Z I0619 12:39:03.562566      10 controller.go:231] Updating CRD OpenAPI spec because vmnodescrapes.operator.victoriametrics.com changed
2026-06-19T12:39:03.568153314Z I0619 12:39:03.567239      10 controller.go:231] Updating CRD OpenAPI spec because vmdistributed.operator.victoriametrics.com changed
2026-06-19T12:39:03.568157642Z I0619 12:39:03.567384      10 controller.go:231] Updating CRD OpenAPI spec because ciliumpodippools.cilium.io changed
2026-06-19T12:39:03.586865626Z I0619 12:39:03.585041      10 controller.go:231] Updating CRD OpenAPI spec because ciliumloadbalancerippools.cilium.io changed
2026-06-19T12:39:03.593386734Z I0619 12:39:03.590981      10 controller.go:231] Updating CRD OpenAPI spec because kubenticagents.kubentic.io changed
2026-06-19T12:39:03.605495759Z I0619 12:39:03.605294      10 controller.go:231] Updating CRD OpenAPI spec because ciliumidentities.cilium.io changed
2026-06-19T12:39:03.605557448Z I0619 12:39:03.605336      10 controller.go:231] Updating CRD OpenAPI spec because vmagents.operator.victoriametrics.com changed
2026-06-19T12:39:03.647074281Z I0619 12:39:03.646872      10 controller.go:231] Updating CRD OpenAPI spec because vmclusters.operator.victoriametrics.com changed
2026-06-19T12:39:03.674672335Z I0619 12:39:03.674373      10 controller.go:231] Updating CRD OpenAPI spec because vmscrapeconfigs.operator.victoriametrics.com changed
2026-06-19T12:39:03.679964101Z I0619 12:39:03.676385      10 controller.go:231] Updating CRD OpenAPI spec because ciliumnodes.cilium.io changed
2026-06-19T12:39:03.680240021Z I0619 12:39:03.676468      10 controller.go:231] Updating CRD OpenAPI spec because ciliumendpoints.cilium.io changed
2026-06-19T12:39:03.684252071Z I0619 12:39:03.680857      10 controller.go:231] Updating CRD OpenAPI spec because ciliumnodeconfigs.cilium.io changed
2026-06-19T12:39:03.686671159Z I0619 12:39:03.686481      10 controller.go:231] Updating CRD OpenAPI spec because vmpodscrapes.operator.victoriametrics.com changed
2026-06-19T12:39:03.699403362Z I0619 12:39:03.699209      10 controller.go:231] Updating CRD OpenAPI spec because ciliumnetworkpolicies.cilium.io changed
2026-06-19T12:39:03.699420444Z I0619 12:39:03.699257      10 controller.go:231] Updating CRD OpenAPI spec because ciliuml2announcementpolicies.cilium.io changed
2026-06-19T12:39:03.699430346Z I0619 12:39:03.699291      10 controller.go:231] Updating CRD OpenAPI spec because vmanomalyconfigs.operator.victoriametrics.com changed
2026-06-19T12:39:03.703689845Z I0619 12:39:03.703450      10 controller.go:231] Updating CRD OpenAPI spec because vmanomalies.operator.victoriametrics.com changed
2026-06-19T12:39:03.705863936Z I0619 12:39:03.705475      10 controller.go:231] Updating CRD OpenAPI spec because vmservicescrapes.operator.victoriametrics.com changed
2026-06-19T12:39:03.712736626Z I0619 12:39:03.712445      10 controller.go:231] Updating CRD OpenAPI spec because vlsingles.operator.victoriametrics.com changed
2026-06-19T12:39:03.712750431Z I0619 12:39:03.712481      10 controller.go:231] Updating CRD OpenAPI spec because vlclusters.operator.victoriametrics.com changed
2026-06-19T12:39:03.712753859Z I0619 12:39:03.712509      10 controller.go:231] Updating CRD OpenAPI spec because vmrules.operator.victoriametrics.com changed
2026-06-19T12:39:03.721493506Z I0619 12:39:03.715738      10 controller.go:231] Updating CRD OpenAPI spec because vmalerts.operator.victoriametrics.com changed
2026-06-19T12:39:03.721519275Z I0619 12:39:03.715968      10 controller.go:231] Updating CRD OpenAPI spec because ciliumclusterwidenetworkpolicies.cilium.io changed
2026-06-19T12:39:03.733463356Z I0619 12:39:03.733118      10 controller.go:231] Updating CRD OpenAPI spec because ciliumcidrgroups.cilium.io changed
2026-06-19T12:39:03.734454891Z I0619 12:39:03.734123      10 controller.go:231] Updating CRD OpenAPI spec because vmusers.operator.victoriametrics.com changed
2026-06-19T12:39:03.734718091Z I0619 12:39:03.734437      10 controller.go:231] Updating CRD OpenAPI spec because vmprobes.operator.victoriametrics.com changed
2026-06-19T12:39:03.738267052Z I0619 12:39:03.736838      10 controller.go:231] Updating CRD OpenAPI spec because vlogs.operator.victoriametrics.com changed
2026-06-19T12:39:03.738855849Z I0619 12:39:03.738527      10 controller.go:231] Updating CRD OpenAPI spec because vmstaticscrapes.operator.victoriametrics.com changed
2026-06-19T12:39:05.620162596Z I0619 12:39:05.619840      10 apf_controller.go:493] "Update CurrentCL" plName="exempt" seatDemandHighWatermark=2 seatDemandAvg=0.012172303024286277 seatDemandStdev=0.11066504816283064 seatDemandSmoothed=0.15603246528869105 fairFrac=2.3333333333333335 currentCL=2 concurrencyDenominator=2 backstop=false
2026-06-19T12:39:15.621844759Z I0619 12:39:15.621610      10 apf_controller.go:493] "Update CurrentCL" plName="exempt" seatDemandHighWatermark=1 seatDemandAvg=0.002810750002122693 seatDemandStdev=0.052941946380429386 seatDemandSmoothed=0.15372603060384987 fairFrac=2.3333333333333335 currentCL=1 concurrencyDenominator=1 backstop=false
2026-06-19T12:39:32.351263833Z I0619 12:39:32.351015      10 trace.go:236] Trace[1666118833]: "List" accept:application/json,audit-id:8b5ad089-e273-4ce4-a33a-9a0b087bc729,client:202.47.35.113,api-group:apiextensions.k8s.io,api-version:v1,name:,subresource:,namespace:,protocol:HTTP/2.0,resource:customresourcedefinitions,scope:cluster,url:/apis/apiextensions.k8s.io/v1/customresourcedefinitions,user-agent:kubectl/v1.35.3 (linux/amd64) kubernetes/6c1cd99,verb:LIST (19-Jun-2026 12:39:31.757) (total time: 593ms):
2026-06-19T12:39:32.351284486Z Trace[1666118833]: [593.675722ms] [593.675722ms] END
2026-06-19T12:39:35.623112573Z I0619 12:39:35.622870      10 apf_controller.go:493] "Update CurrentCL" plName="exempt" seatDemandHighWatermark=11 seatDemandAvg=0.7745626895568765 seatDemandStdev=2.349777107304887 seatDemandSmoothed=3.1243397968617637 fairFrac=2.3333333333333335 currentCL=11 concurrencyDenominator=11 backstop=false
2026-06-19T12:39:37.842159050Z I0619 12:39:37.841923      10 trace.go:236] Trace[289289010]: "List" accept:application/json,audit-id:403e00fa-f421-4e37-a7b0-d758c37a46db,client:202.47.35.113,api-group:apiextensions.k8s.io,api-version:v1,name:,subresource:,namespace:,protocol:HTTP/2.0,resource:customresourcedefinitions,scope:cluster,url:/apis/apiextensions.k8s.io/v1/customresourcedefinitions,user-agent:kubectl/v1.35.3 (linux/amd64) kubernetes/6c1cd99,verb:LIST (19-Jun-2026 12:39:37.214) (total time: 627ms):
2026-06-19T12:39:37.842179070Z Trace[289289010]: [627.55384ms] [627.55384ms] END
2026-06-19T12:39:43.580623409Z I0619 12:39:43.580365      10 trace.go:236] Trace[16132541]: "List" accept:application/json,audit-id:a19cdf5a-6891-4db7-a52e-0408b0932326,client:202.47.35.113,api-group:apiextensions.k8s.io,api-version:v1,name:,subresource:,namespace:,protocol:HTTP/2.0,resource:customresourcedefinitions,scope:cluster,url:/apis/apiextensions.k8s.io/v1/customresourcedefinitions,user-agent:kubectl/v1.35.3 (linux/amd64) kubernetes/6c1cd99,verb:LIST (19-Jun-2026 12:39:42.906) (total time: 673ms):
2026-06-19T12:39:43.580641902Z Trace[16132541]: [673.582344ms] [673.582344ms] END
2026-06-19T12:39:46.678661653Z I0619 12:39:46.678454      10 trace.go:236] Trace[265324093]: "List" accept:application/json,audit-id:7c210ae3-c3fa-468e-ae5d-eb6fc5bbb295,client:202.47.35.113,api-group:apiextensions.k8s.io,api-version:v1,name:,subresource:,namespace:,protocol:HTTP/2.0,resource:customresourcedefinitions,scope:cluster,url:/apis/apiextensions.k8s.io/v1/customresourcedefinitions,user-agent:kubectl/v1.35.3 (linux/amd64) kubernetes/6c1cd99,verb:LIST (19-Jun-2026 12:39:46.075) (total time: 602ms):
2026-06-19T12:39:46.678688672Z Trace[265324093]: [602.365288ms] [602.365288ms] END
2026-06-19T12:39:48.493728668Z I0619 12:39:48.493510      10 trace.go:236] Trace[511452427]: "List" accept:application/json,audit-id:cea91b06-becf-40df-8e0c-e7eb57de1498,client:202.47.35.113,api-group:apiextensions.k8s.io,api-version:v1,name:,subresource:,namespace:,protocol:HTTP/2.0,resource:customresourcedefinitions,scope:cluster,url:/apis/apiextensions.k8s.io/v1/customresourcedefinitions,user-agent:kubectl/v1.35.3 (linux/amd64) kubernetes/6c1cd99,verb:LIST (19-Jun-2026 12:39:46.743) (total time: 1750ms):
2026-06-19T12:39:48.493744321Z Trace[511452427]: [1.750177888s] [1.750177888s] END
2026-06-19T12:39:50.618871242Z I0619 12:39:50.618597      10 trace.go:236] Trace[942379841]: "List" accept:application/json,audit-id:fd8229db-f8dd-4b43-8838-8fc79840f3a3,client:202.47.35.113,api-group:apiextensions.k8s.io,api-version:v1,name:,subresource:,namespace:,protocol:HTTP/2.0,resource:customresourcedefinitions,scope:cluster,url:/apis/apiextensions.k8s.io/v1/customresourcedefinitions,user-agent:kubectl/v1.35.3 (linux/amd64) kubernetes/6c1cd99,verb:LIST (19-Jun-2026 12:39:50.000) (total time: 618ms):
2026-06-19T12:39:50.618925535Z Trace[942379841]: [618.024971ms] [618.024971ms] END
2026-06-19T12:40:02.554130847Z I0619 12:40:02.553947      10 trace.go:236] Trace[194252260]: "Update" accept:application/vnd.kubernetes.protobuf, */*,audit-id:68418dbf-03db-41c9-b6b4-eab3626f2b29,client:127.0.0.1,api-group:coordination.k8s.io,api-version:v1,name:cloud-controller-manager,subresource:,namespace:kube-system,protocol:HTTP/2.0,resource:leases,scope:resource,url:/apis/coordination.k8s.io/v1/namespaces/kube-system/leases/cloud-controller-manager,user-agent:aws-cloud-controller-manager/v0.0.0 (linux/amd64) kubernetes/$Format/leader-election,verb:PUT (19-Jun-2026 12:40:01.844) (total time: 667ms):
2026-06-19T12:40:02.554150593Z Trace[194252260]: ["GuaranteedUpdate etcd3" audit-id:68418dbf-03db-41c9-b6b4-eab3626f2b29,key:/leases/kube-system/cloud-controller-manager,type:*coordination.Lease,group:coordination.k8s.io,resource:leases 619ms (12:40:01.934)
2026-06-19T12:40:02.554172402Z Trace[194252260]:  ---"About to Encode" 97ms (12:40:02.032)
2026-06-19T12:40:02.554175121Z Trace[194252260]:  ---"Txn call completed" 479ms (12:40:02.511)]
2026-06-19T12:40:02.554177716Z Trace[194252260]: [667.307631ms] [667.307631ms] END
2026-06-19T12:40:03.104640271Z I0619 12:40:03.104388      10 trace.go:236] Trace[112619131]: "Update" accept:application/vnd.kubernetes.protobuf,application/json,audit-id:678e6237-5410-4a2c-8658-218b20cb710b,client:127.0.0.1,api-group:coordination.k8s.io,api-version:v1,name:cilium-operator-resource-lock,subresource:,namespace:kube-system,protocol:HTTP/2.0,resource:leases,scope:resource,url:/apis/coordination.k8s.io/v1/namespaces/kube-system/leases/cilium-operator-resource-lock,user-agent:cilium-operator/v0.0.0 (linux/amd64) kubernetes/$Format/leader-election,verb:PUT (19-Jun-2026 12:40:02.351) (total time: 753ms):
2026-06-19T12:40:03.104668689Z Trace[112619131]: ["GuaranteedUpdate etcd3" audit-id:678e6237-5410-4a2c-8658-218b20cb710b,key:/leases/kube-system/cilium-operator-resource-lock,type:*coordination.Lease,group:coordination.k8s.io,resource:leases 752ms (12:40:02.351)
2026-06-19T12:40:03.104672518Z Trace[112619131]:  ---"About to Encode" 68ms (12:40:02.419)
2026-06-19T12:40:03.104674850Z Trace[112619131]:  ---"Txn call completed" 684ms (12:40:03.104)]
2026-06-19T12:40:03.104677993Z Trace[112619131]: [753.038326ms] [753.038326ms] END
2026-06-19T12:40:03.105220962Z I0619 12:40:03.105005      10 trace.go:236] Trace[993435890]: "Update" accept:application/vnd.kubernetes.protobuf, */*,audit-id:5c3984c5-ae54-423a-8ef1-a4580fa51e2e,client:172.20.179.51,api-group:coordination.k8s.io,api-version:v1,name:ebs-csi-aws-com,subresource:,namespace:kube-system,protocol:HTTP/2.0,resource:leases,scope:resource,url:/apis/coordination.k8s.io/v1/namespaces/kube-system/leases/ebs-csi-aws-com,user-agent:csi-provisioner/v0.0.0 (linux/amd64) kubernetes/$Format,verb:PUT (19-Jun-2026 12:40:02.355) (total time: 749ms):
2026-06-19T12:40:03.105231122Z Trace[993435890]: ---"Conversion done" 57ms (12:40:02.419)
2026-06-19T12:40:03.105234597Z Trace[993435890]: ["GuaranteedUpdate etcd3" audit-id:5c3984c5-ae54-423a-8ef1-a4580fa51e2e,key:/leases/kube-system/ebs-csi-aws-com,type:*coordination.Lease,group:coordination.k8s.io,resource:leases 685ms (12:40:02.419)
2026-06-19T12:40:03.105237161Z Trace[993435890]:  ---"Txn call completed" 683ms (12:40:03.104)]
2026-06-19T12:40:03.105239752Z Trace[993435890]: [749.131889ms] [749.131889ms] END
2026-06-19T12:40:03.106642673Z I0619 12:40:03.106401      10 trace.go:236] Trace[1023844260]: "Update" accept:application/vnd.kubernetes.protobuf,application/json,audit-id:d38b1053-ba7a-4d66-8c3f-c220a9674293,client:127.0.0.1,api-group:coordination.k8s.io,api-version:v1,name:kops-controller-leader,subresource:,namespace:kube-system,protocol:HTTP/2.0,resource:leases,scope:resource,url:/apis/coordination.k8s.io/v1/namespaces/kube-system/leases/kops-controller-leader,user-agent:kops-controller/v0.0.0 (linux/amd64) kubernetes/$Format/leader-election,verb:PUT (19-Jun-2026 12:40:02.001) (total time: 1105ms):
2026-06-19T12:40:03.106672367Z Trace[1023844260]: ---"About to store object in database" 81ms (12:40:02.082)
2026-06-19T12:40:03.106675629Z Trace[1023844260]: ["GuaranteedUpdate etcd3" audit-id:d38b1053-ba7a-4d66-8c3f-c220a9674293,key:/leases/kube-system/kops-controller-leader,type:*coordination.Lease,group:coordination.k8s.io,resource:leases 1023ms (12:40:02.082)
2026-06-19T12:40:03.106677884Z Trace[1023844260]:  ---"initial value restored" 198ms (12:40:02.280)
2026-06-19T12:40:03.106703027Z Trace[1023844260]:  ---"About to Encode" 231ms (12:40:02.512)
2026-06-19T12:40:03.106706044Z Trace[1023844260]:  ---"Txn call completed" 590ms (12:40:03.106)]
2026-06-19T12:40:03.106708452Z Trace[1023844260]: [1.105145869s] [1.105145869s] END
2026-06-19T12:40:03.134051326Z I0619 12:40:03.133653      10 trace.go:236] Trace[1384516997]: "Update" accept:application/json, */*,audit-id:11346d5e-25de-4875-880f-7bdc86942584,client:172.20.237.164,api-group:coordination.k8s.io,api-version:v1,name:kubentic-operator,subresource:,namespace:kubentic-foresight,protocol:HTTP/2.0,resource:leases,scope:resource,url:/apis/coordination.k8s.io/v1/namespaces/kubentic-foresight/leases/kubentic-operator,user-agent:manager/v0.0.0 (linux/amd64) kubernetes/$Format/leader-election,verb:PUT (19-Jun-2026 12:40:02.555) (total time: 578ms):
2026-06-19T12:40:03.134078715Z Trace[1384516997]: ["GuaranteedUpdate etcd3" audit-id:11346d5e-25de-4875-880f-7bdc86942584,key:/leases/kubentic-foresight/kubentic-operator,type:*coordination.Lease,group:coordination.k8s.io,resource:leases 569ms (12:40:02.564)
2026-06-19T12:40:03.134082773Z Trace[1384516997]:  ---"Txn call completed" 567ms (12:40:03.133)]
2026-06-19T12:40:03.134085669Z Trace[1384516997]: [578.135344ms] [578.135344ms] END
2026-06-19T12:40:03.145182497Z I0619 12:40:03.144897      10 trace.go:236] Trace[1977816987]: "Update" accept:application/vnd.kubernetes.protobuf, */*,audit-id:a54b8977-7261-4f55-9bf0-082e4a5f08bb,client:127.0.0.1,api-group:coordination.k8s.io,api-version:v1,name:kube-scheduler,subresource:,namespace:kube-system,protocol:HTTP/2.0,resource:leases,scope:resource,url:/apis/coordination.k8s.io/v1/namespaces/kube-system/leases/kube-scheduler,user-agent:kube-scheduler/v1.35.1 (linux/amd64) kubernetes/8fea90b/leader-election,verb:PUT (19-Jun-2026 12:40:02.445) (total time: 698ms):
2026-06-19T12:40:03.145206684Z Trace[1977816987]: ---"About to convert to expected version" 25ms (12:40:02.471)
2026-06-19T12:40:03.145210274Z Trace[1977816987]: ["GuaranteedUpdate etcd3" audit-id:a54b8977-7261-4f55-9bf0-082e4a5f08bb,key:/leases/kube-system/kube-scheduler,type:*coordination.Lease,group:coordination.k8s.io,resource:leases 611ms (12:40:02.533)
2026-06-19T12:40:03.145212992Z Trace[1977816987]:  ---"Txn call completed" 589ms (12:40:03.144)]
2026-06-19T12:40:03.145248794Z Trace[1977816987]: [698.847472ms] [698.847472ms] END
2026-06-19T12:40:05.623897302Z I0619 12:40:05.623642      10 apf_controller.go:493] "Update CurrentCL" plName="exempt" seatDemandHighWatermark=6 seatDemandAvg=0.23095950304214727 seatDemandStdev=0.8436567605725526 seatDemandSmoothed=7.402303983353109 fairFrac=2.3333333333333335 currentCL=6 concurrencyDenominator=6 backstop=false
2026-06-19T12:40:15.625357212Z I0619 12:40:15.625087      10 apf_controller.go:493] "Update CurrentCL" plName="exempt" seatDemandHighWatermark=2 seatDemandAvg=0.02567961695131307 seatDemandStdev=0.1627749330599444 seatDemandSmoothed=7.2363854463862465 fairFrac=2.3333333333333335 currentCL=2 concurrencyDenominator=2 backstop=false
2026-06-19T12:40:45.626329278Z I0619 12:40:45.626100      10 apf_controller.go:493] "Update CurrentCL" plName="exempt" seatDemandHighWatermark=1 seatDemandAvg=0.003244761037898778 seatDemandStdev=0.05687031355378403 seatDemandSmoothed=6.756807363404334 fairFrac=2.3333333333333335 currentCL=1 concurrencyDenominator=1 backstop=false
2026-06-19T12:41:05.627988162Z I0619 12:41:05.627649      10 apf_controller.go:493] "Update CurrentCL" plName="exempt" seatDemandHighWatermark=2 seatDemandAvg=0.009723991471416272 seatDemandStdev=0.09985566486795046 seatDemandSmoothed=6.453279243495813 fairFrac=2.3333333333333335 currentCL=2 concurrencyDenominator=2 backstop=false
2026-06-19T12:41:15.629101250Z I0619 12:41:15.628621      10 apf_controller.go:493] "Update CurrentCL" plName="exempt" seatDemandHighWatermark=1 seatDemandAvg=0.003221906291875191 seatDemandStdev=0.05667032390697592 seatDemandSmoothed=6.3062313421899825 fairFrac=2.3333333333333335 currentCL=1 concurrencyDenominator=1 backstop=false
2026-06-19T12:41:35.630279575Z I0619 12:41:35.630073      10 apf_controller.go:493] "Update CurrentCL" plName="exempt" seatDemandHighWatermark=2 seatDemandAvg=0.0027586496632405694 seatDemandStdev=0.05449703738517265 seatDemandSmoothed=6.022354371944761 fairFrac=2.3333333333333335 currentCL=2 concurrencyDenominator=2 backstop=false
2026-06-19T12:41:45.631309119Z I0619 12:41:45.631093      10 apf_controller.go:493] "Update CurrentCL" plName="exempt" seatDemandHighWatermark=1 seatDemandAvg=0.004525576041993294 seatDemandStdev=0.06712000598540967 seatDemandSmoothed=5.885488069776662 fairFrac=2.3333333333333335 currentCL=1 concurrencyDenominator=1 backstop=false
2026-06-19T12:41:55.631723683Z I0619 12:41:55.631345      10 apf_controller.go:493] "Update CurrentCL" plName="exempt" seatDemandHighWatermark=10 seatDemandAvg=0.007575993118697464 seatDemandStdev=0.21757477589479765 seatDemandSmoothed=5.755300311859109 fairFrac=2.3333333333333335 currentCL=10 concurrencyDenominator=10 backstop=false
2026-06-19T12:42:05.633142446Z I0619 12:42:05.632103      10 apf_controller.go:493] "Update CurrentCL" plName="exempt" seatDemandHighWatermark=2 seatDemandAvg=0.009778763182512421 seatDemandStdev=0.09967155812436487 seatDemandSmoothed=5.625445762076407 fairFrac=2.3333333333333335 currentCL=2 concurrencyDenominator=2 backstop=false
2026-06-19T12:42:11.379177521Z I0619 12:42:11.378383      10 trace.go:236] Trace[2005863806]: "Get" accept:application/json,audit-id:c5f7515a-af6f-458c-a48c-cb1d18de0fe0,client:172.20.237.164,api-group:,api-version:v1,name:etcd-manager-main-i-0010bc1572a60c430,subresource:log,namespace:kube-system,protocol:HTTP/1.1,resource:pods,scope:resource,url:/api/v1/namespaces/kube-system/pods/etcd-manager-main-i-0010bc1572a60c430/log,user-agent:OpenAPI-Generator/31.0.0/python,verb:CONNECT (19-Jun-2026 12:42:10.000) (total time: 1377ms):
2026-06-19T12:42:11.379201140Z Trace[2005863806]: ---"Writing http response done" 1366ms (12:42:11.378)
2026-06-19T12:42:11.379229782Z Trace[2005863806]: [1.377678391s] [1.377678391s] END
2026-06-19T12:42:11.392513435Z I0619 12:42:11.392190      10 trace.go:236] Trace[1140077959]: "Get" accept:application/json,audit-id:1c41c018-526e-49cb-911c-66501986ddee,client:172.20.237.164,api-group:,api-version:v1,name:etcd-manager-events-i-0010bc1572a60c430,subresource:log,namespace:kube-system,protocol:HTTP/1.1,resource:pods,scope:resource,url:/api/v1/namespaces/kube-system/pods/etcd-manager-events-i-0010bc1572a60c430/log,user-agent:OpenAPI-Generator/31.0.0/python,verb:CONNECT (19-Jun-2026 12:42:09.999) (total time: 1392ms):
2026-06-19T12:42:11.392540656Z Trace[1140077959]: ---"Writing http response done" 1383ms (12:42:11.392)
2026-06-19T12:42:11.392565626Z Trace[1140077959]: [1.392912664s] [1.392912664s] END
2026-06-19T12:42:15.633518233Z I0619 12:42:15.633256      10 apf_controller.go:493] "Update CurrentCL" plName="exempt" seatDemandHighWatermark=1 seatDemandAvg=0.005434001606318464 seatDemandStdev=0.07351512247735831 seatDemandSmoothed=5.497876339402574 fairFrac=2.3333333333333335 currentCL=1 concurrencyDenominator=1 backstop=false
2026-06-19T12:42:35.634734998Z I0619 12:42:35.634491      10 apf_controller.go:493] "Update CurrentCL" plName="exempt" seatDemandHighWatermark=2 seatDemandAvg=0.0026458474878314473 seatDemandStdev=0.05329094781759039 seatDemandSmoothed=5.250283808203389 fairFrac=2.3333333333333335 currentCL=2 concurrencyDenominator=2 backstop=false
2026-06-19T12:42:45.635298313Z I0619 12:42:45.635086      10 apf_controller.go:493] "Update CurrentCL" plName="exempt" seatDemandHighWatermark=1 seatDemandAvg=0.0024150482670967297 seatDemandStdev=0.04908376319073674 seatDemandSmoothed=5.130711753278241 fairFrac=2.3333333333333335 currentCL=1 concurrencyDenominator=1 backstop=false
2026-06-19T12:42:47.146502588Z I0619 12:42:47.146194      10 trace.go:236] Trace[1797234437]: "List" accept:application/vnd.kubernetes.protobuf,application/json,audit-id:6fef8f62-04cd-4244-b32e-9d1a9341f1ce,client:202.47.35.113,api-group:,api-version:v1,name:,subresource:,namespace:kubentic-foresight,protocol:HTTP/2.0,resource:secrets,scope:namespace,url:/api/v1/namespaces/kubentic-foresight/secrets,user-agent:Helm/4.0.4,verb:LIST (19-Jun-2026 12:42:46.507) (total time: 638ms):
2026-06-19T12:42:47.146520299Z Trace[1797234437]: [638.497988ms] [638.497988ms] END
2026-06-19T12:42:49.945987774Z I0619 12:42:49.944852      10 trace.go:236] Trace[1481157345]: "Update" accept:application/vnd.kubernetes.protobuf,application/json,audit-id:bacbfc06-748c-4c7e-8529-569ce8962ca3,client:202.47.35.113,api-group:,api-version:v1,name:sh.helm.release.v1.kubentic.v2,subresource:,namespace:kubentic-foresight,protocol:HTTP/2.0,resource:secrets,scope:resource,url:/api/v1/namespaces/kubentic-foresight/secrets/sh.helm.release.v1.kubentic.v2,user-agent:Helm/4.0.4,verb:PUT (19-Jun-2026 12:42:49.071) (total time: 873ms):
2026-06-19T12:42:49.946008798Z Trace[1481157345]: ---"limitedReadBody succeeded" len:159497 856ms (12:42:49.927)
2026-06-19T12:42:49.946016698Z Trace[1481157345]: [873.578943ms] [873.578943ms] END
2026-06-19T12:42:55.635667864Z I0619 12:42:55.635422      10 apf_controller.go:493] "Update CurrentCL" plName="exempt" seatDemandHighWatermark=5 seatDemandAvg=0.38703649581432004 seatDemandStdev=1.0035667436155413 seatDemandSmoothed=5.044689257459728 fairFrac=2.3333333333333335 currentCL=5 concurrencyDenominator=5 backstop=false
2026-06-19T12:43:05.637154153Z I0619 12:43:05.636602      10 apf_controller.go:493] "Update CurrentCL" plName="exempt" seatDemandHighWatermark=2 seatDemandAvg=0.07307253125343893 seatDemandStdev=0.2603286298576916 seatDemandSmoothed=4.93632963124371 fairFrac=2.3333333333333335 currentCL=2 concurrencyDenominator=2 backstop=false
2026-06-19T12:43:07.611856756Z I0619 12:43:07.611609      10 trace.go:236] Trace[810144747]: "Update" accept:application/vnd.kubernetes.protobuf,application/json,audit-id:9c2a71c8-d25b-4fd8-8999-a7551f263b5d,client:202.47.35.113,api-group:,api-version:v1,name:sh.helm.release.v1.kubentic.v2,subresource:,namespace:kubentic-foresight,protocol:HTTP/2.0,resource:secrets,scope:resource,url:/api/v1/namespaces/kubentic-foresight/secrets/sh.helm.release.v1.kubentic.v2,user-agent:Helm/4.0.4,verb:PUT (19-Jun-2026 12:43:06.683) (total time: 927ms):
2026-06-19T12:43:07.611874830Z Trace[810144747]: ---"limitedReadBody succeeded" len:159621 912ms (12:43:07.596)
2026-06-19T12:43:07.611880158Z Trace[810144747]: [927.810043ms] [927.810043ms] END
2026-06-19T12:43:09.625220286Z I0619 12:43:09.623356      10 cacher.go:855] cacher (ipaddresses.networking.k8s.io): 1 objects queued in incoming channel.
2026-06-19T12:43:09.625239723Z I0619 12:43:09.623386      10 cacher.go:855] cacher (ipaddresses.networking.k8s.io): 2 objects queued in incoming channel.
2026-06-19T12:43:09.625243381Z I0619 12:43:09.623418      10 cacher.go:855] cacher (ipaddresses.networking.k8s.io): 3 objects queued in incoming channel.
2026-06-19T12:43:09.625246840Z I0619 12:43:09.623425      10 cacher.go:855] cacher (ipaddresses.networking.k8s.io): 4 objects queued in incoming channel.
2026-06-19T12:43:12.228833402Z I0619 12:43:12.223487      10 cacher.go:855] cacher (configmaps): 13 objects queued in incoming channel.
2026-06-19T12:43:12.228953815Z I0619 12:43:12.223539      10 cacher.go:855] cacher (configmaps): 14 objects queued in incoming channel.
2026-06-19T12:43:12.228959099Z I0619 12:43:12.223579      10 cacher.go:855] cacher (configmaps): 15 objects queued in incoming channel.
2026-06-19T12:43:12.228964238Z I0619 12:43:12.223585      10 cacher.go:855] cacher (configmaps): 16 objects queued in incoming channel.
2026-06-19T12:43:12.228967921Z I0619 12:43:12.223594      10 cacher.go:855] cacher (configmaps): 17 objects queued in incoming channel.
2026-06-19T12:43:12.228970989Z I0619 12:43:12.223598      10 cacher.go:855] cacher (configmaps): 18 objects queued in incoming channel.
2026-06-19T12:43:12.228975777Z I0619 12:43:12.223607      10 cacher.go:855] cacher (configmaps): 19 objects queued in incoming channel.
2026-06-19T12:43:12.228979079Z I0619 12:43:12.223611      10 cacher.go:855] cacher (configmaps): 20 objects queued in incoming channel.
2026-06-19T12:43:13.297255772Z I0619 12:43:13.296523      10 cacher.go:855] cacher (serviceaccounts): 3 objects queued in incoming channel.
2026-06-19T12:43:13.297284772Z I0619 12:43:13.296663      10 cacher.go:855] cacher (serviceaccounts): 4 objects queued in incoming channel.
2026-06-19T12:43:15.637457617Z I0619 12:43:15.637183      10 apf_controller.go:493] "Update CurrentCL" plName="exempt" seatDemandHighWatermark=15 seatDemandAvg=0.22600461242511993 seatDemandStdev=0.9722746393564925 seatDemandSmoothed=4.850354472516082 fairFrac=2.3333333333333335 currentCL=15 concurrencyDenominator=15 backstop=false
2026-06-19T12:43:25.638118634Z I0619 12:43:25.637885      10 apf_controller.go:493] "Update CurrentCL" plName="exempt" seatDemandHighWatermark=1 seatDemandAvg=0.004126829018696957 seatDemandStdev=0.06410770859223872 seatDemandSmoothed=4.740365714013263 fairFrac=2.3333333333333335 currentCL=1 concurrencyDenominator=1 backstop=false
2026-06-19T12:43:35.639242052Z I0619 12:43:35.639032      10 apf_controller.go:493] "Update CurrentCL" plName="exempt" seatDemandHighWatermark=4 seatDemandAvg=0.003943718436535347 seatDemandStdev=0.07986061839780093 seatDemandSmoothed=4.6332648023381475 fairFrac=2.3333333333333335 currentCL=4 concurrencyDenominator=4 backstop=false
2026-06-19T12:43:45.640158792Z I0619 12:43:45.639880      10 apf_controller.go:493] "Update CurrentCL" plName="exempt" seatDemandHighWatermark=1 seatDemandAvg=0.0023825597895910755 seatDemandStdev=0.04875328910381431 seatDemandSmoothed=4.527875836408918 fairFrac=2.3333333333333335 currentCL=1 concurrencyDenominator=1 backstop=false
2026-06-19T12:43:55.641082857Z I0619 12:43:55.640537      10 apf_controller.go:493] "Update CurrentCL" plName="exempt" seatDemandHighWatermark=4 seatDemandAvg=0.005212908019340429 seatDemandStdev=0.08778444827052222 seatDemandSmoothed=4.425873631366179 fairFrac=2.3333333333333335 currentCL=4 concurrencyDenominator=4 backstop=false
2026-06-19T12:43:55.958866064Z I0619 12:43:55.958684      10 trace.go:236] Trace[1466948564]: "Delete" accept:application/vnd.kubernetes.protobuf,application/json,audit-id:d05f9a51-bdf8-41a7-a192-217aca339bec,client:127.0.0.1,api-group:events.k8s.io,api-version:v1,name:,subresource:,namespace:kubentic-foresight,protocol:HTTP/2.0,resource:events,scope:namespace,url:/apis/events.k8s.io/v1/namespaces/kubentic-foresight/events,user-agent:kube-controller-manager/v1.35.1 (linux/amd64) kubernetes/8fea90b/system:serviceaccount:kube-system:namespace-controller,verb:DELETE (19-Jun-2026 12:43:55.199) (total time: 758ms):
2026-06-19T12:43:55.958883929Z Trace[1466948564]: ---"About to write a response" 749ms (12:43:55.953)
2026-06-19T12:43:55.958888302Z Trace[1466948564]: [758.971274ms] [758.971274ms] END
2026-06-19T12:44:03.117616403Z I0619 12:44:03.109927      10 cidrallocator.go:242] syncing ServiceCIDR allocators
2026-06-19T12:44:03.117679210Z I0619 12:44:03.109974      10 cidrallocator.go:278] updated ClusterIP allocator for Service CIDR 100.64.0.0/13
2026-06-19T12:44:03.117683178Z I0619 12:44:03.109981      10 cidrallocator.go:244] syncing ServiceCIDR allocators took: 64.951µs
2026-06-19T12:44:03.325404809Z I0619 12:44:03.325211      10 controller.go:231] Updating CRD OpenAPI spec because vmdistributed.operator.victoriametrics.com changed
2026-06-19T12:44:03.325421451Z I0619 12:44:03.325260      10 controller.go:231] Updating CRD OpenAPI spec because ciliumpodippools.cilium.io changed
2026-06-19T12:44:03.326907030Z I0619 12:44:03.326399      10 controller.go:231] Updating CRD OpenAPI spec because ciliumloadbalancerippools.cilium.io changed
2026-06-19T12:44:03.327936127Z I0619 12:44:03.327701      10 controller.go:231] Updating CRD OpenAPI spec because kubenticagents.kubentic.io changed
2026-06-19T12:44:03.328418123Z I0619 12:44:03.328310      10 controller.go:231] Updating CRD OpenAPI spec because ciliumidentities.cilium.io changed
2026-06-19T12:44:03.328866039Z I0619 12:44:03.328742      10 controller.go:231] Updating CRD OpenAPI spec because vmagents.operator.victoriametrics.com changed
2026-06-19T12:44:03.335795536Z I0619 12:44:03.335572      10 controller.go:231] Updating CRD OpenAPI spec because vmclusters.operator.victoriametrics.com changed
2026-06-19T12:44:03.413728232Z I0619 12:44:03.411601      10 controller.go:231] Updating CRD OpenAPI spec because vmscrapeconfigs.operator.victoriametrics.com changed
2026-06-19T12:44:03.413742836Z I0619 12:44:03.411890      10 controller.go:231] Updating CRD OpenAPI spec because ciliumnodes.cilium.io changed
2026-06-19T12:44:03.413746108Z I0619 12:44:03.411910      10 controller.go:231] Updating CRD OpenAPI spec because ciliumendpoints.cilium.io changed
2026-06-19T12:44:03.413749235Z I0619 12:44:03.411922      10 controller.go:231] Updating CRD OpenAPI spec because ciliumnodeconfigs.cilium.io changed
2026-06-19T12:44:03.413751502Z I0619 12:44:03.411934      10 controller.go:231] Updating CRD OpenAPI spec because vmpodscrapes.operator.victoriametrics.com changed
2026-06-19T12:44:03.413754007Z I0619 12:44:03.411956      10 controller.go:231] Updating CRD OpenAPI spec because ciliumnetworkpolicies.cilium.io changed
2026-06-19T12:44:03.413756657Z I0619 12:44:03.411966      10 controller.go:231] Updating CRD OpenAPI spec because ciliuml2announcementpolicies.cilium.io changed
2026-06-19T12:44:03.413758897Z I0619 12:44:03.411977      10 controller.go:231] Updating CRD OpenAPI spec because vmanomalyconfigs.operator.victoriametrics.com changed
2026-06-19T12:44:03.456230998Z I0619 12:44:03.456029      10 controller.go:231] Updating CRD OpenAPI spec because vmanomalies.operator.victoriametrics.com changed
2026-06-19T12:44:03.456403939Z I0619 12:44:03.456291      10 controller.go:231] Updating CRD OpenAPI spec because vmservicescrapes.operator.victoriametrics.com changed
2026-06-19T12:44:03.490424219Z I0619 12:44:03.490207      10 controller.go:231] Updating CRD OpenAPI spec because vlsingles.operator.victoriametrics.com changed
2026-06-19T12:44:03.490463135Z I0619 12:44:03.490247      10 controller.go:231] Updating CRD OpenAPI spec because vlclusters.operator.victoriametrics.com changed
2026-06-19T12:44:03.491726450Z I0619 12:44:03.491500      10 controller.go:231] Updating CRD OpenAPI spec because vmrules.operator.victoriametrics.com changed
2026-06-19T12:44:03.492520976Z I0619 12:44:03.492352      10 controller.go:231] Updating CRD OpenAPI spec because vmalerts.operator.victoriametrics.com changed
2026-06-19T12:44:03.492676656Z I0619 12:44:03.492426      10 controller.go:231] Updating CRD OpenAPI spec because ciliumclusterwidenetworkpolicies.cilium.io changed
2026-06-19T12:44:03.493017586Z I0619 12:44:03.492875      10 controller.go:231] Updating CRD OpenAPI spec because ciliumcidrgroups.cilium.io changed
2026-06-19T12:44:03.493131878Z I0619 12:44:03.493010      10 controller.go:231] Updating CRD OpenAPI spec because vmusers.operator.victoriametrics.com changed
2026-06-19T12:44:03.494272505Z I0619 12:44:03.494108      10 controller.go:231] Updating CRD OpenAPI spec because vmprobes.operator.victoriametrics.com changed
2026-06-19T12:44:03.495686988Z I0619 12:44:03.494785      10 controller.go:231] Updating CRD OpenAPI spec because vlogs.operator.victoriametrics.com changed
2026-06-19T12:44:03.532904279Z I0619 12:44:03.532661      10 controller.go:231] Updating CRD OpenAPI spec because vmstaticscrapes.operator.victoriametrics.com changed
2026-06-19T12:44:03.533593166Z I0619 12:44:03.533420      10 controller.go:231] Updating CRD OpenAPI spec because vlagents.operator.victoriametrics.com changed
2026-06-19T12:44:03.533738950Z I0619 12:44:03.533477      10 controller.go:231] Updating CRD OpenAPI spec because vmalertmanagerconfigs.operator.victoriametrics.com changed
2026-06-19T12:44:03.534641110Z I0619 12:44:03.534415      10 controller.go:231] Updating CRD OpenAPI spec because vmalertmanagers.operator.victoriametrics.com changed
2026-06-19T12:44:03.535677772Z I0619 12:44:03.535501      10 controller.go:231] Updating CRD OpenAPI spec because vmauths.operator.victoriametrics.com changed
2026-06-19T12:44:03.536101787Z I0619 12:44:03.535950      10 controller.go:231] Updating CRD OpenAPI spec because vtsingles.operator.victoriametrics.com changed
2026-06-19T12:44:03.537560727Z I0619 12:44:03.537389      10 controller.go:231] Updating CRD OpenAPI spec because vmsingles.operator.victoriametrics.com changed
2026-06-19T12:44:03.538470603Z I0619 12:44:03.538293      10 controller.go:231] Updating CRD OpenAPI spec because vtclusters.operator.victoriametrics.com changed
2026-06-19T12:44:03.538499781Z I0619 12:44:03.538329      10 controller.go:231] Updating CRD OpenAPI spec because vmnodescrapes.operator.victoriametrics.com changed
2026-06-19T12:44:05.641224247Z I0619 12:44:05.640809      10 apf_controller.go:493] "Update CurrentCL" plName="exempt" seatDemandHighWatermark=2 seatDemandAvg=0.0033264539872010323 seatDemandStdev=0.06158950276962786 seatDemandSmoothed=4.325571604850165 fairFrac=2.3333333333333335 currentCL=2 concurrencyDenominator=2 backstop=false
2026-06-19T12:44:15.641705937Z I0619 12:44:15.641425      10 apf_controller.go:493] "Update CurrentCL" plName="exempt" seatDemandHighWatermark=1 seatDemandAvg=0.002428142774969918 seatDemandStdev=0.04921632755127387 seatDemandSmoothed=4.227271280756114 fairFrac=2.3333333333333335 currentCL=1 concurrencyDenominator=1 backstop=false
2026-06-19T12:44:34.122726028Z I0619 12:44:34.122469      10 trace.go:236] Trace[510814748]: "Patch" accept:application/json,audit-id:e12c7072-a9ac-4785-8c34-b46d5a1fe1bb,client:202.47.35.113,api-group:apiextensions.k8s.io,api-version:v1,name:vmagents.operator.victoriametrics.com,subresource:,namespace:,protocol:HTTP/2.0,resource:customresourcedefinitions,scope:resource,url:/apis/apiextensions.k8s.io/v1/customresourcedefinitions/vmagents.operator.victoriametrics.com,user-agent:Helm/4.0.4,verb:APPLY (19-Jun-2026 12:44:33.404) (total time: 717ms):
2026-06-19T12:44:34.122745551Z Trace[510814748]: ---"limitedReadBody succeeded" len:53872 238ms (12:44:33.642)
2026-06-19T12:44:34.122769227Z Trace[510814748]: ---"About to check admission control" 300ms (12:44:33.954)
2026-06-19T12:44:34.122772870Z Trace[510814748]: ---"Object stored in database" 161ms (12:44:34.116)
2026-06-19T12:44:34.122776188Z Trace[510814748]: [717.620553ms] [717.620553ms] END
2026-06-19T12:44:34.229680272Z I0619 12:44:34.229314      10 trace.go:236] Trace[2090429730]: "Patch" accept:application/json,audit-id:5c47ff1d-8c0a-4467-9841-8c01d71a355c,client:202.47.35.113,api-group:apiextensions.k8s.io,api-version:v1,name:vmscrapeconfigs.operator.victoriametrics.com,subresource:,namespace:,protocol:HTTP/2.0,resource:customresourcedefinitions,scope:resource,url:/apis/apiextensions.k8s.io/v1/customresourcedefinitions/vmscrapeconfigs.operator.victoriametrics.com,user-agent:Helm/4.0.4,verb:APPLY (19-Jun-2026 12:44:33.702) (total time: 526ms):
2026-06-19T12:44:34.229706857Z Trace[2090429730]: ---"limitedReadBody succeeded" len:79214 218ms (12:44:33.921)
2026-06-19T12:44:34.229710514Z Trace[2090429730]: ---"About to check admission control" 219ms (12:44:34.158)
2026-06-19T12:44:34.229712744Z Trace[2090429730]: ---"Object stored in database" 64ms (12:44:34.223)
2026-06-19T12:44:34.229715528Z Trace[2090429730]: [526.986598ms] [526.986598ms] END
2026-06-19T12:44:35.060706875Z I0619 12:44:35.059859      10 trace.go:236] Trace[739469125]: "Patch" accept:application/json,audit-id:d10b5534-c628-446b-a654-8595d7c4f098,client:202.47.35.113,api-group:apiextensions.k8s.io,api-version:v1,name:vmdistributed.operator.victoriametrics.com,subresource:,namespace:,protocol:HTTP/2.0,resource:customresourcedefinitions,scope:resource,url:/apis/apiextensions.k8s.io/v1/customresourcedefinitions/vmdistributed.operator.victoriametrics.com,user-agent:Helm/4.0.4,verb:APPLY (19-Jun-2026 12:44:33.941) (total time: 1118ms):
2026-06-19T12:44:35.060736989Z Trace[739469125]: ---"limitedReadBody succeeded" len:234330 299ms (12:44:34.240)
2026-06-19T12:44:35.060740860Z Trace[739469125]: ["GuaranteedUpdate etcd3" audit-id:d10b5534-c628-446b-a654-8595d7c4f098,key:/apiextensions.k8s.io/customresourcedefinitions/vmdistributed.operator.victoriametrics.com,type:*apiextensions.CustomResourceDefinition,group:apiextensions.k8s.io,resource:customresourcedefinitions 815ms (12:44:34.244)
2026-06-19T12:44:35.060743728Z Trace[739469125]:  ---"About to Encode" 606ms (12:44:34.865)]
2026-06-19T12:44:35.060746576Z Trace[739469125]: ---"About to check admission control" 217ms (12:44:34.476)
2026-06-19T12:44:35.060749069Z Trace[739469125]: ---"Object stored in database" 559ms (12:44:35.036)
2026-06-19T12:44:35.060751326Z Trace[739469125]: [1.118722233s] [1.118722233s] END
2026-06-19T12:44:35.642645128Z I0619 12:44:35.642297      10 apf_controller.go:493] "Update CurrentCL" plName="exempt" seatDemandHighWatermark=6 seatDemandAvg=0.6511277705717775 seatDemandStdev=1.3626215018163907 seatDemandSmoothed=4.082557194609381 fairFrac=2.3333333333333335 currentCL=6 concurrencyDenominator=6 backstop=false
2026-06-19T12:44:45.643433519Z I0619 12:44:45.643169      10 apf_controller.go:493] "Update CurrentCL" plName="exempt" seatDemandHighWatermark=1 seatDemandAvg=0.005986501902417568 seatDemandStdev=0.07714054509393824 seatDemandSmoothed=3.990570301214281 fairFrac=2.3333333333333335 currentCL=1 concurrencyDenominator=1 backstop=false
2026-06-19T12:45:01.021827803Z I0619 12:45:01.021491      10 trace.go:236] Trace[374039067]: "Create" accept:application/vnd.kubernetes.protobuf,application/json,audit-id:84b98a17-4372-4f07-b84c-7c0b748d0dea,client:202.47.35.113,api-group:,api-version:v1,name:,subresource:,namespace:kubentic-foresight,protocol:HTTP/2.0,resource:secrets,scope:resource,url:/api/v1/namespaces/kubentic-foresight/secrets,user-agent:Helm/4.0.4,verb:POST (19-Jun-2026 12:45:00.421) (total time: 600ms):
2026-06-19T12:45:01.021848087Z Trace[374039067]: ---"limitedReadBody succeeded" len:161431 599ms (12:45:01.020)
2026-06-19T12:45:01.021850775Z Trace[374039067]: [600.125297ms] [600.125297ms] END
2026-06-19T12:45:05.645613704Z I0619 12:45:05.645239      10 apf_controller.go:493] "Update CurrentCL" plName="exempt" seatDemandHighWatermark=2 seatDemandAvg=0.0890794883999403 seatDemandStdev=0.2860375665497241 seatDemandSmoothed=3.820156740019866 fairFrac=2.3333333333333335 currentCL=2 concurrencyDenominator=2 backstop=false
2026-06-19T12:45:15.646896212Z I0619 12:45:15.646366      10 apf_controller.go:493] "Update CurrentCL" plName="exempt" seatDemandHighWatermark=1 seatDemandAvg=0.002543919633754662 seatDemandStdev=0.050373089111664174 seatDemandSmoothed=3.7335102262005537 fairFrac=2.3333333333333335 currentCL=1 concurrencyDenominator=1 backstop=false
2026-06-19T12:45:35.647882821Z I0619 12:45:35.647652      10 apf_controller.go:493] "Update CurrentCL" plName="exempt" seatDemandHighWatermark=2 seatDemandAvg=0.002566993632083825 seatDemandStdev=0.051131521870555266 seatDemandSmoothed=3.5661097120018406 fairFrac=2.3333333333333335 currentCL=2 concurrencyDenominator=2 backstop=false
2026-06-19T12:45:45.649159331Z I0619 12:45:45.648746      10 apf_controller.go:493] "Update CurrentCL" plName="exempt" seatDemandHighWatermark=1 seatDemandAvg=0.004113248068186355 seatDemandStdev=0.0640025722804632 seatDemandSmoothed=3.485655852493817 fairFrac=2.3333333333333335 currentCL=1 concurrencyDenominator=1 backstop=false
2026-06-19T12:45:55.649811616Z I0619 12:45:55.649531      10 apf_controller.go:493] "Update CurrentCL" plName="exempt" seatDemandHighWatermark=3 seatDemandAvg=0.04027622776523631 seatDemandStdev=0.20025798850466744 seatDemandSmoothed=3.4110180548606666 fairFrac=2.3333333333333335 currentCL=3 concurrencyDenominator=3 backstop=false
2026-06-19T12:46:05.650059656Z I0619 12:46:05.649819      10 apf_controller.go:493] "Update CurrentCL" plName="exempt" seatDemandHighWatermark=1 seatDemandAvg=0.007806404203971818 seatDemandStdev=0.08800831925094371 seatDemandSmoothed=3.3347683782383344 fairFrac=2.3333333333333335 currentCL=1 concurrencyDenominator=1 backstop=false
2026-06-19T12:46:15.650710035Z I0619 12:46:15.650473      10 apf_controller.go:493] "Update CurrentCL" plName="exempt" seatDemandHighWatermark=5 seatDemandAvg=0.1974958324271787 seatDemandStdev=0.5808890512186055 seatDemandSmoothed=3.2759715578627056 fairFrac=2.3333333333333335 currentCL=5 concurrencyDenominator=5 backstop=false
2026-06-19T12:46:16.533974213Z I0619 12:46:16.533788      10 trace.go:236] Trace[1063287378]: "Patch" accept:application/json,audit-id:e03864be-fe86-4873-817b-ba58f78f1503,client:202.47.35.113,api-group:apiextensions.k8s.io,api-version:v1,name:vmalertmanagerconfigs.operator.victoriametrics.com,subresource:,namespace:,protocol:HTTP/2.0,resource:customresourcedefinitions,scope:resource,url:/apis/apiextensions.k8s.io/v1/customresourcedefinitions/vmalertmanagerconfigs.operator.victoriametrics.com,user-agent:Helm/4.0.4,verb:APPLY (19-Jun-2026 12:46:15.720) (total time: 813ms):
2026-06-19T12:46:16.534001940Z Trace[1063287378]: ---"limitedReadBody succeeded" len:40703 565ms (12:46:16.285)
2026-06-19T12:46:16.534005656Z Trace[1063287378]: ---"About to check admission control" 147ms (12:46:16.443)
2026-06-19T12:46:16.534009060Z Trace[1063287378]: ---"Object stored in database" 86ms (12:46:16.530)
2026-06-19T12:46:16.534012685Z Trace[1063287378]: [813.652357ms] [813.652357ms] END
2026-06-19T12:46:19.031468344Z I0619 12:46:19.031279      10 trace.go:236] Trace[548667760]: "Patch" accept:application/json,audit-id:7b1634ee-8bfa-476a-b8a5-d1a921811f92,client:202.47.35.113,api-group:apiextensions.k8s.io,api-version:v1,name:vmdistributed.operator.victoriametrics.com,subresource:,namespace:,protocol:HTTP/2.0,resource:customresourcedefinitions,scope:resource,url:/apis/apiextensions.k8s.io/v1/customresourcedefinitions/vmdistributed.operator.victoriametrics.com,user-agent:Helm/4.0.4,verb:APPLY (19-Jun-2026 12:46:17.443) (total time: 1587ms):
2026-06-19T12:46:19.031494645Z Trace[548667760]: ---"limitedReadBody succeeded" len:234330 828ms (12:46:18.271)
2026-06-19T12:46:19.031499373Z Trace[548667760]: ["GuaranteedUpdate etcd3" audit-id:7b1634ee-8bfa-476a-b8a5-d1a921811f92,key:/apiextensions.k8s.io/customresourcedefinitions/vmdistributed.operator.victoriametrics.com,type:*apiextensions.CustomResourceDefinition,group:apiextensions.k8s.io,resource:customresourcedefinitions 734ms (12:46:18.296)
2026-06-19T12:46:19.031502388Z Trace[548667760]:  ---"About to Encode" 595ms (12:46:18.962)]
2026-06-19T12:46:19.031525151Z Trace[548667760]: ---"About to check admission control" 443ms (12:46:18.811)
2026-06-19T12:46:19.031531694Z Trace[548667760]: ---"Object stored in database" 203ms (12:46:19.014)
2026-06-19T12:46:19.031534455Z Trace[548667760]: [1.587968903s] [1.587968903s] END
2026-06-19T12:46:25.651901532Z I0619 12:46:25.651628      10 apf_controller.go:493] "Update CurrentCL" plName="exempt" seatDemandHighWatermark=3 seatDemandAvg=0.4873241758819452 seatDemandStdev=0.7722180053845908 seatDemandSmoothed=3.2295936822009934 fairFrac=2.3333333333333335 currentCL=3 concurrencyDenominator=3 backstop=false
2026-06-19T12:46:35.652317087Z I0619 12:46:35.652087      10 apf_controller.go:493] "Update CurrentCL" plName="exempt" seatDemandHighWatermark=2 seatDemandAvg=0.007882046865411935 seatDemandStdev=0.08944661271848033 seatDemandSmoothed=3.1575515866808 fairFrac=2.3333333333333335 currentCL=2 concurrencyDenominator=2 backstop=false
2026-06-19T12:46:45.630414894Z I0619 12:46:45.630166      10 trace.go:236] Trace[513150277]: "Create" accept:application/vnd.kubernetes.protobuf,application/json,audit-id:c96d5bd1-4c50-4891-ae3d-f8fe939c7d12,client:202.47.35.113,api-group:,api-version:v1,name:,subresource:,namespace:kubentic-foresight,protocol:HTTP/2.0,resource:secrets,scope:resource,url:/api/v1/namespaces/kubentic-foresight/secrets,user-agent:Helm/4.0.4,verb:POST (19-Jun-2026 12:46:44.694) (total time: 935ms):
2026-06-19T12:46:45.630437360Z Trace[513150277]: ---"limitedReadBody succeeded" len:161387 920ms (12:46:45.615)
2026-06-19T12:46:45.630442199Z Trace[513150277]: [935.621412ms] [935.621412ms] END
2026-06-19T12:47:02.337091015Z I0619 12:47:02.336851      10 trace.go:236] Trace[1760380185]: "Patch" accept:application/json,audit-id:59eeb379-c899-4c75-8061-ca82f1e03f4b,client:202.47.35.113,api-group:,api-version:v1,name:vmstack-kubernetes-views-namespaces,subresource:,namespace:kubentic-foresight,protocol:HTTP/2.0,resource:configmaps,scope:resource,url:/api/v1/namespaces/kubentic-foresight/configmaps/vmstack-kubernetes-views-namespaces,user-agent:Helm/4.0.4,verb:APPLY (19-Jun-2026 12:47:01.777) (total time: 559ms):
2026-06-19T12:47:02.337115483Z Trace[1760380185]: ---"limitedReadBody succeeded" len:52726 305ms (12:47:02.082)
2026-06-19T12:47:02.337119026Z Trace[1760380185]: ---"About to check admission control" 67ms (12:47:02.153)
2026-06-19T12:47:02.337121967Z Trace[1760380185]: ---"Object stored in database" 104ms (12:47:02.258)
2026-06-19T12:47:02.337155766Z Trace[1760380185]: [559.57096ms] [559.57096ms] END
2026-06-19T12:47:04.021074323Z I0619 12:47:04.020789      10 trace.go:236] Trace[443518618]: "Patch" accept:application/json,audit-id:6dedd6a4-356e-4497-bb8f-78cfbc538816,client:202.47.35.113,api-group:,api-version:v1,name:vmstack-node-exporter-full,subresource:,namespace:kubentic-foresight,protocol:HTTP/2.0,resource:configmaps,scope:resource,url:/api/v1/namespaces/kubentic-foresight/configmaps/vmstack-node-exporter-full,user-agent:Helm/4.0.4,verb:APPLY (19-Jun-2026 12:47:02.971) (total time: 1048ms):
2026-06-19T12:47:04.021097145Z Trace[443518618]: ---"limitedReadBody succeeded" len:276655 917ms (12:47:03.889)
2026-06-19T12:47:04.021101181Z Trace[443518618]: ---"About to check admission control" 53ms (12:47:03.948)
2026-06-19T12:47:04.021104551Z Trace[443518618]: ---"Object stored in database" 33ms (12:47:03.982)
2026-06-19T12:47:04.021108530Z Trace[443518618]: [1.048944612s] [1.048944612s] END
2026-06-19T12:47:05.586413257Z I0619 12:47:05.586179      10 alloc.go:329] "allocated clusterIPs" service="kubentic-foresight/kubentic-prometheus-node-exporter" clusterIPs={"IPv4":"100.66.218.14"}
2026-06-19T12:47:05.599379940Z I0619 12:47:05.599035      10 alloc.go:329] "allocated clusterIPs" service="kubentic-foresight/kubentic-victoria-metrics-operator" clusterIPs={"IPv4":"100.66.139.61"}
2026-06-19T12:47:05.621396881Z I0619 12:47:05.621185      10 alloc.go:329] "allocated clusterIPs" service="kubentic-foresight/kubentic-grafana" clusterIPs={"IPv4":"100.69.239.177"}
2026-06-19T12:47:05.622910698Z I0619 12:47:05.622679      10 alloc.go:329] "allocated clusterIPs" service="kubentic-foresight/kubentic-kube-state-metrics" clusterIPs={"IPv4":"100.64.68.207"}
2026-06-19T12:47:05.634771080Z I0619 12:47:05.633990      10 alloc.go:329] "allocated clusterIPs" service="kubentic-foresight/vlogs-server" clusterIPs={"IPv4":"100.66.187.14"}
2026-06-19T12:47:05.655494021Z I0619 12:47:05.654715      10 apf_controller.go:493] "Update CurrentCL" plName="exempt" seatDemandHighWatermark=13 seatDemandAvg=0.6996621352168312 seatDemandStdev=1.6331227117022504 seatDemandSmoothed=3.014968966861753 fairFrac=2.3333333333333335 currentCL=13 concurrencyDenominator=13 backstop=false
2026-06-19T12:47:05.994745746Z I0619 12:47:05.983625      10 node_authorizer.go:232] "NODE DENY" err="node 'i-0010bc1572a60c430' cannot get unknown pod kubentic-foresight/kubentic-vector-lbz7l"
2026-06-19T12:47:06.036356538Z I0619 12:47:06.035685      10 node_authorizer.go:232] "NODE DENY" err="node 'i-0d94ada325e8491c5' cannot get unknown pod kubentic-foresight/kubentic-vector-pcs5f"
2026-06-19T12:47:06.038037373Z I0619 12:47:06.037857      10 node_authorizer.go:232] "NODE DENY" err="node 'i-0d94ada325e8491c5' cannot get configmap kubentic-foresight/kube-root-ca.crt, no relationship to this object was found in the node authorizer graph"
2026-06-19T12:47:06.038417735Z I0619 12:47:06.038296      10 node_authorizer.go:232] "NODE DENY" err="node 'i-0d94ada325e8491c5' cannot get configmap kubentic-foresight/kubentic-vector-config, no relationship to this object was found in the node authorizer graph"
2026-06-19T12:47:06.571772225Z I0619 12:47:06.568649      10 cacher.go:855] cacher (ciliumidentities.cilium.io): 1 objects queued in incoming channel.
2026-06-19T12:47:06.571794584Z I0619 12:47:06.568676      10 cacher.go:855] cacher (ciliumidentities.cilium.io): 2 objects queued in incoming channel.
2026-06-19T12:47:06.720197452Z I0619 12:47:06.719956      10 node_authorizer.go:232] "NODE DENY" err="node 'i-0d94ada325e8491c5' cannot get unknown secret kubentic-foresight/kubentic-grafana"
2026-06-19T12:47:06.722422142Z I0619 12:47:06.722215      10 node_authorizer.go:232] "NODE DENY" err="node 'i-0d94ada325e8491c5' cannot get unknown configmap kubentic-foresight/kubentic-grafana-config-dashboards"
2026-06-19T12:47:06.726443566Z I0619 12:47:06.726222      10 node_authorizer.go:232] "NODE DENY" err="node 'i-0ecec600693268f66' cannot get unknown pod kubentic-foresight/kubentic-kube-state-metrics-84b958ff7-p2tr8"
2026-06-19T12:47:07.704477360Z W0619 12:47:07.703113      10 dispatcher.go:205] Failed calling webhook, failing open vmagents.operator.victoriametrics.com: failed calling webhook "vmagents.operator.victoriametrics.com": failed to call webhook: Post "https://kubentic-victoria-metrics-operator.kubentic-foresight.svc:9443/validate-operator-victoriametrics-com-v1beta1-vmagent?timeout=10s": dial tcp 100.66.139.61:9443: connect: operation not permitted
2026-06-19T12:47:07.704499893Z E0619 12:47:07.703165      10 dispatcher.go:213] "Unhandled Error" err="failed calling webhook \"vmagents.operator.victoriametrics.com\": failed to call webhook: Post \"https://kubentic-victoria-metrics-operator.kubentic-foresight.svc:9443/validate-operator-victoriametrics-com-v1beta1-vmagent?timeout=10s\": dial tcp 100.66.139.61:9443: connect: operation not permitted" logger="UnhandledError"
2026-06-19T12:47:08.034411583Z W0619 12:47:08.033977      10 dispatcher.go:205] Failed calling webhook, failing open vmnodescrapes.operator.victoriametrics.com: failed calling webhook "vmnodescrapes.operator.victoriametrics.com": failed to call webhook: Post "https://kubentic-victoria-metrics-operator.kubentic-foresight.svc:9443/validate-operator-victoriametrics-com-v1beta1-vmnodescrape?timeout=10s": dial tcp 100.66.139.61:9443: connect: operation not permitted
2026-06-19T12:47:08.034448034Z E0619 12:47:08.034026      10 dispatcher.go:213] "Unhandled Error" err="failed calling webhook \"vmnodescrapes.operator.victoriametrics.com\": failed to call webhook: Post \"https://kubentic-victoria-metrics-operator.kubentic-foresight.svc:9443/validate-operator-victoriametrics-com-v1beta1-vmnodescrape?timeout=10s\": dial tcp 100.66.139.61:9443: connect: operation not permitted" logger="UnhandledError"
2026-06-19T12:47:08.036582155Z W0619 12:47:08.036359      10 dispatcher.go:205] Failed calling webhook, failing open vmnodescrapes.operator.victoriametrics.com: failed calling webhook "vmnodescrapes.operator.victoriametrics.com": failed to call webhook: Post "https://kubentic-victoria-metrics-operator.kubentic-foresight.svc:9443/validate-operator-victoriametrics-com-v1beta1-vmnodescrape?timeout=10s": dial tcp 100.66.139.61:9443: connect: operation not permitted
2026-06-19T12:47:08.036710878Z E0619 12:47:08.036602      10 dispatcher.go:213] "Unhandled Error" err="failed calling webhook \"vmnodescrapes.operator.victoriametrics.com\": failed to call webhook: Post \"https://kubentic-victoria-metrics-operator.kubentic-foresight.svc:9443/validate-operator-victoriametrics-com-v1beta1-vmnodescrape?timeout=10s\": dial tcp 100.66.139.61:9443: connect: operation not permitted" logger="UnhandledError"
2026-06-19T12:47:08.040255322Z W0619 12:47:08.039834      10 dispatcher.go:205] Failed calling webhook, failing open vmnodescrapes.operator.victoriametrics.com: failed calling webhook "vmnodescrapes.operator.victoriametrics.com": failed to call webhook: Post "https://kubentic-victoria-metrics-operator.kubentic-foresight.svc:9443/validate-operator-victoriametrics-com-v1beta1-vmnodescrape?timeout=10s": dial tcp 100.66.139.61:9443: connect: operation not permitted
2026-06-19T12:47:08.040291813Z E0619 12:47:08.039873      10 dispatcher.go:213] "Unhandled Error" err="failed calling webhook \"vmnodescrapes.operator.victoriametrics.com\": failed to call webhook: Post \"https://kubentic-victoria-metrics-operator.kubentic-foresight.svc:9443/validate-operator-victoriametrics-com-v1beta1-vmnodescrape?timeout=10s\": dial tcp 100.66.139.61:9443: connect: operation not permitted" logger="UnhandledError"
2026-06-19T12:47:08.041745749Z W0619 12:47:08.041572      10 dispatcher.go:205] Failed calling webhook, failing open vmnodescrapes.operator.victoriametrics.com: failed calling webhook "vmnodescrapes.operator.victoriametrics.com": failed to call webhook: Post "https://kubentic-victoria-metrics-operator.kubentic-foresight.svc:9443/validate-operator-victoriametrics-com-v1beta1-vmnodescrape?timeout=10s": dial tcp 100.66.139.61:9443: connect: operation not permitted
2026-06-19T12:47:08.041759846Z E0619 12:47:08.041614      10 dispatcher.go:213] "Unhandled Error" err="failed calling webhook \"vmnodescrapes.operator.victoriametrics.com\": failed to call webhook: Post \"https://kubentic-victoria-metrics-operator.kubentic-foresight.svc:9443/validate-operator-victoriametrics-com-v1beta1-vmnodescrape?timeout=10s\": dial tcp 100.66.139.61:9443: connect: operation not permitted" logger="UnhandledError"
2026-06-19T12:47:08.331618298Z W0619 12:47:08.331400      10 dispatcher.go:205] Failed calling webhook, failing open vmservicescrapes.operator.victoriametrics.com: failed calling webhook "vmservicescrapes.operator.victoriametrics.com": failed to call webhook: Post "https://kubentic-victoria-metrics-operator.kubentic-foresight.svc:9443/validate-operator-victoriametrics-com-v1beta1-vmservicescrape?timeout=10s": dial tcp 100.66.139.61:9443: connect: operation not permitted
2026-06-19T12:47:08.332704144Z E0619 12:47:08.331599      10 dispatcher.go:213] "Unhandled Error" err="failed calling webhook \"vmservicescrapes.operator.victoriametrics.com\": failed to call webhook: Post \"https://kubentic-victoria-metrics-operator.kubentic-foresight.svc:9443/validate-operator-victoriametrics-com-v1beta1-vmservicescrape?timeout=10s\": dial tcp 100.66.139.61:9443: connect: operation not permitted" logger="UnhandledError"
2026-06-19T12:47:08.334329773Z W0619 12:47:08.334171      10 dispatcher.go:205] Failed calling webhook, failing open vmservicescrapes.operator.victoriametrics.com: failed calling webhook "vmservicescrapes.operator.victoriametrics.com": failed to call webhook: Post "https://kubentic-victoria-metrics-operator.kubentic-foresight.svc:9443/validate-operator-victoriametrics-com-v1beta1-vmservicescrape?timeout=10s": dial tcp 100.66.139.61:9443: connect: operation not permitted
2026-06-19T12:47:08.334450453Z E0619 12:47:08.334343      10 dispatcher.go:213] "Unhandled Error" err="failed calling webhook \"vmservicescrapes.operator.victoriametrics.com\": failed to call webhook: Post \"https://kubentic-victoria-metrics-operator.kubentic-foresight.svc:9443/validate-operator-victoriametrics-com-v1beta1-vmservicescrape?timeout=10s\": dial tcp 100.66.139.61:9443: connect: operation not permitted" logger="UnhandledError"
2026-06-19T12:47:08.336438611Z W0619 12:47:08.335509      10 dispatcher.go:205] Failed calling webhook, failing open vmservicescrapes.operator.victoriametrics.com: failed calling webhook "vmservicescrapes.operator.victoriametrics.com": failed to call webhook: Post "https://kubentic-victoria-metrics-operator.kubentic-foresight.svc:9443/validate-operator-victoriametrics-com-v1beta1-vmservicescrape?timeout=10s": dial tcp 100.66.139.61:9443: connect: operation not permitted
2026-06-19T12:47:08.337582739Z E0619 12:47:08.337403      10 dispatcher.go:213] "Unhandled Error" err="failed calling webhook \"vmservicescrapes.operator.victoriametrics.com\": failed to call webhook: Post \"https://kubentic-victoria-metrics-operator.kubentic-foresight.svc:9443/validate-operator-victoriametrics-com-v1beta1-vmservicescrape?timeout=10s\": dial tcp 100.66.139.61:9443: connect: operation not permitted" logger="UnhandledError"
2026-06-19T12:47:08.343969985Z W0619 12:47:08.342534      10 dispatcher.go:205] Failed calling webhook, failing open vmservicescrapes.operator.victoriametrics.com: failed calling webhook "vmservicescrapes.operator.victoriametrics.com": failed to call webhook: Post "https://kubentic-victoria-metrics-operator.kubentic-foresight.svc:9443/validate-operator-victoriametrics-com-v1beta1-vmservicescrape?timeout=10s": dial tcp 100.66.139.61:9443: connect: operation not permitted
2026-06-19T12:47:08.343989295Z E0619 12:47:08.342604      10 dispatcher.go:213] "Unhandled Error" err="failed calling webhook \"vmservicescrapes.operator.victoriametrics.com\": failed to call webhook: Post \"https://kubentic-victoria-metrics-operator.kubentic-foresight.svc:9443/validate-operator-victoriametrics-com-v1beta1-vmservicescrape?timeout=10s\": dial tcp 100.66.139.61:9443: connect: operation not permitted" logger="UnhandledError"
2026-06-19T12:47:08.640440035Z W0619 12:47:08.640262      10 dispatcher.go:205] Failed calling webhook, failing open vmsingles.operator.victoriametrics.com: failed calling webhook "vmsingles.operator.victoriametrics.com": failed to call webhook: Post "https://kubentic-victoria-metrics-operator.kubentic-foresight.svc:9443/validate-operator-victoriametrics-com-v1beta1-vmsingle?timeout=10s": dial tcp 100.66.139.61:9443: connect: operation not permitted
2026-06-19T12:47:08.640623835Z E0619 12:47:08.640305      10 dispatcher.go:213] "Unhandled Error" err="failed calling webhook \"vmsingles.operator.victoriametrics.com\": failed to call webhook: Post \"https://kubentic-victoria-metrics-operator.kubentic-foresight.svc:9443/validate-operator-victoriametrics-com-v1beta1-vmsingle?timeout=10s\": dial tcp 100.66.139.61:9443: connect: operation not permitted" logger="UnhandledError"
2026-06-19T12:47:08.995722984Z W0619 12:47:08.995320      10 dispatcher.go:205] Failed calling webhook, failing open vmsingles.operator.victoriametrics.com: failed calling webhook "vmsingles.operator.victoriametrics.com": failed to call webhook: Post "https://kubentic-victoria-metrics-operator.kubentic-foresight.svc:9443/validate-operator-victoriametrics-com-v1beta1-vmsingle?timeout=10s": dial tcp 100.66.139.61:9443: connect: operation not permitted
2026-06-19T12:47:08.995754969Z E0619 12:47:08.995369      10 dispatcher.go:213] "Unhandled Error" err="failed calling webhook \"vmsingles.operator.victoriametrics.com\": failed to call webhook: Post \"https://kubentic-victoria-metrics-operator.kubentic-foresight.svc:9443/validate-operator-victoriametrics-com-v1beta1-vmsingle?timeout=10s\": dial tcp 100.66.139.61:9443: connect: operation not permitted" logger="UnhandledError"
2026-06-19T12:47:09.138231310Z W0619 12:47:09.137574      10 dispatcher.go:205] Failed calling webhook, failing open vmagents.operator.victoriametrics.com: failed calling webhook "vmagents.operator.victoriametrics.com": failed to call webhook: Post "https://kubentic-victoria-metrics-operator.kubentic-foresight.svc:9443/validate-operator-victoriametrics-com-v1beta1-vmagent?timeout=10s": dial tcp 100.66.139.61:9443: connect: operation not permitted
2026-06-19T12:47:09.138257859Z E0619 12:47:09.137629      10 dispatcher.go:213] "Unhandled Error" err="failed calling webhook \"vmagents.operator.victoriametrics.com\": failed to call webhook: Post \"https://kubentic-victoria-metrics-operator.kubentic-foresight.svc:9443/validate-operator-victoriametrics-com-v1beta1-vmagent?timeout=10s\": dial tcp 100.66.139.61:9443: connect: operation not permitted" logger="UnhandledError"
2026-06-19T12:47:09.415284455Z I0619 12:47:09.415068      10 alloc.go:329] "allocated clusterIPs" service="kubentic-foresight/vmagent-vmstack" clusterIPs={"IPv4":"100.68.17.104"}
2026-06-19T12:47:09.421832069Z W0619 12:47:09.421572      10 dispatcher.go:205] Failed calling webhook, failing open vmservicescrapes.operator.victoriametrics.com: failed calling webhook "vmservicescrapes.operator.victoriametrics.com": failed to call webhook: Post "https://kubentic-victoria-metrics-operator.kubentic-foresight.svc:9443/validate-operator-victoriametrics-com-v1beta1-vmservicescrape?timeout=10s": dial tcp 100.66.139.61:9443: connect: operation not permitted
2026-06-19T12:47:09.421851019Z E0619 12:47:09.421617      10 dispatcher.go:213] "Unhandled Error" err="failed calling webhook \"vmservicescrapes.operator.victoriametrics.com\": failed to call webhook: Post \"https://kubentic-victoria-metrics-operator.kubentic-foresight.svc:9443/validate-operator-victoriametrics-com-v1beta1-vmservicescrape?timeout=10s\": dial tcp 100.66.139.61:9443: connect: operation not permitted" logger="UnhandledError"
2026-06-19T12:47:14.236697551Z I0619 12:47:14.236272      10 alloc.go:329] "allocated clusterIPs" service="kubentic-foresight/vmsingle-vmstack-additional-service" clusterIPs={"IPv4":"100.71.148.104"}
2026-06-19T12:47:14.259749266Z I0619 12:47:14.259471      10 alloc.go:329] "allocated clusterIPs" service="kubentic-foresight/vmsingle-vmstack" clusterIPs={"IPv4":"100.68.117.190"}
2026-06-19T12:47:14.268064195Z W0619 12:47:14.267780      10 dispatcher.go:205] Failed calling webhook, failing open vmservicescrapes.operator.victoriametrics.com: failed calling webhook "vmservicescrapes.operator.victoriametrics.com": failed to call webhook: Post "https://kubentic-victoria-metrics-operator.kubentic-foresight.svc:9443/validate-operator-victoriametrics-com-v1beta1-vmservicescrape?timeout=10s": dial tcp 100.66.139.61:9443: connect: operation not permitted
2026-06-19T12:47:14.268087201Z E0619 12:47:14.267824      10 dispatcher.go:213] "Unhandled Error" err="failed calling webhook \"vmservicescrapes.operator.victoriametrics.com\": failed to call webhook: Post \"https://kubentic-victoria-metrics-operator.kubentic-foresight.svc:9443/validate-operator-victoriametrics-com-v1beta1-vmservicescrape?timeout=10s\": dial tcp 100.66.139.61:9443: connect: operation not permitted" logger="UnhandledError"
2026-06-19T12:47:15.656470284Z I0619 12:47:15.656173      10 apf_controller.go:493] "Update CurrentCL" plName="workload-low" seatDemandHighWatermark=26 seatDemandAvg=0.1333098805865205 seatDemandStdev=1.0110263353950772 seatDemandSmoothed=1.1443362159815977 fairFrac=2.3153846153846156 currentCL=60 concurrencyDenominator=60 backstop=false
2026-06-19T12:47:15.656516758Z I0619 12:47:15.656276      10 apf_controller.go:493] "Update CurrentCL" plName="exempt" seatDemandHighWatermark=5 seatDemandAvg=0.07056626800716927 seatDemandStdev=0.3599486013823938 seatDemandSmoothed=2.9555265226198926 fairFrac=2.3153846153846156 currentCL=5 concurrencyDenominator=5 backstop=false
2026-06-19T12:47:25.657341346Z I0619 12:47:25.657105      10 apf_controller.go:493] "Update CurrentCL" plName="workload-low" seatDemandHighWatermark=2 seatDemandAvg=0.029649253228883243 seatDemandStdev=0.173205092232393 seatDemandSmoothed=1.1226821329596302 fairFrac=2.3333333333333335 currentCL=56 concurrencyDenominator=56 backstop=false
2026-06-19T12:47:25.657358411Z I0619 12:47:25.657192      10 apf_controller.go:493] "Update CurrentCL" plName="exempt" seatDemandHighWatermark=1 seatDemandAvg=0.029696571237068387 seatDemandStdev=0.16974888775432406 seatDemandSmoothed=2.8921366581564367 fairFrac=2.3333333333333335 currentCL=1 concurrencyDenominator=1 backstop=false
2026-06-19T12:47:31.136397275Z I0619 12:47:31.136101      10 trace.go:236] Trace[99909651]: "Create" accept:application/vnd.kubernetes.protobuf,application/json,audit-id:eac204c8-c787-44f1-99a7-c45e7a394216,client:202.47.35.113,api-group:,api-version:v1,name:,subresource:,namespace:kubentic-foresight,protocol:HTTP/2.0,resource:secrets,scope:resource,url:/api/v1/namespaces/kubentic-foresight/secrets,user-agent:Helm/4.0.4,verb:POST (19-Jun-2026 12:47:29.662) (total time: 1473ms):
2026-06-19T12:47:31.136455412Z Trace[99909651]: ---"limitedReadBody succeeded" len:159469 1459ms (12:47:31.122)
2026-06-19T12:47:31.136460456Z Trace[99909651]: [1.473284544s] [1.473284544s] END
2026-06-19T12:47:35.657967541Z I0619 12:47:35.657669      10 apf_controller.go:493] "Update CurrentCL" plName="exempt" seatDemandHighWatermark=2 seatDemandAvg=0.15311347178780876 seatDemandStdev=0.36325839371035173 seatDemandSmoothed=2.837494067925296 fairFrac=2.3333333333333335 currentCL=2 concurrencyDenominator=2 backstop=false
2026-06-19T12:47:48.082844125Z I0619 12:47:48.082462      10 trace.go:236] Trace[482748111]: "Patch" accept:application/json,audit-id:6ea7e916-abb6-4cfa-a89c-d075fad469b3,client:202.47.35.113,api-group:,api-version:v1,name:vmstack-node-exporter-full,subresource:,namespace:kubentic-foresight,protocol:HTTP/2.0,resource:configmaps,scope:resource,url:/api/v1/namespaces/kubentic-foresight/configmaps/vmstack-node-exporter-full,user-agent:Helm/4.0.4,verb:APPLY (19-Jun-2026 12:47:46.937) (total time: 1145ms):
2026-06-19T12:47:48.082866966Z Trace[482748111]: ---"limitedReadBody succeeded" len:276655 1118ms (12:47:48.055)
2026-06-19T12:47:48.082871936Z Trace[482748111]: ---"About to check admission control" 19ms (12:47:48.076)
2026-06-19T12:47:48.082875542Z Trace[482748111]: [1.145306669s] [1.145306669s] END
2026-06-19T12:48:24.643859633Z I0619 12:48:24.643114      10 trace.go:236] Trace[1617843060]: "Update" accept:application/vnd.kubernetes.protobuf,application/json,audit-id:215a9e8d-1e12-4189-bef9-eb654b4911ed,client:202.47.35.113,api-group:,api-version:v1,name:sh.helm.release.v1.kubentic.v2,subresource:,namespace:kubentic-foresight,protocol:HTTP/2.0,resource:secrets,scope:resource,url:/api/v1/namespaces/kubentic-foresight/secrets/sh.helm.release.v1.kubentic.v2,user-agent:Helm/4.0.4,verb:PUT (19-Jun-2026 12:48:24.070) (total time: 572ms):
2026-06-19T12:48:24.643887120Z Trace[1617843060]: ---"limitedReadBody succeeded" len:159433 557ms (12:48:24.628)
2026-06-19T12:48:24.643891926Z Trace[1617843060]: [572.902966ms] [572.902966ms] END
2026-06-19T12:48:25.661942598Z I0619 12:48:25.661683      10 apf_controller.go:493] "Update CurrentCL" plName="exempt" seatDemandHighWatermark=1 seatDemandAvg=0.1020487602578482 seatDemandStdev=0.30271242258566866 seatDemandSmoothed=2.5679039767602028 fairFrac=2.3333333333333335 currentCL=1 concurrencyDenominator=1 backstop=false
2026-06-19T12:48:35.663568611Z I0619 12:48:35.663286      10 apf_controller.go:493] "Update CurrentCL" plName="exempt" seatDemandHighWatermark=2 seatDemandAvg=0.002753385090103978 seatDemandStdev=0.05664063920722202 seatDemandSmoothed=2.510208247853557 fairFrac=2.3333333333333335 currentCL=2 concurrencyDenominator=2 backstop=false
2026-06-19T12:48:45.664402513Z I0619 12:48:45.664149      10 apf_controller.go:493] "Update CurrentCL" plName="exempt" seatDemandHighWatermark=1 seatDemandAvg=0.0035402272154896027 seatDemandStdev=0.05939439373166721 seatDemandSmoothed=2.4539209544347096 fairFrac=2.3333333333333335 currentCL=1 concurrencyDenominator=1 backstop=false
2026-06-19T12:49:03.315616708Z I0619 12:49:03.314843      10 controller.go:231] Updating CRD OpenAPI spec because vmauths.operator.victoriametrics.com changed
2026-06-19T12:49:03.315639616Z I0619 12:49:03.315132      10 controller.go:231] Updating CRD OpenAPI spec because vtsingles.operator.victoriametrics.com changed
2026-06-19T12:49:03.324714845Z I0619 12:49:03.323729      10 controller.go:231] Updating CRD OpenAPI spec because vmsingles.operator.victoriametrics.com changed
2026-06-19T12:49:03.324832925Z I0619 12:49:03.324263      10 controller.go:231] Updating CRD OpenAPI spec because vtclusters.operator.victoriametrics.com changed
2026-06-19T12:49:03.339656292Z I0619 12:49:03.339283      10 controller.go:231] Updating CRD OpenAPI spec because vmnodescrapes.operator.victoriametrics.com changed
2026-06-19T12:49:03.348892983Z I0619 12:49:03.339929      10 controller.go:231] Updating CRD OpenAPI spec because vmdistributed.operator.victoriametrics.com changed
2026-06-19T12:49:03.370100267Z I0619 12:49:03.359921      10 controller.go:231] Updating CRD OpenAPI spec because ciliumpodippools.cilium.io changed
2026-06-19T12:49:03.370575691Z I0619 12:49:03.362220      10 controller.go:231] Updating CRD OpenAPI spec because ciliumloadbalancerippools.cilium.io changed
2026-06-19T12:49:03.386154245Z I0619 12:49:03.384989      10 controller.go:231] Updating CRD OpenAPI spec because kubenticagents.kubentic.io changed
2026-06-19T12:49:03.386932755Z I0619 12:49:03.386821      10 controller.go:231] Updating CRD OpenAPI spec because ciliumidentities.cilium.io changed
2026-06-19T12:49:03.396796787Z I0619 12:49:03.396486      10 controller.go:231] Updating CRD OpenAPI spec because vmagents.operator.victoriametrics.com changed
2026-06-19T12:49:03.404015900Z I0619 12:49:03.403861      10 controller.go:231] Updating CRD OpenAPI spec because vmclusters.operator.victoriametrics.com changed
2026-06-19T12:49:03.417416532Z I0619 12:49:03.417224      10 controller.go:231] Updating CRD OpenAPI spec because vmscrapeconfigs.operator.victoriametrics.com changed
2026-06-19T12:49:03.419627346Z I0619 12:49:03.419473      10 controller.go:231] Updating CRD OpenAPI spec because ciliumnodes.cilium.io changed
2026-06-19T12:49:03.420127311Z I0619 12:49:03.420040      10 controller.go:231] Updating CRD OpenAPI spec because ciliumendpoints.cilium.io changed
2026-06-19T12:49:03.421367894Z I0619 12:49:03.421245      10 controller.go:231] Updating CRD OpenAPI spec because ciliumnodeconfigs.cilium.io changed
2026-06-19T12:49:03.421886265Z I0619 12:49:03.421803      10 controller.go:231] Updating CRD OpenAPI spec because vmpodscrapes.operator.victoriametrics.com changed
2026-06-19T12:49:03.431578707Z I0619 12:49:03.431404      10 controller.go:231] Updating CRD OpenAPI spec because ciliumnetworkpolicies.cilium.io changed
2026-06-19T12:49:03.432383488Z I0619 12:49:03.432273      10 controller.go:231] Updating CRD OpenAPI spec because ciliuml2announcementpolicies.cilium.io changed
2026-06-19T12:49:03.433195241Z I0619 12:49:03.433076      10 controller.go:231] Updating CRD OpenAPI spec because vmanomalyconfigs.operator.victoriametrics.com changed
2026-06-19T12:49:03.433507165Z I0619 12:49:03.433408      10 controller.go:231] Updating CRD OpenAPI spec because vmanomalies.operator.victoriametrics.com changed
2026-06-19T12:49:03.437268583Z I0619 12:49:03.437061      10 controller.go:231] Updating CRD OpenAPI spec because vmservicescrapes.operator.victoriametrics.com changed
2026-06-19T12:49:03.438901010Z I0619 12:49:03.438760      10 controller.go:231] Updating CRD OpenAPI spec because vlsingles.operator.victoriametrics.com changed
2026-06-19T12:49:03.444433923Z I0619 12:49:03.444242      10 controller.go:231] Updating CRD OpenAPI spec because vlclusters.operator.victoriametrics.com changed
2026-06-19T12:49:03.444748106Z I0619 12:49:03.444605      10 controller.go:231] Updating CRD OpenAPI spec because vmrules.operator.victoriametrics.com changed
2026-06-19T12:49:03.445454052Z I0619 12:49:03.445275      10 controller.go:231] Updating CRD OpenAPI spec because vmalerts.operator.victoriametrics.com changed
2026-06-19T12:49:03.455806434Z I0619 12:49:03.455536      10 controller.go:231] Updating CRD OpenAPI spec because ciliumclusterwidenetworkpolicies.cilium.io changed
2026-06-19T12:49:03.456600077Z I0619 12:49:03.456391      10 controller.go:231] Updating CRD OpenAPI spec because ciliumcidrgroups.cilium.io changed
2026-06-19T12:49:03.456968391Z I0619 12:49:03.456876      10 controller.go:231] Updating CRD OpenAPI spec because vmusers.operator.victoriametrics.com changed
2026-06-19T12:49:03.459638859Z I0619 12:49:03.459405      10 controller.go:231] Updating CRD OpenAPI spec because vmprobes.operator.victoriametrics.com changed
2026-06-19T12:49:03.460745981Z I0619 12:49:03.460104      10 controller.go:231] Updating CRD OpenAPI spec because vlogs.operator.victoriametrics.com changed
2026-06-19T12:49:03.460801653Z I0619 12:49:03.460130      10 controller.go:231] Updating CRD OpenAPI spec because vmstaticscrapes.operator.victoriametrics.com changed
2026-06-19T12:49:03.467836966Z I0619 12:49:03.467595      10 controller.go:231] Updating CRD OpenAPI spec because vlagents.operator.victoriametrics.com changed
2026-06-19T12:49:03.469860994Z I0619 12:49:03.469478      10 controller.go:231] Updating CRD OpenAPI spec because vmalertmanagerconfigs.operator.victoriametrics.com changed
2026-06-19T12:49:03.472863953Z I0619 12:49:03.472242      10 controller.go:231] Updating CRD OpenAPI spec because vmalertmanagers.operator.victoriametrics.com changed
2026-06-19T12:49:05.665468817Z I0619 12:49:05.665205      10 apf_controller.go:493] "Update CurrentCL" plName="exempt" seatDemandHighWatermark=2 seatDemandAvg=0.008560653638334194 seatDemandStdev=0.09225210379769205 seatDemandSmoothed=2.34601918010318 fairFrac=2.3333333333333335 currentCL=2 concurrencyDenominator=2 backstop=false
2026-06-19T12:49:15.666614977Z I0619 12:49:15.666339      10 apf_controller.go:493] "Update CurrentCL" plName="exempt" seatDemandHighWatermark=1 seatDemandAvg=0.004147691470998322 seatDemandStdev=0.06426887369839096 seatDemandSmoothed=2.293634319959703 fairFrac=2.3333333333333335 currentCL=1 concurrencyDenominator=1 backstop=false
2026-06-19T12:49:21.804643228Z I0619 12:49:21.803745      10 trace.go:236] Trace[956468994]: "Get" accept:application/json,audit-id:1dccd6bc-169b-4b0a-b557-4540ec131613,client:172.20.50.13,api-group:,api-version:v1,name:etcd-manager-events-i-0010bc1572a60c430,subresource:log,namespace:kube-system,protocol:HTTP/1.1,resource:pods,scope:resource,url:/api/v1/namespaces/kube-system/pods/etcd-manager-events-i-0010bc1572a60c430/log,user-agent:OpenAPI-Generator/31.0.0/python,verb:CONNECT (19-Jun-2026 12:49:20.850) (total time: 952ms):
2026-06-19T12:49:21.804695918Z Trace[956468994]: ---"Writing http response done" 948ms (12:49:21.803)
2026-06-19T12:49:21.804700994Z Trace[956468994]: [952.880558ms] [952.880558ms] END
2026-06-19T12:49:21.838257489Z I0619 12:49:21.838015      10 trace.go:236] Trace[2105048793]: "Get" accept:application/json,audit-id:c35ea450-0b53-4cee-86fd-7e0ef77c7c43,client:172.20.50.13,api-group:,api-version:v1,name:etcd-manager-main-i-0010bc1572a60c430,subresource:log,namespace:kube-system,protocol:HTTP/1.1,resource:pods,scope:resource,url:/api/v1/namespaces/kube-system/pods/etcd-manager-main-i-0010bc1572a60c430/log,user-agent:OpenAPI-Generator/31.0.0/python,verb:CONNECT (19-Jun-2026 12:49:20.855) (total time: 982ms):
2026-06-19T12:49:21.838272083Z Trace[2105048793]: ---"Writing http response done" 975ms (12:49:21.837)
2026-06-19T12:49:21.838294567Z Trace[2105048793]: [982.38339ms] [982.38339ms] END
2026-06-19T12:50:05.672158174Z I0619 12:50:05.671858      10 apf_controller.go:493] "Update CurrentCL" plName="exempt" seatDemandHighWatermark=2 seatDemandAvg=0.0055936121171902085 seatDemandStdev=0.07459532446615277 seatDemandSmoothed=2.0486963203787933 fairFrac=2.3333333333333335 currentCL=2 concurrencyDenominator=2 backstop=false
2026-06-19T12:50:15.672583272Z I0619 12:50:15.672320      10 apf_controller.go:493] "Update CurrentCL" plName="exempt" seatDemandHighWatermark=1 seatDemandAvg=0.0047541701385099226 seatDemandStdev=0.0687863940383854 seatDemandSmoothed=2.0032677379861497 fairFrac=2.3333333333333335 currentCL=1 concurrencyDenominator=1 backstop=false
2026-06-19T12:50:35.674448616Z I0619 12:50:35.674268      10 apf_controller.go:493] "Update CurrentCL" plName="exempt" seatDemandHighWatermark=2 seatDemandAvg=0.0023097110095745155 seatDemandStdev=0.048089152947326734 seatDemandSmoothed=1.914522537146425 fairFrac=2.3333333333333335 currentCL=2 concurrencyDenominator=2 backstop=false
2026-06-19T12:50:55.675619427Z I0619 12:50:55.675336      10 apf_controller.go:493] "Update CurrentCL" plName="exempt" seatDemandHighWatermark=1 seatDemandAvg=0.0027948715866479654 seatDemandStdev=0.05279261576643189 seatDemandSmoothed=1.8299900817184063 fairFrac=2.3333333333333335 currentCL=1 concurrencyDenominator=1 backstop=false
2026-06-19T12:51:05.677300606Z I0619 12:51:05.676512      10 apf_controller.go:493] "Update CurrentCL" plName="exempt" seatDemandHighWatermark=2 seatDemandAvg=0.0069087599204799505 seatDemandStdev=0.08295298587291235 seatDemandSmoothed=1.789967129992131 fairFrac=2.3333333333333335 currentCL=2 concurrencyDenominator=2 backstop=false
2026-06-19T12:51:15.677030526Z I0619 12:51:15.676725      10 apf_controller.go:493] "Update CurrentCL" plName="exempt" seatDemandHighWatermark=1 seatDemandAvg=0.0023384100117308697 seatDemandStdev=0.04830053675010151 seatDemandSmoothed=1.7499625817778341 fairFrac=2.3333333333333335 currentCL=1 concurrencyDenominator=1 backstop=false
2026-06-19T12:51:35.679416461Z I0619 12:51:35.679176      10 apf_controller.go:493] "Update CurrentCL" plName="exempt" seatDemandHighWatermark=2 seatDemandAvg=0.002629217924291271 seatDemandStdev=0.05436929827000798 seatDemandSmoothed=1.6728400982562261 fairFrac=2.3333333333333335 currentCL=2 concurrencyDenominator=2 backstop=false
2026-06-19T12:51:45.680762956Z I0619 12:51:45.680614      10 apf_controller.go:493] "Update CurrentCL" plName="exempt" seatDemandHighWatermark=1 seatDemandAvg=0.0024807834452787456 seatDemandStdev=0.0497456446211764 seatDemandSmoothed=1.6355659838418615 fairFrac=2.3333333333333335 currentCL=1 concurrencyDenominator=1 backstop=false
2026-06-19T12:52:05.682685665Z I0619 12:52:05.682411      10 apf_controller.go:493] "Update CurrentCL" plName="exempt" seatDemandHighWatermark=2 seatDemandAvg=0.040823824045277866 seatDemandStdev=0.19797388819560197 seatDemandSmoothed=1.56797227408346 fairFrac=2.3333333333333335 currentCL=2 concurrencyDenominator=2 backstop=false
2026-06-19T12:52:15.683568728Z I0619 12:52:15.682896      10 apf_controller.go:493] "Update CurrentCL" plName="exempt" seatDemandHighWatermark=1 seatDemandAvg=0.002077260526749988 seatDemandStdev=0.04552961141338672 seatDemandSmoothed=1.5330038698341635 fairFrac=2.3333333333333335 currentCL=1 concurrencyDenominator=1 backstop=false
2026-06-19T12:52:35.685228937Z I0619 12:52:35.684689      10 apf_controller.go:493] "Update CurrentCL" plName="exempt" seatDemandHighWatermark=2 seatDemandAvg=0.002653358799128818 seatDemandStdev=0.05154048208054607 seatDemandSmoothed=1.4656593112376082 fairFrac=2.3333333333333335 currentCL=2 concurrencyDenominator=2 backstop=false
2026-06-19T12:52:45.686174008Z I0619 12:52:45.685757      10 apf_controller.go:493] "Update CurrentCL" plName="exempt" seatDemandHighWatermark=1 seatDemandAvg=0.0022934027611297278 seatDemandStdev=0.04783453841007531 seatDemandSmoothed=1.4331020897260809 fairFrac=2.3333333333333335 currentCL=1 concurrencyDenominator=1 backstop=false
2026-06-19T12:54:03.110657611Z I0619 12:54:03.110036      10 cidrallocator.go:242] syncing ServiceCIDR allocators
2026-06-19T12:54:03.110679229Z I0619 12:54:03.110078      10 cidrallocator.go:278] updated ClusterIP allocator for Service CIDR 100.64.0.0/13
2026-06-19T12:54:03.110682954Z I0619 12:54:03.110086      10 cidrallocator.go:244] syncing ServiceCIDR allocators took: 60.07µs
2026-06-19T12:54:03.320535729Z I0619 12:54:03.320258      10 controller.go:231] Updating CRD OpenAPI spec because vlsingles.operator.victoriametrics.com changed
2026-06-19T12:54:03.320873362Z I0619 12:54:03.320767      10 controller.go:231] Updating CRD OpenAPI spec because vlclusters.operator.victoriametrics.com changed
2026-06-19T12:54:03.324927958Z I0619 12:54:03.321356      10 controller.go:231] Updating CRD OpenAPI spec because vmrules.operator.victoriametrics.com changed
2026-06-19T12:54:03.324952479Z I0619 12:54:03.322515      10 controller.go:231] Updating CRD OpenAPI spec because vmalerts.operator.victoriametrics.com changed
2026-06-19T12:54:03.364266223Z I0619 12:54:03.361161      10 controller.go:231] Updating CRD OpenAPI spec because ciliumclusterwidenetworkpolicies.cilium.io changed
2026-06-19T12:54:03.364311490Z I0619 12:54:03.361201      10 controller.go:231] Updating CRD OpenAPI spec because ciliumcidrgroups.cilium.io changed
2026-06-19T12:54:03.371587267Z I0619 12:54:03.368984      10 controller.go:231] Updating CRD OpenAPI spec because vmusers.operator.victoriametrics.com changed
2026-06-19T12:54:03.380937940Z I0619 12:54:03.380264      10 controller.go:231] Updating CRD OpenAPI spec because vmprobes.operator.victoriametrics.com changed
2026-06-19T12:54:03.388462218Z I0619 12:54:03.387037      10 controller.go:231] Updating CRD OpenAPI spec because vlogs.operator.victoriametrics.com changed
2026-06-19T12:54:03.400570261Z I0619 12:54:03.400126      10 controller.go:231] Updating CRD OpenAPI spec because vmstaticscrapes.operator.victoriametrics.com changed
2026-06-19T12:54:03.404622339Z I0619 12:54:03.403628      10 controller.go:231] Updating CRD OpenAPI spec because vlagents.operator.victoriametrics.com changed
2026-06-19T12:54:03.541209695Z I0619 12:54:03.536291      10 controller.go:231] Updating CRD OpenAPI spec because vmalertmanagerconfigs.operator.victoriametrics.com changed
2026-06-19T12:54:03.547241013Z I0619 12:54:03.542951      10 controller.go:231] Updating CRD OpenAPI spec because vmalertmanagers.operator.victoriametrics.com changed
2026-06-19T12:54:03.597678670Z I0619 12:54:03.591586      10 controller.go:231] Updating CRD OpenAPI spec because vmauths.operator.victoriametrics.com changed
2026-06-19T12:54:03.629138576Z I0619 12:54:03.628692      10 controller.go:231] Updating CRD OpenAPI spec because vtsingles.operator.victoriametrics.com changed
2026-06-19T12:54:03.652794119Z I0619 12:54:03.649387      10 controller.go:231] Updating CRD OpenAPI spec because vmsingles.operator.victoriametrics.com changed
2026-06-19T12:54:03.669805557Z I0619 12:54:03.669628      10 controller.go:231] Updating CRD OpenAPI spec because vtclusters.operator.victoriametrics.com changed
2026-06-19T12:54:03.674493839Z I0619 12:54:03.674312      10 controller.go:231] Updating CRD OpenAPI spec because vmnodescrapes.operator.victoriametrics.com changed
2026-06-19T12:54:03.674796034Z I0619 12:54:03.674690      10 controller.go:231] Updating CRD OpenAPI spec because vmdistributed.operator.victoriametrics.com changed
2026-06-19T12:54:03.690232941Z I0619 12:54:03.689957      10 controller.go:231] Updating CRD OpenAPI spec because ciliumpodippools.cilium.io changed
2026-06-19T12:54:03.695344458Z I0619 12:54:03.695072      10 controller.go:231] Updating CRD OpenAPI spec because ciliumloadbalancerippools.cilium.io changed
2026-06-19T12:54:03.695941082Z I0619 12:54:03.695809      10 controller.go:231] Updating CRD OpenAPI spec because kubenticagents.kubentic.io changed
2026-06-19T12:54:03.696471536Z I0619 12:54:03.696265      10 controller.go:231] Updating CRD OpenAPI spec because ciliumidentities.cilium.io changed
2026-06-19T12:54:03.696631738Z I0619 12:54:03.696538      10 controller.go:231] Updating CRD OpenAPI spec because vmagents.operator.victoriametrics.com changed
2026-06-19T12:54:03.729241344Z I0619 12:54:03.728916      10 controller.go:231] Updating CRD OpenAPI spec because vmclusters.operator.victoriametrics.com changed
2026-06-19T12:54:03.733445973Z I0619 12:54:03.730151      10 controller.go:231] Updating CRD OpenAPI spec because vmscrapeconfigs.operator.victoriametrics.com changed
2026-06-19T12:54:03.748386559Z I0619 12:54:03.748160      10 controller.go:231] Updating CRD OpenAPI spec because ciliumnodes.cilium.io changed
2026-06-19T12:54:03.750841220Z I0619 12:54:03.750028      10 controller.go:231] Updating CRD OpenAPI spec because ciliumendpoints.cilium.io changed
2026-06-19T12:54:03.753597877Z I0619 12:54:03.752608      10 controller.go:231] Updating CRD OpenAPI spec because ciliumnodeconfigs.cilium.io changed
2026-06-19T12:54:03.753907370Z I0619 12:54:03.753757      10 controller.go:231] Updating CRD OpenAPI spec because vmpodscrapes.operator.victoriametrics.com changed
2026-06-19T12:54:03.778921962Z I0619 12:54:03.778660      10 controller.go:231] Updating CRD OpenAPI spec because ciliumnetworkpolicies.cilium.io changed
2026-06-19T12:54:03.794746980Z I0619 12:54:03.794100      10 controller.go:231] Updating CRD OpenAPI spec because ciliuml2announcementpolicies.cilium.io changed
2026-06-19T12:54:03.795168999Z I0619 12:54:03.795013      10 controller.go:231] Updating CRD OpenAPI spec because vmanomalyconfigs.operator.victoriametrics.com changed
2026-06-19T12:54:03.828009312Z I0619 12:54:03.827768      10 controller.go:231] Updating CRD OpenAPI spec because vmanomalies.operator.victoriametrics.com changed
2026-06-19T12:54:03.832985646Z I0619 12:54:03.832758      10 controller.go:231] Updating CRD OpenAPI spec because vmservicescrapes.operator.victoriametrics.com changed
2026-06-19T12:54:35.695095947Z I0619 12:54:35.694812      10 apf_controller.go:493] "Update CurrentCL" plName="exempt" seatDemandHighWatermark=2 seatDemandAvg=0.002396092872029067 seatDemandStdev=0.049185514523492326 seatDemandSmoothed=1.1242492880528034 fairFrac=2.3333333333333335 currentCL=2 concurrencyDenominator=2 backstop=false
2026-06-19T12:54:45.696102854Z I0619 12:54:45.695907      10 apf_controller.go:493] "Update CurrentCL" plName="exempt" seatDemandHighWatermark=1 seatDemandAvg=0.002290963552221032 seatDemandStdev=0.04780915224330407 seatDemandSmoothed=1.099543857090886 fairFrac=2.3333333333333335 currentCL=1 concurrencyDenominator=1 backstop=false
2026-06-19T12:55:05.697268644Z I0619 12:55:05.696831      10 apf_controller.go:493] "Update CurrentCL" plName="exempt" seatDemandHighWatermark=2 seatDemandAvg=0.00779340242369088 seatDemandStdev=0.08942682808035565 seatDemandSmoothed=1.0531017370622764 fairFrac=2.3333333333333335 currentCL=2 concurrencyDenominator=2 backstop=false
2026-06-19T12:55:15.698673706Z I0619 12:55:15.698431      10 apf_controller.go:493] "Update CurrentCL" plName="exempt" seatDemandHighWatermark=1 seatDemandAvg=0.003789621678530556 seatDemandStdev=0.06144314808067835 seatDemandSmoothed=1.0303807508143057 fairFrac=2.3333333333333335 currentCL=1 concurrencyDenominator=1 backstop=false
2026-06-19T12:55:35.700383603Z I0619 12:55:35.700141      10 apf_controller.go:493] "Update CurrentCL" plName="exempt" seatDemandHighWatermark=2 seatDemandAvg=0.0028137979260884137 seatDemandStdev=0.053297204410119765 seatDemandSmoothed=0.98599474501693 fairFrac=2.3333333333333335 currentCL=2 concurrencyDenominator=2 backstop=false
2026-06-19T12:55:45.701947349Z I0619 12:55:45.701596      10 apf_controller.go:493] "Update CurrentCL" plName="exempt" seatDemandHighWatermark=1 seatDemandAvg=0.002359692383882068 seatDemandStdev=0.04851931817055467 seatDemandSmoothed=0.9644870831242925 fairFrac=2.3333333333333335 currentCL=1 concurrencyDenominator=1 backstop=false
2026-06-19T12:56:03.093734854Z I0619 12:56:03.078450      10 trace.go:236] Trace[1947846336]: "List(recursive=true) etcd3" audit-id:,key:/secrets,resourceVersion:87706,resourceVersionMatch:Exact,limit:10000,continue: (19-Jun-2026 12:56:02.525) (total time: 553ms):
2026-06-19T12:56:03.093774031Z Trace[1947846336]: [553.366481ms] [553.366481ms] END
2026-06-19T12:57:05.710625257Z I0619 12:57:05.710348      10 apf_controller.go:493] "Update CurrentCL" plName="exempt" seatDemandHighWatermark=2 seatDemandAvg=0.013536763107566643 seatDemandStdev=0.1156516088203015 seatDemandSmoothed=0.8139555700627931 fairFrac=2.3333333333333335 currentCL=2 concurrencyDenominator=2 backstop=false
2026-06-19T12:57:15.711846648Z I0619 12:57:15.711513      10 apf_controller.go:493] "Update CurrentCL" plName="exempt" seatDemandHighWatermark=1 seatDemandAvg=0.0027188432354659153 seatDemandStdev=0.0520715961626574 seatDemandSmoothed=0.7964947720575056 fairFrac=2.3333333333333335 currentCL=1 concurrencyDenominator=1 backstop=false
