2026-06-19T09:57:34.867723970Z I0619 09:57:34.867496       1 reflector.go:946] "Watch close" reflector="k8s.io/client-go/informers/factory.go:160" type="*v1.VolumeAttachment" totalItems=11
2026-06-19T09:57:36.187953624Z I0619 09:57:36.187447       1 leaderelection.go:293] successfully renewed lease kube-system/external-attacher-leader-ebs-csi-aws-com
2026-06-19T09:57:41.196349318Z I0619 09:57:41.196176       1 leaderelection.go:293] successfully renewed lease kube-system/external-attacher-leader-ebs-csi-aws-com
2026-06-19T09:57:46.206113808Z I0619 09:57:46.205983       1 leaderelection.go:293] successfully renewed lease kube-system/external-attacher-leader-ebs-csi-aws-com
2026-06-19T09:57:51.211522260Z I0619 09:57:51.211381       1 leaderelection.go:293] successfully renewed lease kube-system/external-attacher-leader-ebs-csi-aws-com
2026-06-19T09:57:56.217429884Z I0619 09:57:56.217277       1 leaderelection.go:293] successfully renewed lease kube-system/external-attacher-leader-ebs-csi-aws-com
2026-06-19T09:58:01.231995604Z I0619 09:58:01.231776       1 leaderelection.go:293] successfully renewed lease kube-system/external-attacher-leader-ebs-csi-aws-com
2026-06-19T09:58:06.239778709Z I0619 09:58:06.239617       1 leaderelection.go:293] successfully renewed lease kube-system/external-attacher-leader-ebs-csi-aws-com
2026-06-19T09:58:06.868183042Z I0619 09:58:06.867948       1 reflector.go:946] "Watch close" reflector="k8s.io/client-go/informers/factory.go:160" type="*v1.CSINode" totalItems=9
2026-06-19T09:58:11.247192371Z I0619 09:58:11.247067       1 leaderelection.go:293] successfully renewed lease kube-system/external-attacher-leader-ebs-csi-aws-com
2026-06-19T09:58:16.252534775Z I0619 09:58:16.252381       1 leaderelection.go:293] successfully renewed lease kube-system/external-attacher-leader-ebs-csi-aws-com
2026-06-19T09:58:21.257513503Z I0619 09:58:21.257385       1 leaderelection.go:293] successfully renewed lease kube-system/external-attacher-leader-ebs-csi-aws-com
2026-06-19T09:58:24.883876225Z I0619 09:58:24.883450       1 reflector.go:946] "Watch close" reflector="k8s.io/client-go/informers/factory.go:160" type="*v1.PersistentVolume" totalItems=10
2026-06-19T09:58:26.262343930Z I0619 09:58:26.262208       1 leaderelection.go:293] successfully renewed lease kube-system/external-attacher-leader-ebs-csi-aws-com
2026-06-19T09:58:31.271225991Z I0619 09:58:31.271149       1 leaderelection.go:293] successfully renewed lease kube-system/external-attacher-leader-ebs-csi-aws-com
2026-06-19T09:58:36.277425457Z I0619 09:58:36.277296       1 leaderelection.go:293] successfully renewed lease kube-system/external-attacher-leader-ebs-csi-aws-com
2026-06-19T09:58:41.291604902Z I0619 09:58:41.291398       1 leaderelection.go:293] successfully renewed lease kube-system/external-attacher-leader-ebs-csi-aws-com
2026-06-19T09:58:46.298013953Z I0619 09:58:46.297824       1 leaderelection.go:293] successfully renewed lease kube-system/external-attacher-leader-ebs-csi-aws-com
2026-06-19T09:58:51.306620659Z I0619 09:58:51.306366       1 leaderelection.go:293] successfully renewed lease kube-system/external-attacher-leader-ebs-csi-aws-com
2026-06-19T09:58:56.311829877Z I0619 09:58:56.311669       1 leaderelection.go:293] successfully renewed lease kube-system/external-attacher-leader-ebs-csi-aws-com
2026-06-19T09:59:01.334349489Z I0619 09:59:01.334176       1 leaderelection.go:293] successfully renewed lease kube-system/external-attacher-leader-ebs-csi-aws-com
2026-06-19T09:59:06.342724313Z I0619 09:59:06.342605       1 leaderelection.go:293] successfully renewed lease kube-system/external-attacher-leader-ebs-csi-aws-com
2026-06-19T09:59:11.349166138Z I0619 09:59:11.348846       1 leaderelection.go:293] successfully renewed lease kube-system/external-attacher-leader-ebs-csi-aws-com
2026-06-19T09:59:16.358164100Z I0619 09:59:16.358035       1 leaderelection.go:293] successfully renewed lease kube-system/external-attacher-leader-ebs-csi-aws-com
2026-06-19T09:59:21.363368846Z I0619 09:59:21.363252       1 leaderelection.go:293] successfully renewed lease kube-system/external-attacher-leader-ebs-csi-aws-com
2026-06-19T09:59:26.370170036Z I0619 09:59:26.370037       1 leaderelection.go:293] successfully renewed lease kube-system/external-attacher-leader-ebs-csi-aws-com
2026-06-19T09:59:31.377960422Z I0619 09:59:31.377818       1 leaderelection.go:293] successfully renewed lease kube-system/external-attacher-leader-ebs-csi-aws-com
2026-06-19T09:59:36.383995395Z I0619 09:59:36.383746       1 leaderelection.go:293] successfully renewed lease kube-system/external-attacher-leader-ebs-csi-aws-com
2026-06-19T09:59:41.389807052Z I0619 09:59:41.389657       1 leaderelection.go:293] successfully renewed lease kube-system/external-attacher-leader-ebs-csi-aws-com
2026-06-19T09:59:46.401941468Z I0619 09:59:46.401697       1 leaderelection.go:293] successfully renewed lease kube-system/external-attacher-leader-ebs-csi-aws-com
2026-06-19T09:59:51.407839364Z I0619 09:59:51.407633       1 leaderelection.go:293] successfully renewed lease kube-system/external-attacher-leader-ebs-csi-aws-com
2026-06-19T09:59:56.414357108Z I0619 09:59:56.414219       1 leaderelection.go:293] successfully renewed lease kube-system/external-attacher-leader-ebs-csi-aws-com
2026-06-19T10:00:01.524360823Z I0619 10:00:01.520541       1 leaderelection.go:293] successfully renewed lease kube-system/external-attacher-leader-ebs-csi-aws-com
2026-06-19T10:00:06.538491484Z I0619 10:00:06.538313       1 leaderelection.go:293] successfully renewed lease kube-system/external-attacher-leader-ebs-csi-aws-com
2026-06-19T10:00:11.549260088Z I0619 10:00:11.548956       1 leaderelection.go:293] successfully renewed lease kube-system/external-attacher-leader-ebs-csi-aws-com
2026-06-19T10:00:16.555092433Z I0619 10:00:16.554923       1 leaderelection.go:293] successfully renewed lease kube-system/external-attacher-leader-ebs-csi-aws-com
2026-06-19T10:00:21.561765447Z I0619 10:00:21.561636       1 leaderelection.go:293] successfully renewed lease kube-system/external-attacher-leader-ebs-csi-aws-com
2026-06-19T10:00:26.567888497Z I0619 10:00:26.567765       1 leaderelection.go:293] successfully renewed lease kube-system/external-attacher-leader-ebs-csi-aws-com
2026-06-19T10:00:31.579914690Z I0619 10:00:31.579760       1 leaderelection.go:293] successfully renewed lease kube-system/external-attacher-leader-ebs-csi-aws-com
2026-06-19T10:00:36.589267445Z I0619 10:00:36.589127       1 leaderelection.go:293] successfully renewed lease kube-system/external-attacher-leader-ebs-csi-aws-com
2026-06-19T10:00:41.595314168Z I0619 10:00:41.595184       1 leaderelection.go:293] successfully renewed lease kube-system/external-attacher-leader-ebs-csi-aws-com
2026-06-19T10:00:46.600960498Z I0619 10:00:46.600820       1 leaderelection.go:293] successfully renewed lease kube-system/external-attacher-leader-ebs-csi-aws-com
2026-06-19T10:00:51.606438961Z I0619 10:00:51.606234       1 leaderelection.go:293] successfully renewed lease kube-system/external-attacher-leader-ebs-csi-aws-com
2026-06-19T10:00:56.614657048Z I0619 10:00:56.614522       1 leaderelection.go:293] successfully renewed lease kube-system/external-attacher-leader-ebs-csi-aws-com
2026-06-19T10:01:01.872663411Z I0619 10:01:01.872470       1 leaderelection.go:293] successfully renewed lease kube-system/external-attacher-leader-ebs-csi-aws-com
2026-06-19T10:01:06.902228307Z I0619 10:01:06.901517       1 leaderelection.go:293] successfully renewed lease kube-system/external-attacher-leader-ebs-csi-aws-com
2026-06-19T10:01:11.910025725Z I0619 10:01:11.909858       1 leaderelection.go:293] successfully renewed lease kube-system/external-attacher-leader-ebs-csi-aws-com
2026-06-19T10:01:16.915790398Z I0619 10:01:16.915664       1 leaderelection.go:293] successfully renewed lease kube-system/external-attacher-leader-ebs-csi-aws-com
2026-06-19T10:01:21.921221629Z I0619 10:01:21.920702       1 leaderelection.go:293] successfully renewed lease kube-system/external-attacher-leader-ebs-csi-aws-com
2026-06-19T10:01:26.927910350Z I0619 10:01:26.927776       1 leaderelection.go:293] successfully renewed lease kube-system/external-attacher-leader-ebs-csi-aws-com
2026-06-19T10:01:31.933848817Z I0619 10:01:31.933683       1 leaderelection.go:293] successfully renewed lease kube-system/external-attacher-leader-ebs-csi-aws-com
2026-06-19T10:01:36.941530234Z I0619 10:01:36.941293       1 leaderelection.go:293] successfully renewed lease kube-system/external-attacher-leader-ebs-csi-aws-com
2026-06-19T10:01:41.950801839Z I0619 10:01:41.950644       1 leaderelection.go:293] successfully renewed lease kube-system/external-attacher-leader-ebs-csi-aws-com
2026-06-19T10:01:46.958090982Z I0619 10:01:46.957947       1 leaderelection.go:293] successfully renewed lease kube-system/external-attacher-leader-ebs-csi-aws-com
2026-06-19T10:01:51.963301209Z I0619 10:01:51.963166       1 leaderelection.go:293] successfully renewed lease kube-system/external-attacher-leader-ebs-csi-aws-com
2026-06-19T10:01:56.971011485Z I0619 10:01:56.970845       1 leaderelection.go:293] successfully renewed lease kube-system/external-attacher-leader-ebs-csi-aws-com
2026-06-19T10:02:02.382004190Z I0619 10:02:02.378883       1 leaderelection.go:293] successfully renewed lease kube-system/external-attacher-leader-ebs-csi-aws-com
2026-06-19T10:02:07.398707266Z I0619 10:02:07.398579       1 leaderelection.go:293] successfully renewed lease kube-system/external-attacher-leader-ebs-csi-aws-com
2026-06-19T10:02:12.405467217Z I0619 10:02:12.404904       1 leaderelection.go:293] successfully renewed lease kube-system/external-attacher-leader-ebs-csi-aws-com
2026-06-19T10:02:17.410729375Z I0619 10:02:17.410596       1 leaderelection.go:293] successfully renewed lease kube-system/external-attacher-leader-ebs-csi-aws-com
2026-06-19T10:02:22.417387352Z I0619 10:02:22.417255       1 leaderelection.go:293] successfully renewed lease kube-system/external-attacher-leader-ebs-csi-aws-com
2026-06-19T10:02:27.423145722Z I0619 10:02:27.422977       1 leaderelection.go:293] successfully renewed lease kube-system/external-attacher-leader-ebs-csi-aws-com
2026-06-19T10:02:32.429814680Z I0619 10:02:32.429611       1 leaderelection.go:293] successfully renewed lease kube-system/external-attacher-leader-ebs-csi-aws-com
2026-06-19T10:02:37.439223000Z I0619 10:02:37.439086       1 leaderelection.go:293] successfully renewed lease kube-system/external-attacher-leader-ebs-csi-aws-com
2026-06-19T10:02:42.449778709Z I0619 10:02:42.449609       1 leaderelection.go:293] successfully renewed lease kube-system/external-attacher-leader-ebs-csi-aws-com
2026-06-19T10:02:47.455270622Z I0619 10:02:47.455118       1 leaderelection.go:293] successfully renewed lease kube-system/external-attacher-leader-ebs-csi-aws-com
2026-06-19T10:02:52.460987290Z I0619 10:02:52.460855       1 leaderelection.go:293] successfully renewed lease kube-system/external-attacher-leader-ebs-csi-aws-com
2026-06-19T10:02:57.466906245Z I0619 10:02:57.466741       1 leaderelection.go:293] successfully renewed lease kube-system/external-attacher-leader-ebs-csi-aws-com
2026-06-19T10:03:02.627666550Z I0619 10:03:02.626412       1 leaderelection.go:293] successfully renewed lease kube-system/external-attacher-leader-ebs-csi-aws-com
2026-06-19T10:03:07.632503365Z I0619 10:03:07.632295       1 leaderelection.go:293] successfully renewed lease kube-system/external-attacher-leader-ebs-csi-aws-com
2026-06-19T10:03:12.638399588Z I0619 10:03:12.638249       1 leaderelection.go:293] successfully renewed lease kube-system/external-attacher-leader-ebs-csi-aws-com
2026-06-19T10:03:17.643183260Z I0619 10:03:17.643063       1 leaderelection.go:293] successfully renewed lease kube-system/external-attacher-leader-ebs-csi-aws-com
2026-06-19T10:03:22.649342069Z I0619 10:03:22.648967       1 leaderelection.go:293] successfully renewed lease kube-system/external-attacher-leader-ebs-csi-aws-com
2026-06-19T10:03:27.654664241Z I0619 10:03:27.654506       1 leaderelection.go:293] successfully renewed lease kube-system/external-attacher-leader-ebs-csi-aws-com
2026-06-19T10:03:32.666681701Z I0619 10:03:32.664200       1 leaderelection.go:293] successfully renewed lease kube-system/external-attacher-leader-ebs-csi-aws-com
2026-06-19T10:03:37.670414469Z I0619 10:03:37.670270       1 leaderelection.go:293] successfully renewed lease kube-system/external-attacher-leader-ebs-csi-aws-com
2026-06-19T10:03:42.676347267Z I0619 10:03:42.676168       1 leaderelection.go:293] successfully renewed lease kube-system/external-attacher-leader-ebs-csi-aws-com
2026-06-19T10:03:47.683006797Z I0619 10:03:47.682868       1 leaderelection.go:293] successfully renewed lease kube-system/external-attacher-leader-ebs-csi-aws-com
2026-06-19T10:03:52.690240128Z I0619 10:03:52.689934       1 leaderelection.go:293] successfully renewed lease kube-system/external-attacher-leader-ebs-csi-aws-com
2026-06-19T10:03:55.869760067Z I0619 10:03:55.869601       1 reflector.go:946] "Watch close" reflector="k8s.io/client-go/informers/factory.go:160" type="*v1.CSINode" totalItems=5
2026-06-19T10:03:57.697727969Z I0619 10:03:57.697610       1 leaderelection.go:293] successfully renewed lease kube-system/external-attacher-leader-ebs-csi-aws-com
2026-06-19T10:04:02.746963074Z I0619 10:04:02.746384       1 leaderelection.go:293] successfully renewed lease kube-system/external-attacher-leader-ebs-csi-aws-com
2026-06-19T10:04:07.754426311Z I0619 10:04:07.754216       1 leaderelection.go:293] successfully renewed lease kube-system/external-attacher-leader-ebs-csi-aws-com
2026-06-19T10:04:12.761775725Z I0619 10:04:12.761643       1 leaderelection.go:293] successfully renewed lease kube-system/external-attacher-leader-ebs-csi-aws-com
2026-06-19T10:04:17.767657286Z I0619 10:04:17.767519       1 leaderelection.go:293] successfully renewed lease kube-system/external-attacher-leader-ebs-csi-aws-com
2026-06-19T10:04:22.773718541Z I0619 10:04:22.772993       1 leaderelection.go:293] successfully renewed lease kube-system/external-attacher-leader-ebs-csi-aws-com
2026-06-19T10:04:27.779502896Z I0619 10:04:27.779161       1 leaderelection.go:293] successfully renewed lease kube-system/external-attacher-leader-ebs-csi-aws-com
2026-06-19T10:04:32.787066349Z I0619 10:04:32.786914       1 leaderelection.go:293] successfully renewed lease kube-system/external-attacher-leader-ebs-csi-aws-com
2026-06-19T10:04:37.794152856Z I0619 10:04:37.793974       1 leaderelection.go:293] successfully renewed lease kube-system/external-attacher-leader-ebs-csi-aws-com
2026-06-19T10:04:42.802346984Z I0619 10:04:42.802070       1 leaderelection.go:293] successfully renewed lease kube-system/external-attacher-leader-ebs-csi-aws-com
2026-06-19T10:04:47.809504984Z I0619 10:04:47.809297       1 leaderelection.go:293] successfully renewed lease kube-system/external-attacher-leader-ebs-csi-aws-com
2026-06-19T10:04:52.815231915Z I0619 10:04:52.815102       1 leaderelection.go:293] successfully renewed lease kube-system/external-attacher-leader-ebs-csi-aws-com
2026-06-19T10:04:57.821482647Z I0619 10:04:57.821285       1 leaderelection.go:293] successfully renewed lease kube-system/external-attacher-leader-ebs-csi-aws-com
2026-06-19T10:05:02.920228101Z I0619 10:05:02.919777       1 leaderelection.go:293] successfully renewed lease kube-system/external-attacher-leader-ebs-csi-aws-com
2026-06-19T10:05:07.937966943Z I0619 10:05:07.937773       1 leaderelection.go:293] successfully renewed lease kube-system/external-attacher-leader-ebs-csi-aws-com
2026-06-19T10:05:12.944013445Z I0619 10:05:12.943700       1 leaderelection.go:293] successfully renewed lease kube-system/external-attacher-leader-ebs-csi-aws-com
2026-06-19T10:05:17.952272231Z I0619 10:05:17.952001       1 leaderelection.go:293] successfully renewed lease kube-system/external-attacher-leader-ebs-csi-aws-com
2026-06-19T10:05:20.886352003Z I0619 10:05:20.886059       1 reflector.go:946] "Watch close" reflector="k8s.io/client-go/informers/factory.go:160" type="*v1.PersistentVolume" totalItems=7
2026-06-19T10:05:22.959061942Z I0619 10:05:22.958884       1 leaderelection.go:293] successfully renewed lease kube-system/external-attacher-leader-ebs-csi-aws-com
2026-06-19T10:05:27.963667747Z I0619 10:05:27.963319       1 leaderelection.go:293] successfully renewed lease kube-system/external-attacher-leader-ebs-csi-aws-com
2026-06-19T10:05:29.869726192Z I0619 10:05:29.869479       1 reflector.go:946] "Watch close" reflector="k8s.io/client-go/informers/factory.go:160" type="*v1.VolumeAttachment" totalItems=8
2026-06-19T10:05:32.969322490Z I0619 10:05:32.969109       1 leaderelection.go:293] successfully renewed lease kube-system/external-attacher-leader-ebs-csi-aws-com
2026-06-19T10:05:37.980678507Z I0619 10:05:37.980390       1 leaderelection.go:293] successfully renewed lease kube-system/external-attacher-leader-ebs-csi-aws-com
2026-06-19T10:05:42.828881131Z I0619 10:05:42.828696       1 reflector.go:450] "Forcing resync" reflector="k8s.io/client-go/informers/factory.go:160"
2026-06-19T10:05:42.834118238Z I0619 10:05:42.833887       1 reflector.go:450] "Forcing resync" reflector="k8s.io/client-go/informers/factory.go:160"
2026-06-19T10:05:42.834183525Z I0619 10:05:42.833992       1 controller.go:213] "Started VolumeAttachment processing" VolumeAttachment="csi-9ccad13160cf5fdacf7aa1e6776e1ecc7899a0d7e176011d9164f9a7aa904701"
2026-06-19T10:05:42.834191059Z I0619 10:05:42.834007       1 csi_handler.go:233] "CSIHandler: processing VolumeAttachment" VolumeAttachment="csi-9ccad13160cf5fdacf7aa1e6776e1ecc7899a0d7e176011d9164f9a7aa904701"
2026-06-19T10:05:42.834195093Z I0619 10:05:42.834016       1 csi_handler.go:256] "VolumeAttachment is already attached" VolumeAttachment="csi-9ccad13160cf5fdacf7aa1e6776e1ecc7899a0d7e176011d9164f9a7aa904701"
2026-06-19T10:05:42.834198691Z I0619 10:05:42.834025       1 csi_handler.go:249] "CSIHandler: finished processing" VolumeAttachment="csi-9ccad13160cf5fdacf7aa1e6776e1ecc7899a0d7e176011d9164f9a7aa904701"
2026-06-19T10:05:42.834202556Z I0619 10:05:42.834030       1 controller.go:213] "Started VolumeAttachment processing" VolumeAttachment="csi-6d3d96299430cc5846f7c4e03dec0ca9223dc2ba26a64a4739ad95c55dfdef26"
2026-06-19T10:05:42.834206725Z I0619 10:05:42.834040       1 csi_handler.go:233] "CSIHandler: processing VolumeAttachment" VolumeAttachment="csi-6d3d96299430cc5846f7c4e03dec0ca9223dc2ba26a64a4739ad95c55dfdef26"
2026-06-19T10:05:42.834226014Z I0619 10:05:42.834047       1 csi_handler.go:256] "VolumeAttachment is already attached" VolumeAttachment="csi-6d3d96299430cc5846f7c4e03dec0ca9223dc2ba26a64a4739ad95c55dfdef26"
2026-06-19T10:05:42.834227985Z I0619 10:05:42.834053       1 csi_handler.go:249] "CSIHandler: finished processing" VolumeAttachment="csi-6d3d96299430cc5846f7c4e03dec0ca9223dc2ba26a64a4739ad95c55dfdef26"
2026-06-19T10:05:42.990220656Z I0619 10:05:42.990077       1 leaderelection.go:293] successfully renewed lease kube-system/external-attacher-leader-ebs-csi-aws-com
2026-06-19T10:05:47.995271192Z I0619 10:05:47.995085       1 leaderelection.go:293] successfully renewed lease kube-system/external-attacher-leader-ebs-csi-aws-com
2026-06-19T10:05:53.000774029Z I0619 10:05:53.000563       1 leaderelection.go:293] successfully renewed lease kube-system/external-attacher-leader-ebs-csi-aws-com
2026-06-19T10:05:58.010235325Z I0619 10:05:58.010016       1 leaderelection.go:293] successfully renewed lease kube-system/external-attacher-leader-ebs-csi-aws-com
2026-06-19T10:06:03.019718376Z I0619 10:06:03.019520       1 leaderelection.go:293] successfully renewed lease kube-system/external-attacher-leader-ebs-csi-aws-com
2026-06-19T10:06:08.034703575Z I0619 10:06:08.034458       1 leaderelection.go:293] successfully renewed lease kube-system/external-attacher-leader-ebs-csi-aws-com
2026-06-19T10:06:13.041635768Z I0619 10:06:13.041425       1 leaderelection.go:293] successfully renewed lease kube-system/external-attacher-leader-ebs-csi-aws-com
2026-06-19T10:06:18.047255176Z I0619 10:06:18.047135       1 leaderelection.go:293] successfully renewed lease kube-system/external-attacher-leader-ebs-csi-aws-com
2026-06-19T10:06:23.059872395Z I0619 10:06:23.059728       1 leaderelection.go:293] successfully renewed lease kube-system/external-attacher-leader-ebs-csi-aws-com
2026-06-19T10:06:28.068147860Z I0619 10:06:28.067990       1 leaderelection.go:293] successfully renewed lease kube-system/external-attacher-leader-ebs-csi-aws-com
2026-06-19T10:06:33.074931858Z I0619 10:06:33.074617       1 leaderelection.go:293] successfully renewed lease kube-system/external-attacher-leader-ebs-csi-aws-com
2026-06-19T10:06:38.082371984Z I0619 10:06:38.080742       1 leaderelection.go:293] successfully renewed lease kube-system/external-attacher-leader-ebs-csi-aws-com
2026-06-19T10:06:43.086442181Z I0619 10:06:43.086309       1 leaderelection.go:293] successfully renewed lease kube-system/external-attacher-leader-ebs-csi-aws-com
2026-06-19T10:06:48.092318316Z I0619 10:06:48.092170       1 leaderelection.go:293] successfully renewed lease kube-system/external-attacher-leader-ebs-csi-aws-com
2026-06-19T10:06:53.098028496Z I0619 10:06:53.097875       1 leaderelection.go:293] successfully renewed lease kube-system/external-attacher-leader-ebs-csi-aws-com
2026-06-19T10:06:58.105398567Z I0619 10:06:58.105274       1 leaderelection.go:293] successfully renewed lease kube-system/external-attacher-leader-ebs-csi-aws-com
2026-06-19T10:07:03.183091075Z I0619 10:07:03.181860       1 leaderelection.go:293] successfully renewed lease kube-system/external-attacher-leader-ebs-csi-aws-com
2026-06-19T10:07:08.189377037Z I0619 10:07:08.189239       1 leaderelection.go:293] successfully renewed lease kube-system/external-attacher-leader-ebs-csi-aws-com
2026-06-19T10:07:13.195371088Z I0619 10:07:13.195192       1 leaderelection.go:293] successfully renewed lease kube-system/external-attacher-leader-ebs-csi-aws-com
2026-06-19T10:07:18.201872665Z I0619 10:07:18.201323       1 leaderelection.go:293] successfully renewed lease kube-system/external-attacher-leader-ebs-csi-aws-com
2026-06-19T10:07:23.207210213Z I0619 10:07:23.207063       1 leaderelection.go:293] successfully renewed lease kube-system/external-attacher-leader-ebs-csi-aws-com
2026-06-19T10:07:28.214665085Z I0619 10:07:28.214502       1 leaderelection.go:293] successfully renewed lease kube-system/external-attacher-leader-ebs-csi-aws-com
2026-06-19T10:07:33.219961760Z I0619 10:07:33.219830       1 leaderelection.go:293] successfully renewed lease kube-system/external-attacher-leader-ebs-csi-aws-com
2026-06-19T10:07:38.225904607Z I0619 10:07:38.225740       1 leaderelection.go:293] successfully renewed lease kube-system/external-attacher-leader-ebs-csi-aws-com
2026-06-19T10:07:43.239394576Z I0619 10:07:43.239198       1 leaderelection.go:293] successfully renewed lease kube-system/external-attacher-leader-ebs-csi-aws-com
2026-06-19T10:07:48.244918841Z I0619 10:07:48.244765       1 leaderelection.go:293] successfully renewed lease kube-system/external-attacher-leader-ebs-csi-aws-com
2026-06-19T10:07:53.250669176Z I0619 10:07:53.250497       1 leaderelection.go:293] successfully renewed lease kube-system/external-attacher-leader-ebs-csi-aws-com
2026-06-19T10:07:58.256779069Z I0619 10:07:58.256617       1 leaderelection.go:293] successfully renewed lease kube-system/external-attacher-leader-ebs-csi-aws-com
2026-06-19T10:08:03.352743637Z I0619 10:08:03.350510       1 leaderelection.go:293] successfully renewed lease kube-system/external-attacher-leader-ebs-csi-aws-com
2026-06-19T10:08:08.356359834Z I0619 10:08:08.356016       1 leaderelection.go:293] successfully renewed lease kube-system/external-attacher-leader-ebs-csi-aws-com
2026-06-19T10:08:13.362690769Z I0619 10:08:13.362447       1 leaderelection.go:293] successfully renewed lease kube-system/external-attacher-leader-ebs-csi-aws-com
2026-06-19T10:08:18.370083107Z I0619 10:08:18.369939       1 leaderelection.go:293] successfully renewed lease kube-system/external-attacher-leader-ebs-csi-aws-com
2026-06-19T10:08:23.375340224Z I0619 10:08:23.375219       1 leaderelection.go:293] successfully renewed lease kube-system/external-attacher-leader-ebs-csi-aws-com
2026-06-19T10:08:28.381378212Z I0619 10:08:28.381047       1 leaderelection.go:293] successfully renewed lease kube-system/external-attacher-leader-ebs-csi-aws-com
2026-06-19T10:08:33.386673759Z I0619 10:08:33.386375       1 leaderelection.go:293] successfully renewed lease kube-system/external-attacher-leader-ebs-csi-aws-com
2026-06-19T10:08:38.392733542Z I0619 10:08:38.392605       1 leaderelection.go:293] successfully renewed lease kube-system/external-attacher-leader-ebs-csi-aws-com
2026-06-19T10:08:43.397823908Z I0619 10:08:43.397696       1 leaderelection.go:293] successfully renewed lease kube-system/external-attacher-leader-ebs-csi-aws-com
2026-06-19T10:08:48.403459773Z I0619 10:08:48.403330       1 leaderelection.go:293] successfully renewed lease kube-system/external-attacher-leader-ebs-csi-aws-com
2026-06-19T10:08:53.411456265Z I0619 10:08:53.411337       1 leaderelection.go:293] successfully renewed lease kube-system/external-attacher-leader-ebs-csi-aws-com
2026-06-19T10:08:58.422179479Z I0619 10:08:58.422027       1 leaderelection.go:293] successfully renewed lease kube-system/external-attacher-leader-ebs-csi-aws-com
2026-06-19T10:08:58.871862223Z I0619 10:08:58.871580       1 reflector.go:946] "Watch close" reflector="k8s.io/client-go/informers/factory.go:160" type="*v1.CSINode" totalItems=6
2026-06-19T10:09:03.792833836Z I0619 10:09:03.792652       1 leaderelection.go:293] successfully renewed lease kube-system/external-attacher-leader-ebs-csi-aws-com
2026-06-19T10:09:08.804669645Z I0619 10:09:08.801284       1 leaderelection.go:293] successfully renewed lease kube-system/external-attacher-leader-ebs-csi-aws-com
2026-06-19T10:09:13.810681995Z I0619 10:09:13.810526       1 leaderelection.go:293] successfully renewed lease kube-system/external-attacher-leader-ebs-csi-aws-com
2026-06-19T10:09:18.816128388Z I0619 10:09:18.815984       1 leaderelection.go:293] successfully renewed lease kube-system/external-attacher-leader-ebs-csi-aws-com
2026-06-19T10:09:23.822078113Z I0619 10:09:23.821897       1 leaderelection.go:293] successfully renewed lease kube-system/external-attacher-leader-ebs-csi-aws-com
2026-06-19T10:09:28.830185523Z I0619 10:09:28.829684       1 leaderelection.go:293] successfully renewed lease kube-system/external-attacher-leader-ebs-csi-aws-com
2026-06-19T10:09:33.837534906Z I0619 10:09:33.837376       1 leaderelection.go:293] successfully renewed lease kube-system/external-attacher-leader-ebs-csi-aws-com
2026-06-19T10:09:38.842704472Z I0619 10:09:38.842573       1 leaderelection.go:293] successfully renewed lease kube-system/external-attacher-leader-ebs-csi-aws-com
2026-06-19T10:09:43.848089683Z I0619 10:09:43.847919       1 leaderelection.go:293] successfully renewed lease kube-system/external-attacher-leader-ebs-csi-aws-com
2026-06-19T10:09:48.855675137Z I0619 10:09:48.855509       1 leaderelection.go:293] successfully renewed lease kube-system/external-attacher-leader-ebs-csi-aws-com
2026-06-19T10:09:53.862062047Z I0619 10:09:53.861865       1 leaderelection.go:293] successfully renewed lease kube-system/external-attacher-leader-ebs-csi-aws-com
2026-06-19T10:09:58.868535812Z I0619 10:09:58.868401       1 leaderelection.go:293] successfully renewed lease kube-system/external-attacher-leader-ebs-csi-aws-com
2026-06-19T10:10:04.143218425Z I0619 10:10:04.143084       1 leaderelection.go:293] successfully renewed lease kube-system/external-attacher-leader-ebs-csi-aws-com
2026-06-19T10:10:09.154690034Z I0619 10:10:09.154538       1 leaderelection.go:293] successfully renewed lease kube-system/external-attacher-leader-ebs-csi-aws-com
2026-06-19T10:10:14.162099724Z I0619 10:10:14.161973       1 leaderelection.go:293] successfully renewed lease kube-system/external-attacher-leader-ebs-csi-aws-com
2026-06-19T10:10:19.168178868Z I0619 10:10:19.168043       1 leaderelection.go:293] successfully renewed lease kube-system/external-attacher-leader-ebs-csi-aws-com
2026-06-19T10:10:24.175832751Z I0619 10:10:24.175700       1 leaderelection.go:293] successfully renewed lease kube-system/external-attacher-leader-ebs-csi-aws-com
2026-06-19T10:10:29.182327269Z I0619 10:10:29.182188       1 leaderelection.go:293] successfully renewed lease kube-system/external-attacher-leader-ebs-csi-aws-com
2026-06-19T10:10:34.187618014Z I0619 10:10:34.187465       1 leaderelection.go:293] successfully renewed lease kube-system/external-attacher-leader-ebs-csi-aws-com
2026-06-19T10:10:39.194667659Z I0619 10:10:39.194534       1 leaderelection.go:293] successfully renewed lease kube-system/external-attacher-leader-ebs-csi-aws-com
2026-06-19T10:10:44.219960489Z I0619 10:10:44.219768       1 leaderelection.go:293] successfully renewed lease kube-system/external-attacher-leader-ebs-csi-aws-com
2026-06-19T10:10:49.225655591Z I0619 10:10:49.225429       1 leaderelection.go:293] successfully renewed lease kube-system/external-attacher-leader-ebs-csi-aws-com
2026-06-19T10:10:54.232665698Z I0619 10:10:54.232493       1 leaderelection.go:293] successfully renewed lease kube-system/external-attacher-leader-ebs-csi-aws-com
2026-06-19T10:10:59.238435403Z I0619 10:10:59.238314       1 leaderelection.go:293] successfully renewed lease kube-system/external-attacher-leader-ebs-csi-aws-com
2026-06-19T10:11:04.273915130Z I0619 10:11:04.272895       1 leaderelection.go:293] successfully renewed lease kube-system/external-attacher-leader-ebs-csi-aws-com
2026-06-19T10:11:09.278810306Z I0619 10:11:09.278624       1 leaderelection.go:293] successfully renewed lease kube-system/external-attacher-leader-ebs-csi-aws-com
2026-06-19T10:11:14.289247170Z I0619 10:11:14.289002       1 leaderelection.go:293] successfully renewed lease kube-system/external-attacher-leader-ebs-csi-aws-com
2026-06-19T10:11:19.295428361Z I0619 10:11:19.295286       1 leaderelection.go:293] successfully renewed lease kube-system/external-attacher-leader-ebs-csi-aws-com
2026-06-19T10:11:24.301518865Z I0619 10:11:24.301358       1 leaderelection.go:293] successfully renewed lease kube-system/external-attacher-leader-ebs-csi-aws-com
2026-06-19T10:11:29.308365832Z I0619 10:11:29.308219       1 leaderelection.go:293] successfully renewed lease kube-system/external-attacher-leader-ebs-csi-aws-com
2026-06-19T10:11:31.873001064Z I0619 10:11:31.872754       1 reflector.go:946] "Watch close" reflector="k8s.io/client-go/informers/factory.go:160" type="*v1.VolumeAttachment" totalItems=6
2026-06-19T10:11:34.313443951Z I0619 10:11:34.313044       1 leaderelection.go:293] successfully renewed lease kube-system/external-attacher-leader-ebs-csi-aws-com
2026-06-19T10:11:39.319241525Z I0619 10:11:39.319003       1 leaderelection.go:293] successfully renewed lease kube-system/external-attacher-leader-ebs-csi-aws-com
2026-06-19T10:11:44.325618001Z I0619 10:11:44.325463       1 leaderelection.go:293] successfully renewed lease kube-system/external-attacher-leader-ebs-csi-aws-com
2026-06-19T10:11:49.331367228Z I0619 10:11:49.331225       1 leaderelection.go:293] successfully renewed lease kube-system/external-attacher-leader-ebs-csi-aws-com
2026-06-19T10:11:54.339777630Z I0619 10:11:54.339656       1 leaderelection.go:293] successfully renewed lease kube-system/external-attacher-leader-ebs-csi-aws-com
2026-06-19T10:11:59.345878815Z I0619 10:11:59.345716       1 leaderelection.go:293] successfully renewed lease kube-system/external-attacher-leader-ebs-csi-aws-com
2026-06-19T10:12:04.369895971Z I0619 10:12:04.369741       1 leaderelection.go:293] successfully renewed lease kube-system/external-attacher-leader-ebs-csi-aws-com
2026-06-19T10:12:09.376305239Z I0619 10:12:09.376115       1 leaderelection.go:293] successfully renewed lease kube-system/external-attacher-leader-ebs-csi-aws-com
2026-06-19T10:12:13.888134418Z I0619 10:12:13.887884       1 reflector.go:946] "Watch close" reflector="k8s.io/client-go/informers/factory.go:160" type="*v1.PersistentVolume" totalItems=8
2026-06-19T10:12:14.382401528Z I0619 10:12:14.382272       1 leaderelection.go:293] successfully renewed lease kube-system/external-attacher-leader-ebs-csi-aws-com
2026-06-19T10:12:19.389693863Z I0619 10:12:19.389542       1 leaderelection.go:293] successfully renewed lease kube-system/external-attacher-leader-ebs-csi-aws-com
2026-06-19T10:12:24.397278096Z I0619 10:12:24.397035       1 leaderelection.go:293] successfully renewed lease kube-system/external-attacher-leader-ebs-csi-aws-com
2026-06-19T10:12:29.402593546Z I0619 10:12:29.402313       1 leaderelection.go:293] successfully renewed lease kube-system/external-attacher-leader-ebs-csi-aws-com
2026-06-19T10:12:34.408361363Z I0619 10:12:34.408199       1 leaderelection.go:293] successfully renewed lease kube-system/external-attacher-leader-ebs-csi-aws-com
2026-06-19T10:12:39.413934366Z I0619 10:12:39.413804       1 leaderelection.go:293] successfully renewed lease kube-system/external-attacher-leader-ebs-csi-aws-com
2026-06-19T10:12:44.423484807Z I0619 10:12:44.421071       1 leaderelection.go:293] successfully renewed lease kube-system/external-attacher-leader-ebs-csi-aws-com
2026-06-19T10:12:49.426940287Z I0619 10:12:49.426814       1 leaderelection.go:293] successfully renewed lease kube-system/external-attacher-leader-ebs-csi-aws-com
2026-06-19T10:12:54.433362895Z I0619 10:12:54.433030       1 leaderelection.go:293] successfully renewed lease kube-system/external-attacher-leader-ebs-csi-aws-com
2026-06-19T10:12:59.438467490Z I0619 10:12:59.438331       1 leaderelection.go:293] successfully renewed lease kube-system/external-attacher-leader-ebs-csi-aws-com
2026-06-19T10:13:04.486318053Z I0619 10:13:04.483203       1 leaderelection.go:293] successfully renewed lease kube-system/external-attacher-leader-ebs-csi-aws-com
2026-06-19T10:13:09.489018119Z I0619 10:13:09.488883       1 leaderelection.go:293] successfully renewed lease kube-system/external-attacher-leader-ebs-csi-aws-com
2026-06-19T10:13:14.495533733Z I0619 10:13:14.495399       1 leaderelection.go:293] successfully renewed lease kube-system/external-attacher-leader-ebs-csi-aws-com
2026-06-19T10:13:19.502106674Z I0619 10:13:19.501854       1 leaderelection.go:293] successfully renewed lease kube-system/external-attacher-leader-ebs-csi-aws-com
2026-06-19T10:13:24.507752615Z I0619 10:13:24.507631       1 leaderelection.go:293] successfully renewed lease kube-system/external-attacher-leader-ebs-csi-aws-com
2026-06-19T10:13:29.515227706Z I0619 10:13:29.515068       1 leaderelection.go:293] successfully renewed lease kube-system/external-attacher-leader-ebs-csi-aws-com
2026-06-19T10:13:34.520633556Z I0619 10:13:34.520472       1 leaderelection.go:293] successfully renewed lease kube-system/external-attacher-leader-ebs-csi-aws-com
2026-06-19T10:13:39.527425759Z I0619 10:13:39.526731       1 leaderelection.go:293] successfully renewed lease kube-system/external-attacher-leader-ebs-csi-aws-com
2026-06-19T10:13:44.535071069Z I0619 10:13:44.534921       1 leaderelection.go:293] successfully renewed lease kube-system/external-attacher-leader-ebs-csi-aws-com
2026-06-19T10:13:49.542604404Z I0619 10:13:49.542331       1 leaderelection.go:293] successfully renewed lease kube-system/external-attacher-leader-ebs-csi-aws-com
2026-06-19T10:13:54.547507594Z I0619 10:13:54.547361       1 leaderelection.go:293] successfully renewed lease kube-system/external-attacher-leader-ebs-csi-aws-com
2026-06-19T10:13:59.555614304Z I0619 10:13:59.555467       1 leaderelection.go:293] successfully renewed lease kube-system/external-attacher-leader-ebs-csi-aws-com
2026-06-19T10:14:04.563658693Z I0619 10:14:04.563533       1 leaderelection.go:293] successfully renewed lease kube-system/external-attacher-leader-ebs-csi-aws-com
2026-06-19T10:14:09.569414375Z I0619 10:14:09.569074       1 leaderelection.go:293] successfully renewed lease kube-system/external-attacher-leader-ebs-csi-aws-com
2026-06-19T10:14:14.574825226Z I0619 10:14:14.574522       1 leaderelection.go:293] successfully renewed lease kube-system/external-attacher-leader-ebs-csi-aws-com
2026-06-19T10:14:19.580558206Z I0619 10:14:19.580417       1 leaderelection.go:293] successfully renewed lease kube-system/external-attacher-leader-ebs-csi-aws-com
2026-06-19T10:14:24.586235683Z I0619 10:14:24.586116       1 leaderelection.go:293] successfully renewed lease kube-system/external-attacher-leader-ebs-csi-aws-com
2026-06-19T10:14:29.592436390Z I0619 10:14:29.592146       1 leaderelection.go:293] successfully renewed lease kube-system/external-attacher-leader-ebs-csi-aws-com
2026-06-19T10:14:34.603079496Z I0619 10:14:34.602944       1 leaderelection.go:293] successfully renewed lease kube-system/external-attacher-leader-ebs-csi-aws-com
2026-06-19T10:14:39.611217942Z I0619 10:14:39.611080       1 leaderelection.go:293] successfully renewed lease kube-system/external-attacher-leader-ebs-csi-aws-com
2026-06-19T10:14:44.621838881Z I0619 10:14:44.621726       1 leaderelection.go:293] successfully renewed lease kube-system/external-attacher-leader-ebs-csi-aws-com
2026-06-19T10:14:49.627849504Z I0619 10:14:49.627692       1 leaderelection.go:293] successfully renewed lease kube-system/external-attacher-leader-ebs-csi-aws-com
2026-06-19T10:14:54.644276413Z I0619 10:14:54.643918       1 leaderelection.go:293] successfully renewed lease kube-system/external-attacher-leader-ebs-csi-aws-com
2026-06-19T10:14:59.649635821Z I0619 10:14:59.649366       1 leaderelection.go:293] successfully renewed lease kube-system/external-attacher-leader-ebs-csi-aws-com
2026-06-19T10:15:04.681936186Z I0619 10:15:04.679307       1 leaderelection.go:293] successfully renewed lease kube-system/external-attacher-leader-ebs-csi-aws-com
2026-06-19T10:15:09.688088323Z I0619 10:15:09.687673       1 leaderelection.go:293] successfully renewed lease kube-system/external-attacher-leader-ebs-csi-aws-com
2026-06-19T10:15:14.694375496Z I0619 10:15:14.694226       1 leaderelection.go:293] successfully renewed lease kube-system/external-attacher-leader-ebs-csi-aws-com
2026-06-19T10:15:19.700847277Z I0619 10:15:19.700706       1 leaderelection.go:293] successfully renewed lease kube-system/external-attacher-leader-ebs-csi-aws-com
2026-06-19T10:15:24.707306110Z I0619 10:15:24.707171       1 leaderelection.go:293] successfully renewed lease kube-system/external-attacher-leader-ebs-csi-aws-com
2026-06-19T10:15:29.715199236Z I0619 10:15:29.715052       1 leaderelection.go:293] successfully renewed lease kube-system/external-attacher-leader-ebs-csi-aws-com
2026-06-19T10:15:34.720666395Z I0619 10:15:34.720510       1 leaderelection.go:293] successfully renewed lease kube-system/external-attacher-leader-ebs-csi-aws-com
2026-06-19T10:15:39.729291872Z I0619 10:15:39.728932       1 leaderelection.go:293] successfully renewed lease kube-system/external-attacher-leader-ebs-csi-aws-com
2026-06-19T10:15:42.829849580Z I0619 10:15:42.829723       1 reflector.go:450] "Forcing resync" reflector="k8s.io/client-go/informers/factory.go:160"
2026-06-19T10:15:42.835124876Z I0619 10:15:42.834969       1 reflector.go:450] "Forcing resync" reflector="k8s.io/client-go/informers/factory.go:160"
2026-06-19T10:15:42.835303613Z I0619 10:15:42.835062       1 controller.go:213] "Started VolumeAttachment processing" VolumeAttachment="csi-9ccad13160cf5fdacf7aa1e6776e1ecc7899a0d7e176011d9164f9a7aa904701"
2026-06-19T10:15:42.835357386Z I0619 10:15:42.835079       1 csi_handler.go:233] "CSIHandler: processing VolumeAttachment" VolumeAttachment="csi-9ccad13160cf5fdacf7aa1e6776e1ecc7899a0d7e176011d9164f9a7aa904701"
2026-06-19T10:15:42.835383516Z I0619 10:15:42.835088       1 csi_handler.go:256] "VolumeAttachment is already attached" VolumeAttachment="csi-9ccad13160cf5fdacf7aa1e6776e1ecc7899a0d7e176011d9164f9a7aa904701"
2026-06-19T10:15:42.835391612Z I0619 10:15:42.835226       1 controller.go:213] "Started VolumeAttachment processing" VolumeAttachment="csi-6d3d96299430cc5846f7c4e03dec0ca9223dc2ba26a64a4739ad95c55dfdef26"
2026-06-19T10:15:42.835395223Z I0619 10:15:42.835321       1 csi_handler.go:233] "CSIHandler: processing VolumeAttachment" VolumeAttachment="csi-6d3d96299430cc5846f7c4e03dec0ca9223dc2ba26a64a4739ad95c55dfdef26"
2026-06-19T10:15:42.835450927Z I0619 10:15:42.835331       1 csi_handler.go:256] "VolumeAttachment is already attached" VolumeAttachment="csi-6d3d96299430cc5846f7c4e03dec0ca9223dc2ba26a64a4739ad95c55dfdef26"
2026-06-19T10:15:42.835465471Z I0619 10:15:42.835378       1 csi_handler.go:249] "CSIHandler: finished processing" VolumeAttachment="csi-9ccad13160cf5fdacf7aa1e6776e1ecc7899a0d7e176011d9164f9a7aa904701"
2026-06-19T10:15:42.835469744Z I0619 10:15:42.835418       1 csi_handler.go:249] "CSIHandler: finished processing" VolumeAttachment="csi-6d3d96299430cc5846f7c4e03dec0ca9223dc2ba26a64a4739ad95c55dfdef26"
2026-06-19T10:15:44.734776006Z I0619 10:15:44.734635       1 leaderelection.go:293] successfully renewed lease kube-system/external-attacher-leader-ebs-csi-aws-com
2026-06-19T10:15:49.742259692Z I0619 10:15:49.742128       1 leaderelection.go:293] successfully renewed lease kube-system/external-attacher-leader-ebs-csi-aws-com
2026-06-19T10:15:54.750383767Z I0619 10:15:54.750108       1 leaderelection.go:293] successfully renewed lease kube-system/external-attacher-leader-ebs-csi-aws-com
2026-06-19T10:15:59.756512108Z I0619 10:15:59.756317       1 leaderelection.go:293] successfully renewed lease kube-system/external-attacher-leader-ebs-csi-aws-com
2026-06-19T10:16:04.764252664Z I0619 10:16:04.763909       1 leaderelection.go:293] successfully renewed lease kube-system/external-attacher-leader-ebs-csi-aws-com
2026-06-19T10:16:09.770670129Z I0619 10:16:09.770479       1 leaderelection.go:293] successfully renewed lease kube-system/external-attacher-leader-ebs-csi-aws-com
2026-06-19T10:16:14.778783723Z I0619 10:16:14.778590       1 leaderelection.go:293] successfully renewed lease kube-system/external-attacher-leader-ebs-csi-aws-com
2026-06-19T10:16:19.785337909Z I0619 10:16:19.784934       1 leaderelection.go:293] successfully renewed lease kube-system/external-attacher-leader-ebs-csi-aws-com
2026-06-19T10:16:24.790456061Z I0619 10:16:24.790297       1 leaderelection.go:293] successfully renewed lease kube-system/external-attacher-leader-ebs-csi-aws-com
2026-06-19T10:16:29.796195156Z I0619 10:16:29.796057       1 leaderelection.go:293] successfully renewed lease kube-system/external-attacher-leader-ebs-csi-aws-com
2026-06-19T10:16:34.809813533Z I0619 10:16:34.809617       1 leaderelection.go:293] successfully renewed lease kube-system/external-attacher-leader-ebs-csi-aws-com
2026-06-19T10:16:39.815257463Z I0619 10:16:39.815141       1 leaderelection.go:293] successfully renewed lease kube-system/external-attacher-leader-ebs-csi-aws-com
2026-06-19T10:16:44.821495692Z I0619 10:16:44.821374       1 leaderelection.go:293] successfully renewed lease kube-system/external-attacher-leader-ebs-csi-aws-com
2026-06-19T10:16:49.827263104Z I0619 10:16:49.827080       1 leaderelection.go:293] successfully renewed lease kube-system/external-attacher-leader-ebs-csi-aws-com
2026-06-19T10:16:54.833627917Z I0619 10:16:54.833464       1 leaderelection.go:293] successfully renewed lease kube-system/external-attacher-leader-ebs-csi-aws-com
2026-06-19T10:16:59.838502736Z I0619 10:16:59.838380       1 leaderelection.go:293] successfully renewed lease kube-system/external-attacher-leader-ebs-csi-aws-com
2026-06-19T10:17:04.864255248Z I0619 10:17:04.863951       1 leaderelection.go:293] successfully renewed lease kube-system/external-attacher-leader-ebs-csi-aws-com
2026-06-19T10:17:09.869952211Z I0619 10:17:09.869790       1 leaderelection.go:293] successfully renewed lease kube-system/external-attacher-leader-ebs-csi-aws-com
2026-06-19T10:17:14.876123904Z I0619 10:17:14.875880       1 leaderelection.go:293] successfully renewed lease kube-system/external-attacher-leader-ebs-csi-aws-com
2026-06-19T10:17:19.882338526Z I0619 10:17:19.882204       1 leaderelection.go:293] successfully renewed lease kube-system/external-attacher-leader-ebs-csi-aws-com
2026-06-19T10:17:24.887994779Z I0619 10:17:24.887866       1 leaderelection.go:293] successfully renewed lease kube-system/external-attacher-leader-ebs-csi-aws-com
2026-06-19T10:17:29.895063004Z I0619 10:17:29.894909       1 leaderelection.go:293] successfully renewed lease kube-system/external-attacher-leader-ebs-csi-aws-com
2026-06-19T10:17:34.904556181Z I0619 10:17:34.904110       1 leaderelection.go:293] successfully renewed lease kube-system/external-attacher-leader-ebs-csi-aws-com
2026-06-19T10:17:39.909779011Z I0619 10:17:39.909633       1 leaderelection.go:293] successfully renewed lease kube-system/external-attacher-leader-ebs-csi-aws-com
2026-06-19T10:17:44.915813639Z I0619 10:17:44.915586       1 leaderelection.go:293] successfully renewed lease kube-system/external-attacher-leader-ebs-csi-aws-com
2026-06-19T10:17:49.922120973Z I0619 10:17:49.922005       1 leaderelection.go:293] successfully renewed lease kube-system/external-attacher-leader-ebs-csi-aws-com
2026-06-19T10:17:54.930922586Z I0619 10:17:54.930578       1 leaderelection.go:293] successfully renewed lease kube-system/external-attacher-leader-ebs-csi-aws-com
2026-06-19T10:17:59.936206123Z I0619 10:17:59.936055       1 leaderelection.go:293] successfully renewed lease kube-system/external-attacher-leader-ebs-csi-aws-com
2026-06-19T10:18:04.946865465Z I0619 10:18:04.946664       1 leaderelection.go:293] successfully renewed lease kube-system/external-attacher-leader-ebs-csi-aws-com
2026-06-19T10:18:09.952130355Z I0619 10:18:09.951998       1 leaderelection.go:293] successfully renewed lease kube-system/external-attacher-leader-ebs-csi-aws-com
2026-06-19T10:18:14.958644858Z I0619 10:18:14.958226       1 leaderelection.go:293] successfully renewed lease kube-system/external-attacher-leader-ebs-csi-aws-com
2026-06-19T10:18:15.874105145Z I0619 10:18:15.873842       1 reflector.go:946] "Watch close" reflector="k8s.io/client-go/informers/factory.go:160" type="*v1.CSINode" totalItems=10
2026-06-19T10:18:19.965727553Z I0619 10:18:19.965540       1 leaderelection.go:293] successfully renewed lease kube-system/external-attacher-leader-ebs-csi-aws-com
2026-06-19T10:18:24.973225009Z I0619 10:18:24.973092       1 leaderelection.go:293] successfully renewed lease kube-system/external-attacher-leader-ebs-csi-aws-com
2026-06-19T10:18:29.979192048Z I0619 10:18:29.979056       1 leaderelection.go:293] successfully renewed lease kube-system/external-attacher-leader-ebs-csi-aws-com
2026-06-19T10:18:34.986185318Z I0619 10:18:34.986067       1 leaderelection.go:293] successfully renewed lease kube-system/external-attacher-leader-ebs-csi-aws-com
2026-06-19T10:18:39.992078582Z I0619 10:18:39.991942       1 leaderelection.go:293] successfully renewed lease kube-system/external-attacher-leader-ebs-csi-aws-com
2026-06-19T10:18:44.997250356Z I0619 10:18:44.997112       1 leaderelection.go:293] successfully renewed lease kube-system/external-attacher-leader-ebs-csi-aws-com
2026-06-19T10:18:50.003039867Z I0619 10:18:50.002780       1 leaderelection.go:293] successfully renewed lease kube-system/external-attacher-leader-ebs-csi-aws-com
2026-06-19T10:18:55.008726030Z I0619 10:18:55.008575       1 leaderelection.go:293] successfully renewed lease kube-system/external-attacher-leader-ebs-csi-aws-com
2026-06-19T10:19:00.056265779Z I0619 10:19:00.056049       1 leaderelection.go:293] successfully renewed lease kube-system/external-attacher-leader-ebs-csi-aws-com
2026-06-19T10:19:05.078363124Z I0619 10:19:05.077491       1 leaderelection.go:293] successfully renewed lease kube-system/external-attacher-leader-ebs-csi-aws-com
2026-06-19T10:19:10.083276772Z I0619 10:19:10.083154       1 leaderelection.go:293] successfully renewed lease kube-system/external-attacher-leader-ebs-csi-aws-com
2026-06-19T10:19:15.089424397Z I0619 10:19:15.089278       1 leaderelection.go:293] successfully renewed lease kube-system/external-attacher-leader-ebs-csi-aws-com
2026-06-19T10:19:20.095625231Z I0619 10:19:20.095484       1 leaderelection.go:293] successfully renewed lease kube-system/external-attacher-leader-ebs-csi-aws-com
2026-06-19T10:19:25.101900702Z I0619 10:19:25.101756       1 leaderelection.go:293] successfully renewed lease kube-system/external-attacher-leader-ebs-csi-aws-com
2026-06-19T10:19:30.110058260Z I0619 10:19:30.109913       1 leaderelection.go:293] successfully renewed lease kube-system/external-attacher-leader-ebs-csi-aws-com
2026-06-19T10:19:35.115979475Z I0619 10:19:35.115800       1 leaderelection.go:293] successfully renewed lease kube-system/external-attacher-leader-ebs-csi-aws-com
2026-06-19T10:19:40.121690788Z I0619 10:19:40.121494       1 leaderelection.go:293] successfully renewed lease kube-system/external-attacher-leader-ebs-csi-aws-com
2026-06-19T10:19:45.126649831Z I0619 10:19:45.126511       1 leaderelection.go:293] successfully renewed lease kube-system/external-attacher-leader-ebs-csi-aws-com
2026-06-19T10:19:50.132896170Z I0619 10:19:50.132776       1 leaderelection.go:293] successfully renewed lease kube-system/external-attacher-leader-ebs-csi-aws-com
2026-06-19T10:19:55.138744796Z I0619 10:19:55.138599       1 leaderelection.go:293] successfully renewed lease kube-system/external-attacher-leader-ebs-csi-aws-com
2026-06-19T10:20:00.172383376Z I0619 10:20:00.172162       1 leaderelection.go:293] successfully renewed lease kube-system/external-attacher-leader-ebs-csi-aws-com
2026-06-19T10:20:05.190206540Z I0619 10:20:05.190056       1 leaderelection.go:293] successfully renewed lease kube-system/external-attacher-leader-ebs-csi-aws-com
2026-06-19T10:20:10.195322438Z I0619 10:20:10.195182       1 leaderelection.go:293] successfully renewed lease kube-system/external-attacher-leader-ebs-csi-aws-com
2026-06-19T10:20:15.201600407Z I0619 10:20:15.201457       1 leaderelection.go:293] successfully renewed lease kube-system/external-attacher-leader-ebs-csi-aws-com
2026-06-19T10:20:20.207921374Z I0619 10:20:20.207680       1 leaderelection.go:293] successfully renewed lease kube-system/external-attacher-leader-ebs-csi-aws-com
2026-06-19T10:20:25.214143891Z I0619 10:20:25.214005       1 leaderelection.go:293] successfully renewed lease kube-system/external-attacher-leader-ebs-csi-aws-com
2026-06-19T10:20:30.219161501Z I0619 10:20:30.218954       1 leaderelection.go:293] successfully renewed lease kube-system/external-attacher-leader-ebs-csi-aws-com
2026-06-19T10:20:35.226062849Z I0619 10:20:35.225853       1 leaderelection.go:293] successfully renewed lease kube-system/external-attacher-leader-ebs-csi-aws-com
2026-06-19T10:20:40.232206046Z I0619 10:20:40.232080       1 leaderelection.go:293] successfully renewed lease kube-system/external-attacher-leader-ebs-csi-aws-com
2026-06-19T10:20:43.874698239Z I0619 10:20:43.874468       1 reflector.go:946] "Watch close" reflector="k8s.io/client-go/informers/factory.go:160" type="*v1.VolumeAttachment" totalItems=11
2026-06-19T10:20:45.238387808Z I0619 10:20:45.238250       1 leaderelection.go:293] successfully renewed lease kube-system/external-attacher-leader-ebs-csi-aws-com
2026-06-19T10:20:50.243578797Z I0619 10:20:50.243425       1 leaderelection.go:293] successfully renewed lease kube-system/external-attacher-leader-ebs-csi-aws-com
2026-06-19T10:20:55.249766252Z I0619 10:20:55.249591       1 leaderelection.go:293] successfully renewed lease kube-system/external-attacher-leader-ebs-csi-aws-com
2026-06-19T10:21:00.255268714Z I0619 10:21:00.254783       1 leaderelection.go:293] successfully renewed lease kube-system/external-attacher-leader-ebs-csi-aws-com
2026-06-19T10:21:05.262320081Z I0619 10:21:05.262124       1 leaderelection.go:293] successfully renewed lease kube-system/external-attacher-leader-ebs-csi-aws-com
2026-06-19T10:21:10.267322692Z I0619 10:21:10.267186       1 leaderelection.go:293] successfully renewed lease kube-system/external-attacher-leader-ebs-csi-aws-com
2026-06-19T10:21:15.276251528Z I0619 10:21:15.276116       1 leaderelection.go:293] successfully renewed lease kube-system/external-attacher-leader-ebs-csi-aws-com
2026-06-19T10:21:20.282157577Z I0619 10:21:20.282020       1 leaderelection.go:293] successfully renewed lease kube-system/external-attacher-leader-ebs-csi-aws-com
2026-06-19T10:21:25.288792535Z I0619 10:21:25.288668       1 leaderelection.go:293] successfully renewed lease kube-system/external-attacher-leader-ebs-csi-aws-com
2026-06-19T10:21:30.296042103Z I0619 10:21:30.295757       1 leaderelection.go:293] successfully renewed lease kube-system/external-attacher-leader-ebs-csi-aws-com
2026-06-19T10:21:35.313200255Z I0619 10:21:35.312809       1 leaderelection.go:293] successfully renewed lease kube-system/external-attacher-leader-ebs-csi-aws-com
2026-06-19T10:21:40.318782894Z I0619 10:21:40.318657       1 leaderelection.go:293] successfully renewed lease kube-system/external-attacher-leader-ebs-csi-aws-com
2026-06-19T10:21:45.324766675Z I0619 10:21:45.324571       1 leaderelection.go:293] successfully renewed lease kube-system/external-attacher-leader-ebs-csi-aws-com
2026-06-19T10:21:50.336535773Z I0619 10:21:50.336391       1 leaderelection.go:293] successfully renewed lease kube-system/external-attacher-leader-ebs-csi-aws-com
2026-06-19T10:21:53.891046711Z I0619 10:21:53.890652       1 reflector.go:946] "Watch close" reflector="k8s.io/client-go/informers/factory.go:160" type="*v1.PersistentVolume" totalItems=11
2026-06-19T10:21:55.341991419Z I0619 10:21:55.341749       1 leaderelection.go:293] successfully renewed lease kube-system/external-attacher-leader-ebs-csi-aws-com
2026-06-19T10:22:00.346429422Z I0619 10:22:00.346218       1 leaderelection.go:293] successfully renewed lease kube-system/external-attacher-leader-ebs-csi-aws-com
2026-06-19T10:22:05.354341292Z I0619 10:22:05.354208       1 leaderelection.go:293] successfully renewed lease kube-system/external-attacher-leader-ebs-csi-aws-com
2026-06-19T10:22:10.360262657Z I0619 10:22:10.360128       1 leaderelection.go:293] successfully renewed lease kube-system/external-attacher-leader-ebs-csi-aws-com
2026-06-19T10:22:15.366167389Z I0619 10:22:15.366034       1 leaderelection.go:293] successfully renewed lease kube-system/external-attacher-leader-ebs-csi-aws-com
2026-06-19T10:22:20.373975584Z I0619 10:22:20.373805       1 leaderelection.go:293] successfully renewed lease kube-system/external-attacher-leader-ebs-csi-aws-com
2026-06-19T10:22:25.380565942Z I0619 10:22:25.380430       1 leaderelection.go:293] successfully renewed lease kube-system/external-attacher-leader-ebs-csi-aws-com
2026-06-19T10:22:30.388791263Z I0619 10:22:30.388197       1 leaderelection.go:293] successfully renewed lease kube-system/external-attacher-leader-ebs-csi-aws-com
2026-06-19T10:22:35.396900114Z I0619 10:22:35.396773       1 leaderelection.go:293] successfully renewed lease kube-system/external-attacher-leader-ebs-csi-aws-com
2026-06-19T10:22:40.402902846Z I0619 10:22:40.402758       1 leaderelection.go:293] successfully renewed lease kube-system/external-attacher-leader-ebs-csi-aws-com
2026-06-19T10:22:45.408878015Z I0619 10:22:45.408718       1 leaderelection.go:293] successfully renewed lease kube-system/external-attacher-leader-ebs-csi-aws-com
2026-06-19T10:22:50.414419178Z I0619 10:22:50.414255       1 leaderelection.go:293] successfully renewed lease kube-system/external-attacher-leader-ebs-csi-aws-com
2026-06-19T10:22:55.420853752Z I0619 10:22:55.420733       1 leaderelection.go:293] successfully renewed lease kube-system/external-attacher-leader-ebs-csi-aws-com
2026-06-19T10:23:00.426193045Z I0619 10:23:00.426059       1 leaderelection.go:293] successfully renewed lease kube-system/external-attacher-leader-ebs-csi-aws-com
2026-06-19T10:23:05.432330511Z I0619 10:23:05.432196       1 leaderelection.go:293] successfully renewed lease kube-system/external-attacher-leader-ebs-csi-aws-com
2026-06-19T10:23:10.442015572Z I0619 10:23:10.441878       1 leaderelection.go:293] successfully renewed lease kube-system/external-attacher-leader-ebs-csi-aws-com
2026-06-19T10:23:15.450287102Z I0619 10:23:15.450135       1 leaderelection.go:293] successfully renewed lease kube-system/external-attacher-leader-ebs-csi-aws-com
2026-06-19T10:23:20.455121831Z I0619 10:23:20.454941       1 leaderelection.go:293] successfully renewed lease kube-system/external-attacher-leader-ebs-csi-aws-com
2026-06-19T10:23:25.463376839Z I0619 10:23:25.463219       1 leaderelection.go:293] successfully renewed lease kube-system/external-attacher-leader-ebs-csi-aws-com
2026-06-19T10:23:30.470103259Z I0619 10:23:30.469979       1 leaderelection.go:293] successfully renewed lease kube-system/external-attacher-leader-ebs-csi-aws-com
2026-06-19T10:23:35.475114364Z I0619 10:23:35.474941       1 leaderelection.go:293] successfully renewed lease kube-system/external-attacher-leader-ebs-csi-aws-com
2026-06-19T10:23:40.480306043Z I0619 10:23:40.480138       1 leaderelection.go:293] successfully renewed lease kube-system/external-attacher-leader-ebs-csi-aws-com
2026-06-19T10:23:45.486602306Z I0619 10:23:45.486451       1 leaderelection.go:293] successfully renewed lease kube-system/external-attacher-leader-ebs-csi-aws-com
2026-06-19T10:23:50.491471173Z I0619 10:23:50.491193       1 leaderelection.go:293] successfully renewed lease kube-system/external-attacher-leader-ebs-csi-aws-com
2026-06-19T10:23:55.497653524Z I0619 10:23:55.497456       1 leaderelection.go:293] successfully renewed lease kube-system/external-attacher-leader-ebs-csi-aws-com
2026-06-19T10:24:00.503631597Z I0619 10:24:00.503378       1 leaderelection.go:293] successfully renewed lease kube-system/external-attacher-leader-ebs-csi-aws-com
2026-06-19T10:24:05.510714634Z I0619 10:24:05.510493       1 leaderelection.go:293] successfully renewed lease kube-system/external-attacher-leader-ebs-csi-aws-com
2026-06-19T10:24:10.516112048Z I0619 10:24:10.515928       1 leaderelection.go:293] successfully renewed lease kube-system/external-attacher-leader-ebs-csi-aws-com
2026-06-19T10:24:15.524392577Z I0619 10:24:15.524245       1 leaderelection.go:293] successfully renewed lease kube-system/external-attacher-leader-ebs-csi-aws-com
2026-06-19T10:24:20.533447593Z I0619 10:24:20.533302       1 leaderelection.go:293] successfully renewed lease kube-system/external-attacher-leader-ebs-csi-aws-com
2026-06-19T10:24:25.540666769Z I0619 10:24:25.540571       1 leaderelection.go:293] successfully renewed lease kube-system/external-attacher-leader-ebs-csi-aws-com
2026-06-19T10:24:30.546702860Z I0619 10:24:30.546493       1 leaderelection.go:293] successfully renewed lease kube-system/external-attacher-leader-ebs-csi-aws-com
2026-06-19T10:24:35.552235366Z I0619 10:24:35.552083       1 leaderelection.go:293] successfully renewed lease kube-system/external-attacher-leader-ebs-csi-aws-com
2026-06-19T10:24:40.557429207Z I0619 10:24:40.557285       1 leaderelection.go:293] successfully renewed lease kube-system/external-attacher-leader-ebs-csi-aws-com
2026-06-19T10:24:45.563581935Z I0619 10:24:45.563426       1 leaderelection.go:293] successfully renewed lease kube-system/external-attacher-leader-ebs-csi-aws-com
2026-06-19T10:24:50.569493385Z I0619 10:24:50.569351       1 leaderelection.go:293] successfully renewed lease kube-system/external-attacher-leader-ebs-csi-aws-com
2026-06-19T10:24:55.577854487Z I0619 10:24:55.577708       1 leaderelection.go:293] successfully renewed lease kube-system/external-attacher-leader-ebs-csi-aws-com
2026-06-19T10:25:00.582629062Z I0619 10:25:00.582481       1 leaderelection.go:293] successfully renewed lease kube-system/external-attacher-leader-ebs-csi-aws-com
2026-06-19T10:25:05.590861830Z I0619 10:25:05.590428       1 leaderelection.go:293] successfully renewed lease kube-system/external-attacher-leader-ebs-csi-aws-com
2026-06-19T10:25:10.597699617Z I0619 10:25:10.597522       1 leaderelection.go:293] successfully renewed lease kube-system/external-attacher-leader-ebs-csi-aws-com
2026-06-19T10:25:15.603966587Z I0619 10:25:15.603836       1 leaderelection.go:293] successfully renewed lease kube-system/external-attacher-leader-ebs-csi-aws-com
2026-06-19T10:25:20.610035919Z I0619 10:25:20.609900       1 leaderelection.go:293] successfully renewed lease kube-system/external-attacher-leader-ebs-csi-aws-com
2026-06-19T10:25:25.615526730Z I0619 10:25:25.615376       1 leaderelection.go:293] successfully renewed lease kube-system/external-attacher-leader-ebs-csi-aws-com
2026-06-19T10:25:30.621989560Z I0619 10:25:30.621852       1 leaderelection.go:293] successfully renewed lease kube-system/external-attacher-leader-ebs-csi-aws-com
2026-06-19T10:25:35.628069901Z I0619 10:25:35.627950       1 leaderelection.go:293] successfully renewed lease kube-system/external-attacher-leader-ebs-csi-aws-com
2026-06-19T10:25:40.633921284Z I0619 10:25:40.633795       1 leaderelection.go:293] successfully renewed lease kube-system/external-attacher-leader-ebs-csi-aws-com
2026-06-19T10:25:42.830821124Z I0619 10:25:42.830694       1 reflector.go:450] "Forcing resync" reflector="k8s.io/client-go/informers/factory.go:160"
2026-06-19T10:25:42.836131080Z I0619 10:25:42.835880       1 reflector.go:450] "Forcing resync" reflector="k8s.io/client-go/informers/factory.go:160"
2026-06-19T10:25:42.836157754Z I0619 10:25:42.835968       1 controller.go:213] "Started VolumeAttachment processing" VolumeAttachment="csi-9ccad13160cf5fdacf7aa1e6776e1ecc7899a0d7e176011d9164f9a7aa904701"
2026-06-19T10:25:42.836161480Z I0619 10:25:42.835981       1 csi_handler.go:233] "CSIHandler: processing VolumeAttachment" VolumeAttachment="csi-9ccad13160cf5fdacf7aa1e6776e1ecc7899a0d7e176011d9164f9a7aa904701"
2026-06-19T10:25:42.836164034Z I0619 10:25:42.835989       1 csi_handler.go:256] "VolumeAttachment is already attached" VolumeAttachment="csi-9ccad13160cf5fdacf7aa1e6776e1ecc7899a0d7e176011d9164f9a7aa904701"
2026-06-19T10:25:42.836166804Z I0619 10:25:42.835997       1 csi_handler.go:249] "CSIHandler: finished processing" VolumeAttachment="csi-9ccad13160cf5fdacf7aa1e6776e1ecc7899a0d7e176011d9164f9a7aa904701"
2026-06-19T10:25:42.836169100Z I0619 10:25:42.836014       1 controller.go:213] "Started VolumeAttachment processing" VolumeAttachment="csi-6d3d96299430cc5846f7c4e03dec0ca9223dc2ba26a64a4739ad95c55dfdef26"
2026-06-19T10:25:42.836171418Z I0619 10:25:42.836021       1 csi_handler.go:233] "CSIHandler: processing VolumeAttachment" VolumeAttachment="csi-6d3d96299430cc5846f7c4e03dec0ca9223dc2ba26a64a4739ad95c55dfdef26"
2026-06-19T10:25:42.836173619Z I0619 10:25:42.836028       1 csi_handler.go:256] "VolumeAttachment is already attached" VolumeAttachment="csi-6d3d96299430cc5846f7c4e03dec0ca9223dc2ba26a64a4739ad95c55dfdef26"
2026-06-19T10:25:42.836175756Z I0619 10:25:42.836036       1 csi_handler.go:249] "CSIHandler: finished processing" VolumeAttachment="csi-6d3d96299430cc5846f7c4e03dec0ca9223dc2ba26a64a4739ad95c55dfdef26"
2026-06-19T10:25:45.642932864Z I0619 10:25:45.642779       1 leaderelection.go:293] successfully renewed lease kube-system/external-attacher-leader-ebs-csi-aws-com
2026-06-19T10:25:50.648646117Z I0619 10:25:50.648205       1 leaderelection.go:293] successfully renewed lease kube-system/external-attacher-leader-ebs-csi-aws-com
2026-06-19T10:25:55.654768934Z I0619 10:25:55.654658       1 leaderelection.go:293] successfully renewed lease kube-system/external-attacher-leader-ebs-csi-aws-com
2026-06-19T10:26:00.661304011Z I0619 10:26:00.661141       1 leaderelection.go:293] successfully renewed lease kube-system/external-attacher-leader-ebs-csi-aws-com
2026-06-19T10:26:05.669135613Z I0619 10:26:05.668797       1 leaderelection.go:293] successfully renewed lease kube-system/external-attacher-leader-ebs-csi-aws-com
2026-06-19T10:26:10.674916976Z I0619 10:26:10.674720       1 leaderelection.go:293] successfully renewed lease kube-system/external-attacher-leader-ebs-csi-aws-com
2026-06-19T10:26:15.688712806Z I0619 10:26:15.688534       1 leaderelection.go:293] successfully renewed lease kube-system/external-attacher-leader-ebs-csi-aws-com
2026-06-19T10:26:20.694881329Z I0619 10:26:20.694655       1 leaderelection.go:293] successfully renewed lease kube-system/external-attacher-leader-ebs-csi-aws-com
2026-06-19T10:26:25.701473790Z I0619 10:26:25.701238       1 leaderelection.go:293] successfully renewed lease kube-system/external-attacher-leader-ebs-csi-aws-com
2026-06-19T10:26:25.876736756Z I0619 10:26:25.876206       1 reflector.go:946] "Watch close" reflector="k8s.io/client-go/informers/factory.go:160" type="*v1.VolumeAttachment" totalItems=6
2026-06-19T10:26:30.708784320Z I0619 10:26:30.708505       1 leaderelection.go:293] successfully renewed lease kube-system/external-attacher-leader-ebs-csi-aws-com
2026-06-19T10:26:35.714010679Z I0619 10:26:35.713875       1 leaderelection.go:293] successfully renewed lease kube-system/external-attacher-leader-ebs-csi-aws-com
2026-06-19T10:26:40.720097184Z I0619 10:26:40.719983       1 leaderelection.go:293] successfully renewed lease kube-system/external-attacher-leader-ebs-csi-aws-com
2026-06-19T10:26:45.725323119Z I0619 10:26:45.725164       1 leaderelection.go:293] successfully renewed lease kube-system/external-attacher-leader-ebs-csi-aws-com
2026-06-19T10:26:50.731015146Z I0619 10:26:50.730873       1 leaderelection.go:293] successfully renewed lease kube-system/external-attacher-leader-ebs-csi-aws-com
2026-06-19T10:26:55.739245957Z I0619 10:26:55.739007       1 leaderelection.go:293] successfully renewed lease kube-system/external-attacher-leader-ebs-csi-aws-com
2026-06-19T10:27:00.745591584Z I0619 10:27:00.745434       1 leaderelection.go:293] successfully renewed lease kube-system/external-attacher-leader-ebs-csi-aws-com
2026-06-19T10:27:05.752532635Z I0619 10:27:05.752391       1 leaderelection.go:293] successfully renewed lease kube-system/external-attacher-leader-ebs-csi-aws-com
2026-06-19T10:27:10.758254528Z I0619 10:27:10.758124       1 leaderelection.go:293] successfully renewed lease kube-system/external-attacher-leader-ebs-csi-aws-com
2026-06-19T10:27:15.763803612Z I0619 10:27:15.763665       1 leaderelection.go:293] successfully renewed lease kube-system/external-attacher-leader-ebs-csi-aws-com
2026-06-19T10:27:20.770376408Z I0619 10:27:20.770102       1 leaderelection.go:293] successfully renewed lease kube-system/external-attacher-leader-ebs-csi-aws-com
2026-06-19T10:27:22.875774411Z I0619 10:27:22.875620       1 reflector.go:946] "Watch close" reflector="k8s.io/client-go/informers/factory.go:160" type="*v1.CSINode" totalItems=11
2026-06-19T10:27:25.776160611Z I0619 10:27:25.776007       1 leaderelection.go:293] successfully renewed lease kube-system/external-attacher-leader-ebs-csi-aws-com
2026-06-19T10:27:30.783536604Z I0619 10:27:30.783399       1 leaderelection.go:293] successfully renewed lease kube-system/external-attacher-leader-ebs-csi-aws-com
2026-06-19T10:27:35.789597617Z I0619 10:27:35.789401       1 leaderelection.go:293] successfully renewed lease kube-system/external-attacher-leader-ebs-csi-aws-com
2026-06-19T10:27:40.795271584Z I0619 10:27:40.795096       1 leaderelection.go:293] successfully renewed lease kube-system/external-attacher-leader-ebs-csi-aws-com
2026-06-19T10:27:45.801314152Z I0619 10:27:45.801178       1 leaderelection.go:293] successfully renewed lease kube-system/external-attacher-leader-ebs-csi-aws-com
2026-06-19T10:27:50.807719487Z I0619 10:27:50.807591       1 leaderelection.go:293] successfully renewed lease kube-system/external-attacher-leader-ebs-csi-aws-com
2026-06-19T10:27:55.815714757Z I0619 10:27:55.815589       1 leaderelection.go:293] successfully renewed lease kube-system/external-attacher-leader-ebs-csi-aws-com
2026-06-19T10:28:00.822128235Z I0619 10:28:00.821988       1 leaderelection.go:293] successfully renewed lease kube-system/external-attacher-leader-ebs-csi-aws-com
2026-06-19T10:28:05.835063352Z I0619 10:28:05.834850       1 leaderelection.go:293] successfully renewed lease kube-system/external-attacher-leader-ebs-csi-aws-com
2026-06-19T10:28:10.843649129Z I0619 10:28:10.843462       1 leaderelection.go:293] successfully renewed lease kube-system/external-attacher-leader-ebs-csi-aws-com
2026-06-19T10:28:15.851509705Z I0619 10:28:15.851282       1 leaderelection.go:293] successfully renewed lease kube-system/external-attacher-leader-ebs-csi-aws-com
2026-06-19T10:28:20.861446661Z I0619 10:28:20.860892       1 leaderelection.go:293] successfully renewed lease kube-system/external-attacher-leader-ebs-csi-aws-com
2026-06-19T10:28:25.867271093Z I0619 10:28:25.867126       1 leaderelection.go:293] successfully renewed lease kube-system/external-attacher-leader-ebs-csi-aws-com
2026-06-19T10:28:30.872850252Z I0619 10:28:30.872687       1 leaderelection.go:293] successfully renewed lease kube-system/external-attacher-leader-ebs-csi-aws-com
2026-06-19T10:28:35.878914619Z I0619 10:28:35.878593       1 leaderelection.go:293] successfully renewed lease kube-system/external-attacher-leader-ebs-csi-aws-com
2026-06-19T10:28:40.887070021Z I0619 10:28:40.886929       1 leaderelection.go:293] successfully renewed lease kube-system/external-attacher-leader-ebs-csi-aws-com
2026-06-19T10:28:45.892402399Z I0619 10:28:45.892198       1 leaderelection.go:293] successfully renewed lease kube-system/external-attacher-leader-ebs-csi-aws-com
2026-06-19T10:28:50.898119976Z I0619 10:28:50.897989       1 leaderelection.go:293] successfully renewed lease kube-system/external-attacher-leader-ebs-csi-aws-com
2026-06-19T10:28:55.908589425Z I0619 10:28:55.908404       1 leaderelection.go:293] successfully renewed lease kube-system/external-attacher-leader-ebs-csi-aws-com
2026-06-19T10:29:00.916576094Z I0619 10:29:00.916390       1 leaderelection.go:293] successfully renewed lease kube-system/external-attacher-leader-ebs-csi-aws-com
2026-06-19T10:29:05.924878441Z I0619 10:29:05.924717       1 leaderelection.go:293] successfully renewed lease kube-system/external-attacher-leader-ebs-csi-aws-com
2026-06-19T10:29:10.932405911Z I0619 10:29:10.932249       1 leaderelection.go:293] successfully renewed lease kube-system/external-attacher-leader-ebs-csi-aws-com
2026-06-19T10:29:15.938476978Z I0619 10:29:15.938319       1 leaderelection.go:293] successfully renewed lease kube-system/external-attacher-leader-ebs-csi-aws-com
2026-06-19T10:29:20.943285584Z I0619 10:29:20.943157       1 leaderelection.go:293] successfully renewed lease kube-system/external-attacher-leader-ebs-csi-aws-com
2026-06-19T10:29:25.949152834Z I0619 10:29:25.948832       1 leaderelection.go:293] successfully renewed lease kube-system/external-attacher-leader-ebs-csi-aws-com
2026-06-19T10:29:30.957615278Z I0619 10:29:30.957448       1 leaderelection.go:293] successfully renewed lease kube-system/external-attacher-leader-ebs-csi-aws-com
2026-06-19T10:29:35.962810055Z I0619 10:29:35.962682       1 leaderelection.go:293] successfully renewed lease kube-system/external-attacher-leader-ebs-csi-aws-com
2026-06-19T10:29:40.970131424Z I0619 10:29:40.969995       1 leaderelection.go:293] successfully renewed lease kube-system/external-attacher-leader-ebs-csi-aws-com
2026-06-19T10:29:45.975372889Z I0619 10:29:45.975244       1 leaderelection.go:293] successfully renewed lease kube-system/external-attacher-leader-ebs-csi-aws-com
2026-06-19T10:29:50.981399824Z I0619 10:29:50.981271       1 leaderelection.go:293] successfully renewed lease kube-system/external-attacher-leader-ebs-csi-aws-com
2026-06-19T10:29:55.987368490Z I0619 10:29:55.987239       1 leaderelection.go:293] successfully renewed lease kube-system/external-attacher-leader-ebs-csi-aws-com
2026-06-19T10:30:01.000867103Z I0619 10:30:00.997537       1 leaderelection.go:293] successfully renewed lease kube-system/external-attacher-leader-ebs-csi-aws-com
2026-06-19T10:30:06.030575310Z I0619 10:30:06.030431       1 leaderelection.go:293] successfully renewed lease kube-system/external-attacher-leader-ebs-csi-aws-com
2026-06-19T10:30:11.042278484Z I0619 10:30:11.041687       1 leaderelection.go:293] successfully renewed lease kube-system/external-attacher-leader-ebs-csi-aws-com
2026-06-19T10:30:16.048663823Z I0619 10:30:16.048511       1 leaderelection.go:293] successfully renewed lease kube-system/external-attacher-leader-ebs-csi-aws-com
2026-06-19T10:30:21.054522847Z I0619 10:30:21.054358       1 leaderelection.go:293] successfully renewed lease kube-system/external-attacher-leader-ebs-csi-aws-com
2026-06-19T10:30:26.060667373Z I0619 10:30:26.060536       1 leaderelection.go:293] successfully renewed lease kube-system/external-attacher-leader-ebs-csi-aws-com
2026-06-19T10:30:31.066893653Z I0619 10:30:31.066762       1 leaderelection.go:293] successfully renewed lease kube-system/external-attacher-leader-ebs-csi-aws-com
2026-06-19T10:30:36.073310002Z I0619 10:30:36.073170       1 leaderelection.go:293] successfully renewed lease kube-system/external-attacher-leader-ebs-csi-aws-com
2026-06-19T10:30:41.078736225Z I0619 10:30:41.078607       1 leaderelection.go:293] successfully renewed lease kube-system/external-attacher-leader-ebs-csi-aws-com
2026-06-19T10:30:46.084276869Z I0619 10:30:46.084146       1 leaderelection.go:293] successfully renewed lease kube-system/external-attacher-leader-ebs-csi-aws-com
2026-06-19T10:30:51.089929037Z I0619 10:30:51.089812       1 leaderelection.go:293] successfully renewed lease kube-system/external-attacher-leader-ebs-csi-aws-com
2026-06-19T10:30:56.095494259Z I0619 10:30:56.095337       1 leaderelection.go:293] successfully renewed lease kube-system/external-attacher-leader-ebs-csi-aws-com
2026-06-19T10:31:01.102358751Z I0619 10:31:01.102081       1 leaderelection.go:293] successfully renewed lease kube-system/external-attacher-leader-ebs-csi-aws-com
2026-06-19T10:31:06.111284266Z I0619 10:31:06.111149       1 leaderelection.go:293] successfully renewed lease kube-system/external-attacher-leader-ebs-csi-aws-com
2026-06-19T10:31:11.117590593Z I0619 10:31:11.117392       1 leaderelection.go:293] successfully renewed lease kube-system/external-attacher-leader-ebs-csi-aws-com
2026-06-19T10:31:15.893497564Z I0619 10:31:15.893054       1 reflector.go:946] "Watch close" reflector="k8s.io/client-go/informers/factory.go:160" type="*v1.PersistentVolume" totalItems=10
2026-06-19T10:31:16.124021246Z I0619 10:31:16.123893       1 leaderelection.go:293] successfully renewed lease kube-system/external-attacher-leader-ebs-csi-aws-com
2026-06-19T10:31:21.133603108Z I0619 10:31:21.133294       1 leaderelection.go:293] successfully renewed lease kube-system/external-attacher-leader-ebs-csi-aws-com
2026-06-19T10:31:26.141835186Z I0619 10:31:26.141695       1 leaderelection.go:293] successfully renewed lease kube-system/external-attacher-leader-ebs-csi-aws-com
2026-06-19T10:31:31.147354698Z I0619 10:31:31.147185       1 leaderelection.go:293] successfully renewed lease kube-system/external-attacher-leader-ebs-csi-aws-com
2026-06-19T10:31:36.153579774Z I0619 10:31:36.153427       1 leaderelection.go:293] successfully renewed lease kube-system/external-attacher-leader-ebs-csi-aws-com
2026-06-19T10:31:41.160824033Z I0619 10:31:41.160677       1 leaderelection.go:293] successfully renewed lease kube-system/external-attacher-leader-ebs-csi-aws-com
2026-06-19T10:31:46.166331595Z I0619 10:31:46.165967       1 leaderelection.go:293] successfully renewed lease kube-system/external-attacher-leader-ebs-csi-aws-com
2026-06-19T10:31:51.171022879Z I0619 10:31:51.170814       1 leaderelection.go:293] successfully renewed lease kube-system/external-attacher-leader-ebs-csi-aws-com
2026-06-19T10:31:56.177149236Z I0619 10:31:56.176744       1 leaderelection.go:293] successfully renewed lease kube-system/external-attacher-leader-ebs-csi-aws-com
2026-06-19T10:31:58.878521153Z I0619 10:31:58.878334       1 reflector.go:946] "Watch close" reflector="k8s.io/client-go/informers/factory.go:160" type="*v1.VolumeAttachment" totalItems=7
2026-06-19T10:32:01.196398831Z I0619 10:32:01.196097       1 leaderelection.go:293] successfully renewed lease kube-system/external-attacher-leader-ebs-csi-aws-com
2026-06-19T10:32:06.203766835Z I0619 10:32:06.203641       1 leaderelection.go:293] successfully renewed lease kube-system/external-attacher-leader-ebs-csi-aws-com
2026-06-19T10:32:11.212284371Z I0619 10:32:11.211974       1 leaderelection.go:293] successfully renewed lease kube-system/external-attacher-leader-ebs-csi-aws-com
2026-06-19T10:32:16.221526389Z I0619 10:32:16.221225       1 leaderelection.go:293] successfully renewed lease kube-system/external-attacher-leader-ebs-csi-aws-com
2026-06-19T10:32:21.227390515Z I0619 10:32:21.227246       1 leaderelection.go:293] successfully renewed lease kube-system/external-attacher-leader-ebs-csi-aws-com
2026-06-19T10:32:26.233218211Z I0619 10:32:26.233076       1 leaderelection.go:293] successfully renewed lease kube-system/external-attacher-leader-ebs-csi-aws-com
2026-06-19T10:32:31.241684975Z I0619 10:32:31.240540       1 leaderelection.go:293] successfully renewed lease kube-system/external-attacher-leader-ebs-csi-aws-com
2026-06-19T10:32:36.246940513Z I0619 10:32:36.246797       1 leaderelection.go:293] successfully renewed lease kube-system/external-attacher-leader-ebs-csi-aws-com
2026-06-19T10:32:41.252654153Z I0619 10:32:41.252304       1 leaderelection.go:293] successfully renewed lease kube-system/external-attacher-leader-ebs-csi-aws-com
2026-06-19T10:32:46.258865665Z I0619 10:32:46.258747       1 leaderelection.go:293] successfully renewed lease kube-system/external-attacher-leader-ebs-csi-aws-com
2026-06-19T10:32:51.264558878Z I0619 10:32:51.264409       1 leaderelection.go:293] successfully renewed lease kube-system/external-attacher-leader-ebs-csi-aws-com
2026-06-19T10:32:56.272064200Z I0619 10:32:56.271927       1 leaderelection.go:293] successfully renewed lease kube-system/external-attacher-leader-ebs-csi-aws-com
2026-06-19T10:33:01.301906867Z I0619 10:33:01.301507       1 leaderelection.go:293] successfully renewed lease kube-system/external-attacher-leader-ebs-csi-aws-com
2026-06-19T10:33:06.307875742Z I0619 10:33:06.307719       1 leaderelection.go:293] successfully renewed lease kube-system/external-attacher-leader-ebs-csi-aws-com
2026-06-19T10:33:11.314586861Z I0619 10:33:11.314420       1 leaderelection.go:293] successfully renewed lease kube-system/external-attacher-leader-ebs-csi-aws-com
2026-06-19T10:33:16.319823113Z I0619 10:33:16.319700       1 leaderelection.go:293] successfully renewed lease kube-system/external-attacher-leader-ebs-csi-aws-com
2026-06-19T10:33:21.329884056Z I0619 10:33:21.328773       1 leaderelection.go:293] successfully renewed lease kube-system/external-attacher-leader-ebs-csi-aws-com
2026-06-19T10:33:26.336260072Z I0619 10:33:26.336089       1 leaderelection.go:293] successfully renewed lease kube-system/external-attacher-leader-ebs-csi-aws-com
2026-06-19T10:33:31.344160393Z I0619 10:33:31.343943       1 leaderelection.go:293] successfully renewed lease kube-system/external-attacher-leader-ebs-csi-aws-com
2026-06-19T10:33:36.349795977Z I0619 10:33:36.349666       1 leaderelection.go:293] successfully renewed lease kube-system/external-attacher-leader-ebs-csi-aws-com
2026-06-19T10:33:41.357529030Z I0619 10:33:41.357385       1 leaderelection.go:293] successfully renewed lease kube-system/external-attacher-leader-ebs-csi-aws-com
2026-06-19T10:33:46.365815212Z I0619 10:33:46.365688       1 leaderelection.go:293] successfully renewed lease kube-system/external-attacher-leader-ebs-csi-aws-com
2026-06-19T10:33:51.371961000Z I0619 10:33:51.371827       1 leaderelection.go:293] successfully renewed lease kube-system/external-attacher-leader-ebs-csi-aws-com
2026-06-19T10:33:56.380731177Z I0619 10:33:56.380596       1 leaderelection.go:293] successfully renewed lease kube-system/external-attacher-leader-ebs-csi-aws-com
2026-06-19T10:34:01.459942932Z I0619 10:34:01.458389       1 leaderelection.go:293] successfully renewed lease kube-system/external-attacher-leader-ebs-csi-aws-com
2026-06-19T10:34:06.466097710Z I0619 10:34:06.465968       1 leaderelection.go:293] successfully renewed lease kube-system/external-attacher-leader-ebs-csi-aws-com
2026-06-19T10:34:11.472318598Z I0619 10:34:11.472151       1 leaderelection.go:293] successfully renewed lease kube-system/external-attacher-leader-ebs-csi-aws-com
2026-06-19T10:34:16.478844332Z I0619 10:34:16.478706       1 leaderelection.go:293] successfully renewed lease kube-system/external-attacher-leader-ebs-csi-aws-com
2026-06-19T10:34:21.484806236Z I0619 10:34:21.484668       1 leaderelection.go:293] successfully renewed lease kube-system/external-attacher-leader-ebs-csi-aws-com
2026-06-19T10:34:26.491576346Z I0619 10:34:26.491042       1 leaderelection.go:293] successfully renewed lease kube-system/external-attacher-leader-ebs-csi-aws-com
2026-06-19T10:34:31.496881413Z I0619 10:34:31.496760       1 leaderelection.go:293] successfully renewed lease kube-system/external-attacher-leader-ebs-csi-aws-com
2026-06-19T10:34:36.506955608Z I0619 10:34:36.506822       1 leaderelection.go:293] successfully renewed lease kube-system/external-attacher-leader-ebs-csi-aws-com
2026-06-19T10:34:41.514858049Z I0619 10:34:41.514730       1 leaderelection.go:293] successfully renewed lease kube-system/external-attacher-leader-ebs-csi-aws-com
2026-06-19T10:34:46.522065900Z I0619 10:34:46.521944       1 leaderelection.go:293] successfully renewed lease kube-system/external-attacher-leader-ebs-csi-aws-com
2026-06-19T10:34:51.528063553Z I0619 10:34:51.527937       1 leaderelection.go:293] successfully renewed lease kube-system/external-attacher-leader-ebs-csi-aws-com
2026-06-19T10:34:56.534011089Z I0619 10:34:56.533893       1 leaderelection.go:293] successfully renewed lease kube-system/external-attacher-leader-ebs-csi-aws-com
2026-06-19T10:35:01.557230831Z I0619 10:35:01.554231       1 leaderelection.go:293] successfully renewed lease kube-system/external-attacher-leader-ebs-csi-aws-com
2026-06-19T10:35:06.566842825Z I0619 10:35:06.566002       1 leaderelection.go:293] successfully renewed lease kube-system/external-attacher-leader-ebs-csi-aws-com
2026-06-19T10:35:11.572284005Z I0619 10:35:11.572130       1 leaderelection.go:293] successfully renewed lease kube-system/external-attacher-leader-ebs-csi-aws-com
2026-06-19T10:35:16.578540447Z I0619 10:35:16.578374       1 leaderelection.go:293] successfully renewed lease kube-system/external-attacher-leader-ebs-csi-aws-com
2026-06-19T10:35:21.586411852Z I0619 10:35:21.586261       1 leaderelection.go:293] successfully renewed lease kube-system/external-attacher-leader-ebs-csi-aws-com
2026-06-19T10:35:26.595224321Z I0619 10:35:26.594966       1 leaderelection.go:293] successfully renewed lease kube-system/external-attacher-leader-ebs-csi-aws-com
2026-06-19T10:35:31.606792991Z I0619 10:35:31.606653       1 leaderelection.go:293] successfully renewed lease kube-system/external-attacher-leader-ebs-csi-aws-com
2026-06-19T10:35:36.613787665Z I0619 10:35:36.613504       1 leaderelection.go:293] successfully renewed lease kube-system/external-attacher-leader-ebs-csi-aws-com
2026-06-19T10:35:41.623671289Z I0619 10:35:41.623425       1 leaderelection.go:293] successfully renewed lease kube-system/external-attacher-leader-ebs-csi-aws-com
2026-06-19T10:35:42.831972554Z I0619 10:35:42.831792       1 reflector.go:450] "Forcing resync" reflector="k8s.io/client-go/informers/factory.go:160"
2026-06-19T10:35:42.837434596Z I0619 10:35:42.837183       1 reflector.go:450] "Forcing resync" reflector="k8s.io/client-go/informers/factory.go:160"
2026-06-19T10:35:42.837518883Z I0619 10:35:42.837325       1 controller.go:213] "Started VolumeAttachment processing" VolumeAttachment="csi-9ccad13160cf5fdacf7aa1e6776e1ecc7899a0d7e176011d9164f9a7aa904701"
2026-06-19T10:35:42.837588628Z I0619 10:35:42.837340       1 csi_handler.go:233] "CSIHandler: processing VolumeAttachment" VolumeAttachment="csi-9ccad13160cf5fdacf7aa1e6776e1ecc7899a0d7e176011d9164f9a7aa904701"
2026-06-19T10:35:42.837603853Z I0619 10:35:42.837349       1 csi_handler.go:256] "VolumeAttachment is already attached" VolumeAttachment="csi-9ccad13160cf5fdacf7aa1e6776e1ecc7899a0d7e176011d9164f9a7aa904701"
2026-06-19T10:35:42.837629216Z I0619 10:35:42.837452       1 csi_handler.go:249] "CSIHandler: finished processing" VolumeAttachment="csi-9ccad13160cf5fdacf7aa1e6776e1ecc7899a0d7e176011d9164f9a7aa904701"
2026-06-19T10:35:42.837636587Z I0619 10:35:42.837327       1 controller.go:213] "Started VolumeAttachment processing" VolumeAttachment="csi-6d3d96299430cc5846f7c4e03dec0ca9223dc2ba26a64a4739ad95c55dfdef26"
2026-06-19T10:35:42.837639200Z I0619 10:35:42.837567       1 csi_handler.go:233] "CSIHandler: processing VolumeAttachment" VolumeAttachment="csi-6d3d96299430cc5846f7c4e03dec0ca9223dc2ba26a64a4739ad95c55dfdef26"
2026-06-19T10:35:42.837682045Z I0619 10:35:42.837606       1 csi_handler.go:256] "VolumeAttachment is already attached" VolumeAttachment="csi-6d3d96299430cc5846f7c4e03dec0ca9223dc2ba26a64a4739ad95c55dfdef26"
2026-06-19T10:35:42.837689924Z I0619 10:35:42.837632       1 csi_handler.go:249] "CSIHandler: finished processing" VolumeAttachment="csi-6d3d96299430cc5846f7c4e03dec0ca9223dc2ba26a64a4739ad95c55dfdef26"
2026-06-19T10:35:46.630991707Z I0619 10:35:46.630851       1 leaderelection.go:293] successfully renewed lease kube-system/external-attacher-leader-ebs-csi-aws-com
2026-06-19T10:35:51.637959526Z I0619 10:35:51.637705       1 leaderelection.go:293] successfully renewed lease kube-system/external-attacher-leader-ebs-csi-aws-com
2026-06-19T10:35:56.643673264Z I0619 10:35:56.643364       1 leaderelection.go:293] successfully renewed lease kube-system/external-attacher-leader-ebs-csi-aws-com
2026-06-19T10:36:01.711566209Z I0619 10:36:01.711408       1 leaderelection.go:293] successfully renewed lease kube-system/external-attacher-leader-ebs-csi-aws-com
2026-06-19T10:36:06.719622051Z I0619 10:36:06.719319       1 leaderelection.go:293] successfully renewed lease kube-system/external-attacher-leader-ebs-csi-aws-com
2026-06-19T10:36:11.725187000Z I0619 10:36:11.725060       1 leaderelection.go:293] successfully renewed lease kube-system/external-attacher-leader-ebs-csi-aws-com
2026-06-19T10:36:16.732576913Z I0619 10:36:16.732411       1 leaderelection.go:293] successfully renewed lease kube-system/external-attacher-leader-ebs-csi-aws-com
2026-06-19T10:36:21.738753912Z I0619 10:36:21.738615       1 leaderelection.go:293] successfully renewed lease kube-system/external-attacher-leader-ebs-csi-aws-com
2026-06-19T10:36:26.747082075Z I0619 10:36:26.746981       1 leaderelection.go:293] successfully renewed lease kube-system/external-attacher-leader-ebs-csi-aws-com
2026-06-19T10:36:31.752575112Z I0619 10:36:31.752184       1 leaderelection.go:293] successfully renewed lease kube-system/external-attacher-leader-ebs-csi-aws-com
2026-06-19T10:36:36.760685959Z I0619 10:36:36.760450       1 leaderelection.go:293] successfully renewed lease kube-system/external-attacher-leader-ebs-csi-aws-com
2026-06-19T10:36:41.765992563Z I0619 10:36:41.765872       1 leaderelection.go:293] successfully renewed lease kube-system/external-attacher-leader-ebs-csi-aws-com
2026-06-19T10:36:46.771932167Z I0619 10:36:46.771797       1 leaderelection.go:293] successfully renewed lease kube-system/external-attacher-leader-ebs-csi-aws-com
2026-06-19T10:36:51.779436813Z I0619 10:36:51.779221       1 leaderelection.go:293] successfully renewed lease kube-system/external-attacher-leader-ebs-csi-aws-com
2026-06-19T10:36:56.787629394Z I0619 10:36:56.787489       1 leaderelection.go:293] successfully renewed lease kube-system/external-attacher-leader-ebs-csi-aws-com
2026-06-19T10:37:02.411309139Z I0619 10:37:02.411168       1 leaderelection.go:293] successfully renewed lease kube-system/external-attacher-leader-ebs-csi-aws-com
2026-06-19T10:37:07.416851708Z I0619 10:37:07.416621       1 leaderelection.go:293] successfully renewed lease kube-system/external-attacher-leader-ebs-csi-aws-com
2026-06-19T10:37:12.422661836Z I0619 10:37:12.422518       1 leaderelection.go:293] successfully renewed lease kube-system/external-attacher-leader-ebs-csi-aws-com
2026-06-19T10:37:16.878034915Z I0619 10:37:16.877867       1 reflector.go:946] "Watch close" reflector="k8s.io/client-go/informers/factory.go:160" type="*v1.CSINode" totalItems=10
2026-06-19T10:37:17.429986792Z I0619 10:37:17.429803       1 leaderelection.go:293] successfully renewed lease kube-system/external-attacher-leader-ebs-csi-aws-com
2026-06-19T10:37:22.435330640Z I0619 10:37:22.435195       1 leaderelection.go:293] successfully renewed lease kube-system/external-attacher-leader-ebs-csi-aws-com
2026-06-19T10:37:22.881182533Z I0619 10:37:22.880694       1 reflector.go:946] "Watch close" reflector="k8s.io/client-go/informers/factory.go:160" type="*v1.VolumeAttachment" totalItems=5
2026-06-19T10:37:27.440203821Z I0619 10:37:27.440076       1 leaderelection.go:293] successfully renewed lease kube-system/external-attacher-leader-ebs-csi-aws-com
2026-06-19T10:37:32.445609144Z I0619 10:37:32.445439       1 leaderelection.go:293] successfully renewed lease kube-system/external-attacher-leader-ebs-csi-aws-com
2026-06-19T10:37:37.453448922Z I0619 10:37:37.453259       1 leaderelection.go:293] successfully renewed lease kube-system/external-attacher-leader-ebs-csi-aws-com
2026-06-19T10:37:42.458819347Z I0619 10:37:42.458681       1 leaderelection.go:293] successfully renewed lease kube-system/external-attacher-leader-ebs-csi-aws-com
2026-06-19T10:37:47.467302621Z I0619 10:37:47.467168       1 leaderelection.go:293] successfully renewed lease kube-system/external-attacher-leader-ebs-csi-aws-com
2026-06-19T10:37:52.474674077Z I0619 10:37:52.474487       1 leaderelection.go:293] successfully renewed lease kube-system/external-attacher-leader-ebs-csi-aws-com
2026-06-19T10:37:57.481254742Z I0619 10:37:57.480696       1 leaderelection.go:293] successfully renewed lease kube-system/external-attacher-leader-ebs-csi-aws-com
2026-06-19T10:38:02.511233854Z I0619 10:38:02.510999       1 leaderelection.go:293] successfully renewed lease kube-system/external-attacher-leader-ebs-csi-aws-com
2026-06-19T10:38:07.517650015Z I0619 10:38:07.517489       1 leaderelection.go:293] successfully renewed lease kube-system/external-attacher-leader-ebs-csi-aws-com
2026-06-19T10:38:12.523629854Z I0619 10:38:12.523461       1 leaderelection.go:293] successfully renewed lease kube-system/external-attacher-leader-ebs-csi-aws-com
2026-06-19T10:38:17.529092527Z I0619 10:38:17.528797       1 leaderelection.go:293] successfully renewed lease kube-system/external-attacher-leader-ebs-csi-aws-com
2026-06-19T10:38:22.535378559Z I0619 10:38:22.535215       1 leaderelection.go:293] successfully renewed lease kube-system/external-attacher-leader-ebs-csi-aws-com
2026-06-19T10:38:27.540765169Z I0619 10:38:27.540530       1 leaderelection.go:293] successfully renewed lease kube-system/external-attacher-leader-ebs-csi-aws-com
2026-06-19T10:38:32.549510489Z I0619 10:38:32.549321       1 leaderelection.go:293] successfully renewed lease kube-system/external-attacher-leader-ebs-csi-aws-com
2026-06-19T10:38:37.557125501Z I0619 10:38:37.556876       1 leaderelection.go:293] successfully renewed lease kube-system/external-attacher-leader-ebs-csi-aws-com
2026-06-19T10:38:42.562263516Z I0619 10:38:42.562143       1 leaderelection.go:293] successfully renewed lease kube-system/external-attacher-leader-ebs-csi-aws-com
2026-06-19T10:38:47.567948486Z I0619 10:38:47.567650       1 leaderelection.go:293] successfully renewed lease kube-system/external-attacher-leader-ebs-csi-aws-com
2026-06-19T10:38:52.574312428Z I0619 10:38:52.574165       1 leaderelection.go:293] successfully renewed lease kube-system/external-attacher-leader-ebs-csi-aws-com
2026-06-19T10:38:57.580581415Z I0619 10:38:57.580422       1 leaderelection.go:293] successfully renewed lease kube-system/external-attacher-leader-ebs-csi-aws-com
2026-06-19T10:39:02.658120425Z I0619 10:39:02.657764       1 leaderelection.go:293] successfully renewed lease kube-system/external-attacher-leader-ebs-csi-aws-com
2026-06-19T10:39:07.663257725Z I0619 10:39:07.663093       1 leaderelection.go:293] successfully renewed lease kube-system/external-attacher-leader-ebs-csi-aws-com
2026-06-19T10:39:12.671090449Z I0619 10:39:12.670970       1 leaderelection.go:293] successfully renewed lease kube-system/external-attacher-leader-ebs-csi-aws-com
2026-06-19T10:39:17.676725852Z I0619 10:39:17.676590       1 leaderelection.go:293] successfully renewed lease kube-system/external-attacher-leader-ebs-csi-aws-com
2026-06-19T10:39:22.682107136Z I0619 10:39:22.681984       1 leaderelection.go:293] successfully renewed lease kube-system/external-attacher-leader-ebs-csi-aws-com
2026-06-19T10:39:27.690497348Z I0619 10:39:27.690380       1 leaderelection.go:293] successfully renewed lease kube-system/external-attacher-leader-ebs-csi-aws-com
2026-06-19T10:39:32.695486421Z I0619 10:39:32.695357       1 leaderelection.go:293] successfully renewed lease kube-system/external-attacher-leader-ebs-csi-aws-com
2026-06-19T10:39:37.700749827Z I0619 10:39:37.700623       1 leaderelection.go:293] successfully renewed lease kube-system/external-attacher-leader-ebs-csi-aws-com
2026-06-19T10:39:42.709794706Z I0619 10:39:42.709626       1 leaderelection.go:293] successfully renewed lease kube-system/external-attacher-leader-ebs-csi-aws-com
2026-06-19T10:39:47.715163162Z I0619 10:39:47.715025       1 leaderelection.go:293] successfully renewed lease kube-system/external-attacher-leader-ebs-csi-aws-com
2026-06-19T10:39:52.721245548Z I0619 10:39:52.721123       1 leaderelection.go:293] successfully renewed lease kube-system/external-attacher-leader-ebs-csi-aws-com
2026-06-19T10:39:57.728061894Z I0619 10:39:57.727940       1 leaderelection.go:293] successfully renewed lease kube-system/external-attacher-leader-ebs-csi-aws-com
2026-06-19T10:40:02.826698769Z I0619 10:40:02.826084       1 leaderelection.go:293] successfully renewed lease kube-system/external-attacher-leader-ebs-csi-aws-com
2026-06-19T10:40:07.840021882Z I0619 10:40:07.839836       1 leaderelection.go:293] successfully renewed lease kube-system/external-attacher-leader-ebs-csi-aws-com
2026-06-19T10:40:12.846898840Z I0619 10:40:12.846756       1 leaderelection.go:293] successfully renewed lease kube-system/external-attacher-leader-ebs-csi-aws-com
2026-06-19T10:40:17.852765085Z I0619 10:40:17.852629       1 leaderelection.go:293] successfully renewed lease kube-system/external-attacher-leader-ebs-csi-aws-com
2026-06-19T10:40:22.858517005Z I0619 10:40:22.858395       1 leaderelection.go:293] successfully renewed lease kube-system/external-attacher-leader-ebs-csi-aws-com
2026-06-19T10:40:27.863501208Z I0619 10:40:27.863339       1 leaderelection.go:293] successfully renewed lease kube-system/external-attacher-leader-ebs-csi-aws-com
2026-06-19T10:40:32.869416296Z I0619 10:40:32.868898       1 leaderelection.go:293] successfully renewed lease kube-system/external-attacher-leader-ebs-csi-aws-com
2026-06-19T10:40:36.896033484Z I0619 10:40:36.895881       1 reflector.go:946] "Watch close" reflector="k8s.io/client-go/informers/factory.go:160" type="*v1.PersistentVolume" totalItems=11
2026-06-19T10:40:37.875500368Z I0619 10:40:37.875371       1 leaderelection.go:293] successfully renewed lease kube-system/external-attacher-leader-ebs-csi-aws-com
2026-06-19T10:40:42.880770235Z I0619 10:40:42.880597       1 leaderelection.go:293] successfully renewed lease kube-system/external-attacher-leader-ebs-csi-aws-com
2026-06-19T10:40:47.887667453Z I0619 10:40:47.887459       1 leaderelection.go:293] successfully renewed lease kube-system/external-attacher-leader-ebs-csi-aws-com
2026-06-19T10:40:52.898259347Z I0619 10:40:52.898071       1 leaderelection.go:293] successfully renewed lease kube-system/external-attacher-leader-ebs-csi-aws-com
2026-06-19T10:40:57.902837980Z I0619 10:40:57.902597       1 leaderelection.go:293] successfully renewed lease kube-system/external-attacher-leader-ebs-csi-aws-com
2026-06-19T10:41:02.927204207Z I0619 10:41:02.927032       1 leaderelection.go:293] successfully renewed lease kube-system/external-attacher-leader-ebs-csi-aws-com
2026-06-19T10:41:07.935721238Z I0619 10:41:07.935580       1 leaderelection.go:293] successfully renewed lease kube-system/external-attacher-leader-ebs-csi-aws-com
2026-06-19T10:41:12.942748150Z I0619 10:41:12.942590       1 leaderelection.go:293] successfully renewed lease kube-system/external-attacher-leader-ebs-csi-aws-com
2026-06-19T10:41:17.948613647Z I0619 10:41:17.948440       1 leaderelection.go:293] successfully renewed lease kube-system/external-attacher-leader-ebs-csi-aws-com
2026-06-19T10:41:22.954309298Z I0619 10:41:22.954142       1 leaderelection.go:293] successfully renewed lease kube-system/external-attacher-leader-ebs-csi-aws-com
2026-06-19T10:41:27.960804629Z I0619 10:41:27.960511       1 leaderelection.go:293] successfully renewed lease kube-system/external-attacher-leader-ebs-csi-aws-com
2026-06-19T10:41:32.968620514Z I0619 10:41:32.968461       1 leaderelection.go:293] successfully renewed lease kube-system/external-attacher-leader-ebs-csi-aws-com
2026-06-19T10:41:37.974378583Z I0619 10:41:37.973732       1 leaderelection.go:293] successfully renewed lease kube-system/external-attacher-leader-ebs-csi-aws-com
2026-06-19T10:41:42.980020039Z I0619 10:41:42.979866       1 leaderelection.go:293] successfully renewed lease kube-system/external-attacher-leader-ebs-csi-aws-com
2026-06-19T10:41:47.985475476Z I0619 10:41:47.985343       1 leaderelection.go:293] successfully renewed lease kube-system/external-attacher-leader-ebs-csi-aws-com
2026-06-19T10:41:52.991322984Z I0619 10:41:52.991059       1 leaderelection.go:293] successfully renewed lease kube-system/external-attacher-leader-ebs-csi-aws-com
2026-06-19T10:41:57.996302726Z I0619 10:41:57.996180       1 leaderelection.go:293] successfully renewed lease kube-system/external-attacher-leader-ebs-csi-aws-com
2026-06-19T10:42:03.233850125Z I0619 10:42:03.223727       1 leaderelection.go:293] successfully renewed lease kube-system/external-attacher-leader-ebs-csi-aws-com
2026-06-19T10:42:08.230191683Z I0619 10:42:08.230024       1 leaderelection.go:293] successfully renewed lease kube-system/external-attacher-leader-ebs-csi-aws-com
2026-06-19T10:42:13.237106098Z I0619 10:42:13.236594       1 leaderelection.go:293] successfully renewed lease kube-system/external-attacher-leader-ebs-csi-aws-com
2026-06-19T10:42:18.242868840Z I0619 10:42:18.242734       1 leaderelection.go:293] successfully renewed lease kube-system/external-attacher-leader-ebs-csi-aws-com
2026-06-19T10:42:23.251264155Z I0619 10:42:23.251139       1 leaderelection.go:293] successfully renewed lease kube-system/external-attacher-leader-ebs-csi-aws-com
2026-06-19T10:42:28.256463867Z I0619 10:42:28.256253       1 leaderelection.go:293] successfully renewed lease kube-system/external-attacher-leader-ebs-csi-aws-com
2026-06-19T10:42:33.263469278Z I0619 10:42:33.263230       1 leaderelection.go:293] successfully renewed lease kube-system/external-attacher-leader-ebs-csi-aws-com
2026-06-19T10:42:38.268844222Z I0619 10:42:38.268698       1 leaderelection.go:293] successfully renewed lease kube-system/external-attacher-leader-ebs-csi-aws-com
2026-06-19T10:42:43.277562121Z I0619 10:42:43.277391       1 leaderelection.go:293] successfully renewed lease kube-system/external-attacher-leader-ebs-csi-aws-com
2026-06-19T10:42:48.282431205Z I0619 10:42:48.282285       1 leaderelection.go:293] successfully renewed lease kube-system/external-attacher-leader-ebs-csi-aws-com
2026-06-19T10:42:53.287929588Z I0619 10:42:53.287781       1 leaderelection.go:293] successfully renewed lease kube-system/external-attacher-leader-ebs-csi-aws-com
2026-06-19T10:42:58.295833468Z I0619 10:42:58.295654       1 leaderelection.go:293] successfully renewed lease kube-system/external-attacher-leader-ebs-csi-aws-com
2026-06-19T10:43:03.357653842Z I0619 10:43:03.354372       1 leaderelection.go:293] successfully renewed lease kube-system/external-attacher-leader-ebs-csi-aws-com
2026-06-19T10:43:08.364751115Z I0619 10:43:08.364484       1 leaderelection.go:293] successfully renewed lease kube-system/external-attacher-leader-ebs-csi-aws-com
2026-06-19T10:43:13.369650882Z I0619 10:43:13.369443       1 leaderelection.go:293] successfully renewed lease kube-system/external-attacher-leader-ebs-csi-aws-com
2026-06-19T10:43:18.375265520Z I0619 10:43:18.375054       1 leaderelection.go:293] successfully renewed lease kube-system/external-attacher-leader-ebs-csi-aws-com
2026-06-19T10:43:23.381425239Z I0619 10:43:23.381238       1 leaderelection.go:293] successfully renewed lease kube-system/external-attacher-leader-ebs-csi-aws-com
2026-06-19T10:43:28.386696174Z I0619 10:43:28.386474       1 leaderelection.go:293] successfully renewed lease kube-system/external-attacher-leader-ebs-csi-aws-com
2026-06-19T10:43:33.394109184Z I0619 10:43:33.393878       1 leaderelection.go:293] successfully renewed lease kube-system/external-attacher-leader-ebs-csi-aws-com
2026-06-19T10:43:38.399581834Z I0619 10:43:38.399265       1 leaderelection.go:293] successfully renewed lease kube-system/external-attacher-leader-ebs-csi-aws-com
2026-06-19T10:43:43.405298307Z I0619 10:43:43.404583       1 leaderelection.go:293] successfully renewed lease kube-system/external-attacher-leader-ebs-csi-aws-com
2026-06-19T10:43:48.411593086Z I0619 10:43:48.411423       1 leaderelection.go:293] successfully renewed lease kube-system/external-attacher-leader-ebs-csi-aws-com
2026-06-19T10:43:53.416584199Z I0619 10:43:53.416275       1 leaderelection.go:293] successfully renewed lease kube-system/external-attacher-leader-ebs-csi-aws-com
2026-06-19T10:43:58.424480638Z I0619 10:43:58.424361       1 leaderelection.go:293] successfully renewed lease kube-system/external-attacher-leader-ebs-csi-aws-com
2026-06-19T10:44:03.656262567Z I0619 10:44:03.656108       1 leaderelection.go:293] successfully renewed lease kube-system/external-attacher-leader-ebs-csi-aws-com
2026-06-19T10:44:08.667925725Z I0619 10:44:08.667779       1 leaderelection.go:293] successfully renewed lease kube-system/external-attacher-leader-ebs-csi-aws-com
2026-06-19T10:44:13.676667632Z I0619 10:44:13.674678       1 leaderelection.go:293] successfully renewed lease kube-system/external-attacher-leader-ebs-csi-aws-com
2026-06-19T10:44:18.680757286Z I0619 10:44:18.680632       1 leaderelection.go:293] successfully renewed lease kube-system/external-attacher-leader-ebs-csi-aws-com
2026-06-19T10:44:23.690377318Z I0619 10:44:23.690225       1 leaderelection.go:293] successfully renewed lease kube-system/external-attacher-leader-ebs-csi-aws-com
2026-06-19T10:44:28.699042480Z I0619 10:44:28.698866       1 leaderelection.go:293] successfully renewed lease kube-system/external-attacher-leader-ebs-csi-aws-com
2026-06-19T10:44:33.704462756Z I0619 10:44:33.704309       1 leaderelection.go:293] successfully renewed lease kube-system/external-attacher-leader-ebs-csi-aws-com
2026-06-19T10:44:38.712316011Z I0619 10:44:38.712186       1 leaderelection.go:293] successfully renewed lease kube-system/external-attacher-leader-ebs-csi-aws-com
2026-06-19T10:44:43.717988860Z I0619 10:44:43.717821       1 leaderelection.go:293] successfully renewed lease kube-system/external-attacher-leader-ebs-csi-aws-com
2026-06-19T10:44:48.723721109Z I0619 10:44:48.723569       1 leaderelection.go:293] successfully renewed lease kube-system/external-attacher-leader-ebs-csi-aws-com
2026-06-19T10:44:53.729625286Z I0619 10:44:53.729481       1 leaderelection.go:293] successfully renewed lease kube-system/external-attacher-leader-ebs-csi-aws-com
2026-06-19T10:44:58.738694706Z I0619 10:44:58.738256       1 leaderelection.go:293] successfully renewed lease kube-system/external-attacher-leader-ebs-csi-aws-com
2026-06-19T10:45:03.779859044Z I0619 10:45:03.777026       1 leaderelection.go:293] successfully renewed lease kube-system/external-attacher-leader-ebs-csi-aws-com
2026-06-19T10:45:08.785537888Z I0619 10:45:08.785237       1 leaderelection.go:293] successfully renewed lease kube-system/external-attacher-leader-ebs-csi-aws-com
2026-06-19T10:45:13.791071299Z I0619 10:45:13.790940       1 leaderelection.go:293] successfully renewed lease kube-system/external-attacher-leader-ebs-csi-aws-com
2026-06-19T10:45:18.798337809Z I0619 10:45:18.798213       1 leaderelection.go:293] successfully renewed lease kube-system/external-attacher-leader-ebs-csi-aws-com
2026-06-19T10:45:23.804215044Z I0619 10:45:23.803887       1 leaderelection.go:293] successfully renewed lease kube-system/external-attacher-leader-ebs-csi-aws-com
2026-06-19T10:45:28.815749265Z I0619 10:45:28.815588       1 leaderelection.go:293] successfully renewed lease kube-system/external-attacher-leader-ebs-csi-aws-com
2026-06-19T10:45:33.823307170Z I0619 10:45:33.823156       1 leaderelection.go:293] successfully renewed lease kube-system/external-attacher-leader-ebs-csi-aws-com
2026-06-19T10:45:38.829103593Z I0619 10:45:38.828795       1 leaderelection.go:293] successfully renewed lease kube-system/external-attacher-leader-ebs-csi-aws-com
2026-06-19T10:45:42.832874083Z I0619 10:45:42.832734       1 reflector.go:450] "Forcing resync" reflector="k8s.io/client-go/informers/factory.go:160"
2026-06-19T10:45:42.838492705Z I0619 10:45:42.838327       1 reflector.go:450] "Forcing resync" reflector="k8s.io/client-go/informers/factory.go:160"
2026-06-19T10:45:42.838639919Z I0619 10:45:42.838498       1 controller.go:213] "Started VolumeAttachment processing" VolumeAttachment="csi-9ccad13160cf5fdacf7aa1e6776e1ecc7899a0d7e176011d9164f9a7aa904701"
2026-06-19T10:45:42.838755552Z I0619 10:45:42.838695       1 csi_handler.go:233] "CSIHandler: processing VolumeAttachment" VolumeAttachment="csi-9ccad13160cf5fdacf7aa1e6776e1ecc7899a0d7e176011d9164f9a7aa904701"
2026-06-19T10:45:42.838908075Z I0619 10:45:42.838764       1 csi_handler.go:256] "VolumeAttachment is already attached" VolumeAttachment="csi-9ccad13160cf5fdacf7aa1e6776e1ecc7899a0d7e176011d9164f9a7aa904701"
2026-06-19T10:45:42.838916784Z I0619 10:45:42.838789       1 csi_handler.go:249] "CSIHandler: finished processing" VolumeAttachment="csi-9ccad13160cf5fdacf7aa1e6776e1ecc7899a0d7e176011d9164f9a7aa904701"
2026-06-19T10:45:42.838920286Z I0619 10:45:42.838713       1 controller.go:213] "Started VolumeAttachment processing" VolumeAttachment="csi-6d3d96299430cc5846f7c4e03dec0ca9223dc2ba26a64a4739ad95c55dfdef26"
2026-06-19T10:45:42.838924389Z I0619 10:45:42.838812       1 csi_handler.go:233] "CSIHandler: processing VolumeAttachment" VolumeAttachment="csi-6d3d96299430cc5846f7c4e03dec0ca9223dc2ba26a64a4739ad95c55dfdef26"
2026-06-19T10:45:42.838927366Z I0619 10:45:42.838820       1 csi_handler.go:256] "VolumeAttachment is already attached" VolumeAttachment="csi-6d3d96299430cc5846f7c4e03dec0ca9223dc2ba26a64a4739ad95c55dfdef26"
2026-06-19T10:45:42.838930022Z I0619 10:45:42.838827       1 csi_handler.go:249] "CSIHandler: finished processing" VolumeAttachment="csi-6d3d96299430cc5846f7c4e03dec0ca9223dc2ba26a64a4739ad95c55dfdef26"
2026-06-19T10:45:43.834340279Z I0619 10:45:43.834148       1 leaderelection.go:293] successfully renewed lease kube-system/external-attacher-leader-ebs-csi-aws-com
2026-06-19T10:45:48.839504988Z I0619 10:45:48.839383       1 leaderelection.go:293] successfully renewed lease kube-system/external-attacher-leader-ebs-csi-aws-com
2026-06-19T10:45:53.845771239Z I0619 10:45:53.845623       1 leaderelection.go:293] successfully renewed lease kube-system/external-attacher-leader-ebs-csi-aws-com
2026-06-19T10:45:58.850818931Z I0619 10:45:58.850698       1 leaderelection.go:293] successfully renewed lease kube-system/external-attacher-leader-ebs-csi-aws-com
2026-06-19T10:46:03.903966899Z I0619 10:46:03.903770       1 leaderelection.go:293] successfully renewed lease kube-system/external-attacher-leader-ebs-csi-aws-com
2026-06-19T10:46:08.921297866Z I0619 10:46:08.920848       1 leaderelection.go:293] successfully renewed lease kube-system/external-attacher-leader-ebs-csi-aws-com
2026-06-19T10:46:13.926849758Z I0619 10:46:13.926724       1 leaderelection.go:293] successfully renewed lease kube-system/external-attacher-leader-ebs-csi-aws-com
2026-06-19T10:46:18.882818610Z I0619 10:46:18.882610       1 reflector.go:946] "Watch close" reflector="k8s.io/client-go/informers/factory.go:160" type="*v1.VolumeAttachment" totalItems=10
2026-06-19T10:46:18.932449097Z I0619 10:46:18.932310       1 leaderelection.go:293] successfully renewed lease kube-system/external-attacher-leader-ebs-csi-aws-com
2026-06-19T10:46:23.939539796Z I0619 10:46:23.939421       1 leaderelection.go:293] successfully renewed lease kube-system/external-attacher-leader-ebs-csi-aws-com
2026-06-19T10:46:28.944533480Z I0619 10:46:28.944371       1 leaderelection.go:293] successfully renewed lease kube-system/external-attacher-leader-ebs-csi-aws-com
2026-06-19T10:46:32.880639975Z I0619 10:46:32.880337       1 reflector.go:946] "Watch close" reflector="k8s.io/client-go/informers/factory.go:160" type="*v1.CSINode" totalItems=10
2026-06-19T10:46:33.952058151Z I0619 10:46:33.951915       1 leaderelection.go:293] successfully renewed lease kube-system/external-attacher-leader-ebs-csi-aws-com
2026-06-19T10:46:38.959438074Z I0619 10:46:38.958972       1 leaderelection.go:293] successfully renewed lease kube-system/external-attacher-leader-ebs-csi-aws-com
2026-06-19T10:46:43.966308856Z I0619 10:46:43.966158       1 leaderelection.go:293] successfully renewed lease kube-system/external-attacher-leader-ebs-csi-aws-com
2026-06-19T10:46:48.971412347Z I0619 10:46:48.971269       1 leaderelection.go:293] successfully renewed lease kube-system/external-attacher-leader-ebs-csi-aws-com
2026-06-19T10:46:53.976529224Z I0619 10:46:53.976319       1 leaderelection.go:293] successfully renewed lease kube-system/external-attacher-leader-ebs-csi-aws-com
2026-06-19T10:46:58.983164637Z I0619 10:46:58.983006       1 leaderelection.go:293] successfully renewed lease kube-system/external-attacher-leader-ebs-csi-aws-com
2026-06-19T10:47:04.080030668Z I0619 10:47:04.077035       1 leaderelection.go:293] successfully renewed lease kube-system/external-attacher-leader-ebs-csi-aws-com
2026-06-19T10:47:09.082116657Z I0619 10:47:09.081955       1 leaderelection.go:293] successfully renewed lease kube-system/external-attacher-leader-ebs-csi-aws-com
2026-06-19T10:47:14.089286927Z I0619 10:47:14.089132       1 leaderelection.go:293] successfully renewed lease kube-system/external-attacher-leader-ebs-csi-aws-com
2026-06-19T10:47:19.096491166Z I0619 10:47:19.096328       1 leaderelection.go:293] successfully renewed lease kube-system/external-attacher-leader-ebs-csi-aws-com
2026-06-19T10:47:24.101747337Z I0619 10:47:24.101610       1 leaderelection.go:293] successfully renewed lease kube-system/external-attacher-leader-ebs-csi-aws-com
2026-06-19T10:47:29.107150607Z I0619 10:47:29.107017       1 leaderelection.go:293] successfully renewed lease kube-system/external-attacher-leader-ebs-csi-aws-com
2026-06-19T10:47:34.116734932Z I0619 10:47:34.116589       1 leaderelection.go:293] successfully renewed lease kube-system/external-attacher-leader-ebs-csi-aws-com
2026-06-19T10:47:39.122413459Z I0619 10:47:39.122260       1 leaderelection.go:293] successfully renewed lease kube-system/external-attacher-leader-ebs-csi-aws-com
2026-06-19T10:47:44.128836097Z I0619 10:47:44.128681       1 leaderelection.go:293] successfully renewed lease kube-system/external-attacher-leader-ebs-csi-aws-com
2026-06-19T10:47:49.134891245Z I0619 10:47:49.134761       1 leaderelection.go:293] successfully renewed lease kube-system/external-attacher-leader-ebs-csi-aws-com
2026-06-19T10:47:54.140829963Z I0619 10:47:54.140707       1 leaderelection.go:293] successfully renewed lease kube-system/external-attacher-leader-ebs-csi-aws-com
2026-06-19T10:47:59.146329953Z I0619 10:47:59.146182       1 leaderelection.go:293] successfully renewed lease kube-system/external-attacher-leader-ebs-csi-aws-com
2026-06-19T10:48:04.176398205Z I0619 10:48:04.174314       1 leaderelection.go:293] successfully renewed lease kube-system/external-attacher-leader-ebs-csi-aws-com
2026-06-19T10:48:09.182960674Z I0619 10:48:09.182811       1 leaderelection.go:293] successfully renewed lease kube-system/external-attacher-leader-ebs-csi-aws-com
2026-06-19T10:48:14.188465347Z I0619 10:48:14.188331       1 leaderelection.go:293] successfully renewed lease kube-system/external-attacher-leader-ebs-csi-aws-com
2026-06-19T10:48:19.193810789Z I0619 10:48:19.193614       1 leaderelection.go:293] successfully renewed lease kube-system/external-attacher-leader-ebs-csi-aws-com
2026-06-19T10:48:24.199921523Z I0619 10:48:24.199775       1 leaderelection.go:293] successfully renewed lease kube-system/external-attacher-leader-ebs-csi-aws-com
2026-06-19T10:48:29.205352357Z I0619 10:48:29.205132       1 leaderelection.go:293] successfully renewed lease kube-system/external-attacher-leader-ebs-csi-aws-com
2026-06-19T10:48:34.210318795Z I0619 10:48:34.210192       1 leaderelection.go:293] successfully renewed lease kube-system/external-attacher-leader-ebs-csi-aws-com
2026-06-19T10:48:39.215985657Z I0619 10:48:39.215812       1 leaderelection.go:293] successfully renewed lease kube-system/external-attacher-leader-ebs-csi-aws-com
2026-06-19T10:48:44.233516410Z I0619 10:48:44.233365       1 leaderelection.go:293] successfully renewed lease kube-system/external-attacher-leader-ebs-csi-aws-com
2026-06-19T10:48:49.241682564Z I0619 10:48:49.241540       1 leaderelection.go:293] successfully renewed lease kube-system/external-attacher-leader-ebs-csi-aws-com
2026-06-19T10:48:54.250831807Z I0619 10:48:54.250664       1 leaderelection.go:293] successfully renewed lease kube-system/external-attacher-leader-ebs-csi-aws-com
2026-06-19T10:48:59.256496420Z I0619 10:48:59.256356       1 leaderelection.go:293] successfully renewed lease kube-system/external-attacher-leader-ebs-csi-aws-com
2026-06-19T10:49:04.311211864Z I0619 10:49:04.311091       1 leaderelection.go:293] successfully renewed lease kube-system/external-attacher-leader-ebs-csi-aws-com
2026-06-19T10:49:09.316681123Z I0619 10:49:09.316452       1 leaderelection.go:293] successfully renewed lease kube-system/external-attacher-leader-ebs-csi-aws-com
2026-06-19T10:49:14.322201133Z I0619 10:49:14.322005       1 leaderelection.go:293] successfully renewed lease kube-system/external-attacher-leader-ebs-csi-aws-com
2026-06-19T10:49:19.330221083Z I0619 10:49:19.330089       1 leaderelection.go:293] successfully renewed lease kube-system/external-attacher-leader-ebs-csi-aws-com
2026-06-19T10:49:24.336042386Z I0619 10:49:24.335911       1 leaderelection.go:293] successfully renewed lease kube-system/external-attacher-leader-ebs-csi-aws-com
2026-06-19T10:49:29.344253013Z I0619 10:49:29.344113       1 leaderelection.go:293] successfully renewed lease kube-system/external-attacher-leader-ebs-csi-aws-com
2026-06-19T10:49:34.350909267Z I0619 10:49:34.350757       1 leaderelection.go:293] successfully renewed lease kube-system/external-attacher-leader-ebs-csi-aws-com
2026-06-19T10:49:39.356433959Z I0619 10:49:39.356307       1 leaderelection.go:293] successfully renewed lease kube-system/external-attacher-leader-ebs-csi-aws-com
2026-06-19T10:49:44.362699259Z I0619 10:49:44.362534       1 leaderelection.go:293] successfully renewed lease kube-system/external-attacher-leader-ebs-csi-aws-com
2026-06-19T10:49:49.367270428Z I0619 10:49:49.367148       1 leaderelection.go:293] successfully renewed lease kube-system/external-attacher-leader-ebs-csi-aws-com
2026-06-19T10:49:54.375207146Z I0619 10:49:54.375067       1 leaderelection.go:293] successfully renewed lease kube-system/external-attacher-leader-ebs-csi-aws-com
2026-06-19T10:49:59.381521488Z I0619 10:49:59.381324       1 leaderelection.go:293] successfully renewed lease kube-system/external-attacher-leader-ebs-csi-aws-com
2026-06-19T10:50:04.544098296Z I0619 10:50:04.543911       1 leaderelection.go:293] successfully renewed lease kube-system/external-attacher-leader-ebs-csi-aws-com
2026-06-19T10:50:06.900506233Z I0619 10:50:06.900341       1 reflector.go:946] "Watch close" reflector="k8s.io/client-go/informers/factory.go:160" type="*v1.PersistentVolume" totalItems=10
2026-06-19T10:50:09.550951247Z I0619 10:50:09.550823       1 leaderelection.go:293] successfully renewed lease kube-system/external-attacher-leader-ebs-csi-aws-com
2026-06-19T10:50:14.556027006Z I0619 10:50:14.555757       1 leaderelection.go:293] successfully renewed lease kube-system/external-attacher-leader-ebs-csi-aws-com
2026-06-19T10:50:19.563980360Z I0619 10:50:19.563833       1 leaderelection.go:293] successfully renewed lease kube-system/external-attacher-leader-ebs-csi-aws-com
2026-06-19T10:50:24.570130099Z I0619 10:50:24.569999       1 leaderelection.go:293] successfully renewed lease kube-system/external-attacher-leader-ebs-csi-aws-com
2026-06-19T10:50:29.575446348Z I0619 10:50:29.575299       1 leaderelection.go:293] successfully renewed lease kube-system/external-attacher-leader-ebs-csi-aws-com
2026-06-19T10:50:34.580477239Z I0619 10:50:34.580338       1 leaderelection.go:293] successfully renewed lease kube-system/external-attacher-leader-ebs-csi-aws-com
2026-06-19T10:50:39.586377679Z I0619 10:50:39.586242       1 leaderelection.go:293] successfully renewed lease kube-system/external-attacher-leader-ebs-csi-aws-com
2026-06-19T10:50:44.594679790Z I0619 10:50:44.594472       1 leaderelection.go:293] successfully renewed lease kube-system/external-attacher-leader-ebs-csi-aws-com
2026-06-19T10:50:49.600225612Z I0619 10:50:49.599736       1 leaderelection.go:293] successfully renewed lease kube-system/external-attacher-leader-ebs-csi-aws-com
2026-06-19T10:50:54.605959586Z I0619 10:50:54.605843       1 leaderelection.go:293] successfully renewed lease kube-system/external-attacher-leader-ebs-csi-aws-com
2026-06-19T10:50:59.611948447Z I0619 10:50:59.611803       1 leaderelection.go:293] successfully renewed lease kube-system/external-attacher-leader-ebs-csi-aws-com
2026-06-19T10:51:04.621681072Z I0619 10:51:04.621520       1 leaderelection.go:293] successfully renewed lease kube-system/external-attacher-leader-ebs-csi-aws-com
2026-06-19T10:51:09.630136231Z I0619 10:51:09.629986       1 leaderelection.go:293] successfully renewed lease kube-system/external-attacher-leader-ebs-csi-aws-com
2026-06-19T10:51:14.638356814Z I0619 10:51:14.638228       1 leaderelection.go:293] successfully renewed lease kube-system/external-attacher-leader-ebs-csi-aws-com
2026-06-19T10:51:19.644181020Z I0619 10:51:19.644063       1 leaderelection.go:293] successfully renewed lease kube-system/external-attacher-leader-ebs-csi-aws-com
2026-06-19T10:51:24.651655120Z I0619 10:51:24.651514       1 leaderelection.go:293] successfully renewed lease kube-system/external-attacher-leader-ebs-csi-aws-com
2026-06-19T10:51:29.657837952Z I0619 10:51:29.657700       1 leaderelection.go:293] successfully renewed lease kube-system/external-attacher-leader-ebs-csi-aws-com
2026-06-19T10:51:34.664179406Z I0619 10:51:34.664002       1 leaderelection.go:293] successfully renewed lease kube-system/external-attacher-leader-ebs-csi-aws-com
2026-06-19T10:51:39.670350779Z I0619 10:51:39.670230       1 leaderelection.go:293] successfully renewed lease kube-system/external-attacher-leader-ebs-csi-aws-com
2026-06-19T10:51:44.675579418Z I0619 10:51:44.675381       1 leaderelection.go:293] successfully renewed lease kube-system/external-attacher-leader-ebs-csi-aws-com
2026-06-19T10:51:49.681700713Z I0619 10:51:49.681576       1 leaderelection.go:293] successfully renewed lease kube-system/external-attacher-leader-ebs-csi-aws-com
2026-06-19T10:51:54.687039034Z I0619 10:51:54.686885       1 leaderelection.go:293] successfully renewed lease kube-system/external-attacher-leader-ebs-csi-aws-com
2026-06-19T10:51:59.699569268Z I0619 10:51:59.699418       1 leaderelection.go:293] successfully renewed lease kube-system/external-attacher-leader-ebs-csi-aws-com
2026-06-19T10:52:02.907210389Z I0619 10:52:02.907003       1 reflector.go:946] "Watch close" reflector="k8s.io/client-go/informers/factory.go:160" type="*v1.VolumeAttachment" totalItems=7
2026-06-19T10:52:04.740845390Z I0619 10:52:04.740605       1 leaderelection.go:293] successfully renewed lease kube-system/external-attacher-leader-ebs-csi-aws-com
2026-06-19T10:52:09.746780937Z I0619 10:52:09.746619       1 leaderelection.go:293] successfully renewed lease kube-system/external-attacher-leader-ebs-csi-aws-com
2026-06-19T10:52:14.752424617Z I0619 10:52:14.752284       1 leaderelection.go:293] successfully renewed lease kube-system/external-attacher-leader-ebs-csi-aws-com
2026-06-19T10:52:19.757760362Z I0619 10:52:19.757598       1 leaderelection.go:293] successfully renewed lease kube-system/external-attacher-leader-ebs-csi-aws-com
2026-06-19T10:52:24.763530374Z I0619 10:52:24.763315       1 leaderelection.go:293] successfully renewed lease kube-system/external-attacher-leader-ebs-csi-aws-com
2026-06-19T10:52:29.770215305Z I0619 10:52:29.770061       1 leaderelection.go:293] successfully renewed lease kube-system/external-attacher-leader-ebs-csi-aws-com
2026-06-19T10:52:34.775851126Z I0619 10:52:34.775722       1 leaderelection.go:293] successfully renewed lease kube-system/external-attacher-leader-ebs-csi-aws-com
2026-06-19T10:52:39.783613815Z I0619 10:52:39.783449       1 leaderelection.go:293] successfully renewed lease kube-system/external-attacher-leader-ebs-csi-aws-com
2026-06-19T10:52:44.790803377Z I0619 10:52:44.790670       1 leaderelection.go:293] successfully renewed lease kube-system/external-attacher-leader-ebs-csi-aws-com
2026-06-19T10:52:49.795804890Z I0619 10:52:49.795635       1 leaderelection.go:293] successfully renewed lease kube-system/external-attacher-leader-ebs-csi-aws-com
2026-06-19T10:52:54.802830566Z I0619 10:52:54.802736       1 leaderelection.go:293] successfully renewed lease kube-system/external-attacher-leader-ebs-csi-aws-com
2026-06-19T10:52:59.809424120Z I0619 10:52:59.809295       1 leaderelection.go:293] successfully renewed lease kube-system/external-attacher-leader-ebs-csi-aws-com
2026-06-19T10:53:04.815602244Z I0619 10:53:04.815461       1 leaderelection.go:293] successfully renewed lease kube-system/external-attacher-leader-ebs-csi-aws-com
2026-06-19T10:53:09.821614208Z I0619 10:53:09.821433       1 leaderelection.go:293] successfully renewed lease kube-system/external-attacher-leader-ebs-csi-aws-com
2026-06-19T10:53:14.828038497Z I0619 10:53:14.827896       1 leaderelection.go:293] successfully renewed lease kube-system/external-attacher-leader-ebs-csi-aws-com
2026-06-19T10:53:19.836098670Z I0619 10:53:19.835979       1 leaderelection.go:293] successfully renewed lease kube-system/external-attacher-leader-ebs-csi-aws-com
2026-06-19T10:53:24.846752181Z I0619 10:53:24.846608       1 leaderelection.go:293] successfully renewed lease kube-system/external-attacher-leader-ebs-csi-aws-com
2026-06-19T10:53:29.852390305Z I0619 10:53:29.852260       1 leaderelection.go:293] successfully renewed lease kube-system/external-attacher-leader-ebs-csi-aws-com
2026-06-19T10:53:34.858590371Z I0619 10:53:34.858441       1 leaderelection.go:293] successfully renewed lease kube-system/external-attacher-leader-ebs-csi-aws-com
2026-06-19T10:53:39.864023494Z I0619 10:53:39.863878       1 leaderelection.go:293] successfully renewed lease kube-system/external-attacher-leader-ebs-csi-aws-com
2026-06-19T10:53:44.869939451Z I0619 10:53:44.869817       1 leaderelection.go:293] successfully renewed lease kube-system/external-attacher-leader-ebs-csi-aws-com
2026-06-19T10:53:49.875308143Z I0619 10:53:49.875159       1 leaderelection.go:293] successfully renewed lease kube-system/external-attacher-leader-ebs-csi-aws-com
2026-06-19T10:53:54.880751881Z I0619 10:53:54.880619       1 leaderelection.go:293] successfully renewed lease kube-system/external-attacher-leader-ebs-csi-aws-com
2026-06-19T10:53:59.895227897Z I0619 10:53:59.895071       1 leaderelection.go:293] successfully renewed lease kube-system/external-attacher-leader-ebs-csi-aws-com
2026-06-19T10:54:04.926801778Z I0619 10:54:04.926341       1 leaderelection.go:293] successfully renewed lease kube-system/external-attacher-leader-ebs-csi-aws-com
2026-06-19T10:54:09.932925422Z I0619 10:54:09.932795       1 leaderelection.go:293] successfully renewed lease kube-system/external-attacher-leader-ebs-csi-aws-com
2026-06-19T10:54:14.938738826Z I0619 10:54:14.938430       1 leaderelection.go:293] successfully renewed lease kube-system/external-attacher-leader-ebs-csi-aws-com
2026-06-19T10:54:19.943990489Z I0619 10:54:19.943859       1 leaderelection.go:293] successfully renewed lease kube-system/external-attacher-leader-ebs-csi-aws-com
2026-06-19T10:54:24.950182549Z I0619 10:54:24.950058       1 leaderelection.go:293] successfully renewed lease kube-system/external-attacher-leader-ebs-csi-aws-com
2026-06-19T10:54:29.956612461Z I0619 10:54:29.956364       1 leaderelection.go:293] successfully renewed lease kube-system/external-attacher-leader-ebs-csi-aws-com
2026-06-19T10:54:34.963027485Z I0619 10:54:34.962660       1 leaderelection.go:293] successfully renewed lease kube-system/external-attacher-leader-ebs-csi-aws-com
2026-06-19T10:54:39.968367629Z I0619 10:54:39.968217       1 leaderelection.go:293] successfully renewed lease kube-system/external-attacher-leader-ebs-csi-aws-com
2026-06-19T10:54:44.976364067Z I0619 10:54:44.976235       1 leaderelection.go:293] successfully renewed lease kube-system/external-attacher-leader-ebs-csi-aws-com
2026-06-19T10:54:49.982289752Z I0619 10:54:49.982152       1 leaderelection.go:293] successfully renewed lease kube-system/external-attacher-leader-ebs-csi-aws-com
2026-06-19T10:54:54.988167981Z I0619 10:54:54.987998       1 leaderelection.go:293] successfully renewed lease kube-system/external-attacher-leader-ebs-csi-aws-com
2026-06-19T10:54:59.994344698Z I0619 10:54:59.994179       1 leaderelection.go:293] successfully renewed lease kube-system/external-attacher-leader-ebs-csi-aws-com
2026-06-19T10:55:05.006231265Z I0619 10:55:05.006080       1 leaderelection.go:293] successfully renewed lease kube-system/external-attacher-leader-ebs-csi-aws-com
2026-06-19T10:55:10.011791086Z I0619 10:55:10.011635       1 leaderelection.go:293] successfully renewed lease kube-system/external-attacher-leader-ebs-csi-aws-com
2026-06-19T10:55:15.022984087Z I0619 10:55:15.022435       1 leaderelection.go:293] successfully renewed lease kube-system/external-attacher-leader-ebs-csi-aws-com
2026-06-19T10:55:20.031469840Z I0619 10:55:20.031332       1 leaderelection.go:293] successfully renewed lease kube-system/external-attacher-leader-ebs-csi-aws-com
2026-06-19T10:55:25.038513173Z I0619 10:55:25.038311       1 leaderelection.go:293] successfully renewed lease kube-system/external-attacher-leader-ebs-csi-aws-com
2026-06-19T10:55:30.046162523Z I0619 10:55:30.045843       1 leaderelection.go:293] successfully renewed lease kube-system/external-attacher-leader-ebs-csi-aws-com
2026-06-19T10:55:35.052567009Z I0619 10:55:35.052463       1 leaderelection.go:293] successfully renewed lease kube-system/external-attacher-leader-ebs-csi-aws-com
2026-06-19T10:55:40.058673597Z I0619 10:55:40.058482       1 leaderelection.go:293] successfully renewed lease kube-system/external-attacher-leader-ebs-csi-aws-com
2026-06-19T10:55:42.833933913Z I0619 10:55:42.833654       1 reflector.go:450] "Forcing resync" reflector="k8s.io/client-go/informers/factory.go:160"
2026-06-19T10:55:42.839137189Z I0619 10:55:42.838894       1 reflector.go:450] "Forcing resync" reflector="k8s.io/client-go/informers/factory.go:160"
2026-06-19T10:55:42.839167863Z I0619 10:55:42.838985       1 controller.go:213] "Started VolumeAttachment processing" VolumeAttachment="csi-9ccad13160cf5fdacf7aa1e6776e1ecc7899a0d7e176011d9164f9a7aa904701"
2026-06-19T10:55:42.839171705Z I0619 10:55:42.838997       1 csi_handler.go:233] "CSIHandler: processing VolumeAttachment" VolumeAttachment="csi-9ccad13160cf5fdacf7aa1e6776e1ecc7899a0d7e176011d9164f9a7aa904701"
2026-06-19T10:55:42.839174253Z I0619 10:55:42.839008       1 csi_handler.go:256] "VolumeAttachment is already attached" VolumeAttachment="csi-9ccad13160cf5fdacf7aa1e6776e1ecc7899a0d7e176011d9164f9a7aa904701"
2026-06-19T10:55:42.839176643Z I0619 10:55:42.839017       1 csi_handler.go:249] "CSIHandler: finished processing" VolumeAttachment="csi-9ccad13160cf5fdacf7aa1e6776e1ecc7899a0d7e176011d9164f9a7aa904701"
2026-06-19T10:55:42.839179433Z I0619 10:55:42.839034       1 controller.go:213] "Started VolumeAttachment processing" VolumeAttachment="csi-6d3d96299430cc5846f7c4e03dec0ca9223dc2ba26a64a4739ad95c55dfdef26"
2026-06-19T10:55:42.839182020Z I0619 10:55:42.839042       1 csi_handler.go:233] "CSIHandler: processing VolumeAttachment" VolumeAttachment="csi-6d3d96299430cc5846f7c4e03dec0ca9223dc2ba26a64a4739ad95c55dfdef26"
2026-06-19T10:55:42.839184343Z I0619 10:55:42.839049       1 csi_handler.go:256] "VolumeAttachment is already attached" VolumeAttachment="csi-6d3d96299430cc5846f7c4e03dec0ca9223dc2ba26a64a4739ad95c55dfdef26"
2026-06-19T10:55:42.839186591Z I0619 10:55:42.839057       1 csi_handler.go:249] "CSIHandler: finished processing" VolumeAttachment="csi-6d3d96299430cc5846f7c4e03dec0ca9223dc2ba26a64a4739ad95c55dfdef26"
2026-06-19T10:55:45.064596360Z I0619 10:55:45.064416       1 leaderelection.go:293] successfully renewed lease kube-system/external-attacher-leader-ebs-csi-aws-com
2026-06-19T10:55:47.882961347Z I0619 10:55:47.882716       1 reflector.go:946] "Watch close" reflector="k8s.io/client-go/informers/factory.go:160" type="*v1.CSINode" totalItems=11
2026-06-19T10:55:50.070824842Z I0619 10:55:50.070681       1 leaderelection.go:293] successfully renewed lease kube-system/external-attacher-leader-ebs-csi-aws-com
2026-06-19T10:55:55.076073373Z I0619 10:55:55.075938       1 leaderelection.go:293] successfully renewed lease kube-system/external-attacher-leader-ebs-csi-aws-com
2026-06-19T10:56:00.138756978Z I0619 10:56:00.138621       1 leaderelection.go:293] successfully renewed lease kube-system/external-attacher-leader-ebs-csi-aws-com
2026-06-19T10:56:05.153749792Z I0619 10:56:05.153463       1 leaderelection.go:293] successfully renewed lease kube-system/external-attacher-leader-ebs-csi-aws-com
2026-06-19T10:56:10.161516070Z I0619 10:56:10.161363       1 leaderelection.go:293] successfully renewed lease kube-system/external-attacher-leader-ebs-csi-aws-com
2026-06-19T10:56:15.167448306Z I0619 10:56:15.167194       1 leaderelection.go:293] successfully renewed lease kube-system/external-attacher-leader-ebs-csi-aws-com
2026-06-19T10:56:20.173379372Z I0619 10:56:20.172927       1 leaderelection.go:293] successfully renewed lease kube-system/external-attacher-leader-ebs-csi-aws-com
2026-06-19T10:56:25.179217624Z I0619 10:56:25.179079       1 leaderelection.go:293] successfully renewed lease kube-system/external-attacher-leader-ebs-csi-aws-com
2026-06-19T10:56:30.185900572Z I0619 10:56:30.185779       1 leaderelection.go:293] successfully renewed lease kube-system/external-attacher-leader-ebs-csi-aws-com
2026-06-19T10:56:35.190759262Z I0619 10:56:35.190642       1 leaderelection.go:293] successfully renewed lease kube-system/external-attacher-leader-ebs-csi-aws-com
2026-06-19T10:56:40.195594559Z I0619 10:56:40.195452       1 leaderelection.go:293] successfully renewed lease kube-system/external-attacher-leader-ebs-csi-aws-com
2026-06-19T10:56:45.201431274Z I0619 10:56:45.201290       1 leaderelection.go:293] successfully renewed lease kube-system/external-attacher-leader-ebs-csi-aws-com
2026-06-19T10:56:50.209362858Z I0619 10:56:50.209200       1 leaderelection.go:293] successfully renewed lease kube-system/external-attacher-leader-ebs-csi-aws-com
2026-06-19T10:56:55.216612132Z I0619 10:56:55.216437       1 leaderelection.go:293] successfully renewed lease kube-system/external-attacher-leader-ebs-csi-aws-com
2026-06-19T10:57:00.224197564Z I0619 10:57:00.223989       1 leaderelection.go:293] successfully renewed lease kube-system/external-attacher-leader-ebs-csi-aws-com
2026-06-19T10:57:05.230420946Z I0619 10:57:05.230256       1 leaderelection.go:293] successfully renewed lease kube-system/external-attacher-leader-ebs-csi-aws-com
2026-06-19T10:57:10.236283881Z I0619 10:57:10.236153       1 leaderelection.go:293] successfully renewed lease kube-system/external-attacher-leader-ebs-csi-aws-com
2026-06-19T10:57:15.242265890Z I0619 10:57:15.242129       1 leaderelection.go:293] successfully renewed lease kube-system/external-attacher-leader-ebs-csi-aws-com
2026-06-19T10:57:20.247898597Z I0619 10:57:20.247681       1 leaderelection.go:293] successfully renewed lease kube-system/external-attacher-leader-ebs-csi-aws-com
2026-06-19T10:57:25.252686440Z I0619 10:57:25.252506       1 leaderelection.go:293] successfully renewed lease kube-system/external-attacher-leader-ebs-csi-aws-com
2026-06-19T10:57:30.261286884Z I0619 10:57:30.260763       1 leaderelection.go:293] successfully renewed lease kube-system/external-attacher-leader-ebs-csi-aws-com
2026-06-19T10:57:35.266358899Z I0619 10:57:35.266191       1 leaderelection.go:293] successfully renewed lease kube-system/external-attacher-leader-ebs-csi-aws-com
2026-06-19T10:57:40.271344186Z I0619 10:57:40.271219       1 leaderelection.go:293] successfully renewed lease kube-system/external-attacher-leader-ebs-csi-aws-com
2026-06-19T10:57:45.277521132Z I0619 10:57:45.277396       1 leaderelection.go:293] successfully renewed lease kube-system/external-attacher-leader-ebs-csi-aws-com
2026-06-19T10:57:50.285801952Z I0619 10:57:50.285637       1 leaderelection.go:293] successfully renewed lease kube-system/external-attacher-leader-ebs-csi-aws-com
2026-06-19T10:57:55.293903478Z I0619 10:57:55.293780       1 leaderelection.go:293] successfully renewed lease kube-system/external-attacher-leader-ebs-csi-aws-com
2026-06-19T10:58:00.302373044Z I0619 10:58:00.302247       1 leaderelection.go:293] successfully renewed lease kube-system/external-attacher-leader-ebs-csi-aws-com
2026-06-19T10:58:05.308695920Z I0619 10:58:05.308562       1 leaderelection.go:293] successfully renewed lease kube-system/external-attacher-leader-ebs-csi-aws-com
2026-06-19T10:58:10.315288920Z I0619 10:58:10.315147       1 leaderelection.go:293] successfully renewed lease kube-system/external-attacher-leader-ebs-csi-aws-com
2026-06-19T10:58:15.321241089Z I0619 10:58:15.320918       1 leaderelection.go:293] successfully renewed lease kube-system/external-attacher-leader-ebs-csi-aws-com
2026-06-19T10:58:20.327040127Z I0619 10:58:20.326884       1 leaderelection.go:293] successfully renewed lease kube-system/external-attacher-leader-ebs-csi-aws-com
2026-06-19T10:58:25.332502587Z I0619 10:58:25.332379       1 leaderelection.go:293] successfully renewed lease kube-system/external-attacher-leader-ebs-csi-aws-com
2026-06-19T10:58:30.338437438Z I0619 10:58:30.338301       1 leaderelection.go:293] successfully renewed lease kube-system/external-attacher-leader-ebs-csi-aws-com
2026-06-19T10:58:35.344329674Z I0619 10:58:35.344193       1 leaderelection.go:293] successfully renewed lease kube-system/external-attacher-leader-ebs-csi-aws-com
2026-06-19T10:58:40.352375354Z I0619 10:58:40.352253       1 leaderelection.go:293] successfully renewed lease kube-system/external-attacher-leader-ebs-csi-aws-com
2026-06-19T10:58:40.904300771Z I0619 10:58:40.904083       1 reflector.go:946] "Watch close" reflector="k8s.io/client-go/informers/factory.go:160" type="*v1.PersistentVolume" totalItems=10
2026-06-19T10:58:45.358723704Z I0619 10:58:45.358588       1 leaderelection.go:293] successfully renewed lease kube-system/external-attacher-leader-ebs-csi-aws-com
2026-06-19T10:58:50.363877943Z I0619 10:58:50.363756       1 leaderelection.go:293] successfully renewed lease kube-system/external-attacher-leader-ebs-csi-aws-com
2026-06-19T10:58:55.372196569Z I0619 10:58:55.371753       1 leaderelection.go:293] successfully renewed lease kube-system/external-attacher-leader-ebs-csi-aws-com
2026-06-19T10:59:00.378328963Z I0619 10:59:00.377807       1 leaderelection.go:293] successfully renewed lease kube-system/external-attacher-leader-ebs-csi-aws-com
2026-06-19T10:59:05.386832499Z I0619 10:59:05.386525       1 leaderelection.go:293] successfully renewed lease kube-system/external-attacher-leader-ebs-csi-aws-com
2026-06-19T10:59:10.392803588Z I0619 10:59:10.392526       1 leaderelection.go:293] successfully renewed lease kube-system/external-attacher-leader-ebs-csi-aws-com
2026-06-19T10:59:15.397285616Z I0619 10:59:15.397139       1 leaderelection.go:293] successfully renewed lease kube-system/external-attacher-leader-ebs-csi-aws-com
2026-06-19T10:59:20.404861334Z I0619 10:59:20.404631       1 leaderelection.go:293] successfully renewed lease kube-system/external-attacher-leader-ebs-csi-aws-com
2026-06-19T10:59:25.410511918Z I0619 10:59:25.410297       1 leaderelection.go:293] successfully renewed lease kube-system/external-attacher-leader-ebs-csi-aws-com
2026-06-19T10:59:27.975389563Z I0619 10:59:27.975231       1 reflector.go:946] "Watch close" reflector="k8s.io/client-go/informers/factory.go:160" type="*v1.VolumeAttachment" totalItems=8
2026-06-19T10:59:30.416631766Z I0619 10:59:30.416486       1 leaderelection.go:293] successfully renewed lease kube-system/external-attacher-leader-ebs-csi-aws-com
2026-06-19T10:59:35.422805648Z I0619 10:59:35.422456       1 leaderelection.go:293] successfully renewed lease kube-system/external-attacher-leader-ebs-csi-aws-com
2026-06-19T10:59:40.427765028Z I0619 10:59:40.427405       1 leaderelection.go:293] successfully renewed lease kube-system/external-attacher-leader-ebs-csi-aws-com
2026-06-19T10:59:45.434083105Z I0619 10:59:45.433952       1 leaderelection.go:293] successfully renewed lease kube-system/external-attacher-leader-ebs-csi-aws-com
2026-06-19T10:59:50.440197910Z I0619 10:59:50.440076       1 leaderelection.go:293] successfully renewed lease kube-system/external-attacher-leader-ebs-csi-aws-com
2026-06-19T10:59:55.445887042Z I0619 10:59:55.445746       1 leaderelection.go:293] successfully renewed lease kube-system/external-attacher-leader-ebs-csi-aws-com
2026-06-19T11:00:00.454597077Z I0619 11:00:00.453311       1 leaderelection.go:293] successfully renewed lease kube-system/external-attacher-leader-ebs-csi-aws-com
2026-06-19T11:00:05.459702044Z I0619 11:00:05.459031       1 leaderelection.go:293] successfully renewed lease kube-system/external-attacher-leader-ebs-csi-aws-com
2026-06-19T11:00:10.466154165Z I0619 11:00:10.465702       1 leaderelection.go:293] successfully renewed lease kube-system/external-attacher-leader-ebs-csi-aws-com
2026-06-19T11:00:15.475287061Z I0619 11:00:15.475127       1 leaderelection.go:293] successfully renewed lease kube-system/external-attacher-leader-ebs-csi-aws-com
2026-06-19T11:00:20.479905566Z I0619 11:00:20.479718       1 leaderelection.go:293] successfully renewed lease kube-system/external-attacher-leader-ebs-csi-aws-com
2026-06-19T11:00:25.486348601Z I0619 11:00:25.486197       1 leaderelection.go:293] successfully renewed lease kube-system/external-attacher-leader-ebs-csi-aws-com
2026-06-19T11:00:30.491434528Z I0619 11:00:30.491234       1 leaderelection.go:293] successfully renewed lease kube-system/external-attacher-leader-ebs-csi-aws-com
2026-06-19T11:00:35.497689215Z I0619 11:00:35.497568       1 leaderelection.go:293] successfully renewed lease kube-system/external-attacher-leader-ebs-csi-aws-com
2026-06-19T11:00:40.504006078Z I0619 11:00:40.503758       1 leaderelection.go:293] successfully renewed lease kube-system/external-attacher-leader-ebs-csi-aws-com
2026-06-19T11:00:45.509650842Z I0619 11:00:45.509490       1 leaderelection.go:293] successfully renewed lease kube-system/external-attacher-leader-ebs-csi-aws-com
2026-06-19T11:00:50.515250572Z I0619 11:00:50.515123       1 leaderelection.go:293] successfully renewed lease kube-system/external-attacher-leader-ebs-csi-aws-com
2026-06-19T11:00:55.521297193Z I0619 11:00:55.521081       1 leaderelection.go:293] successfully renewed lease kube-system/external-attacher-leader-ebs-csi-aws-com
2026-06-19T11:01:00.528405519Z I0619 11:01:00.528290       1 leaderelection.go:293] successfully renewed lease kube-system/external-attacher-leader-ebs-csi-aws-com
2026-06-19T11:01:05.540306832Z I0619 11:01:05.540135       1 leaderelection.go:293] successfully renewed lease kube-system/external-attacher-leader-ebs-csi-aws-com
2026-06-19T11:01:10.548414846Z I0619 11:01:10.548270       1 leaderelection.go:293] successfully renewed lease kube-system/external-attacher-leader-ebs-csi-aws-com
2026-06-19T11:01:15.553646174Z I0619 11:01:15.553354       1 leaderelection.go:293] successfully renewed lease kube-system/external-attacher-leader-ebs-csi-aws-com
2026-06-19T11:01:20.561469047Z I0619 11:01:20.561263       1 leaderelection.go:293] successfully renewed lease kube-system/external-attacher-leader-ebs-csi-aws-com
2026-06-19T11:01:25.566392130Z I0619 11:01:25.566266       1 leaderelection.go:293] successfully renewed lease kube-system/external-attacher-leader-ebs-csi-aws-com
2026-06-19T11:01:30.573156440Z I0619 11:01:30.572847       1 leaderelection.go:293] successfully renewed lease kube-system/external-attacher-leader-ebs-csi-aws-com
2026-06-19T11:01:35.580021839Z I0619 11:01:35.579899       1 leaderelection.go:293] successfully renewed lease kube-system/external-attacher-leader-ebs-csi-aws-com
2026-06-19T11:01:40.584659180Z I0619 11:01:40.584484       1 leaderelection.go:293] successfully renewed lease kube-system/external-attacher-leader-ebs-csi-aws-com
2026-06-19T11:01:45.590607725Z I0619 11:01:45.590427       1 leaderelection.go:293] successfully renewed lease kube-system/external-attacher-leader-ebs-csi-aws-com
2026-06-19T11:01:50.596311482Z I0619 11:01:50.596189       1 leaderelection.go:293] successfully renewed lease kube-system/external-attacher-leader-ebs-csi-aws-com
2026-06-19T11:01:55.604156345Z I0619 11:01:55.604034       1 leaderelection.go:293] successfully renewed lease kube-system/external-attacher-leader-ebs-csi-aws-com
2026-06-19T11:02:00.610304684Z I0619 11:02:00.610147       1 leaderelection.go:293] successfully renewed lease kube-system/external-attacher-leader-ebs-csi-aws-com
2026-06-19T11:02:05.615700979Z I0619 11:02:05.615578       1 leaderelection.go:293] successfully renewed lease kube-system/external-attacher-leader-ebs-csi-aws-com
2026-06-19T11:02:10.621460647Z I0619 11:02:10.621346       1 leaderelection.go:293] successfully renewed lease kube-system/external-attacher-leader-ebs-csi-aws-com
2026-06-19T11:02:15.626848816Z I0619 11:02:15.626690       1 leaderelection.go:293] successfully renewed lease kube-system/external-attacher-leader-ebs-csi-aws-com
2026-06-19T11:02:20.632451076Z I0619 11:02:20.632273       1 leaderelection.go:293] successfully renewed lease kube-system/external-attacher-leader-ebs-csi-aws-com
2026-06-19T11:02:25.637618498Z I0619 11:02:25.637445       1 leaderelection.go:293] successfully renewed lease kube-system/external-attacher-leader-ebs-csi-aws-com
2026-06-19T11:02:30.642837241Z I0619 11:02:30.642698       1 leaderelection.go:293] successfully renewed lease kube-system/external-attacher-leader-ebs-csi-aws-com
2026-06-19T11:02:35.648582215Z I0619 11:02:35.648441       1 leaderelection.go:293] successfully renewed lease kube-system/external-attacher-leader-ebs-csi-aws-com
2026-06-19T11:02:40.654157963Z I0619 11:02:40.654031       1 leaderelection.go:293] successfully renewed lease kube-system/external-attacher-leader-ebs-csi-aws-com
2026-06-19T11:02:45.659783984Z I0619 11:02:45.659591       1 leaderelection.go:293] successfully renewed lease kube-system/external-attacher-leader-ebs-csi-aws-com
2026-06-19T11:02:50.666527594Z I0619 11:02:50.666405       1 leaderelection.go:293] successfully renewed lease kube-system/external-attacher-leader-ebs-csi-aws-com
2026-06-19T11:02:55.673518291Z I0619 11:02:55.673350       1 leaderelection.go:293] successfully renewed lease kube-system/external-attacher-leader-ebs-csi-aws-com
2026-06-19T11:03:00.679328796Z I0619 11:03:00.679210       1 leaderelection.go:293] successfully renewed lease kube-system/external-attacher-leader-ebs-csi-aws-com
2026-06-19T11:03:05.685849671Z I0619 11:03:05.685702       1 leaderelection.go:293] successfully renewed lease kube-system/external-attacher-leader-ebs-csi-aws-com
2026-06-19T11:03:10.691130873Z I0619 11:03:10.690846       1 leaderelection.go:293] successfully renewed lease kube-system/external-attacher-leader-ebs-csi-aws-com
2026-06-19T11:03:15.701301022Z I0619 11:03:15.701213       1 leaderelection.go:293] successfully renewed lease kube-system/external-attacher-leader-ebs-csi-aws-com
2026-06-19T11:03:20.707629500Z I0619 11:03:20.707450       1 leaderelection.go:293] successfully renewed lease kube-system/external-attacher-leader-ebs-csi-aws-com
2026-06-19T11:03:25.714131840Z I0619 11:03:25.714013       1 leaderelection.go:293] successfully renewed lease kube-system/external-attacher-leader-ebs-csi-aws-com
2026-06-19T11:03:30.720653855Z I0619 11:03:30.720513       1 leaderelection.go:293] successfully renewed lease kube-system/external-attacher-leader-ebs-csi-aws-com
2026-06-19T11:03:35.726936640Z I0619 11:03:35.726787       1 leaderelection.go:293] successfully renewed lease kube-system/external-attacher-leader-ebs-csi-aws-com
2026-06-19T11:03:40.734524995Z I0619 11:03:40.734391       1 leaderelection.go:293] successfully renewed lease kube-system/external-attacher-leader-ebs-csi-aws-com
2026-06-19T11:03:45.743198310Z I0619 11:03:45.743077       1 leaderelection.go:293] successfully renewed lease kube-system/external-attacher-leader-ebs-csi-aws-com
2026-06-19T11:03:50.748861180Z I0619 11:03:50.748731       1 leaderelection.go:293] successfully renewed lease kube-system/external-attacher-leader-ebs-csi-aws-com
2026-06-19T11:03:55.758384400Z I0619 11:03:55.756813       1 leaderelection.go:293] successfully renewed lease kube-system/external-attacher-leader-ebs-csi-aws-com
2026-06-19T11:04:00.762585581Z I0619 11:04:00.762280       1 leaderelection.go:293] successfully renewed lease kube-system/external-attacher-leader-ebs-csi-aws-com
2026-06-19T11:04:05.769877563Z I0619 11:04:05.769747       1 leaderelection.go:293] successfully renewed lease kube-system/external-attacher-leader-ebs-csi-aws-com
2026-06-19T11:04:10.776064939Z I0619 11:04:10.775883       1 leaderelection.go:293] successfully renewed lease kube-system/external-attacher-leader-ebs-csi-aws-com
2026-06-19T11:04:15.783002911Z I0619 11:04:15.782853       1 leaderelection.go:293] successfully renewed lease kube-system/external-attacher-leader-ebs-csi-aws-com
2026-06-19T11:04:20.788133181Z I0619 11:04:20.787864       1 leaderelection.go:293] successfully renewed lease kube-system/external-attacher-leader-ebs-csi-aws-com
2026-06-19T11:04:25.793390858Z I0619 11:04:25.793261       1 leaderelection.go:293] successfully renewed lease kube-system/external-attacher-leader-ebs-csi-aws-com
2026-06-19T11:04:30.801725984Z I0619 11:04:30.800814       1 leaderelection.go:293] successfully renewed lease kube-system/external-attacher-leader-ebs-csi-aws-com
2026-06-19T11:04:35.807161095Z I0619 11:04:35.807029       1 leaderelection.go:293] successfully renewed lease kube-system/external-attacher-leader-ebs-csi-aws-com
2026-06-19T11:04:40.812791510Z I0619 11:04:40.812664       1 leaderelection.go:293] successfully renewed lease kube-system/external-attacher-leader-ebs-csi-aws-com
2026-06-19T11:04:44.885159567Z I0619 11:04:44.884853       1 reflector.go:946] "Watch close" reflector="k8s.io/client-go/informers/factory.go:160" type="*v1.CSINode" totalItems=10
2026-06-19T11:04:45.819070328Z I0619 11:04:45.818895       1 leaderelection.go:293] successfully renewed lease kube-system/external-attacher-leader-ebs-csi-aws-com
2026-06-19T11:04:50.824592554Z I0619 11:04:50.824419       1 leaderelection.go:293] successfully renewed lease kube-system/external-attacher-leader-ebs-csi-aws-com
2026-06-19T11:04:55.829605738Z I0619 11:04:55.829447       1 leaderelection.go:293] successfully renewed lease kube-system/external-attacher-leader-ebs-csi-aws-com
2026-06-19T11:05:00.836303191Z I0619 11:05:00.836105       1 leaderelection.go:293] successfully renewed lease kube-system/external-attacher-leader-ebs-csi-aws-com
2026-06-19T11:05:05.846804319Z I0619 11:05:05.846534       1 leaderelection.go:293] successfully renewed lease kube-system/external-attacher-leader-ebs-csi-aws-com
2026-06-19T11:05:10.853242892Z I0619 11:05:10.852833       1 leaderelection.go:293] successfully renewed lease kube-system/external-attacher-leader-ebs-csi-aws-com
2026-06-19T11:05:15.860606719Z I0619 11:05:15.860469       1 leaderelection.go:293] successfully renewed lease kube-system/external-attacher-leader-ebs-csi-aws-com
2026-06-19T11:05:20.866350197Z I0619 11:05:20.866217       1 leaderelection.go:293] successfully renewed lease kube-system/external-attacher-leader-ebs-csi-aws-com
2026-06-19T11:05:25.871689013Z I0619 11:05:25.871530       1 leaderelection.go:293] successfully renewed lease kube-system/external-attacher-leader-ebs-csi-aws-com
2026-06-19T11:05:30.882390980Z I0619 11:05:30.882176       1 leaderelection.go:293] successfully renewed lease kube-system/external-attacher-leader-ebs-csi-aws-com
2026-06-19T11:05:35.889463140Z I0619 11:05:35.889302       1 leaderelection.go:293] successfully renewed lease kube-system/external-attacher-leader-ebs-csi-aws-com
2026-06-19T11:05:40.894625102Z I0619 11:05:40.894496       1 leaderelection.go:293] successfully renewed lease kube-system/external-attacher-leader-ebs-csi-aws-com
2026-06-19T11:05:42.834636772Z I0619 11:05:42.834438       1 reflector.go:450] "Forcing resync" reflector="k8s.io/client-go/informers/factory.go:160"
2026-06-19T11:05:42.839912361Z I0619 11:05:42.839668       1 reflector.go:450] "Forcing resync" reflector="k8s.io/client-go/informers/factory.go:160"
2026-06-19T11:05:42.839952899Z I0619 11:05:42.839798       1 controller.go:213] "Started VolumeAttachment processing" VolumeAttachment="csi-6d3d96299430cc5846f7c4e03dec0ca9223dc2ba26a64a4739ad95c55dfdef26"
2026-06-19T11:05:42.839958204Z I0619 11:05:42.839814       1 csi_handler.go:233] "CSIHandler: processing VolumeAttachment" VolumeAttachment="csi-6d3d96299430cc5846f7c4e03dec0ca9223dc2ba26a64a4739ad95c55dfdef26"
2026-06-19T11:05:42.839960878Z I0619 11:05:42.839825       1 csi_handler.go:256] "VolumeAttachment is already attached" VolumeAttachment="csi-6d3d96299430cc5846f7c4e03dec0ca9223dc2ba26a64a4739ad95c55dfdef26"
2026-06-19T11:05:42.839964250Z I0619 11:05:42.839834       1 csi_handler.go:249] "CSIHandler: finished processing" VolumeAttachment="csi-6d3d96299430cc5846f7c4e03dec0ca9223dc2ba26a64a4739ad95c55dfdef26"
2026-06-19T11:05:42.840042222Z I0619 11:05:42.839854       1 controller.go:213] "Started VolumeAttachment processing" VolumeAttachment="csi-9ccad13160cf5fdacf7aa1e6776e1ecc7899a0d7e176011d9164f9a7aa904701"
2026-06-19T11:05:42.840046266Z I0619 11:05:42.839863       1 csi_handler.go:233] "CSIHandler: processing VolumeAttachment" VolumeAttachment="csi-9ccad13160cf5fdacf7aa1e6776e1ecc7899a0d7e176011d9164f9a7aa904701"
2026-06-19T11:05:42.840048112Z I0619 11:05:42.839871       1 csi_handler.go:256] "VolumeAttachment is already attached" VolumeAttachment="csi-9ccad13160cf5fdacf7aa1e6776e1ecc7899a0d7e176011d9164f9a7aa904701"
2026-06-19T11:05:42.840050037Z I0619 11:05:42.839878       1 csi_handler.go:249] "CSIHandler: finished processing" VolumeAttachment="csi-9ccad13160cf5fdacf7aa1e6776e1ecc7899a0d7e176011d9164f9a7aa904701"
2026-06-19T11:05:45.902037042Z I0619 11:05:45.901907       1 leaderelection.go:293] successfully renewed lease kube-system/external-attacher-leader-ebs-csi-aws-com
2026-06-19T11:05:50.907906418Z I0619 11:05:50.907680       1 leaderelection.go:293] successfully renewed lease kube-system/external-attacher-leader-ebs-csi-aws-com
2026-06-19T11:05:55.914111702Z I0619 11:05:55.913989       1 leaderelection.go:293] successfully renewed lease kube-system/external-attacher-leader-ebs-csi-aws-com
2026-06-19T11:06:00.928201824Z I0619 11:06:00.928046       1 leaderelection.go:293] successfully renewed lease kube-system/external-attacher-leader-ebs-csi-aws-com
2026-06-19T11:06:05.947136957Z I0619 11:06:05.946942       1 leaderelection.go:293] successfully renewed lease kube-system/external-attacher-leader-ebs-csi-aws-com
2026-06-19T11:06:10.961386532Z I0619 11:06:10.961179       1 leaderelection.go:293] successfully renewed lease kube-system/external-attacher-leader-ebs-csi-aws-com
2026-06-19T11:06:15.970795361Z I0619 11:06:15.970656       1 leaderelection.go:293] successfully renewed lease kube-system/external-attacher-leader-ebs-csi-aws-com
2026-06-19T11:06:20.977451042Z I0619 11:06:20.976786       1 leaderelection.go:293] successfully renewed lease kube-system/external-attacher-leader-ebs-csi-aws-com
2026-06-19T11:06:25.985162905Z I0619 11:06:25.984908       1 leaderelection.go:293] successfully renewed lease kube-system/external-attacher-leader-ebs-csi-aws-com
2026-06-19T11:06:30.991400635Z I0619 11:06:30.991265       1 leaderelection.go:293] successfully renewed lease kube-system/external-attacher-leader-ebs-csi-aws-com
2026-06-19T11:06:35.999398504Z I0619 11:06:35.999199       1 leaderelection.go:293] successfully renewed lease kube-system/external-attacher-leader-ebs-csi-aws-com
2026-06-19T11:06:41.007411356Z I0619 11:06:41.007241       1 leaderelection.go:293] successfully renewed lease kube-system/external-attacher-leader-ebs-csi-aws-com
2026-06-19T11:06:45.906591907Z I0619 11:06:45.906345       1 reflector.go:946] "Watch close" reflector="k8s.io/client-go/informers/factory.go:160" type="*v1.PersistentVolume" totalItems=9
2026-06-19T11:06:46.014653419Z I0619 11:06:46.014488       1 leaderelection.go:293] successfully renewed lease kube-system/external-attacher-leader-ebs-csi-aws-com
2026-06-19T11:06:51.020287203Z I0619 11:06:51.020158       1 leaderelection.go:293] successfully renewed lease kube-system/external-attacher-leader-ebs-csi-aws-com
2026-06-19T11:06:56.025839348Z I0619 11:06:56.025706       1 leaderelection.go:293] successfully renewed lease kube-system/external-attacher-leader-ebs-csi-aws-com
2026-06-19T11:07:01.035985894Z I0619 11:07:01.035868       1 leaderelection.go:293] successfully renewed lease kube-system/external-attacher-leader-ebs-csi-aws-com
2026-06-19T11:07:06.043913149Z I0619 11:07:06.043754       1 leaderelection.go:293] successfully renewed lease kube-system/external-attacher-leader-ebs-csi-aws-com
2026-06-19T11:07:11.049815909Z I0619 11:07:11.049679       1 leaderelection.go:293] successfully renewed lease kube-system/external-attacher-leader-ebs-csi-aws-com
2026-06-19T11:07:16.055576229Z I0619 11:07:16.055425       1 leaderelection.go:293] successfully renewed lease kube-system/external-attacher-leader-ebs-csi-aws-com
2026-06-19T11:07:21.072181995Z I0619 11:07:21.072034       1 leaderelection.go:293] successfully renewed lease kube-system/external-attacher-leader-ebs-csi-aws-com
2026-06-19T11:07:24.977509211Z I0619 11:07:24.976954       1 reflector.go:946] "Watch close" reflector="k8s.io/client-go/informers/factory.go:160" type="*v1.VolumeAttachment" totalItems=8
2026-06-19T11:07:26.078470718Z I0619 11:07:26.078298       1 leaderelection.go:293] successfully renewed lease kube-system/external-attacher-leader-ebs-csi-aws-com
2026-06-19T11:07:31.083321179Z I0619 11:07:31.083201       1 leaderelection.go:293] successfully renewed lease kube-system/external-attacher-leader-ebs-csi-aws-com
2026-06-19T11:07:36.091234467Z I0619 11:07:36.091108       1 leaderelection.go:293] successfully renewed lease kube-system/external-attacher-leader-ebs-csi-aws-com
2026-06-19T11:07:41.096373692Z I0619 11:07:41.096245       1 leaderelection.go:293] successfully renewed lease kube-system/external-attacher-leader-ebs-csi-aws-com
2026-06-19T11:07:46.101608957Z I0619 11:07:46.101459       1 leaderelection.go:293] successfully renewed lease kube-system/external-attacher-leader-ebs-csi-aws-com
2026-06-19T11:07:51.107396199Z I0619 11:07:51.107257       1 leaderelection.go:293] successfully renewed lease kube-system/external-attacher-leader-ebs-csi-aws-com
2026-06-19T11:07:56.113085686Z I0619 11:07:56.112860       1 leaderelection.go:293] successfully renewed lease kube-system/external-attacher-leader-ebs-csi-aws-com
2026-06-19T11:08:01.128761129Z I0619 11:08:01.128606       1 leaderelection.go:293] successfully renewed lease kube-system/external-attacher-leader-ebs-csi-aws-com
2026-06-19T11:08:06.137420652Z I0619 11:08:06.137288       1 leaderelection.go:293] successfully renewed lease kube-system/external-attacher-leader-ebs-csi-aws-com
2026-06-19T11:08:11.143608287Z I0619 11:08:11.143458       1 leaderelection.go:293] successfully renewed lease kube-system/external-attacher-leader-ebs-csi-aws-com
2026-06-19T11:08:16.149626100Z I0619 11:08:16.149466       1 leaderelection.go:293] successfully renewed lease kube-system/external-attacher-leader-ebs-csi-aws-com
2026-06-19T11:08:21.157316758Z I0619 11:08:21.157197       1 leaderelection.go:293] successfully renewed lease kube-system/external-attacher-leader-ebs-csi-aws-com
2026-06-19T11:08:26.163142167Z I0619 11:08:26.163019       1 leaderelection.go:293] successfully renewed lease kube-system/external-attacher-leader-ebs-csi-aws-com
2026-06-19T11:08:31.169382579Z I0619 11:08:31.169237       1 leaderelection.go:293] successfully renewed lease kube-system/external-attacher-leader-ebs-csi-aws-com
2026-06-19T11:08:36.175486996Z I0619 11:08:36.175289       1 leaderelection.go:293] successfully renewed lease kube-system/external-attacher-leader-ebs-csi-aws-com
2026-06-19T11:08:41.180745473Z I0619 11:08:41.180623       1 leaderelection.go:293] successfully renewed lease kube-system/external-attacher-leader-ebs-csi-aws-com
2026-06-19T11:08:46.186990012Z I0619 11:08:46.186753       1 leaderelection.go:293] successfully renewed lease kube-system/external-attacher-leader-ebs-csi-aws-com
2026-06-19T11:08:51.192613343Z I0619 11:08:51.192453       1 leaderelection.go:293] successfully renewed lease kube-system/external-attacher-leader-ebs-csi-aws-com
2026-06-19T11:08:56.198449230Z I0619 11:08:56.198227       1 leaderelection.go:293] successfully renewed lease kube-system/external-attacher-leader-ebs-csi-aws-com
2026-06-19T11:09:01.230512213Z I0619 11:09:01.230182       1 leaderelection.go:293] successfully renewed lease kube-system/external-attacher-leader-ebs-csi-aws-com
2026-06-19T11:09:06.237281755Z I0619 11:09:06.236897       1 leaderelection.go:293] successfully renewed lease kube-system/external-attacher-leader-ebs-csi-aws-com
2026-06-19T11:09:11.242529195Z I0619 11:09:11.242305       1 leaderelection.go:293] successfully renewed lease kube-system/external-attacher-leader-ebs-csi-aws-com
2026-06-19T11:09:16.250859782Z I0619 11:09:16.250701       1 leaderelection.go:293] successfully renewed lease kube-system/external-attacher-leader-ebs-csi-aws-com
2026-06-19T11:09:21.258050081Z I0619 11:09:21.257864       1 leaderelection.go:293] successfully renewed lease kube-system/external-attacher-leader-ebs-csi-aws-com
2026-06-19T11:09:26.265527144Z I0619 11:09:26.265392       1 leaderelection.go:293] successfully renewed lease kube-system/external-attacher-leader-ebs-csi-aws-com
2026-06-19T11:09:31.271358012Z I0619 11:09:31.271171       1 leaderelection.go:293] successfully renewed lease kube-system/external-attacher-leader-ebs-csi-aws-com
2026-06-19T11:09:36.281502217Z I0619 11:09:36.281268       1 leaderelection.go:293] successfully renewed lease kube-system/external-attacher-leader-ebs-csi-aws-com
2026-06-19T11:09:41.288275445Z I0619 11:09:41.288144       1 leaderelection.go:293] successfully renewed lease kube-system/external-attacher-leader-ebs-csi-aws-com
2026-06-19T11:09:46.294477134Z I0619 11:09:46.294354       1 leaderelection.go:293] successfully renewed lease kube-system/external-attacher-leader-ebs-csi-aws-com
2026-06-19T11:09:51.299435075Z I0619 11:09:51.299286       1 leaderelection.go:293] successfully renewed lease kube-system/external-attacher-leader-ebs-csi-aws-com
2026-06-19T11:09:56.304318878Z I0619 11:09:56.304172       1 leaderelection.go:293] successfully renewed lease kube-system/external-attacher-leader-ebs-csi-aws-com
2026-06-19T11:10:01.324847051Z I0619 11:10:01.320757       1 leaderelection.go:293] successfully renewed lease kube-system/external-attacher-leader-ebs-csi-aws-com
2026-06-19T11:10:06.331479622Z I0619 11:10:06.331343       1 leaderelection.go:293] successfully renewed lease kube-system/external-attacher-leader-ebs-csi-aws-com
2026-06-19T11:10:10.886741309Z I0619 11:10:10.886586       1 reflector.go:946] "Watch close" reflector="k8s.io/client-go/informers/factory.go:160" type="*v1.CSINode" totalItems=7
2026-06-19T11:10:11.339153684Z I0619 11:10:11.339026       1 leaderelection.go:293] successfully renewed lease kube-system/external-attacher-leader-ebs-csi-aws-com
2026-06-19T11:10:16.344525179Z I0619 11:10:16.344292       1 leaderelection.go:293] successfully renewed lease kube-system/external-attacher-leader-ebs-csi-aws-com
2026-06-19T11:10:21.349715810Z I0619 11:10:21.349579       1 leaderelection.go:293] successfully renewed lease kube-system/external-attacher-leader-ebs-csi-aws-com
2026-06-19T11:10:26.355717253Z I0619 11:10:26.355564       1 leaderelection.go:293] successfully renewed lease kube-system/external-attacher-leader-ebs-csi-aws-com
2026-06-19T11:10:31.361657287Z I0619 11:10:31.361459       1 leaderelection.go:293] successfully renewed lease kube-system/external-attacher-leader-ebs-csi-aws-com
2026-06-19T11:10:36.367137106Z I0619 11:10:36.367008       1 leaderelection.go:293] successfully renewed lease kube-system/external-attacher-leader-ebs-csi-aws-com
2026-06-19T11:10:41.373300931Z I0619 11:10:41.372623       1 leaderelection.go:293] successfully renewed lease kube-system/external-attacher-leader-ebs-csi-aws-com
2026-06-19T11:10:46.378744620Z I0619 11:10:46.378592       1 leaderelection.go:293] successfully renewed lease kube-system/external-attacher-leader-ebs-csi-aws-com
2026-06-19T11:10:51.383268228Z I0619 11:10:51.383097       1 leaderelection.go:293] successfully renewed lease kube-system/external-attacher-leader-ebs-csi-aws-com
2026-06-19T11:10:56.388934041Z I0619 11:10:56.388754       1 leaderelection.go:293] successfully renewed lease kube-system/external-attacher-leader-ebs-csi-aws-com
2026-06-19T11:11:01.423591935Z I0619 11:11:01.423409       1 leaderelection.go:293] successfully renewed lease kube-system/external-attacher-leader-ebs-csi-aws-com
2026-06-19T11:11:06.431970057Z I0619 11:11:06.431824       1 leaderelection.go:293] successfully renewed lease kube-system/external-attacher-leader-ebs-csi-aws-com
2026-06-19T11:11:11.438819729Z I0619 11:11:11.438636       1 leaderelection.go:293] successfully renewed lease kube-system/external-attacher-leader-ebs-csi-aws-com
2026-06-19T11:11:16.447073529Z I0619 11:11:16.446917       1 leaderelection.go:293] successfully renewed lease kube-system/external-attacher-leader-ebs-csi-aws-com
2026-06-19T11:11:21.453272296Z I0619 11:11:21.452943       1 leaderelection.go:293] successfully renewed lease kube-system/external-attacher-leader-ebs-csi-aws-com
2026-06-19T11:11:26.462712225Z I0619 11:11:26.462406       1 leaderelection.go:293] successfully renewed lease kube-system/external-attacher-leader-ebs-csi-aws-com
2026-06-19T11:11:31.467994050Z I0619 11:11:31.467857       1 leaderelection.go:293] successfully renewed lease kube-system/external-attacher-leader-ebs-csi-aws-com
2026-06-19T11:11:36.473526121Z I0619 11:11:36.473409       1 leaderelection.go:293] successfully renewed lease kube-system/external-attacher-leader-ebs-csi-aws-com
2026-06-19T11:11:41.478774212Z I0619 11:11:41.478538       1 leaderelection.go:293] successfully renewed lease kube-system/external-attacher-leader-ebs-csi-aws-com
2026-06-19T11:11:46.487825553Z I0619 11:11:46.487695       1 leaderelection.go:293] successfully renewed lease kube-system/external-attacher-leader-ebs-csi-aws-com
2026-06-19T11:11:51.493864585Z I0619 11:11:51.493730       1 leaderelection.go:293] successfully renewed lease kube-system/external-attacher-leader-ebs-csi-aws-com
2026-06-19T11:11:52.908870557Z I0619 11:11:52.908481       1 reflector.go:946] "Watch close" reflector="k8s.io/client-go/informers/factory.go:160" type="*v1.PersistentVolume" totalItems=7
2026-06-19T11:11:56.498892986Z I0619 11:11:56.498763       1 leaderelection.go:293] successfully renewed lease kube-system/external-attacher-leader-ebs-csi-aws-com
2026-06-19T11:12:01.574697029Z I0619 11:12:01.574462       1 leaderelection.go:293] successfully renewed lease kube-system/external-attacher-leader-ebs-csi-aws-com
2026-06-19T11:12:06.588216909Z I0619 11:12:06.588089       1 leaderelection.go:293] successfully renewed lease kube-system/external-attacher-leader-ebs-csi-aws-com
2026-06-19T11:12:11.594321898Z I0619 11:12:11.594213       1 leaderelection.go:293] successfully renewed lease kube-system/external-attacher-leader-ebs-csi-aws-com
2026-06-19T11:12:16.600564080Z I0619 11:12:16.600403       1 leaderelection.go:293] successfully renewed lease kube-system/external-attacher-leader-ebs-csi-aws-com
2026-06-19T11:12:21.606998370Z I0619 11:12:21.606852       1 leaderelection.go:293] successfully renewed lease kube-system/external-attacher-leader-ebs-csi-aws-com
2026-06-19T11:12:26.613243851Z I0619 11:12:26.612905       1 leaderelection.go:293] successfully renewed lease kube-system/external-attacher-leader-ebs-csi-aws-com
2026-06-19T11:12:31.620315097Z I0619 11:12:31.620103       1 leaderelection.go:293] successfully renewed lease kube-system/external-attacher-leader-ebs-csi-aws-com
2026-06-19T11:12:36.625653544Z I0619 11:12:36.625496       1 leaderelection.go:293] successfully renewed lease kube-system/external-attacher-leader-ebs-csi-aws-com
2026-06-19T11:12:41.632324038Z I0619 11:12:41.632192       1 leaderelection.go:293] successfully renewed lease kube-system/external-attacher-leader-ebs-csi-aws-com
2026-06-19T11:12:46.639456573Z I0619 11:12:46.639321       1 leaderelection.go:293] successfully renewed lease kube-system/external-attacher-leader-ebs-csi-aws-com
2026-06-19T11:12:51.645316731Z I0619 11:12:51.645168       1 leaderelection.go:293] successfully renewed lease kube-system/external-attacher-leader-ebs-csi-aws-com
2026-06-19T11:12:56.650418007Z I0619 11:12:56.650280       1 leaderelection.go:293] successfully renewed lease kube-system/external-attacher-leader-ebs-csi-aws-com
2026-06-19T11:13:01.764817516Z I0619 11:13:01.764562       1 leaderelection.go:293] successfully renewed lease kube-system/external-attacher-leader-ebs-csi-aws-com
2026-06-19T11:13:06.772003405Z I0619 11:13:06.771821       1 leaderelection.go:293] successfully renewed lease kube-system/external-attacher-leader-ebs-csi-aws-com
2026-06-19T11:13:11.780692531Z I0619 11:13:11.780536       1 leaderelection.go:293] successfully renewed lease kube-system/external-attacher-leader-ebs-csi-aws-com
2026-06-19T11:13:16.786958869Z I0619 11:13:16.786818       1 leaderelection.go:293] successfully renewed lease kube-system/external-attacher-leader-ebs-csi-aws-com
2026-06-19T11:13:21.794776418Z I0619 11:13:21.794635       1 leaderelection.go:293] successfully renewed lease kube-system/external-attacher-leader-ebs-csi-aws-com
2026-06-19T11:13:26.805138227Z I0619 11:13:26.804537       1 leaderelection.go:293] successfully renewed lease kube-system/external-attacher-leader-ebs-csi-aws-com
2026-06-19T11:13:31.810665469Z I0619 11:13:31.810511       1 leaderelection.go:293] successfully renewed lease kube-system/external-attacher-leader-ebs-csi-aws-com
2026-06-19T11:13:36.816770158Z I0619 11:13:36.816639       1 leaderelection.go:293] successfully renewed lease kube-system/external-attacher-leader-ebs-csi-aws-com
2026-06-19T11:13:41.822410469Z I0619 11:13:41.822282       1 leaderelection.go:293] successfully renewed lease kube-system/external-attacher-leader-ebs-csi-aws-com
2026-06-19T11:13:46.829388641Z I0619 11:13:46.829225       1 leaderelection.go:293] successfully renewed lease kube-system/external-attacher-leader-ebs-csi-aws-com
2026-06-19T11:13:51.835127053Z I0619 11:13:51.835008       1 leaderelection.go:293] successfully renewed lease kube-system/external-attacher-leader-ebs-csi-aws-com
2026-06-19T11:13:56.841210612Z I0619 11:13:56.840888       1 leaderelection.go:293] successfully renewed lease kube-system/external-attacher-leader-ebs-csi-aws-com
2026-06-19T11:14:01.922413354Z I0619 11:14:01.917157       1 leaderelection.go:293] successfully renewed lease kube-system/external-attacher-leader-ebs-csi-aws-com
2026-06-19T11:14:06.929736592Z I0619 11:14:06.929622       1 leaderelection.go:293] successfully renewed lease kube-system/external-attacher-leader-ebs-csi-aws-com
2026-06-19T11:14:11.936907055Z I0619 11:14:11.936761       1 leaderelection.go:293] successfully renewed lease kube-system/external-attacher-leader-ebs-csi-aws-com
2026-06-19T11:14:16.942288965Z I0619 11:14:16.942070       1 leaderelection.go:293] successfully renewed lease kube-system/external-attacher-leader-ebs-csi-aws-com
2026-06-19T11:14:21.947711720Z I0619 11:14:21.947598       1 leaderelection.go:293] successfully renewed lease kube-system/external-attacher-leader-ebs-csi-aws-com
2026-06-19T11:14:26.953221962Z I0619 11:14:26.952882       1 leaderelection.go:293] successfully renewed lease kube-system/external-attacher-leader-ebs-csi-aws-com
2026-06-19T11:14:31.958655058Z I0619 11:14:31.958414       1 leaderelection.go:293] successfully renewed lease kube-system/external-attacher-leader-ebs-csi-aws-com
2026-06-19T11:14:36.964393386Z I0619 11:14:36.964268       1 leaderelection.go:293] successfully renewed lease kube-system/external-attacher-leader-ebs-csi-aws-com
2026-06-19T11:14:41.971952166Z I0619 11:14:41.971688       1 leaderelection.go:293] successfully renewed lease kube-system/external-attacher-leader-ebs-csi-aws-com
2026-06-19T11:14:46.979578773Z I0619 11:14:46.979263       1 leaderelection.go:293] successfully renewed lease kube-system/external-attacher-leader-ebs-csi-aws-com
2026-06-19T11:14:51.994415078Z I0619 11:14:51.994301       1 leaderelection.go:293] successfully renewed lease kube-system/external-attacher-leader-ebs-csi-aws-com
2026-06-19T11:14:57.000567087Z I0619 11:14:57.000361       1 leaderelection.go:293] successfully renewed lease kube-system/external-attacher-leader-ebs-csi-aws-com
2026-06-19T11:15:02.528020938Z I0619 11:15:02.524708       1 leaderelection.go:293] successfully renewed lease kube-system/external-attacher-leader-ebs-csi-aws-com
2026-06-19T11:15:07.531903543Z I0619 11:15:07.531722       1 leaderelection.go:293] successfully renewed lease kube-system/external-attacher-leader-ebs-csi-aws-com
2026-06-19T11:15:08.979837734Z I0619 11:15:08.979612       1 reflector.go:946] "Watch close" reflector="k8s.io/client-go/informers/factory.go:160" type="*v1.VolumeAttachment" totalItems=8
2026-06-19T11:15:12.538370606Z I0619 11:15:12.538208       1 leaderelection.go:293] successfully renewed lease kube-system/external-attacher-leader-ebs-csi-aws-com
2026-06-19T11:15:17.543716271Z I0619 11:15:17.543593       1 leaderelection.go:293] successfully renewed lease kube-system/external-attacher-leader-ebs-csi-aws-com
2026-06-19T11:15:22.550999749Z I0619 11:15:22.550845       1 leaderelection.go:293] successfully renewed lease kube-system/external-attacher-leader-ebs-csi-aws-com
2026-06-19T11:15:27.557222794Z I0619 11:15:27.556918       1 leaderelection.go:293] successfully renewed lease kube-system/external-attacher-leader-ebs-csi-aws-com
2026-06-19T11:15:32.563170174Z I0619 11:15:32.563021       1 leaderelection.go:293] successfully renewed lease kube-system/external-attacher-leader-ebs-csi-aws-com
2026-06-19T11:15:37.569870082Z I0619 11:15:37.569736       1 leaderelection.go:293] successfully renewed lease kube-system/external-attacher-leader-ebs-csi-aws-com
2026-06-19T11:15:42.574761597Z I0619 11:15:42.574638       1 leaderelection.go:293] successfully renewed lease kube-system/external-attacher-leader-ebs-csi-aws-com
2026-06-19T11:15:42.835395367Z I0619 11:15:42.835151       1 reflector.go:450] "Forcing resync" reflector="k8s.io/client-go/informers/factory.go:160"
2026-06-19T11:15:42.840446536Z I0619 11:15:42.840310       1 reflector.go:450] "Forcing resync" reflector="k8s.io/client-go/informers/factory.go:160"
2026-06-19T11:15:42.840574170Z I0619 11:15:42.840489       1 controller.go:213] "Started VolumeAttachment processing" VolumeAttachment="csi-6d3d96299430cc5846f7c4e03dec0ca9223dc2ba26a64a4739ad95c55dfdef26"
2026-06-19T11:15:42.840591919Z I0619 11:15:42.840508       1 csi_handler.go:233] "CSIHandler: processing VolumeAttachment" VolumeAttachment="csi-6d3d96299430cc5846f7c4e03dec0ca9223dc2ba26a64a4739ad95c55dfdef26"
2026-06-19T11:15:42.840652655Z I0619 11:15:42.840595       1 controller.go:213] "Started VolumeAttachment processing" VolumeAttachment="csi-9ccad13160cf5fdacf7aa1e6776e1ecc7899a0d7e176011d9164f9a7aa904701"
2026-06-19T11:15:42.840811859Z I0619 11:15:42.840683       1 csi_handler.go:233] "CSIHandler: processing VolumeAttachment" VolumeAttachment="csi-9ccad13160cf5fdacf7aa1e6776e1ecc7899a0d7e176011d9164f9a7aa904701"
2026-06-19T11:15:42.840817607Z I0619 11:15:42.840698       1 csi_handler.go:256] "VolumeAttachment is already attached" VolumeAttachment="csi-9ccad13160cf5fdacf7aa1e6776e1ecc7899a0d7e176011d9164f9a7aa904701"
2026-06-19T11:15:42.840819759Z I0619 11:15:42.840708       1 csi_handler.go:249] "CSIHandler: finished processing" VolumeAttachment="csi-9ccad13160cf5fdacf7aa1e6776e1ecc7899a0d7e176011d9164f9a7aa904701"
2026-06-19T11:15:42.840822121Z I0619 11:15:42.840517       1 csi_handler.go:256] "VolumeAttachment is already attached" VolumeAttachment="csi-6d3d96299430cc5846f7c4e03dec0ca9223dc2ba26a64a4739ad95c55dfdef26"
2026-06-19T11:15:42.840824664Z I0619 11:15:42.840731       1 csi_handler.go:249] "CSIHandler: finished processing" VolumeAttachment="csi-6d3d96299430cc5846f7c4e03dec0ca9223dc2ba26a64a4739ad95c55dfdef26"
2026-06-19T11:15:47.580032337Z I0619 11:15:47.579899       1 leaderelection.go:293] successfully renewed lease kube-system/external-attacher-leader-ebs-csi-aws-com
2026-06-19T11:15:52.587188028Z I0619 11:15:52.587061       1 leaderelection.go:293] successfully renewed lease kube-system/external-attacher-leader-ebs-csi-aws-com
2026-06-19T11:15:57.595101488Z I0619 11:15:57.594894       1 leaderelection.go:293] successfully renewed lease kube-system/external-attacher-leader-ebs-csi-aws-com
2026-06-19T11:16:02.700789043Z I0619 11:16:02.700586       1 leaderelection.go:293] successfully renewed lease kube-system/external-attacher-leader-ebs-csi-aws-com
2026-06-19T11:16:07.705983979Z I0619 11:16:07.705848       1 leaderelection.go:293] successfully renewed lease kube-system/external-attacher-leader-ebs-csi-aws-com
2026-06-19T11:16:12.712609506Z I0619 11:16:12.712423       1 leaderelection.go:293] successfully renewed lease kube-system/external-attacher-leader-ebs-csi-aws-com
2026-06-19T11:16:15.889225452Z I0619 11:16:15.888845       1 reflector.go:946] "Watch close" reflector="k8s.io/client-go/informers/factory.go:160" type="*v1.CSINode" totalItems=6
2026-06-19T11:16:17.724302208Z I0619 11:16:17.723169       1 leaderelection.go:293] successfully renewed lease kube-system/external-attacher-leader-ebs-csi-aws-com
2026-06-19T11:16:22.731465721Z I0619 11:16:22.730635       1 leaderelection.go:293] successfully renewed lease kube-system/external-attacher-leader-ebs-csi-aws-com
2026-06-19T11:16:27.736461709Z I0619 11:16:27.736316       1 leaderelection.go:293] successfully renewed lease kube-system/external-attacher-leader-ebs-csi-aws-com
2026-06-19T11:16:32.742622723Z I0619 11:16:32.742477       1 leaderelection.go:293] successfully renewed lease kube-system/external-attacher-leader-ebs-csi-aws-com
2026-06-19T11:16:37.748492605Z I0619 11:16:37.748373       1 leaderelection.go:293] successfully renewed lease kube-system/external-attacher-leader-ebs-csi-aws-com
2026-06-19T11:16:42.756278553Z I0619 11:16:42.756156       1 leaderelection.go:293] successfully renewed lease kube-system/external-attacher-leader-ebs-csi-aws-com
2026-06-19T11:16:47.762271365Z I0619 11:16:47.761996       1 leaderelection.go:293] successfully renewed lease kube-system/external-attacher-leader-ebs-csi-aws-com
2026-06-19T11:16:52.767537804Z I0619 11:16:52.767386       1 leaderelection.go:293] successfully renewed lease kube-system/external-attacher-leader-ebs-csi-aws-com
2026-06-19T11:16:57.776464931Z I0619 11:16:57.776307       1 leaderelection.go:293] successfully renewed lease kube-system/external-attacher-leader-ebs-csi-aws-com
2026-06-19T11:17:03.062398543Z I0619 11:17:03.062259       1 leaderelection.go:293] successfully renewed lease kube-system/external-attacher-leader-ebs-csi-aws-com
2026-06-19T11:17:08.068465389Z I0619 11:17:08.068201       1 leaderelection.go:293] successfully renewed lease kube-system/external-attacher-leader-ebs-csi-aws-com
2026-06-19T11:17:13.074431970Z I0619 11:17:13.074229       1 leaderelection.go:293] successfully renewed lease kube-system/external-attacher-leader-ebs-csi-aws-com
2026-06-19T11:17:18.081286673Z I0619 11:17:18.080957       1 leaderelection.go:293] successfully renewed lease kube-system/external-attacher-leader-ebs-csi-aws-com
2026-06-19T11:17:23.089185728Z I0619 11:17:23.088896       1 leaderelection.go:293] successfully renewed lease kube-system/external-attacher-leader-ebs-csi-aws-com
2026-06-19T11:17:28.094211572Z I0619 11:17:28.094057       1 leaderelection.go:293] successfully renewed lease kube-system/external-attacher-leader-ebs-csi-aws-com
2026-06-19T11:17:33.099425499Z I0619 11:17:33.099276       1 leaderelection.go:293] successfully renewed lease kube-system/external-attacher-leader-ebs-csi-aws-com
2026-06-19T11:17:38.105613523Z I0619 11:17:38.105449       1 leaderelection.go:293] successfully renewed lease kube-system/external-attacher-leader-ebs-csi-aws-com
2026-06-19T11:17:43.111182273Z I0619 11:17:43.111057       1 leaderelection.go:293] successfully renewed lease kube-system/external-attacher-leader-ebs-csi-aws-com
2026-06-19T11:17:48.119277352Z I0619 11:17:48.119071       1 leaderelection.go:293] successfully renewed lease kube-system/external-attacher-leader-ebs-csi-aws-com
2026-06-19T11:17:53.126465948Z I0619 11:17:53.126329       1 leaderelection.go:293] successfully renewed lease kube-system/external-attacher-leader-ebs-csi-aws-com
2026-06-19T11:17:58.132646297Z I0619 11:17:58.132474       1 leaderelection.go:293] successfully renewed lease kube-system/external-attacher-leader-ebs-csi-aws-com
2026-06-19T11:18:03.234270499Z I0619 11:18:03.234103       1 leaderelection.go:293] successfully renewed lease kube-system/external-attacher-leader-ebs-csi-aws-com
2026-06-19T11:18:08.241836835Z I0619 11:18:08.241634       1 leaderelection.go:293] successfully renewed lease kube-system/external-attacher-leader-ebs-csi-aws-com
2026-06-19T11:18:13.247497762Z I0619 11:18:13.247275       1 leaderelection.go:293] successfully renewed lease kube-system/external-attacher-leader-ebs-csi-aws-com
2026-06-19T11:18:18.253751536Z I0619 11:18:18.253619       1 leaderelection.go:293] successfully renewed lease kube-system/external-attacher-leader-ebs-csi-aws-com
2026-06-19T11:18:23.259427655Z I0619 11:18:23.259263       1 leaderelection.go:293] successfully renewed lease kube-system/external-attacher-leader-ebs-csi-aws-com
2026-06-19T11:18:28.264945624Z I0619 11:18:28.264797       1 leaderelection.go:293] successfully renewed lease kube-system/external-attacher-leader-ebs-csi-aws-com
2026-06-19T11:18:33.270763176Z I0619 11:18:33.270646       1 leaderelection.go:293] successfully renewed lease kube-system/external-attacher-leader-ebs-csi-aws-com
2026-06-19T11:18:38.275667678Z I0619 11:18:38.275430       1 leaderelection.go:293] successfully renewed lease kube-system/external-attacher-leader-ebs-csi-aws-com
2026-06-19T11:18:43.280718723Z I0619 11:18:43.280386       1 leaderelection.go:293] successfully renewed lease kube-system/external-attacher-leader-ebs-csi-aws-com
2026-06-19T11:18:48.287839177Z I0619 11:18:48.287712       1 leaderelection.go:293] successfully renewed lease kube-system/external-attacher-leader-ebs-csi-aws-com
2026-06-19T11:18:53.296018105Z I0619 11:18:53.295880       1 leaderelection.go:293] successfully renewed lease kube-system/external-attacher-leader-ebs-csi-aws-com
2026-06-19T11:18:58.302308132Z I0619 11:18:58.302173       1 leaderelection.go:293] successfully renewed lease kube-system/external-attacher-leader-ebs-csi-aws-com
2026-06-19T11:19:03.707169219Z I0619 11:19:03.687335       1 leaderelection.go:293] successfully renewed lease kube-system/external-attacher-leader-ebs-csi-aws-com
2026-06-19T11:19:08.704122881Z I0619 11:19:08.704001       1 leaderelection.go:293] successfully renewed lease kube-system/external-attacher-leader-ebs-csi-aws-com
2026-06-19T11:19:11.911079854Z I0619 11:19:11.910863       1 reflector.go:946] "Watch close" reflector="k8s.io/client-go/informers/factory.go:160" type="*v1.PersistentVolume" totalItems=9
2026-06-19T11:19:13.710635958Z I0619 11:19:13.710502       1 leaderelection.go:293] successfully renewed lease kube-system/external-attacher-leader-ebs-csi-aws-com
2026-06-19T11:19:18.716077517Z I0619 11:19:18.715795       1 leaderelection.go:293] successfully renewed lease kube-system/external-attacher-leader-ebs-csi-aws-com
2026-06-19T11:19:23.724822563Z I0619 11:19:23.724611       1 leaderelection.go:293] successfully renewed lease kube-system/external-attacher-leader-ebs-csi-aws-com
2026-06-19T11:19:28.731735940Z I0619 11:19:28.730574       1 leaderelection.go:293] successfully renewed lease kube-system/external-attacher-leader-ebs-csi-aws-com
2026-06-19T11:19:33.737951455Z I0619 11:19:33.737826       1 leaderelection.go:293] successfully renewed lease kube-system/external-attacher-leader-ebs-csi-aws-com
2026-06-19T11:19:38.743891460Z I0619 11:19:38.743764       1 leaderelection.go:293] successfully renewed lease kube-system/external-attacher-leader-ebs-csi-aws-com
2026-06-19T11:19:43.749653741Z I0619 11:19:43.749503       1 leaderelection.go:293] successfully renewed lease kube-system/external-attacher-leader-ebs-csi-aws-com
2026-06-19T11:19:48.754722954Z I0619 11:19:48.754600       1 leaderelection.go:293] successfully renewed lease kube-system/external-attacher-leader-ebs-csi-aws-com
2026-06-19T11:19:53.761148998Z I0619 11:19:53.760910       1 leaderelection.go:293] successfully renewed lease kube-system/external-attacher-leader-ebs-csi-aws-com
2026-06-19T11:19:58.767127184Z I0619 11:19:58.766964       1 leaderelection.go:293] successfully renewed lease kube-system/external-attacher-leader-ebs-csi-aws-com
2026-06-19T11:20:03.822153522Z I0619 11:20:03.821376       1 leaderelection.go:293] successfully renewed lease kube-system/external-attacher-leader-ebs-csi-aws-com
2026-06-19T11:20:08.838394824Z I0619 11:20:08.838229       1 leaderelection.go:293] successfully renewed lease kube-system/external-attacher-leader-ebs-csi-aws-com
2026-06-19T11:20:13.844337214Z I0619 11:20:13.844207       1 leaderelection.go:293] successfully renewed lease kube-system/external-attacher-leader-ebs-csi-aws-com
2026-06-19T11:20:18.849756290Z I0619 11:20:18.849597       1 leaderelection.go:293] successfully renewed lease kube-system/external-attacher-leader-ebs-csi-aws-com
2026-06-19T11:20:23.854709502Z I0619 11:20:23.854227       1 leaderelection.go:293] successfully renewed lease kube-system/external-attacher-leader-ebs-csi-aws-com
2026-06-19T11:20:28.859627911Z I0619 11:20:28.859489       1 leaderelection.go:293] successfully renewed lease kube-system/external-attacher-leader-ebs-csi-aws-com
2026-06-19T11:20:33.867569215Z I0619 11:20:33.867263       1 leaderelection.go:293] successfully renewed lease kube-system/external-attacher-leader-ebs-csi-aws-com
2026-06-19T11:20:38.873468920Z I0619 11:20:38.873341       1 leaderelection.go:293] successfully renewed lease kube-system/external-attacher-leader-ebs-csi-aws-com
2026-06-19T11:20:43.878676020Z I0619 11:20:43.878531       1 leaderelection.go:293] successfully renewed lease kube-system/external-attacher-leader-ebs-csi-aws-com
2026-06-19T11:20:48.883654883Z I0619 11:20:48.883508       1 leaderelection.go:293] successfully renewed lease kube-system/external-attacher-leader-ebs-csi-aws-com
2026-06-19T11:20:53.890327682Z I0619 11:20:53.890133       1 leaderelection.go:293] successfully renewed lease kube-system/external-attacher-leader-ebs-csi-aws-com
2026-06-19T11:20:58.895146819Z I0619 11:20:58.895044       1 leaderelection.go:293] successfully renewed lease kube-system/external-attacher-leader-ebs-csi-aws-com
2026-06-19T11:21:03.901521460Z I0619 11:21:03.901088       1 leaderelection.go:293] successfully renewed lease kube-system/external-attacher-leader-ebs-csi-aws-com
2026-06-19T11:21:08.906882898Z I0619 11:21:08.906746       1 leaderelection.go:293] successfully renewed lease kube-system/external-attacher-leader-ebs-csi-aws-com
2026-06-19T11:21:13.913358430Z I0619 11:21:13.912829       1 leaderelection.go:293] successfully renewed lease kube-system/external-attacher-leader-ebs-csi-aws-com
2026-06-19T11:21:18.919145645Z I0619 11:21:18.918996       1 leaderelection.go:293] successfully renewed lease kube-system/external-attacher-leader-ebs-csi-aws-com
2026-06-19T11:21:23.926806782Z I0619 11:21:23.926678       1 leaderelection.go:293] successfully renewed lease kube-system/external-attacher-leader-ebs-csi-aws-com
2026-06-19T11:21:28.934154260Z I0619 11:21:28.933979       1 leaderelection.go:293] successfully renewed lease kube-system/external-attacher-leader-ebs-csi-aws-com
2026-06-19T11:21:33.941876786Z I0619 11:21:33.941682       1 leaderelection.go:293] successfully renewed lease kube-system/external-attacher-leader-ebs-csi-aws-com
2026-06-19T11:21:38.951169354Z I0619 11:21:38.950994       1 leaderelection.go:293] successfully renewed lease kube-system/external-attacher-leader-ebs-csi-aws-com
2026-06-19T11:21:43.958113413Z I0619 11:21:43.957989       1 leaderelection.go:293] successfully renewed lease kube-system/external-attacher-leader-ebs-csi-aws-com
2026-06-19T11:21:48.965453090Z I0619 11:21:48.965328       1 leaderelection.go:293] successfully renewed lease kube-system/external-attacher-leader-ebs-csi-aws-com
2026-06-19T11:21:53.971421164Z I0619 11:21:53.971294       1 leaderelection.go:293] successfully renewed lease kube-system/external-attacher-leader-ebs-csi-aws-com
2026-06-19T11:21:58.976706926Z I0619 11:21:58.976488       1 leaderelection.go:293] successfully renewed lease kube-system/external-attacher-leader-ebs-csi-aws-com
2026-06-19T11:22:03.982101436Z I0619 11:22:03.981972       1 leaderelection.go:293] successfully renewed lease kube-system/external-attacher-leader-ebs-csi-aws-com
2026-06-19T11:22:08.988537272Z I0619 11:22:08.988409       1 leaderelection.go:293] successfully renewed lease kube-system/external-attacher-leader-ebs-csi-aws-com
2026-06-19T11:22:13.994506258Z I0619 11:22:13.994319       1 leaderelection.go:293] successfully renewed lease kube-system/external-attacher-leader-ebs-csi-aws-com
2026-06-19T11:22:18.999249888Z I0619 11:22:18.999107       1 leaderelection.go:293] successfully renewed lease kube-system/external-attacher-leader-ebs-csi-aws-com
2026-06-19T11:22:24.012098743Z I0619 11:22:24.011788       1 leaderelection.go:293] successfully renewed lease kube-system/external-attacher-leader-ebs-csi-aws-com
2026-06-19T11:22:29.019637207Z I0619 11:22:29.019478       1 leaderelection.go:293] successfully renewed lease kube-system/external-attacher-leader-ebs-csi-aws-com
2026-06-19T11:22:34.024856854Z I0619 11:22:34.024700       1 leaderelection.go:293] successfully renewed lease kube-system/external-attacher-leader-ebs-csi-aws-com
2026-06-19T11:22:39.030685786Z I0619 11:22:39.030430       1 leaderelection.go:293] successfully renewed lease kube-system/external-attacher-leader-ebs-csi-aws-com
2026-06-19T11:22:43.981914828Z I0619 11:22:43.981406       1 reflector.go:946] "Watch close" reflector="k8s.io/client-go/informers/factory.go:160" type="*v1.VolumeAttachment" totalItems=9
2026-06-19T11:22:44.036731843Z I0619 11:22:44.036606       1 leaderelection.go:293] successfully renewed lease kube-system/external-attacher-leader-ebs-csi-aws-com
2026-06-19T11:22:49.042241986Z I0619 11:22:49.042099       1 leaderelection.go:293] successfully renewed lease kube-system/external-attacher-leader-ebs-csi-aws-com
2026-06-19T11:22:54.048589375Z I0619 11:22:54.048376       1 leaderelection.go:293] successfully renewed lease kube-system/external-attacher-leader-ebs-csi-aws-com
2026-06-19T11:22:59.053649881Z I0619 11:22:59.053479       1 leaderelection.go:293] successfully renewed lease kube-system/external-attacher-leader-ebs-csi-aws-com
2026-06-19T11:23:04.060347767Z I0619 11:23:04.060220       1 leaderelection.go:293] successfully renewed lease kube-system/external-attacher-leader-ebs-csi-aws-com
2026-06-19T11:23:09.068414332Z I0619 11:23:09.068280       1 leaderelection.go:293] successfully renewed lease kube-system/external-attacher-leader-ebs-csi-aws-com
2026-06-19T11:23:14.074125610Z I0619 11:23:14.073984       1 leaderelection.go:293] successfully renewed lease kube-system/external-attacher-leader-ebs-csi-aws-com
2026-06-19T11:23:19.079970809Z I0619 11:23:19.079657       1 leaderelection.go:293] successfully renewed lease kube-system/external-attacher-leader-ebs-csi-aws-com
2026-06-19T11:23:24.090617757Z I0619 11:23:24.090448       1 leaderelection.go:293] successfully renewed lease kube-system/external-attacher-leader-ebs-csi-aws-com
2026-06-19T11:23:29.096042692Z I0619 11:23:29.095918       1 leaderelection.go:293] successfully renewed lease kube-system/external-attacher-leader-ebs-csi-aws-com
2026-06-19T11:23:34.102623348Z I0619 11:23:34.102505       1 leaderelection.go:293] successfully renewed lease kube-system/external-attacher-leader-ebs-csi-aws-com
2026-06-19T11:23:39.109122761Z I0619 11:23:39.108888       1 leaderelection.go:293] successfully renewed lease kube-system/external-attacher-leader-ebs-csi-aws-com
2026-06-19T11:23:44.119704317Z I0619 11:23:44.119141       1 leaderelection.go:293] successfully renewed lease kube-system/external-attacher-leader-ebs-csi-aws-com
2026-06-19T11:23:49.124382480Z I0619 11:23:49.124258       1 leaderelection.go:293] successfully renewed lease kube-system/external-attacher-leader-ebs-csi-aws-com
2026-06-19T11:23:54.132525870Z I0619 11:23:54.132207       1 leaderelection.go:293] successfully renewed lease kube-system/external-attacher-leader-ebs-csi-aws-com
2026-06-19T11:23:59.137840900Z I0619 11:23:59.137589       1 leaderelection.go:293] successfully renewed lease kube-system/external-attacher-leader-ebs-csi-aws-com
2026-06-19T11:24:04.146010980Z I0619 11:24:04.145877       1 leaderelection.go:293] successfully renewed lease kube-system/external-attacher-leader-ebs-csi-aws-com
2026-06-19T11:24:09.152438020Z I0619 11:24:09.152308       1 leaderelection.go:293] successfully renewed lease kube-system/external-attacher-leader-ebs-csi-aws-com
2026-06-19T11:24:14.158977953Z I0619 11:24:14.158826       1 leaderelection.go:293] successfully renewed lease kube-system/external-attacher-leader-ebs-csi-aws-com
2026-06-19T11:24:19.166610072Z I0619 11:24:19.166459       1 leaderelection.go:293] successfully renewed lease kube-system/external-attacher-leader-ebs-csi-aws-com
2026-06-19T11:24:24.172729654Z I0619 11:24:24.172560       1 leaderelection.go:293] successfully renewed lease kube-system/external-attacher-leader-ebs-csi-aws-com
2026-06-19T11:24:29.179933472Z I0619 11:24:29.179664       1 leaderelection.go:293] successfully renewed lease kube-system/external-attacher-leader-ebs-csi-aws-com
2026-06-19T11:24:34.187371043Z I0619 11:24:34.187127       1 leaderelection.go:293] successfully renewed lease kube-system/external-attacher-leader-ebs-csi-aws-com
2026-06-19T11:24:39.194698342Z I0619 11:24:39.194574       1 leaderelection.go:293] successfully renewed lease kube-system/external-attacher-leader-ebs-csi-aws-com
2026-06-19T11:24:44.199919071Z I0619 11:24:44.199788       1 leaderelection.go:293] successfully renewed lease kube-system/external-attacher-leader-ebs-csi-aws-com
2026-06-19T11:24:49.206456936Z I0619 11:24:49.206301       1 leaderelection.go:293] successfully renewed lease kube-system/external-attacher-leader-ebs-csi-aws-com
2026-06-19T11:24:54.212438482Z I0619 11:24:54.212301       1 leaderelection.go:293] successfully renewed lease kube-system/external-attacher-leader-ebs-csi-aws-com
2026-06-19T11:24:59.217098926Z I0619 11:24:59.216777       1 leaderelection.go:293] successfully renewed lease kube-system/external-attacher-leader-ebs-csi-aws-com
2026-06-19T11:25:04.237320265Z I0619 11:25:04.237004       1 leaderelection.go:293] successfully renewed lease kube-system/external-attacher-leader-ebs-csi-aws-com
2026-06-19T11:25:09.243171620Z I0619 11:25:09.243047       1 leaderelection.go:293] successfully renewed lease kube-system/external-attacher-leader-ebs-csi-aws-com
2026-06-19T11:25:14.248822072Z I0619 11:25:14.248700       1 leaderelection.go:293] successfully renewed lease kube-system/external-attacher-leader-ebs-csi-aws-com
2026-06-19T11:25:19.254471370Z I0619 11:25:19.254341       1 leaderelection.go:293] successfully renewed lease kube-system/external-attacher-leader-ebs-csi-aws-com
2026-06-19T11:25:24.264480680Z I0619 11:25:24.263852       1 leaderelection.go:293] successfully renewed lease kube-system/external-attacher-leader-ebs-csi-aws-com
2026-06-19T11:25:29.270101485Z I0619 11:25:29.269947       1 leaderelection.go:293] successfully renewed lease kube-system/external-attacher-leader-ebs-csi-aws-com
2026-06-19T11:25:34.277362509Z I0619 11:25:34.277216       1 leaderelection.go:293] successfully renewed lease kube-system/external-attacher-leader-ebs-csi-aws-com
2026-06-19T11:25:35.891736861Z I0619 11:25:35.891512       1 reflector.go:946] "Watch close" reflector="k8s.io/client-go/informers/factory.go:160" type="*v1.CSINode" totalItems=9
2026-06-19T11:25:39.285440720Z I0619 11:25:39.285310       1 leaderelection.go:293] successfully renewed lease kube-system/external-attacher-leader-ebs-csi-aws-com
2026-06-19T11:25:42.836383073Z I0619 11:25:42.836210       1 reflector.go:450] "Forcing resync" reflector="k8s.io/client-go/informers/factory.go:160"
2026-06-19T11:25:42.841701835Z I0619 11:25:42.841408       1 reflector.go:450] "Forcing resync" reflector="k8s.io/client-go/informers/factory.go:160"
2026-06-19T11:25:42.841743563Z I0619 11:25:42.841611       1 controller.go:213] "Started VolumeAttachment processing" VolumeAttachment="csi-9ccad13160cf5fdacf7aa1e6776e1ecc7899a0d7e176011d9164f9a7aa904701"
2026-06-19T11:25:42.841749153Z I0619 11:25:42.841632       1 csi_handler.go:233] "CSIHandler: processing VolumeAttachment" VolumeAttachment="csi-9ccad13160cf5fdacf7aa1e6776e1ecc7899a0d7e176011d9164f9a7aa904701"
2026-06-19T11:25:42.841753539Z I0619 11:25:42.841642       1 csi_handler.go:256] "VolumeAttachment is already attached" VolumeAttachment="csi-9ccad13160cf5fdacf7aa1e6776e1ecc7899a0d7e176011d9164f9a7aa904701"
2026-06-19T11:25:42.841757179Z I0619 11:25:42.841651       1 csi_handler.go:249] "CSIHandler: finished processing" VolumeAttachment="csi-9ccad13160cf5fdacf7aa1e6776e1ecc7899a0d7e176011d9164f9a7aa904701"
2026-06-19T11:25:42.841812982Z I0619 11:25:42.841618       1 controller.go:213] "Started VolumeAttachment processing" VolumeAttachment="csi-6d3d96299430cc5846f7c4e03dec0ca9223dc2ba26a64a4739ad95c55dfdef26"
2026-06-19T11:25:42.841822915Z I0619 11:25:42.841679       1 csi_handler.go:233] "CSIHandler: processing VolumeAttachment" VolumeAttachment="csi-6d3d96299430cc5846f7c4e03dec0ca9223dc2ba26a64a4739ad95c55dfdef26"
2026-06-19T11:25:42.841825562Z I0619 11:25:42.841687       1 csi_handler.go:256] "VolumeAttachment is already attached" VolumeAttachment="csi-6d3d96299430cc5846f7c4e03dec0ca9223dc2ba26a64a4739ad95c55dfdef26"
2026-06-19T11:25:42.841828163Z I0619 11:25:42.841720       1 csi_handler.go:249] "CSIHandler: finished processing" VolumeAttachment="csi-6d3d96299430cc5846f7c4e03dec0ca9223dc2ba26a64a4739ad95c55dfdef26"
2026-06-19T11:25:44.293108895Z I0619 11:25:44.292863       1 leaderelection.go:293] successfully renewed lease kube-system/external-attacher-leader-ebs-csi-aws-com
2026-06-19T11:25:49.300467133Z I0619 11:25:49.300350       1 leaderelection.go:293] successfully renewed lease kube-system/external-attacher-leader-ebs-csi-aws-com
2026-06-19T11:25:54.305870057Z I0619 11:25:54.305748       1 leaderelection.go:293] successfully renewed lease kube-system/external-attacher-leader-ebs-csi-aws-com
2026-06-19T11:25:59.311486224Z I0619 11:25:59.311347       1 leaderelection.go:293] successfully renewed lease kube-system/external-attacher-leader-ebs-csi-aws-com
2026-06-19T11:26:04.327225096Z I0619 11:26:04.323833       1 leaderelection.go:293] successfully renewed lease kube-system/external-attacher-leader-ebs-csi-aws-com
2026-06-19T11:26:09.333394309Z I0619 11:26:09.333255       1 leaderelection.go:293] successfully renewed lease kube-system/external-attacher-leader-ebs-csi-aws-com
2026-06-19T11:26:14.339694139Z I0619 11:26:14.339574       1 leaderelection.go:293] successfully renewed lease kube-system/external-attacher-leader-ebs-csi-aws-com
2026-06-19T11:26:19.344885222Z I0619 11:26:19.344730       1 leaderelection.go:293] successfully renewed lease kube-system/external-attacher-leader-ebs-csi-aws-com
2026-06-19T11:26:24.351037106Z I0619 11:26:24.350923       1 leaderelection.go:293] successfully renewed lease kube-system/external-attacher-leader-ebs-csi-aws-com
2026-06-19T11:26:29.358999336Z I0619 11:26:29.358874       1 leaderelection.go:293] successfully renewed lease kube-system/external-attacher-leader-ebs-csi-aws-com
2026-06-19T11:26:34.365374048Z I0619 11:26:34.365231       1 leaderelection.go:293] successfully renewed lease kube-system/external-attacher-leader-ebs-csi-aws-com
2026-06-19T11:26:39.370378903Z I0619 11:26:39.370241       1 leaderelection.go:293] successfully renewed lease kube-system/external-attacher-leader-ebs-csi-aws-com
2026-06-19T11:26:44.378419978Z I0619 11:26:44.378288       1 leaderelection.go:293] successfully renewed lease kube-system/external-attacher-leader-ebs-csi-aws-com
2026-06-19T11:26:49.384452794Z I0619 11:26:49.384331       1 leaderelection.go:293] successfully renewed lease kube-system/external-attacher-leader-ebs-csi-aws-com
2026-06-19T11:26:54.390082288Z I0619 11:26:54.389871       1 leaderelection.go:293] successfully renewed lease kube-system/external-attacher-leader-ebs-csi-aws-com
2026-06-19T11:26:59.395591097Z I0619 11:26:59.395397       1 leaderelection.go:293] successfully renewed lease kube-system/external-attacher-leader-ebs-csi-aws-com
2026-06-19T11:27:04.403513808Z I0619 11:27:04.403369       1 leaderelection.go:293] successfully renewed lease kube-system/external-attacher-leader-ebs-csi-aws-com
2026-06-19T11:27:09.409136675Z I0619 11:27:09.408850       1 leaderelection.go:293] successfully renewed lease kube-system/external-attacher-leader-ebs-csi-aws-com
2026-06-19T11:27:14.415061055Z I0619 11:27:14.414906       1 leaderelection.go:293] successfully renewed lease kube-system/external-attacher-leader-ebs-csi-aws-com
2026-06-19T11:27:19.421392532Z I0619 11:27:19.421271       1 leaderelection.go:293] successfully renewed lease kube-system/external-attacher-leader-ebs-csi-aws-com
2026-06-19T11:27:24.426593952Z I0619 11:27:24.426311       1 leaderelection.go:293] successfully renewed lease kube-system/external-attacher-leader-ebs-csi-aws-com
2026-06-19T11:27:29.432535429Z I0619 11:27:29.432381       1 leaderelection.go:293] successfully renewed lease kube-system/external-attacher-leader-ebs-csi-aws-com
2026-06-19T11:27:34.440262462Z I0619 11:27:34.440133       1 leaderelection.go:293] successfully renewed lease kube-system/external-attacher-leader-ebs-csi-aws-com
2026-06-19T11:27:39.445404971Z I0619 11:27:39.445279       1 leaderelection.go:293] successfully renewed lease kube-system/external-attacher-leader-ebs-csi-aws-com
2026-06-19T11:27:44.450430311Z I0619 11:27:44.450304       1 leaderelection.go:293] successfully renewed lease kube-system/external-attacher-leader-ebs-csi-aws-com
2026-06-19T11:27:49.456423073Z I0619 11:27:49.456298       1 leaderelection.go:293] successfully renewed lease kube-system/external-attacher-leader-ebs-csi-aws-com
2026-06-19T11:27:54.462865062Z I0619 11:27:54.462724       1 leaderelection.go:293] successfully renewed lease kube-system/external-attacher-leader-ebs-csi-aws-com
2026-06-19T11:27:59.468604642Z I0619 11:27:59.468461       1 leaderelection.go:293] successfully renewed lease kube-system/external-attacher-leader-ebs-csi-aws-com
2026-06-19T11:28:04.489385283Z I0619 11:28:04.487915       1 leaderelection.go:293] successfully renewed lease kube-system/external-attacher-leader-ebs-csi-aws-com
2026-06-19T11:28:09.494662914Z I0619 11:28:09.494516       1 leaderelection.go:293] successfully renewed lease kube-system/external-attacher-leader-ebs-csi-aws-com
2026-06-19T11:28:13.913176955Z I0619 11:28:13.912874       1 reflector.go:946] "Watch close" reflector="k8s.io/client-go/informers/factory.go:160" type="*v1.PersistentVolume" totalItems=10
2026-06-19T11:28:14.503257722Z I0619 11:28:14.502272       1 leaderelection.go:293] successfully renewed lease kube-system/external-attacher-leader-ebs-csi-aws-com
2026-06-19T11:28:19.508465083Z I0619 11:28:19.508337       1 leaderelection.go:293] successfully renewed lease kube-system/external-attacher-leader-ebs-csi-aws-com
2026-06-19T11:28:24.514021091Z I0619 11:28:24.513862       1 leaderelection.go:293] successfully renewed lease kube-system/external-attacher-leader-ebs-csi-aws-com
2026-06-19T11:28:29.519341114Z I0619 11:28:29.519218       1 leaderelection.go:293] successfully renewed lease kube-system/external-attacher-leader-ebs-csi-aws-com
2026-06-19T11:28:34.525628650Z I0619 11:28:34.525423       1 leaderelection.go:293] successfully renewed lease kube-system/external-attacher-leader-ebs-csi-aws-com
2026-06-19T11:28:39.531259940Z I0619 11:28:39.531143       1 leaderelection.go:293] successfully renewed lease kube-system/external-attacher-leader-ebs-csi-aws-com
2026-06-19T11:28:44.538080463Z I0619 11:28:44.537927       1 leaderelection.go:293] successfully renewed lease kube-system/external-attacher-leader-ebs-csi-aws-com
2026-06-19T11:28:49.543249100Z I0619 11:28:49.543005       1 leaderelection.go:293] successfully renewed lease kube-system/external-attacher-leader-ebs-csi-aws-com
2026-06-19T11:28:54.549540407Z I0619 11:28:54.549369       1 leaderelection.go:293] successfully renewed lease kube-system/external-attacher-leader-ebs-csi-aws-com
2026-06-19T11:28:59.556337948Z I0619 11:28:59.556217       1 leaderelection.go:293] successfully renewed lease kube-system/external-attacher-leader-ebs-csi-aws-com
2026-06-19T11:29:04.565405028Z I0619 11:29:04.564856       1 leaderelection.go:293] successfully renewed lease kube-system/external-attacher-leader-ebs-csi-aws-com
2026-06-19T11:29:09.571354528Z I0619 11:29:09.571233       1 leaderelection.go:293] successfully renewed lease kube-system/external-attacher-leader-ebs-csi-aws-com
2026-06-19T11:29:14.578795192Z I0619 11:29:14.578424       1 leaderelection.go:293] successfully renewed lease kube-system/external-attacher-leader-ebs-csi-aws-com
2026-06-19T11:29:19.586188209Z I0619 11:29:19.586063       1 leaderelection.go:293] successfully renewed lease kube-system/external-attacher-leader-ebs-csi-aws-com
2026-06-19T11:29:24.591330688Z I0619 11:29:24.591183       1 leaderelection.go:293] successfully renewed lease kube-system/external-attacher-leader-ebs-csi-aws-com
2026-06-19T11:29:29.598094123Z I0619 11:29:29.597848       1 leaderelection.go:293] successfully renewed lease kube-system/external-attacher-leader-ebs-csi-aws-com
2026-06-19T11:29:34.603078255Z I0619 11:29:34.602958       1 leaderelection.go:293] successfully renewed lease kube-system/external-attacher-leader-ebs-csi-aws-com
2026-06-19T11:29:39.608328346Z I0619 11:29:39.608188       1 leaderelection.go:293] successfully renewed lease kube-system/external-attacher-leader-ebs-csi-aws-com
2026-06-19T11:29:44.613719855Z I0619 11:29:44.613487       1 leaderelection.go:293] successfully renewed lease kube-system/external-attacher-leader-ebs-csi-aws-com
2026-06-19T11:29:49.619503441Z I0619 11:29:49.619289       1 leaderelection.go:293] successfully renewed lease kube-system/external-attacher-leader-ebs-csi-aws-com
2026-06-19T11:29:54.625439454Z I0619 11:29:54.625298       1 leaderelection.go:293] successfully renewed lease kube-system/external-attacher-leader-ebs-csi-aws-com
2026-06-19T11:29:59.630740072Z I0619 11:29:59.630616       1 leaderelection.go:293] successfully renewed lease kube-system/external-attacher-leader-ebs-csi-aws-com
2026-06-19T11:30:04.696002078Z I0619 11:30:04.695786       1 leaderelection.go:293] successfully renewed lease kube-system/external-attacher-leader-ebs-csi-aws-com
2026-06-19T11:30:09.701573394Z I0619 11:30:09.701437       1 leaderelection.go:293] successfully renewed lease kube-system/external-attacher-leader-ebs-csi-aws-com
2026-06-19T11:30:14.711068031Z I0619 11:30:14.710937       1 leaderelection.go:293] successfully renewed lease kube-system/external-attacher-leader-ebs-csi-aws-com
2026-06-19T11:30:19.716664255Z I0619 11:30:19.716520       1 leaderelection.go:293] successfully renewed lease kube-system/external-attacher-leader-ebs-csi-aws-com
2026-06-19T11:30:24.724144692Z I0619 11:30:24.723967       1 leaderelection.go:293] successfully renewed lease kube-system/external-attacher-leader-ebs-csi-aws-com
2026-06-19T11:30:29.730047332Z I0619 11:30:29.729931       1 leaderelection.go:293] successfully renewed lease kube-system/external-attacher-leader-ebs-csi-aws-com
2026-06-19T11:30:34.736094562Z I0619 11:30:34.735961       1 leaderelection.go:293] successfully renewed lease kube-system/external-attacher-leader-ebs-csi-aws-com
2026-06-19T11:30:39.742304602Z I0619 11:30:39.742125       1 leaderelection.go:293] successfully renewed lease kube-system/external-attacher-leader-ebs-csi-aws-com
2026-06-19T11:30:44.748429154Z I0619 11:30:44.748297       1 leaderelection.go:293] successfully renewed lease kube-system/external-attacher-leader-ebs-csi-aws-com
2026-06-19T11:30:49.754268508Z I0619 11:30:49.754037       1 leaderelection.go:293] successfully renewed lease kube-system/external-attacher-leader-ebs-csi-aws-com
2026-06-19T11:30:54.759451576Z I0619 11:30:54.759204       1 leaderelection.go:293] successfully renewed lease kube-system/external-attacher-leader-ebs-csi-aws-com
2026-06-19T11:30:59.765810032Z I0619 11:30:59.765606       1 leaderelection.go:293] successfully renewed lease kube-system/external-attacher-leader-ebs-csi-aws-com
2026-06-19T11:31:04.776511034Z I0619 11:31:04.776262       1 leaderelection.go:293] successfully renewed lease kube-system/external-attacher-leader-ebs-csi-aws-com
2026-06-19T11:31:09.782053446Z I0619 11:31:09.781753       1 leaderelection.go:293] successfully renewed lease kube-system/external-attacher-leader-ebs-csi-aws-com
2026-06-19T11:31:14.788049997Z I0619 11:31:14.787904       1 leaderelection.go:293] successfully renewed lease kube-system/external-attacher-leader-ebs-csi-aws-com
2026-06-19T11:31:19.794976891Z I0619 11:31:19.794753       1 leaderelection.go:293] successfully renewed lease kube-system/external-attacher-leader-ebs-csi-aws-com
2026-06-19T11:31:24.804723521Z I0619 11:31:24.804626       1 leaderelection.go:293] successfully renewed lease kube-system/external-attacher-leader-ebs-csi-aws-com
2026-06-19T11:31:29.811039253Z I0619 11:31:29.810913       1 leaderelection.go:293] successfully renewed lease kube-system/external-attacher-leader-ebs-csi-aws-com
2026-06-19T11:31:33.983900218Z I0619 11:31:33.983756       1 reflector.go:946] "Watch close" reflector="k8s.io/client-go/informers/factory.go:160" type="*v1.VolumeAttachment" totalItems=9
2026-06-19T11:31:34.817425655Z I0619 11:31:34.817296       1 leaderelection.go:293] successfully renewed lease kube-system/external-attacher-leader-ebs-csi-aws-com
2026-06-19T11:31:39.823047056Z I0619 11:31:39.822927       1 leaderelection.go:293] successfully renewed lease kube-system/external-attacher-leader-ebs-csi-aws-com
2026-06-19T11:31:44.828839217Z I0619 11:31:44.828449       1 leaderelection.go:293] successfully renewed lease kube-system/external-attacher-leader-ebs-csi-aws-com
2026-06-19T11:31:49.833868975Z I0619 11:31:49.833717       1 leaderelection.go:293] successfully renewed lease kube-system/external-attacher-leader-ebs-csi-aws-com
2026-06-19T11:31:54.839507689Z I0619 11:31:54.839350       1 leaderelection.go:293] successfully renewed lease kube-system/external-attacher-leader-ebs-csi-aws-com
2026-06-19T11:31:59.846830897Z I0619 11:31:59.846486       1 leaderelection.go:293] successfully renewed lease kube-system/external-attacher-leader-ebs-csi-aws-com
2026-06-19T11:32:04.852672887Z I0619 11:32:04.852519       1 leaderelection.go:293] successfully renewed lease kube-system/external-attacher-leader-ebs-csi-aws-com
2026-06-19T11:32:09.860510882Z I0619 11:32:09.860098       1 leaderelection.go:293] successfully renewed lease kube-system/external-attacher-leader-ebs-csi-aws-com
2026-06-19T11:32:14.867789521Z I0619 11:32:14.867573       1 leaderelection.go:293] successfully renewed lease kube-system/external-attacher-leader-ebs-csi-aws-com
2026-06-19T11:32:19.873754380Z I0619 11:32:19.873614       1 leaderelection.go:293] successfully renewed lease kube-system/external-attacher-leader-ebs-csi-aws-com
2026-06-19T11:32:24.879236169Z I0619 11:32:24.879090       1 leaderelection.go:293] successfully renewed lease kube-system/external-attacher-leader-ebs-csi-aws-com
2026-06-19T11:32:29.887183238Z I0619 11:32:29.887062       1 leaderelection.go:293] successfully renewed lease kube-system/external-attacher-leader-ebs-csi-aws-com
2026-06-19T11:32:34.893770503Z I0619 11:32:34.893642       1 leaderelection.go:293] successfully renewed lease kube-system/external-attacher-leader-ebs-csi-aws-com
2026-06-19T11:32:39.899359265Z I0619 11:32:39.899058       1 leaderelection.go:293] successfully renewed lease kube-system/external-attacher-leader-ebs-csi-aws-com
2026-06-19T11:32:44.905603450Z I0619 11:32:44.905370       1 leaderelection.go:293] successfully renewed lease kube-system/external-attacher-leader-ebs-csi-aws-com
2026-06-19T11:32:49.910647564Z I0619 11:32:49.910529       1 leaderelection.go:293] successfully renewed lease kube-system/external-attacher-leader-ebs-csi-aws-com
2026-06-19T11:32:54.916790579Z I0619 11:32:54.916532       1 leaderelection.go:293] successfully renewed lease kube-system/external-attacher-leader-ebs-csi-aws-com
2026-06-19T11:32:59.923177706Z I0619 11:32:59.922983       1 leaderelection.go:293] successfully renewed lease kube-system/external-attacher-leader-ebs-csi-aws-com
2026-06-19T11:33:04.936172129Z I0619 11:33:04.935790       1 leaderelection.go:293] successfully renewed lease kube-system/external-attacher-leader-ebs-csi-aws-com
2026-06-19T11:33:09.941866115Z I0619 11:33:09.941697       1 leaderelection.go:293] successfully renewed lease kube-system/external-attacher-leader-ebs-csi-aws-com
2026-06-19T11:33:13.915868116Z I0619 11:33:13.915699       1 reflector.go:946] "Watch close" reflector="k8s.io/client-go/informers/factory.go:160" type="*v1.PersistentVolume" totalItems=6
2026-06-19T11:33:14.949187942Z I0619 11:33:14.948882       1 leaderelection.go:293] successfully renewed lease kube-system/external-attacher-leader-ebs-csi-aws-com
2026-06-19T11:33:19.955314123Z I0619 11:33:19.955175       1 leaderelection.go:293] successfully renewed lease kube-system/external-attacher-leader-ebs-csi-aws-com
2026-06-19T11:33:24.963635468Z I0619 11:33:24.963504       1 leaderelection.go:293] successfully renewed lease kube-system/external-attacher-leader-ebs-csi-aws-com
2026-06-19T11:33:29.968715734Z I0619 11:33:29.968597       1 leaderelection.go:293] successfully renewed lease kube-system/external-attacher-leader-ebs-csi-aws-com
2026-06-19T11:33:34.975183699Z I0619 11:33:34.975061       1 leaderelection.go:293] successfully renewed lease kube-system/external-attacher-leader-ebs-csi-aws-com
2026-06-19T11:33:39.983860606Z I0619 11:33:39.983729       1 leaderelection.go:293] successfully renewed lease kube-system/external-attacher-leader-ebs-csi-aws-com
2026-06-19T11:33:44.995884988Z I0619 11:33:44.995747       1 leaderelection.go:293] successfully renewed lease kube-system/external-attacher-leader-ebs-csi-aws-com
2026-06-19T11:33:50.003528838Z I0619 11:33:50.003412       1 leaderelection.go:293] successfully renewed lease kube-system/external-attacher-leader-ebs-csi-aws-com
2026-06-19T11:33:55.009772430Z I0619 11:33:55.009625       1 leaderelection.go:293] successfully renewed lease kube-system/external-attacher-leader-ebs-csi-aws-com
2026-06-19T11:34:00.038225140Z I0619 11:34:00.037592       1 leaderelection.go:293] successfully renewed lease kube-system/external-attacher-leader-ebs-csi-aws-com
2026-06-19T11:34:05.043904517Z I0619 11:34:05.043749       1 leaderelection.go:293] successfully renewed lease kube-system/external-attacher-leader-ebs-csi-aws-com
2026-06-19T11:34:09.894236575Z I0619 11:34:09.894008       1 reflector.go:946] "Watch close" reflector="k8s.io/client-go/informers/factory.go:160" type="*v1.CSINode" totalItems=9
2026-06-19T11:34:10.051274953Z I0619 11:34:10.051142       1 leaderelection.go:293] successfully renewed lease kube-system/external-attacher-leader-ebs-csi-aws-com
2026-06-19T11:34:15.057440847Z I0619 11:34:15.057288       1 leaderelection.go:293] successfully renewed lease kube-system/external-attacher-leader-ebs-csi-aws-com
2026-06-19T11:34:20.063174861Z I0619 11:34:20.063050       1 leaderelection.go:293] successfully renewed lease kube-system/external-attacher-leader-ebs-csi-aws-com
2026-06-19T11:34:25.068847515Z I0619 11:34:25.068596       1 leaderelection.go:293] successfully renewed lease kube-system/external-attacher-leader-ebs-csi-aws-com
2026-06-19T11:34:30.091902223Z I0619 11:34:30.091616       1 leaderelection.go:293] successfully renewed lease kube-system/external-attacher-leader-ebs-csi-aws-com
2026-06-19T11:34:35.102217423Z I0619 11:34:35.102077       1 leaderelection.go:293] successfully renewed lease kube-system/external-attacher-leader-ebs-csi-aws-com
2026-06-19T11:34:40.108441612Z I0619 11:34:40.108267       1 leaderelection.go:293] successfully renewed lease kube-system/external-attacher-leader-ebs-csi-aws-com
2026-06-19T11:34:45.114441071Z I0619 11:34:45.114274       1 leaderelection.go:293] successfully renewed lease kube-system/external-attacher-leader-ebs-csi-aws-com
2026-06-19T11:34:50.121811337Z I0619 11:34:50.121648       1 leaderelection.go:293] successfully renewed lease kube-system/external-attacher-leader-ebs-csi-aws-com
2026-06-19T11:34:55.128183014Z I0619 11:34:55.128035       1 leaderelection.go:293] successfully renewed lease kube-system/external-attacher-leader-ebs-csi-aws-com
2026-06-19T11:35:00.138210823Z I0619 11:35:00.138017       1 leaderelection.go:293] successfully renewed lease kube-system/external-attacher-leader-ebs-csi-aws-com
2026-06-19T11:35:05.180585976Z I0619 11:35:05.180454       1 leaderelection.go:293] successfully renewed lease kube-system/external-attacher-leader-ebs-csi-aws-com
2026-06-19T11:35:10.186901852Z I0619 11:35:10.186774       1 leaderelection.go:293] successfully renewed lease kube-system/external-attacher-leader-ebs-csi-aws-com
2026-06-19T11:35:15.194060837Z I0619 11:35:15.193846       1 leaderelection.go:293] successfully renewed lease kube-system/external-attacher-leader-ebs-csi-aws-com
2026-06-19T11:35:20.199657156Z I0619 11:35:20.199243       1 leaderelection.go:293] successfully renewed lease kube-system/external-attacher-leader-ebs-csi-aws-com
2026-06-19T11:35:25.204522720Z I0619 11:35:25.204257       1 leaderelection.go:293] successfully renewed lease kube-system/external-attacher-leader-ebs-csi-aws-com
2026-06-19T11:35:30.209684194Z I0619 11:35:30.209503       1 leaderelection.go:293] successfully renewed lease kube-system/external-attacher-leader-ebs-csi-aws-com
2026-06-19T11:35:35.214966568Z I0619 11:35:35.214757       1 leaderelection.go:293] successfully renewed lease kube-system/external-attacher-leader-ebs-csi-aws-com
2026-06-19T11:35:40.222614939Z I0619 11:35:40.222420       1 leaderelection.go:293] successfully renewed lease kube-system/external-attacher-leader-ebs-csi-aws-com
2026-06-19T11:35:42.836650332Z I0619 11:35:42.836463       1 reflector.go:450] "Forcing resync" reflector="k8s.io/client-go/informers/factory.go:160"
2026-06-19T11:35:42.841752099Z I0619 11:35:42.841605       1 reflector.go:450] "Forcing resync" reflector="k8s.io/client-go/informers/factory.go:160"
2026-06-19T11:35:42.841852197Z I0619 11:35:42.841697       1 controller.go:213] "Started VolumeAttachment processing" VolumeAttachment="csi-9ccad13160cf5fdacf7aa1e6776e1ecc7899a0d7e176011d9164f9a7aa904701"
2026-06-19T11:35:42.841859612Z I0619 11:35:42.841714       1 csi_handler.go:233] "CSIHandler: processing VolumeAttachment" VolumeAttachment="csi-9ccad13160cf5fdacf7aa1e6776e1ecc7899a0d7e176011d9164f9a7aa904701"
2026-06-19T11:35:42.841863531Z I0619 11:35:42.841793       1 csi_handler.go:256] "VolumeAttachment is already attached" VolumeAttachment="csi-9ccad13160cf5fdacf7aa1e6776e1ecc7899a0d7e176011d9164f9a7aa904701"
2026-06-19T11:35:42.841938046Z I0619 11:35:42.841854       1 csi_handler.go:249] "CSIHandler: finished processing" VolumeAttachment="csi-9ccad13160cf5fdacf7aa1e6776e1ecc7899a0d7e176011d9164f9a7aa904701"
2026-06-19T11:35:42.842007393Z I0619 11:35:42.841764       1 controller.go:213] "Started VolumeAttachment processing" VolumeAttachment="csi-6d3d96299430cc5846f7c4e03dec0ca9223dc2ba26a64a4739ad95c55dfdef26"
2026-06-19T11:35:42.842012983Z I0619 11:35:42.841961       1 csi_handler.go:233] "CSIHandler: processing VolumeAttachment" VolumeAttachment="csi-6d3d96299430cc5846f7c4e03dec0ca9223dc2ba26a64a4739ad95c55dfdef26"
2026-06-19T11:35:42.842050217Z I0619 11:35:42.842011       1 csi_handler.go:256] "VolumeAttachment is already attached" VolumeAttachment="csi-6d3d96299430cc5846f7c4e03dec0ca9223dc2ba26a64a4739ad95c55dfdef26"
2026-06-19T11:35:42.842156678Z I0619 11:35:42.842052       1 csi_handler.go:249] "CSIHandler: finished processing" VolumeAttachment="csi-6d3d96299430cc5846f7c4e03dec0ca9223dc2ba26a64a4739ad95c55dfdef26"
2026-06-19T11:35:45.227810911Z I0619 11:35:45.227684       1 leaderelection.go:293] successfully renewed lease kube-system/external-attacher-leader-ebs-csi-aws-com
2026-06-19T11:35:50.233912377Z I0619 11:35:50.233774       1 leaderelection.go:293] successfully renewed lease kube-system/external-attacher-leader-ebs-csi-aws-com
2026-06-19T11:35:55.239141863Z I0619 11:35:55.239003       1 leaderelection.go:293] successfully renewed lease kube-system/external-attacher-leader-ebs-csi-aws-com
2026-06-19T11:36:00.245056862Z I0619 11:36:00.244756       1 leaderelection.go:293] successfully renewed lease kube-system/external-attacher-leader-ebs-csi-aws-com
2026-06-19T11:36:05.250421218Z I0619 11:36:05.250292       1 leaderelection.go:293] successfully renewed lease kube-system/external-attacher-leader-ebs-csi-aws-com
2026-06-19T11:36:10.257978470Z I0619 11:36:10.257737       1 leaderelection.go:293] successfully renewed lease kube-system/external-attacher-leader-ebs-csi-aws-com
2026-06-19T11:36:15.264231646Z I0619 11:36:15.264117       1 leaderelection.go:293] successfully renewed lease kube-system/external-attacher-leader-ebs-csi-aws-com
2026-06-19T11:36:20.270214982Z I0619 11:36:20.270028       1 leaderelection.go:293] successfully renewed lease kube-system/external-attacher-leader-ebs-csi-aws-com
2026-06-19T11:36:25.277532913Z I0619 11:36:25.277330       1 leaderelection.go:293] successfully renewed lease kube-system/external-attacher-leader-ebs-csi-aws-com
2026-06-19T11:36:30.286480722Z I0619 11:36:30.286361       1 leaderelection.go:293] successfully renewed lease kube-system/external-attacher-leader-ebs-csi-aws-com
2026-06-19T11:36:35.293124570Z I0619 11:36:35.292644       1 leaderelection.go:293] successfully renewed lease kube-system/external-attacher-leader-ebs-csi-aws-com
2026-06-19T11:36:40.300608158Z I0619 11:36:40.300458       1 leaderelection.go:293] successfully renewed lease kube-system/external-attacher-leader-ebs-csi-aws-com
2026-06-19T11:36:45.305736565Z I0619 11:36:45.305596       1 leaderelection.go:293] successfully renewed lease kube-system/external-attacher-leader-ebs-csi-aws-com
2026-06-19T11:36:50.310938626Z I0619 11:36:50.310790       1 leaderelection.go:293] successfully renewed lease kube-system/external-attacher-leader-ebs-csi-aws-com
2026-06-19T11:36:55.316845620Z I0619 11:36:55.316658       1 leaderelection.go:293] successfully renewed lease kube-system/external-attacher-leader-ebs-csi-aws-com
2026-06-19T11:37:00.323025955Z I0619 11:37:00.322892       1 leaderelection.go:293] successfully renewed lease kube-system/external-attacher-leader-ebs-csi-aws-com
2026-06-19T11:37:05.341196832Z I0619 11:37:05.340243       1 leaderelection.go:293] successfully renewed lease kube-system/external-attacher-leader-ebs-csi-aws-com
2026-06-19T11:37:10.346769954Z I0619 11:37:10.346442       1 leaderelection.go:293] successfully renewed lease kube-system/external-attacher-leader-ebs-csi-aws-com
2026-06-19T11:37:15.353908333Z I0619 11:37:15.353794       1 leaderelection.go:293] successfully renewed lease kube-system/external-attacher-leader-ebs-csi-aws-com
2026-06-19T11:37:20.359613540Z I0619 11:37:20.359445       1 leaderelection.go:293] successfully renewed lease kube-system/external-attacher-leader-ebs-csi-aws-com
2026-06-19T11:37:25.365671323Z I0619 11:37:25.365407       1 leaderelection.go:293] successfully renewed lease kube-system/external-attacher-leader-ebs-csi-aws-com
2026-06-19T11:37:30.371000506Z I0619 11:37:30.370773       1 leaderelection.go:293] successfully renewed lease kube-system/external-attacher-leader-ebs-csi-aws-com
2026-06-19T11:37:35.376784531Z I0619 11:37:35.376629       1 leaderelection.go:293] successfully renewed lease kube-system/external-attacher-leader-ebs-csi-aws-com
2026-06-19T11:37:40.382801309Z I0619 11:37:40.382596       1 leaderelection.go:293] successfully renewed lease kube-system/external-attacher-leader-ebs-csi-aws-com
2026-06-19T11:37:45.388448432Z I0619 11:37:45.388320       1 leaderelection.go:293] successfully renewed lease kube-system/external-attacher-leader-ebs-csi-aws-com
2026-06-19T11:37:50.397121773Z I0619 11:37:50.396808       1 leaderelection.go:293] successfully renewed lease kube-system/external-attacher-leader-ebs-csi-aws-com
2026-06-19T11:37:55.402742354Z I0619 11:37:55.402626       1 leaderelection.go:293] successfully renewed lease kube-system/external-attacher-leader-ebs-csi-aws-com
2026-06-19T11:38:00.411418199Z I0619 11:38:00.411291       1 leaderelection.go:293] successfully renewed lease kube-system/external-attacher-leader-ebs-csi-aws-com
2026-06-19T11:38:05.419083951Z I0619 11:38:05.418712       1 leaderelection.go:293] successfully renewed lease kube-system/external-attacher-leader-ebs-csi-aws-com
2026-06-19T11:38:10.425718290Z I0619 11:38:10.425518       1 leaderelection.go:293] successfully renewed lease kube-system/external-attacher-leader-ebs-csi-aws-com
2026-06-19T11:38:15.430663875Z I0619 11:38:15.430497       1 leaderelection.go:293] successfully renewed lease kube-system/external-attacher-leader-ebs-csi-aws-com
2026-06-19T11:38:20.435703517Z I0619 11:38:20.435580       1 leaderelection.go:293] successfully renewed lease kube-system/external-attacher-leader-ebs-csi-aws-com
2026-06-19T11:38:25.440570447Z I0619 11:38:25.440212       1 leaderelection.go:293] successfully renewed lease kube-system/external-attacher-leader-ebs-csi-aws-com
2026-06-19T11:38:30.445938311Z I0619 11:38:30.445800       1 leaderelection.go:293] successfully renewed lease kube-system/external-attacher-leader-ebs-csi-aws-com
2026-06-19T11:38:35.451475982Z I0619 11:38:35.451297       1 leaderelection.go:293] successfully renewed lease kube-system/external-attacher-leader-ebs-csi-aws-com
2026-06-19T11:38:40.457808925Z I0619 11:38:40.457675       1 leaderelection.go:293] successfully renewed lease kube-system/external-attacher-leader-ebs-csi-aws-com
2026-06-19T11:38:45.463509567Z I0619 11:38:45.463381       1 leaderelection.go:293] successfully renewed lease kube-system/external-attacher-leader-ebs-csi-aws-com
2026-06-19T11:38:50.469068267Z I0619 11:38:50.468706       1 leaderelection.go:293] successfully renewed lease kube-system/external-attacher-leader-ebs-csi-aws-com
2026-06-19T11:38:55.474829865Z I0619 11:38:55.474677       1 leaderelection.go:293] successfully renewed lease kube-system/external-attacher-leader-ebs-csi-aws-com
2026-06-19T11:39:00.481632485Z I0619 11:39:00.481470       1 leaderelection.go:293] successfully renewed lease kube-system/external-attacher-leader-ebs-csi-aws-com
2026-06-19T11:39:05.487202229Z I0619 11:39:05.487076       1 leaderelection.go:293] successfully renewed lease kube-system/external-attacher-leader-ebs-csi-aws-com
2026-06-19T11:39:10.493397598Z I0619 11:39:10.492979       1 leaderelection.go:293] successfully renewed lease kube-system/external-attacher-leader-ebs-csi-aws-com
2026-06-19T11:39:15.498479265Z I0619 11:39:15.498340       1 leaderelection.go:293] successfully renewed lease kube-system/external-attacher-leader-ebs-csi-aws-com
2026-06-19T11:39:20.503636236Z I0619 11:39:20.503343       1 leaderelection.go:293] successfully renewed lease kube-system/external-attacher-leader-ebs-csi-aws-com
2026-06-19T11:39:25.512713139Z I0619 11:39:25.512251       1 leaderelection.go:293] successfully renewed lease kube-system/external-attacher-leader-ebs-csi-aws-com
2026-06-19T11:39:30.519184249Z I0619 11:39:30.518997       1 leaderelection.go:293] successfully renewed lease kube-system/external-attacher-leader-ebs-csi-aws-com
2026-06-19T11:39:35.525980300Z I0619 11:39:35.525831       1 leaderelection.go:293] successfully renewed lease kube-system/external-attacher-leader-ebs-csi-aws-com
2026-06-19T11:39:40.534483378Z I0619 11:39:40.534345       1 leaderelection.go:293] successfully renewed lease kube-system/external-attacher-leader-ebs-csi-aws-com
2026-06-19T11:39:45.540471821Z I0619 11:39:45.540314       1 leaderelection.go:293] successfully renewed lease kube-system/external-attacher-leader-ebs-csi-aws-com
2026-06-19T11:39:50.546686189Z I0619 11:39:50.546513       1 leaderelection.go:293] successfully renewed lease kube-system/external-attacher-leader-ebs-csi-aws-com
2026-06-19T11:39:55.551848727Z I0619 11:39:55.551722       1 leaderelection.go:293] successfully renewed lease kube-system/external-attacher-leader-ebs-csi-aws-com
2026-06-19T11:40:00.558126268Z I0619 11:40:00.558010       1 leaderelection.go:293] successfully renewed lease kube-system/external-attacher-leader-ebs-csi-aws-com
2026-06-19T11:40:05.573277608Z I0619 11:40:05.572775       1 leaderelection.go:293] successfully renewed lease kube-system/external-attacher-leader-ebs-csi-aws-com
2026-06-19T11:40:10.579232805Z I0619 11:40:10.579089       1 leaderelection.go:293] successfully renewed lease kube-system/external-attacher-leader-ebs-csi-aws-com
2026-06-19T11:40:15.585529155Z I0619 11:40:15.585367       1 leaderelection.go:293] successfully renewed lease kube-system/external-attacher-leader-ebs-csi-aws-com
2026-06-19T11:40:20.597052678Z I0619 11:40:20.596753       1 leaderelection.go:293] successfully renewed lease kube-system/external-attacher-leader-ebs-csi-aws-com
2026-06-19T11:40:25.603417164Z I0619 11:40:25.603257       1 leaderelection.go:293] successfully renewed lease kube-system/external-attacher-leader-ebs-csi-aws-com
2026-06-19T11:40:30.609530018Z I0619 11:40:30.609390       1 leaderelection.go:293] successfully renewed lease kube-system/external-attacher-leader-ebs-csi-aws-com
2026-06-19T11:40:35.619770435Z I0619 11:40:35.619036       1 leaderelection.go:293] successfully renewed lease kube-system/external-attacher-leader-ebs-csi-aws-com
2026-06-19T11:40:40.625867106Z I0619 11:40:40.625726       1 leaderelection.go:293] successfully renewed lease kube-system/external-attacher-leader-ebs-csi-aws-com
2026-06-19T11:40:45.635698223Z I0619 11:40:45.635582       1 leaderelection.go:293] successfully renewed lease kube-system/external-attacher-leader-ebs-csi-aws-com
2026-06-19T11:40:50.643225223Z I0619 11:40:50.643098       1 leaderelection.go:293] successfully renewed lease kube-system/external-attacher-leader-ebs-csi-aws-com
2026-06-19T11:40:55.649326836Z I0619 11:40:55.648735       1 leaderelection.go:293] successfully renewed lease kube-system/external-attacher-leader-ebs-csi-aws-com
2026-06-19T11:41:00.655596310Z I0619 11:41:00.655446       1 leaderelection.go:293] successfully renewed lease kube-system/external-attacher-leader-ebs-csi-aws-com
2026-06-19T11:41:05.664190127Z I0619 11:41:05.662588       1 leaderelection.go:293] successfully renewed lease kube-system/external-attacher-leader-ebs-csi-aws-com
2026-06-19T11:41:10.669961150Z I0619 11:41:10.669805       1 leaderelection.go:293] successfully renewed lease kube-system/external-attacher-leader-ebs-csi-aws-com
2026-06-19T11:41:11.986369179Z I0619 11:41:11.986217       1 reflector.go:946] "Watch close" reflector="k8s.io/client-go/informers/factory.go:160" type="*v1.VolumeAttachment" totalItems=10
2026-06-19T11:41:15.676714428Z I0619 11:41:15.676597       1 leaderelection.go:293] successfully renewed lease kube-system/external-attacher-leader-ebs-csi-aws-com
2026-06-19T11:41:20.683041407Z I0619 11:41:20.682913       1 leaderelection.go:293] successfully renewed lease kube-system/external-attacher-leader-ebs-csi-aws-com
2026-06-19T11:41:24.918295201Z I0619 11:41:24.918119       1 reflector.go:946] "Watch close" reflector="k8s.io/client-go/informers/factory.go:160" type="*v1.PersistentVolume" totalItems=10
2026-06-19T11:41:25.691237532Z I0619 11:41:25.691089       1 leaderelection.go:293] successfully renewed lease kube-system/external-attacher-leader-ebs-csi-aws-com
2026-06-19T11:41:30.697088896Z I0619 11:41:30.696777       1 leaderelection.go:293] successfully renewed lease kube-system/external-attacher-leader-ebs-csi-aws-com
2026-06-19T11:41:35.702602091Z I0619 11:41:35.702441       1 leaderelection.go:293] successfully renewed lease kube-system/external-attacher-leader-ebs-csi-aws-com
2026-06-19T11:41:40.709244820Z I0619 11:41:40.708719       1 leaderelection.go:293] successfully renewed lease kube-system/external-attacher-leader-ebs-csi-aws-com
2026-06-19T11:41:45.716024450Z I0619 11:41:45.715895       1 leaderelection.go:293] successfully renewed lease kube-system/external-attacher-leader-ebs-csi-aws-com
2026-06-19T11:41:50.722423184Z I0619 11:41:50.722300       1 leaderelection.go:293] successfully renewed lease kube-system/external-attacher-leader-ebs-csi-aws-com
2026-06-19T11:41:55.727333070Z I0619 11:41:55.727193       1 leaderelection.go:293] successfully renewed lease kube-system/external-attacher-leader-ebs-csi-aws-com
2026-06-19T11:42:00.733310345Z I0619 11:42:00.733171       1 leaderelection.go:293] successfully renewed lease kube-system/external-attacher-leader-ebs-csi-aws-com
2026-06-19T11:42:05.739728444Z I0619 11:42:05.739602       1 leaderelection.go:293] successfully renewed lease kube-system/external-attacher-leader-ebs-csi-aws-com
2026-06-19T11:42:10.745874347Z I0619 11:42:10.745670       1 leaderelection.go:293] successfully renewed lease kube-system/external-attacher-leader-ebs-csi-aws-com
2026-06-19T11:42:15.753432174Z I0619 11:42:15.753277       1 leaderelection.go:293] successfully renewed lease kube-system/external-attacher-leader-ebs-csi-aws-com
2026-06-19T11:42:20.759218331Z I0619 11:42:20.759065       1 leaderelection.go:293] successfully renewed lease kube-system/external-attacher-leader-ebs-csi-aws-com
2026-06-19T11:42:24.896647168Z I0619 11:42:24.896059       1 reflector.go:946] "Watch close" reflector="k8s.io/client-go/informers/factory.go:160" type="*v1.CSINode" totalItems=10
2026-06-19T11:42:25.767674065Z I0619 11:42:25.767493       1 leaderelection.go:293] successfully renewed lease kube-system/external-attacher-leader-ebs-csi-aws-com
2026-06-19T11:42:30.775984964Z I0619 11:42:30.775789       1 leaderelection.go:293] successfully renewed lease kube-system/external-attacher-leader-ebs-csi-aws-com
2026-06-19T11:42:35.782599147Z I0619 11:42:35.782444       1 leaderelection.go:293] successfully renewed lease kube-system/external-attacher-leader-ebs-csi-aws-com
2026-06-19T11:42:40.787600097Z I0619 11:42:40.787442       1 leaderelection.go:293] successfully renewed lease kube-system/external-attacher-leader-ebs-csi-aws-com
2026-06-19T11:42:45.801887356Z I0619 11:42:45.801755       1 leaderelection.go:293] successfully renewed lease kube-system/external-attacher-leader-ebs-csi-aws-com
2026-06-19T11:42:50.808627307Z I0619 11:42:50.808495       1 leaderelection.go:293] successfully renewed lease kube-system/external-attacher-leader-ebs-csi-aws-com
2026-06-19T11:42:55.814021451Z I0619 11:42:55.813796       1 leaderelection.go:293] successfully renewed lease kube-system/external-attacher-leader-ebs-csi-aws-com
2026-06-19T11:43:00.821023133Z I0619 11:43:00.820698       1 leaderelection.go:293] successfully renewed lease kube-system/external-attacher-leader-ebs-csi-aws-com
2026-06-19T11:43:05.826259331Z I0619 11:43:05.826057       1 leaderelection.go:293] successfully renewed lease kube-system/external-attacher-leader-ebs-csi-aws-com
2026-06-19T11:43:10.833862125Z I0619 11:43:10.833685       1 leaderelection.go:293] successfully renewed lease kube-system/external-attacher-leader-ebs-csi-aws-com
2026-06-19T11:43:15.839642293Z I0619 11:43:15.839474       1 leaderelection.go:293] successfully renewed lease kube-system/external-attacher-leader-ebs-csi-aws-com
2026-06-19T11:43:20.845508848Z I0619 11:43:20.845347       1 leaderelection.go:293] successfully renewed lease kube-system/external-attacher-leader-ebs-csi-aws-com
2026-06-19T11:43:25.859210589Z I0619 11:43:25.858837       1 leaderelection.go:293] successfully renewed lease kube-system/external-attacher-leader-ebs-csi-aws-com
2026-06-19T11:43:30.865227021Z I0619 11:43:30.864802       1 leaderelection.go:293] successfully renewed lease kube-system/external-attacher-leader-ebs-csi-aws-com
2026-06-19T11:43:35.870875147Z I0619 11:43:35.870752       1 leaderelection.go:293] successfully renewed lease kube-system/external-attacher-leader-ebs-csi-aws-com
2026-06-19T11:43:40.877593251Z I0619 11:43:40.877440       1 leaderelection.go:293] successfully renewed lease kube-system/external-attacher-leader-ebs-csi-aws-com
2026-06-19T11:43:45.883090624Z I0619 11:43:45.882958       1 leaderelection.go:293] successfully renewed lease kube-system/external-attacher-leader-ebs-csi-aws-com
2026-06-19T11:43:50.889459815Z I0619 11:43:50.889330       1 leaderelection.go:293] successfully renewed lease kube-system/external-attacher-leader-ebs-csi-aws-com
2026-06-19T11:43:55.894758167Z I0619 11:43:55.894373       1 leaderelection.go:293] successfully renewed lease kube-system/external-attacher-leader-ebs-csi-aws-com
2026-06-19T11:44:00.900953311Z I0619 11:44:00.900597       1 leaderelection.go:293] successfully renewed lease kube-system/external-attacher-leader-ebs-csi-aws-com
2026-06-19T11:44:05.914009883Z I0619 11:44:05.913877       1 leaderelection.go:293] successfully renewed lease kube-system/external-attacher-leader-ebs-csi-aws-com
2026-06-19T11:44:10.922771583Z I0619 11:44:10.922624       1 leaderelection.go:293] successfully renewed lease kube-system/external-attacher-leader-ebs-csi-aws-com
2026-06-19T11:44:15.932011036Z I0619 11:44:15.931855       1 leaderelection.go:293] successfully renewed lease kube-system/external-attacher-leader-ebs-csi-aws-com
2026-06-19T11:44:20.937681903Z I0619 11:44:20.937351       1 leaderelection.go:293] successfully renewed lease kube-system/external-attacher-leader-ebs-csi-aws-com
2026-06-19T11:44:25.943428707Z I0619 11:44:25.943307       1 leaderelection.go:293] successfully renewed lease kube-system/external-attacher-leader-ebs-csi-aws-com
2026-06-19T11:44:30.948860876Z I0619 11:44:30.948723       1 leaderelection.go:293] successfully renewed lease kube-system/external-attacher-leader-ebs-csi-aws-com
2026-06-19T11:44:35.956763727Z I0619 11:44:35.956600       1 leaderelection.go:293] successfully renewed lease kube-system/external-attacher-leader-ebs-csi-aws-com
2026-06-19T11:44:40.963511694Z I0619 11:44:40.963349       1 leaderelection.go:293] successfully renewed lease kube-system/external-attacher-leader-ebs-csi-aws-com
2026-06-19T11:44:45.970169258Z I0619 11:44:45.969883       1 leaderelection.go:293] successfully renewed lease kube-system/external-attacher-leader-ebs-csi-aws-com
2026-06-19T11:44:50.975930834Z I0619 11:44:50.975583       1 leaderelection.go:293] successfully renewed lease kube-system/external-attacher-leader-ebs-csi-aws-com
2026-06-19T11:44:55.982654355Z I0619 11:44:55.982238       1 leaderelection.go:293] successfully renewed lease kube-system/external-attacher-leader-ebs-csi-aws-com
2026-06-19T11:45:00.990459592Z I0619 11:45:00.990336       1 leaderelection.go:293] successfully renewed lease kube-system/external-attacher-leader-ebs-csi-aws-com
2026-06-19T11:45:06.022094546Z I0619 11:45:06.021008       1 leaderelection.go:293] successfully renewed lease kube-system/external-attacher-leader-ebs-csi-aws-com
2026-06-19T11:45:11.026661991Z I0619 11:45:11.026446       1 leaderelection.go:293] successfully renewed lease kube-system/external-attacher-leader-ebs-csi-aws-com
2026-06-19T11:45:16.031494208Z I0619 11:45:16.031362       1 leaderelection.go:293] successfully renewed lease kube-system/external-attacher-leader-ebs-csi-aws-com
2026-06-19T11:45:21.037068629Z I0619 11:45:21.036835       1 leaderelection.go:293] successfully renewed lease kube-system/external-attacher-leader-ebs-csi-aws-com
2026-06-19T11:45:26.042486670Z I0619 11:45:26.042347       1 leaderelection.go:293] successfully renewed lease kube-system/external-attacher-leader-ebs-csi-aws-com
2026-06-19T11:45:31.047268244Z I0619 11:45:31.047136       1 leaderelection.go:293] successfully renewed lease kube-system/external-attacher-leader-ebs-csi-aws-com
2026-06-19T11:45:36.052675904Z I0619 11:45:36.052449       1 leaderelection.go:293] successfully renewed lease kube-system/external-attacher-leader-ebs-csi-aws-com
2026-06-19T11:45:41.058054475Z I0619 11:45:41.057943       1 leaderelection.go:293] successfully renewed lease kube-system/external-attacher-leader-ebs-csi-aws-com
2026-06-19T11:45:42.836846238Z I0619 11:45:42.836677       1 reflector.go:450] "Forcing resync" reflector="k8s.io/client-go/informers/factory.go:160"
2026-06-19T11:45:42.842131651Z I0619 11:45:42.841904       1 reflector.go:450] "Forcing resync" reflector="k8s.io/client-go/informers/factory.go:160"
2026-06-19T11:45:42.842180832Z I0619 11:45:42.841997       1 controller.go:213] "Started VolumeAttachment processing" VolumeAttachment="csi-9ccad13160cf5fdacf7aa1e6776e1ecc7899a0d7e176011d9164f9a7aa904701"
2026-06-19T11:45:42.842184908Z I0619 11:45:42.842008       1 csi_handler.go:233] "CSIHandler: processing VolumeAttachment" VolumeAttachment="csi-9ccad13160cf5fdacf7aa1e6776e1ecc7899a0d7e176011d9164f9a7aa904701"
2026-06-19T11:45:42.842204116Z I0619 11:45:42.842017       1 csi_handler.go:256] "VolumeAttachment is already attached" VolumeAttachment="csi-9ccad13160cf5fdacf7aa1e6776e1ecc7899a0d7e176011d9164f9a7aa904701"
2026-06-19T11:45:42.842207108Z I0619 11:45:42.842026       1 csi_handler.go:249] "CSIHandler: finished processing" VolumeAttachment="csi-9ccad13160cf5fdacf7aa1e6776e1ecc7899a0d7e176011d9164f9a7aa904701"
2026-06-19T11:45:42.842209564Z I0619 11:45:42.842041       1 controller.go:213] "Started VolumeAttachment processing" VolumeAttachment="csi-6d3d96299430cc5846f7c4e03dec0ca9223dc2ba26a64a4739ad95c55dfdef26"
2026-06-19T11:45:42.842212293Z I0619 11:45:42.842056       1 csi_handler.go:233] "CSIHandler: processing VolumeAttachment" VolumeAttachment="csi-6d3d96299430cc5846f7c4e03dec0ca9223dc2ba26a64a4739ad95c55dfdef26"
2026-06-19T11:45:42.842214601Z I0619 11:45:42.842062       1 csi_handler.go:256] "VolumeAttachment is already attached" VolumeAttachment="csi-6d3d96299430cc5846f7c4e03dec0ca9223dc2ba26a64a4739ad95c55dfdef26"
2026-06-19T11:45:42.842216680Z I0619 11:45:42.842126       1 csi_handler.go:249] "CSIHandler: finished processing" VolumeAttachment="csi-6d3d96299430cc5846f7c4e03dec0ca9223dc2ba26a64a4739ad95c55dfdef26"
2026-06-19T11:45:46.064002239Z I0619 11:45:46.063875       1 leaderelection.go:293] successfully renewed lease kube-system/external-attacher-leader-ebs-csi-aws-com
2026-06-19T11:45:51.071719257Z I0619 11:45:51.071593       1 leaderelection.go:293] successfully renewed lease kube-system/external-attacher-leader-ebs-csi-aws-com
2026-06-19T11:45:56.077609139Z I0619 11:45:56.077387       1 leaderelection.go:293] successfully renewed lease kube-system/external-attacher-leader-ebs-csi-aws-com
2026-06-19T11:46:01.087771460Z I0619 11:46:01.087419       1 leaderelection.go:293] successfully renewed lease kube-system/external-attacher-leader-ebs-csi-aws-com
2026-06-19T11:46:06.102266176Z I0619 11:46:06.102134       1 leaderelection.go:293] successfully renewed lease kube-system/external-attacher-leader-ebs-csi-aws-com
2026-06-19T11:46:11.108328441Z I0619 11:46:11.107922       1 leaderelection.go:293] successfully renewed lease kube-system/external-attacher-leader-ebs-csi-aws-com
2026-06-19T11:46:16.113760250Z I0619 11:46:16.113622       1 leaderelection.go:293] successfully renewed lease kube-system/external-attacher-leader-ebs-csi-aws-com
2026-06-19T11:46:21.120056969Z I0619 11:46:21.119929       1 leaderelection.go:293] successfully renewed lease kube-system/external-attacher-leader-ebs-csi-aws-com
2026-06-19T11:46:26.126091793Z I0619 11:46:26.125943       1 leaderelection.go:293] successfully renewed lease kube-system/external-attacher-leader-ebs-csi-aws-com
2026-06-19T11:46:31.132264341Z I0619 11:46:31.132134       1 leaderelection.go:293] successfully renewed lease kube-system/external-attacher-leader-ebs-csi-aws-com
2026-06-19T11:46:36.137910590Z I0619 11:46:36.137766       1 leaderelection.go:293] successfully renewed lease kube-system/external-attacher-leader-ebs-csi-aws-com
2026-06-19T11:46:41.146371099Z I0619 11:46:41.146042       1 leaderelection.go:293] successfully renewed lease kube-system/external-attacher-leader-ebs-csi-aws-com
2026-06-19T11:46:46.151417971Z I0619 11:46:46.151289       1 leaderelection.go:293] successfully renewed lease kube-system/external-attacher-leader-ebs-csi-aws-com
2026-06-19T11:46:51.157394114Z I0619 11:46:51.157256       1 leaderelection.go:293] successfully renewed lease kube-system/external-attacher-leader-ebs-csi-aws-com
2026-06-19T11:46:56.163276345Z I0619 11:46:56.163092       1 leaderelection.go:293] successfully renewed lease kube-system/external-attacher-leader-ebs-csi-aws-com
2026-06-19T11:47:01.188104368Z I0619 11:47:01.177489       1 leaderelection.go:293] successfully renewed lease kube-system/external-attacher-leader-ebs-csi-aws-com
2026-06-19T11:47:06.183785302Z I0619 11:47:06.183652       1 leaderelection.go:293] successfully renewed lease kube-system/external-attacher-leader-ebs-csi-aws-com
2026-06-19T11:47:11.190369513Z I0619 11:47:11.190225       1 leaderelection.go:293] successfully renewed lease kube-system/external-attacher-leader-ebs-csi-aws-com
2026-06-19T11:47:16.195916274Z I0619 11:47:16.195796       1 leaderelection.go:293] successfully renewed lease kube-system/external-attacher-leader-ebs-csi-aws-com
2026-06-19T11:47:21.204353279Z I0619 11:47:21.204115       1 leaderelection.go:293] successfully renewed lease kube-system/external-attacher-leader-ebs-csi-aws-com
2026-06-19T11:47:26.211582343Z I0619 11:47:26.211417       1 leaderelection.go:293] successfully renewed lease kube-system/external-attacher-leader-ebs-csi-aws-com
2026-06-19T11:47:31.217391608Z I0619 11:47:31.217254       1 leaderelection.go:293] successfully renewed lease kube-system/external-attacher-leader-ebs-csi-aws-com
2026-06-19T11:47:36.223539737Z I0619 11:47:36.223240       1 leaderelection.go:293] successfully renewed lease kube-system/external-attacher-leader-ebs-csi-aws-com
2026-06-19T11:47:41.229539187Z I0619 11:47:41.229372       1 leaderelection.go:293] successfully renewed lease kube-system/external-attacher-leader-ebs-csi-aws-com
2026-06-19T11:47:46.235337427Z I0619 11:47:46.235207       1 leaderelection.go:293] successfully renewed lease kube-system/external-attacher-leader-ebs-csi-aws-com
2026-06-19T11:47:51.240651170Z I0619 11:47:51.240319       1 leaderelection.go:293] successfully renewed lease kube-system/external-attacher-leader-ebs-csi-aws-com
2026-06-19T11:47:56.246074672Z I0619 11:47:56.245690       1 leaderelection.go:293] successfully renewed lease kube-system/external-attacher-leader-ebs-csi-aws-com
2026-06-19T11:48:01.344866116Z I0619 11:48:01.344704       1 leaderelection.go:293] successfully renewed lease kube-system/external-attacher-leader-ebs-csi-aws-com
2026-06-19T11:48:06.352884830Z I0619 11:48:06.352720       1 leaderelection.go:293] successfully renewed lease kube-system/external-attacher-leader-ebs-csi-aws-com
2026-06-19T11:48:11.359119152Z I0619 11:48:11.358950       1 leaderelection.go:293] successfully renewed lease kube-system/external-attacher-leader-ebs-csi-aws-com
2026-06-19T11:48:16.366594698Z I0619 11:48:16.366351       1 leaderelection.go:293] successfully renewed lease kube-system/external-attacher-leader-ebs-csi-aws-com
2026-06-19T11:48:21.372502185Z I0619 11:48:21.372375       1 leaderelection.go:293] successfully renewed lease kube-system/external-attacher-leader-ebs-csi-aws-com
2026-06-19T11:48:22.897853857Z I0619 11:48:22.897686       1 reflector.go:946] "Watch close" reflector="k8s.io/client-go/informers/factory.go:160" type="*v1.CSINode" totalItems=6
2026-06-19T11:48:26.377465443Z I0619 11:48:26.377324       1 leaderelection.go:293] successfully renewed lease kube-system/external-attacher-leader-ebs-csi-aws-com
2026-06-19T11:48:31.383249458Z I0619 11:48:31.383126       1 leaderelection.go:293] successfully renewed lease kube-system/external-attacher-leader-ebs-csi-aws-com
2026-06-19T11:48:36.388893224Z I0619 11:48:36.388780       1 leaderelection.go:293] successfully renewed lease kube-system/external-attacher-leader-ebs-csi-aws-com
2026-06-19T11:48:41.397287914Z I0619 11:48:41.396692       1 leaderelection.go:293] successfully renewed lease kube-system/external-attacher-leader-ebs-csi-aws-com
2026-06-19T11:48:46.402502174Z I0619 11:48:46.402310       1 leaderelection.go:293] successfully renewed lease kube-system/external-attacher-leader-ebs-csi-aws-com
2026-06-19T11:48:51.409091969Z I0619 11:48:51.408838       1 leaderelection.go:293] successfully renewed lease kube-system/external-attacher-leader-ebs-csi-aws-com
2026-06-19T11:48:56.415113244Z I0619 11:48:56.414987       1 leaderelection.go:293] successfully renewed lease kube-system/external-attacher-leader-ebs-csi-aws-com
2026-06-19T11:49:01.548907948Z I0619 11:49:01.548725       1 leaderelection.go:293] successfully renewed lease kube-system/external-attacher-leader-ebs-csi-aws-com
2026-06-19T11:49:06.555268294Z I0619 11:49:06.555091       1 leaderelection.go:293] successfully renewed lease kube-system/external-attacher-leader-ebs-csi-aws-com
2026-06-19T11:49:11.560663605Z I0619 11:49:11.560496       1 leaderelection.go:293] successfully renewed lease kube-system/external-attacher-leader-ebs-csi-aws-com
2026-06-19T11:49:16.567722740Z I0619 11:49:16.567522       1 leaderelection.go:293] successfully renewed lease kube-system/external-attacher-leader-ebs-csi-aws-com
2026-06-19T11:49:21.573128525Z I0619 11:49:21.572881       1 leaderelection.go:293] successfully renewed lease kube-system/external-attacher-leader-ebs-csi-aws-com
2026-06-19T11:49:26.578987255Z I0619 11:49:26.578869       1 leaderelection.go:293] successfully renewed lease kube-system/external-attacher-leader-ebs-csi-aws-com
2026-06-19T11:49:31.587110509Z I0619 11:49:31.586932       1 leaderelection.go:293] successfully renewed lease kube-system/external-attacher-leader-ebs-csi-aws-com
2026-06-19T11:49:36.593033609Z I0619 11:49:36.592874       1 leaderelection.go:293] successfully renewed lease kube-system/external-attacher-leader-ebs-csi-aws-com
2026-06-19T11:49:41.598039885Z I0619 11:49:41.597826       1 leaderelection.go:293] successfully renewed lease kube-system/external-attacher-leader-ebs-csi-aws-com
2026-06-19T11:49:46.603812076Z I0619 11:49:46.603667       1 leaderelection.go:293] successfully renewed lease kube-system/external-attacher-leader-ebs-csi-aws-com
2026-06-19T11:49:51.609691392Z I0619 11:49:51.609538       1 leaderelection.go:293] successfully renewed lease kube-system/external-attacher-leader-ebs-csi-aws-com
2026-06-19T11:49:56.616713384Z I0619 11:49:56.616583       1 leaderelection.go:293] successfully renewed lease kube-system/external-attacher-leader-ebs-csi-aws-com
2026-06-19T11:50:00.991095896Z I0619 11:50:00.990479       1 reflector.go:946] "Watch close" reflector="k8s.io/client-go/informers/factory.go:160" type="*v1.VolumeAttachment" totalItems=9
2026-06-19T11:50:01.629277346Z I0619 11:50:01.629126       1 leaderelection.go:293] successfully renewed lease kube-system/external-attacher-leader-ebs-csi-aws-com
2026-06-19T11:50:05.920077500Z I0619 11:50:05.919703       1 reflector.go:946] "Watch close" reflector="k8s.io/client-go/informers/factory.go:160" type="*v1.PersistentVolume" totalItems=9
2026-06-19T11:50:06.642021893Z I0619 11:50:06.641880       1 leaderelection.go:293] successfully renewed lease kube-system/external-attacher-leader-ebs-csi-aws-com
2026-06-19T11:50:11.650245252Z I0619 11:50:11.650113       1 leaderelection.go:293] successfully renewed lease kube-system/external-attacher-leader-ebs-csi-aws-com
2026-06-19T11:50:16.657404321Z I0619 11:50:16.657188       1 leaderelection.go:293] successfully renewed lease kube-system/external-attacher-leader-ebs-csi-aws-com
2026-06-19T11:50:21.664351988Z I0619 11:50:21.664203       1 leaderelection.go:293] successfully renewed lease kube-system/external-attacher-leader-ebs-csi-aws-com
2026-06-19T11:50:26.669860440Z I0619 11:50:26.669733       1 leaderelection.go:293] successfully renewed lease kube-system/external-attacher-leader-ebs-csi-aws-com
2026-06-19T11:50:31.675493103Z I0619 11:50:31.675359       1 leaderelection.go:293] successfully renewed lease kube-system/external-attacher-leader-ebs-csi-aws-com
2026-06-19T11:50:36.681789884Z I0619 11:50:36.681670       1 leaderelection.go:293] successfully renewed lease kube-system/external-attacher-leader-ebs-csi-aws-com
2026-06-19T11:50:41.687962152Z I0619 11:50:41.687772       1 leaderelection.go:293] successfully renewed lease kube-system/external-attacher-leader-ebs-csi-aws-com
2026-06-19T11:50:46.693258130Z I0619 11:50:46.692904       1 leaderelection.go:293] successfully renewed lease kube-system/external-attacher-leader-ebs-csi-aws-com
2026-06-19T11:50:51.699287584Z I0619 11:50:51.699159       1 leaderelection.go:293] successfully renewed lease kube-system/external-attacher-leader-ebs-csi-aws-com
2026-06-19T11:50:56.706696048Z I0619 11:50:56.706521       1 leaderelection.go:293] successfully renewed lease kube-system/external-attacher-leader-ebs-csi-aws-com
2026-06-19T11:51:01.757485817Z I0619 11:51:01.757185       1 leaderelection.go:293] successfully renewed lease kube-system/external-attacher-leader-ebs-csi-aws-com
2026-06-19T11:51:06.762281646Z I0619 11:51:06.762113       1 leaderelection.go:293] successfully renewed lease kube-system/external-attacher-leader-ebs-csi-aws-com
2026-06-19T11:51:11.767594665Z I0619 11:51:11.767428       1 leaderelection.go:293] successfully renewed lease kube-system/external-attacher-leader-ebs-csi-aws-com
2026-06-19T11:51:16.773608676Z I0619 11:51:16.773433       1 leaderelection.go:293] successfully renewed lease kube-system/external-attacher-leader-ebs-csi-aws-com
2026-06-19T11:51:21.778830772Z I0619 11:51:21.778709       1 leaderelection.go:293] successfully renewed lease kube-system/external-attacher-leader-ebs-csi-aws-com
2026-06-19T11:51:26.785162592Z I0619 11:51:26.784882       1 leaderelection.go:293] successfully renewed lease kube-system/external-attacher-leader-ebs-csi-aws-com
2026-06-19T11:51:31.790483264Z I0619 11:51:31.790343       1 leaderelection.go:293] successfully renewed lease kube-system/external-attacher-leader-ebs-csi-aws-com
2026-06-19T11:51:36.799003092Z I0619 11:51:36.798867       1 leaderelection.go:293] successfully renewed lease kube-system/external-attacher-leader-ebs-csi-aws-com
2026-06-19T11:51:41.805178993Z I0619 11:51:41.804910       1 leaderelection.go:293] successfully renewed lease kube-system/external-attacher-leader-ebs-csi-aws-com
2026-06-19T11:51:46.811653384Z I0619 11:51:46.811345       1 leaderelection.go:293] successfully renewed lease kube-system/external-attacher-leader-ebs-csi-aws-com
2026-06-19T11:51:51.817609218Z I0619 11:51:51.817399       1 leaderelection.go:293] successfully renewed lease kube-system/external-attacher-leader-ebs-csi-aws-com
2026-06-19T11:51:56.823154421Z I0619 11:51:56.823024       1 leaderelection.go:293] successfully renewed lease kube-system/external-attacher-leader-ebs-csi-aws-com
2026-06-19T11:52:01.905870442Z I0619 11:52:01.905373       1 leaderelection.go:293] successfully renewed lease kube-system/external-attacher-leader-ebs-csi-aws-com
2026-06-19T11:52:06.911531556Z I0619 11:52:06.911400       1 leaderelection.go:293] successfully renewed lease kube-system/external-attacher-leader-ebs-csi-aws-com
2026-06-19T11:52:11.918137226Z I0619 11:52:11.918010       1 leaderelection.go:293] successfully renewed lease kube-system/external-attacher-leader-ebs-csi-aws-com
2026-06-19T11:52:16.926932179Z I0619 11:52:16.926749       1 leaderelection.go:293] successfully renewed lease kube-system/external-attacher-leader-ebs-csi-aws-com
2026-06-19T11:52:21.932911053Z I0619 11:52:21.932766       1 leaderelection.go:293] successfully renewed lease kube-system/external-attacher-leader-ebs-csi-aws-com
2026-06-19T11:52:26.939857276Z I0619 11:52:26.939726       1 leaderelection.go:293] successfully renewed lease kube-system/external-attacher-leader-ebs-csi-aws-com
2026-06-19T11:52:31.945813745Z I0619 11:52:31.945666       1 leaderelection.go:293] successfully renewed lease kube-system/external-attacher-leader-ebs-csi-aws-com
2026-06-19T11:52:36.951954283Z I0619 11:52:36.951821       1 leaderelection.go:293] successfully renewed lease kube-system/external-attacher-leader-ebs-csi-aws-com
2026-06-19T11:52:41.957968381Z I0619 11:52:41.957838       1 leaderelection.go:293] successfully renewed lease kube-system/external-attacher-leader-ebs-csi-aws-com
2026-06-19T11:52:46.963072282Z I0619 11:52:46.962816       1 leaderelection.go:293] successfully renewed lease kube-system/external-attacher-leader-ebs-csi-aws-com
2026-06-19T11:52:51.969062230Z I0619 11:52:51.968795       1 leaderelection.go:293] successfully renewed lease kube-system/external-attacher-leader-ebs-csi-aws-com
2026-06-19T11:52:56.974640311Z I0619 11:52:56.974466       1 leaderelection.go:293] successfully renewed lease kube-system/external-attacher-leader-ebs-csi-aws-com
2026-06-19T11:53:02.074029258Z I0619 11:53:02.073350       1 leaderelection.go:293] successfully renewed lease kube-system/external-attacher-leader-ebs-csi-aws-com
2026-06-19T11:53:07.080138549Z I0619 11:53:07.079974       1 leaderelection.go:293] successfully renewed lease kube-system/external-attacher-leader-ebs-csi-aws-com
2026-06-19T11:53:12.086296291Z I0619 11:53:12.086011       1 leaderelection.go:293] successfully renewed lease kube-system/external-attacher-leader-ebs-csi-aws-com
2026-06-19T11:53:17.091307932Z I0619 11:53:17.091185       1 leaderelection.go:293] successfully renewed lease kube-system/external-attacher-leader-ebs-csi-aws-com
2026-06-19T11:53:22.096304302Z I0619 11:53:22.096029       1 leaderelection.go:293] successfully renewed lease kube-system/external-attacher-leader-ebs-csi-aws-com
2026-06-19T11:53:27.102445934Z I0619 11:53:27.102299       1 leaderelection.go:293] successfully renewed lease kube-system/external-attacher-leader-ebs-csi-aws-com
2026-06-19T11:53:32.108362501Z I0619 11:53:32.108162       1 leaderelection.go:293] successfully renewed lease kube-system/external-attacher-leader-ebs-csi-aws-com
2026-06-19T11:53:37.113699040Z I0619 11:53:37.113541       1 leaderelection.go:293] successfully renewed lease kube-system/external-attacher-leader-ebs-csi-aws-com
2026-06-19T11:53:42.122193493Z I0619 11:53:42.121970       1 leaderelection.go:293] successfully renewed lease kube-system/external-attacher-leader-ebs-csi-aws-com
2026-06-19T11:53:42.154752348Z I0619 11:53:42.154583       1 controller.go:213] "Started VolumeAttachment processing" VolumeAttachment="csi-6d3d96299430cc5846f7c4e03dec0ca9223dc2ba26a64a4739ad95c55dfdef26"
2026-06-19T11:53:42.154885256Z I0619 11:53:42.154758       1 csi_handler.go:233] "CSIHandler: processing VolumeAttachment" VolumeAttachment="csi-6d3d96299430cc5846f7c4e03dec0ca9223dc2ba26a64a4739ad95c55dfdef26"
2026-06-19T11:53:42.154956787Z I0619 11:53:42.154860       1 csi_handler.go:285] "Starting detach operation" VolumeAttachment="csi-6d3d96299430cc5846f7c4e03dec0ca9223dc2ba26a64a4739ad95c55dfdef26"
2026-06-19T11:53:42.155055922Z I0619 11:53:42.155010       1 csi_handler.go:292] "Detaching" VolumeAttachment="csi-6d3d96299430cc5846f7c4e03dec0ca9223dc2ba26a64a4739ad95c55dfdef26"
2026-06-19T11:53:42.155143302Z I0619 11:53:42.155074       1 csi_handler.go:544] "Starting detach operation" VolumeAttachment="csi-6d3d96299430cc5846f7c4e03dec0ca9223dc2ba26a64a4739ad95c55dfdef26"
2026-06-19T11:53:42.155226627Z I0619 11:53:42.155146       1 csi_handler.go:762] "Found nodeID in CSINode" VolumeAttachment="csi-6d3d96299430cc5846f7c4e03dec0ca9223dc2ba26a64a4739ad95c55dfdef26" nodeID="i-0d94ada325e8491c5" CSINode="i-0d94ada325e8491c5"
2026-06-19T11:53:42.155413584Z I0619 11:53:42.155250       1 connection.go:264] "GRPC call" VolumeAttachment="csi-6d3d96299430cc5846f7c4e03dec0ca9223dc2ba26a64a4739ad95c55dfdef26" method="/csi.v1.Controller/ControllerUnpublishVolume" request="{\"node_id\":\"i-0d94ada325e8491c5\",\"volume_id\":\"vol-092395df607f30c5f\"}"
2026-06-19T11:53:47.129783399Z I0619 11:53:47.129647       1 leaderelection.go:293] successfully renewed lease kube-system/external-attacher-leader-ebs-csi-aws-com
2026-06-19T11:53:47.660504124Z I0619 11:53:47.660348       1 connection.go:270] "GRPC response" VolumeAttachment="csi-6d3d96299430cc5846f7c4e03dec0ca9223dc2ba26a64a4739ad95c55dfdef26" response="{}" err=null
2026-06-19T11:53:47.660578072Z I0619 11:53:47.660424       1 csi_handler.go:600] "Detached" VolumeAttachment="csi-6d3d96299430cc5846f7c4e03dec0ca9223dc2ba26a64a4739ad95c55dfdef26"
2026-06-19T11:53:47.668300640Z I0619 11:53:47.667740       1 controller.go:266] "Started PersistentVolume processing" PersistentVolume="pvc-1a628bbe-2164-4e38-b041-a415818a50ec"
2026-06-19T11:53:47.668325063Z I0619 11:53:47.667854       1 csi_handler.go:645] "CSIHandler: processing PersistentVolume" PersistentVolume="pvc-1a628bbe-2164-4e38-b041-a415818a50ec"
2026-06-19T11:53:47.668328452Z I0619 11:53:47.667963       1 csi_handler.go:669] "CSIHandler: processing PersistentVolume: no deletion timestamp, ignoring" PersistentVolume="pvc-1a628bbe-2164-4e38-b041-a415818a50ec"
2026-06-19T11:53:47.668943882Z I0619 11:53:47.668768       1 util.go:98] "Finalizer removed" VolumeAttachment="csi-6d3d96299430cc5846f7c4e03dec0ca9223dc2ba26a64a4739ad95c55dfdef26"
2026-06-19T11:53:47.668959479Z I0619 11:53:47.668810       1 util.go:102] "Marking as detached" VolumeAttachment="csi-6d3d96299430cc5846f7c4e03dec0ca9223dc2ba26a64a4739ad95c55dfdef26"
2026-06-19T11:53:47.672107031Z I0619 11:53:47.671968       1 csi_handler.go:305] "Fully detached" VolumeAttachment="csi-6d3d96299430cc5846f7c4e03dec0ca9223dc2ba26a64a4739ad95c55dfdef26"
2026-06-19T11:53:47.672124500Z I0619 11:53:47.671988       1 csi_handler.go:249] "CSIHandler: finished processing" VolumeAttachment="csi-6d3d96299430cc5846f7c4e03dec0ca9223dc2ba26a64a4739ad95c55dfdef26"
2026-06-19T11:53:52.138357909Z I0619 11:53:52.138218       1 leaderelection.go:293] successfully renewed lease kube-system/external-attacher-leader-ebs-csi-aws-com
2026-06-19T11:53:57.143593440Z I0619 11:53:57.143449       1 leaderelection.go:293] successfully renewed lease kube-system/external-attacher-leader-ebs-csi-aws-com
2026-06-19T11:54:02.509407404Z I0619 11:54:02.509233       1 leaderelection.go:293] successfully renewed lease kube-system/external-attacher-leader-ebs-csi-aws-com
2026-06-19T11:54:02.902259888Z I0619 11:54:02.901413       1 controller.go:213] "Started VolumeAttachment processing" VolumeAttachment="csi-9ccad13160cf5fdacf7aa1e6776e1ecc7899a0d7e176011d9164f9a7aa904701"
2026-06-19T11:54:02.902318415Z I0619 11:54:02.901668       1 csi_handler.go:233] "CSIHandler: processing VolumeAttachment" VolumeAttachment="csi-9ccad13160cf5fdacf7aa1e6776e1ecc7899a0d7e176011d9164f9a7aa904701"
2026-06-19T11:54:02.902323190Z I0619 11:54:02.901858       1 csi_handler.go:285] "Starting detach operation" VolumeAttachment="csi-9ccad13160cf5fdacf7aa1e6776e1ecc7899a0d7e176011d9164f9a7aa904701"
2026-06-19T11:54:02.902982013Z I0619 11:54:02.901889       1 csi_handler.go:292] "Detaching" VolumeAttachment="csi-9ccad13160cf5fdacf7aa1e6776e1ecc7899a0d7e176011d9164f9a7aa904701"
2026-06-19T11:54:02.903028621Z I0619 11:54:02.901898       1 csi_handler.go:544] "Starting detach operation" VolumeAttachment="csi-9ccad13160cf5fdacf7aa1e6776e1ecc7899a0d7e176011d9164f9a7aa904701"
2026-06-19T11:54:02.903031790Z I0619 11:54:02.901913       1 csi_handler.go:762] "Found nodeID in CSINode" VolumeAttachment="csi-9ccad13160cf5fdacf7aa1e6776e1ecc7899a0d7e176011d9164f9a7aa904701" nodeID="i-0d94ada325e8491c5" CSINode="i-0d94ada325e8491c5"
2026-06-19T11:54:02.909020128Z I0619 11:54:02.902149       1 connection.go:264] "GRPC call" VolumeAttachment="csi-9ccad13160cf5fdacf7aa1e6776e1ecc7899a0d7e176011d9164f9a7aa904701" method="/csi.v1.Controller/ControllerUnpublishVolume" request="{\"node_id\":\"i-0d94ada325e8491c5\",\"volume_id\":\"vol-02992f401c0c3a97b\"}"
2026-06-19T11:54:06.186872913Z I0619 11:54:06.186715       1 connection.go:270] "GRPC response" VolumeAttachment="csi-9ccad13160cf5fdacf7aa1e6776e1ecc7899a0d7e176011d9164f9a7aa904701" response="{}" err=null
2026-06-19T11:54:06.186889019Z I0619 11:54:06.186795       1 csi_handler.go:600] "Detached" VolumeAttachment="csi-9ccad13160cf5fdacf7aa1e6776e1ecc7899a0d7e176011d9164f9a7aa904701"
2026-06-19T11:54:06.196436037Z I0619 11:54:06.196253       1 controller.go:266] "Started PersistentVolume processing" PersistentVolume="pvc-5ad2bf1d-ae16-44b2-96c7-a7f846d9377a"
2026-06-19T11:54:06.196464102Z I0619 11:54:06.196278       1 csi_handler.go:645] "CSIHandler: processing PersistentVolume" PersistentVolume="pvc-5ad2bf1d-ae16-44b2-96c7-a7f846d9377a"
2026-06-19T11:54:06.196468157Z I0619 11:54:06.196289       1 csi_handler.go:669] "CSIHandler: processing PersistentVolume: no deletion timestamp, ignoring" PersistentVolume="pvc-5ad2bf1d-ae16-44b2-96c7-a7f846d9377a"
2026-06-19T11:54:06.197252159Z I0619 11:54:06.196489       1 util.go:98] "Finalizer removed" VolumeAttachment="csi-9ccad13160cf5fdacf7aa1e6776e1ecc7899a0d7e176011d9164f9a7aa904701"
2026-06-19T11:54:06.197270937Z I0619 11:54:06.196510       1 util.go:102] "Marking as detached" VolumeAttachment="csi-9ccad13160cf5fdacf7aa1e6776e1ecc7899a0d7e176011d9164f9a7aa904701"
2026-06-19T11:54:06.200114551Z I0619 11:54:06.199965       1 csi_handler.go:305] "Fully detached" VolumeAttachment="csi-9ccad13160cf5fdacf7aa1e6776e1ecc7899a0d7e176011d9164f9a7aa904701"
2026-06-19T11:54:06.200132239Z I0619 11:54:06.199983       1 csi_handler.go:249] "CSIHandler: finished processing" VolumeAttachment="csi-9ccad13160cf5fdacf7aa1e6776e1ecc7899a0d7e176011d9164f9a7aa904701"
2026-06-19T11:54:07.515397003Z I0619 11:54:07.515274       1 leaderelection.go:293] successfully renewed lease kube-system/external-attacher-leader-ebs-csi-aws-com
2026-06-19T11:54:12.523029495Z I0619 11:54:12.522742       1 leaderelection.go:293] successfully renewed lease kube-system/external-attacher-leader-ebs-csi-aws-com
2026-06-19T11:54:17.529596994Z I0619 11:54:17.529403       1 leaderelection.go:293] successfully renewed lease kube-system/external-attacher-leader-ebs-csi-aws-com
2026-06-19T11:54:22.534983332Z I0619 11:54:22.534796       1 leaderelection.go:293] successfully renewed lease kube-system/external-attacher-leader-ebs-csi-aws-com
2026-06-19T11:54:23.373203912Z I0619 11:54:23.372764       1 controller.go:266] "Started PersistentVolume processing" PersistentVolume="pvc-5ad2bf1d-ae16-44b2-96c7-a7f846d9377a"
2026-06-19T11:54:23.373235236Z I0619 11:54:23.372795       1 csi_handler.go:645] "CSIHandler: processing PersistentVolume" PersistentVolume="pvc-5ad2bf1d-ae16-44b2-96c7-a7f846d9377a"
2026-06-19T11:54:23.373290610Z I0619 11:54:23.373030       1 csi_handler.go:708] "CSIHandler: processing PersistentVolume: no VolumeAttachment found, removing finalizer" PersistentVolume="pvc-5ad2bf1d-ae16-44b2-96c7-a7f846d9377a"
2026-06-19T11:54:23.389227235Z I0619 11:54:23.388887       1 csi_handler.go:730] "Removed finalizer from PersistentVolume" PersistentVolume="pvc-5ad2bf1d-ae16-44b2-96c7-a7f846d9377a"
2026-06-19T11:54:23.504164314Z I0619 11:54:23.503999       1 controller.go:266] "Started PersistentVolume processing" PersistentVolume="pvc-1a628bbe-2164-4e38-b041-a415818a50ec"
2026-06-19T11:54:23.504436292Z I0619 11:54:23.504334       1 csi_handler.go:645] "CSIHandler: processing PersistentVolume" PersistentVolume="pvc-1a628bbe-2164-4e38-b041-a415818a50ec"
2026-06-19T11:54:23.504808452Z I0619 11:54:23.504677       1 csi_handler.go:708] "CSIHandler: processing PersistentVolume: no VolumeAttachment found, removing finalizer" PersistentVolume="pvc-1a628bbe-2164-4e38-b041-a415818a50ec"
2026-06-19T11:54:23.523770324Z E0619 11:54:23.523638       1 csi_handler.go:725] "Failed to remove finalizer from PersistentVolume" err="PersistentVolume \"pvc-1a628bbe-2164-4e38-b041-a415818a50ec\" is invalid: metadata.finalizers: Forbidden: no new finalizers can be added if the object is being deleted, found new finalizers []string{\"kubernetes.io/pv-protection\"}" PersistentVolume="pvc-1a628bbe-2164-4e38-b041-a415818a50ec"
2026-06-19T11:54:23.523945191Z I0619 11:54:23.523746       1 controller.go:266] "Started PersistentVolume processing" PersistentVolume="pvc-1a628bbe-2164-4e38-b041-a415818a50ec"
2026-06-19T11:54:23.523953756Z I0619 11:54:23.523825       1 csi_handler.go:645] "CSIHandler: processing PersistentVolume" PersistentVolume="pvc-1a628bbe-2164-4e38-b041-a415818a50ec"
2026-06-19T11:54:23.523957229Z I0619 11:54:23.523902       1 csi_handler.go:708] "CSIHandler: processing PersistentVolume: no VolumeAttachment found, removing finalizer" PersistentVolume="pvc-1a628bbe-2164-4e38-b041-a415818a50ec"
2026-06-19T11:54:23.539634346Z E0619 11:54:23.539458       1 csi_handler.go:725] "Failed to remove finalizer from PersistentVolume" err="PersistentVolume \"pvc-1a628bbe-2164-4e38-b041-a415818a50ec\" is invalid: metadata.finalizers: Forbidden: no new finalizers can be added if the object is being deleted, found new finalizers []string{\"external-provisioner.volume.kubernetes.io/finalizer\"}" PersistentVolume="pvc-1a628bbe-2164-4e38-b041-a415818a50ec"
2026-06-19T11:54:23.539718485Z I0619 11:54:23.539650       1 controller.go:266] "Started PersistentVolume processing" PersistentVolume="pvc-1a628bbe-2164-4e38-b041-a415818a50ec"
2026-06-19T11:54:23.539786998Z I0619 11:54:23.539734       1 csi_handler.go:645] "CSIHandler: processing PersistentVolume" PersistentVolume="pvc-1a628bbe-2164-4e38-b041-a415818a50ec"
2026-06-19T11:54:23.539910852Z I0619 11:54:23.539831       1 csi_handler.go:708] "CSIHandler: processing PersistentVolume: no VolumeAttachment found, removing finalizer" PersistentVolume="pvc-1a628bbe-2164-4e38-b041-a415818a50ec"
2026-06-19T11:54:23.550857488Z I0619 11:54:23.550750       1 csi_handler.go:730] "Removed finalizer from PersistentVolume" PersistentVolume="pvc-1a628bbe-2164-4e38-b041-a415818a50ec"
2026-06-19T11:54:24.525307986Z I0619 11:54:24.524823       1 controller.go:266] "Started PersistentVolume processing" PersistentVolume="pvc-1a628bbe-2164-4e38-b041-a415818a50ec"
2026-06-19T11:54:24.525365648Z I0619 11:54:24.524928       1 controller.go:273] "PersistentVolume was deleted, ignoring" PersistentVolume="pvc-1a628bbe-2164-4e38-b041-a415818a50ec"
2026-06-19T11:54:27.540460989Z I0619 11:54:27.540301       1 leaderelection.go:293] successfully renewed lease kube-system/external-attacher-leader-ebs-csi-aws-com
2026-06-19T11:54:32.546073140Z I0619 11:54:32.545951       1 leaderelection.go:293] successfully renewed lease kube-system/external-attacher-leader-ebs-csi-aws-com
2026-06-19T11:54:37.552393080Z I0619 11:54:37.552255       1 leaderelection.go:293] successfully renewed lease kube-system/external-attacher-leader-ebs-csi-aws-com
2026-06-19T11:54:42.558071994Z I0619 11:54:42.557955       1 leaderelection.go:293] successfully renewed lease kube-system/external-attacher-leader-ebs-csi-aws-com
2026-06-19T11:54:47.572129209Z I0619 11:54:47.571943       1 leaderelection.go:293] successfully renewed lease kube-system/external-attacher-leader-ebs-csi-aws-com
2026-06-19T11:54:52.578153248Z I0619 11:54:52.577999       1 leaderelection.go:293] successfully renewed lease kube-system/external-attacher-leader-ebs-csi-aws-com
2026-06-19T11:54:57.584619821Z I0619 11:54:57.584452       1 leaderelection.go:293] successfully renewed lease kube-system/external-attacher-leader-ebs-csi-aws-com
2026-06-19T11:55:03.091137481Z I0619 11:55:03.091013       1 leaderelection.go:293] successfully renewed lease kube-system/external-attacher-leader-ebs-csi-aws-com
2026-06-19T11:55:08.099893600Z I0619 11:55:08.099738       1 leaderelection.go:293] successfully renewed lease kube-system/external-attacher-leader-ebs-csi-aws-com
2026-06-19T11:55:13.107778427Z I0619 11:55:13.107598       1 leaderelection.go:293] successfully renewed lease kube-system/external-attacher-leader-ebs-csi-aws-com
2026-06-19T11:55:18.116317921Z I0619 11:55:18.116180       1 leaderelection.go:293] successfully renewed lease kube-system/external-attacher-leader-ebs-csi-aws-com
2026-06-19T11:55:23.123386822Z I0619 11:55:23.123267       1 leaderelection.go:293] successfully renewed lease kube-system/external-attacher-leader-ebs-csi-aws-com
2026-06-19T11:55:28.129708199Z I0619 11:55:28.129540       1 leaderelection.go:293] successfully renewed lease kube-system/external-attacher-leader-ebs-csi-aws-com
2026-06-19T11:55:33.135029834Z I0619 11:55:33.134791       1 leaderelection.go:293] successfully renewed lease kube-system/external-attacher-leader-ebs-csi-aws-com
2026-06-19T11:55:38.143433628Z I0619 11:55:38.143230       1 leaderelection.go:293] successfully renewed lease kube-system/external-attacher-leader-ebs-csi-aws-com
2026-06-19T11:55:42.837882807Z I0619 11:55:42.837728       1 reflector.go:450] "Forcing resync" reflector="k8s.io/client-go/informers/factory.go:160"
2026-06-19T11:55:42.843099444Z I0619 11:55:42.842951       1 reflector.go:450] "Forcing resync" reflector="k8s.io/client-go/informers/factory.go:160"
2026-06-19T11:55:43.149837276Z I0619 11:55:43.149705       1 leaderelection.go:293] successfully renewed lease kube-system/external-attacher-leader-ebs-csi-aws-com
2026-06-19T11:55:48.155584823Z I0619 11:55:48.155433       1 leaderelection.go:293] successfully renewed lease kube-system/external-attacher-leader-ebs-csi-aws-com
2026-06-19T11:55:53.163401294Z I0619 11:55:53.163258       1 leaderelection.go:293] successfully renewed lease kube-system/external-attacher-leader-ebs-csi-aws-com
2026-06-19T11:55:58.169131536Z I0619 11:55:58.168791       1 leaderelection.go:293] successfully renewed lease kube-system/external-attacher-leader-ebs-csi-aws-com
2026-06-19T11:56:03.222235731Z I0619 11:56:03.221948       1 leaderelection.go:293] successfully renewed lease kube-system/external-attacher-leader-ebs-csi-aws-com
2026-06-19T11:56:08.227317909Z I0619 11:56:08.227183       1 leaderelection.go:293] successfully renewed lease kube-system/external-attacher-leader-ebs-csi-aws-com
2026-06-19T11:56:13.233425653Z I0619 11:56:13.233292       1 leaderelection.go:293] successfully renewed lease kube-system/external-attacher-leader-ebs-csi-aws-com
2026-06-19T11:56:18.239963895Z I0619 11:56:18.239612       1 leaderelection.go:293] successfully renewed lease kube-system/external-attacher-leader-ebs-csi-aws-com
2026-06-19T11:56:23.245484615Z I0619 11:56:23.245312       1 leaderelection.go:293] successfully renewed lease kube-system/external-attacher-leader-ebs-csi-aws-com
2026-06-19T11:56:28.250515751Z I0619 11:56:28.250393       1 leaderelection.go:293] successfully renewed lease kube-system/external-attacher-leader-ebs-csi-aws-com
2026-06-19T11:56:33.255408762Z I0619 11:56:33.255265       1 leaderelection.go:293] successfully renewed lease kube-system/external-attacher-leader-ebs-csi-aws-com
2026-06-19T11:56:36.925795553Z I0619 11:56:36.925607       1 reflector.go:946] "Watch close" reflector="k8s.io/client-go/informers/factory.go:160" type="*v1.PersistentVolume" totalItems=17
2026-06-19T11:56:38.261267071Z I0619 11:56:38.261126       1 leaderelection.go:293] successfully renewed lease kube-system/external-attacher-leader-ebs-csi-aws-com
2026-06-19T11:56:43.270120699Z I0619 11:56:43.269971       1 leaderelection.go:293] successfully renewed lease kube-system/external-attacher-leader-ebs-csi-aws-com
2026-06-19T11:56:48.277244090Z I0619 11:56:48.277050       1 leaderelection.go:293] successfully renewed lease kube-system/external-attacher-leader-ebs-csi-aws-com
2026-06-19T11:56:53.284358261Z I0619 11:56:53.284232       1 leaderelection.go:293] successfully renewed lease kube-system/external-attacher-leader-ebs-csi-aws-com
2026-06-19T11:56:58.297281931Z I0619 11:56:58.297150       1 leaderelection.go:293] successfully renewed lease kube-system/external-attacher-leader-ebs-csi-aws-com
2026-06-19T11:57:03.394671714Z I0619 11:57:03.394510       1 leaderelection.go:293] successfully renewed lease kube-system/external-attacher-leader-ebs-csi-aws-com
2026-06-19T11:57:08.399785262Z I0619 11:57:08.399607       1 leaderelection.go:293] successfully renewed lease kube-system/external-attacher-leader-ebs-csi-aws-com
2026-06-19T11:57:13.406947571Z I0619 11:57:13.406769       1 leaderelection.go:293] successfully renewed lease kube-system/external-attacher-leader-ebs-csi-aws-com
2026-06-19T11:57:18.412472644Z I0619 11:57:18.412343       1 leaderelection.go:293] successfully renewed lease kube-system/external-attacher-leader-ebs-csi-aws-com
2026-06-19T11:57:23.418524750Z I0619 11:57:23.418406       1 leaderelection.go:293] successfully renewed lease kube-system/external-attacher-leader-ebs-csi-aws-com
2026-06-19T11:57:26.899871160Z I0619 11:57:26.899727       1 reflector.go:946] "Watch close" reflector="k8s.io/client-go/informers/factory.go:160" type="*v1.CSINode" totalItems=10
2026-06-19T11:57:28.425251661Z I0619 11:57:28.424935       1 leaderelection.go:293] successfully renewed lease kube-system/external-attacher-leader-ebs-csi-aws-com
2026-06-19T11:57:33.431072050Z I0619 11:57:33.430897       1 leaderelection.go:293] successfully renewed lease kube-system/external-attacher-leader-ebs-csi-aws-com
2026-06-19T11:57:38.437094342Z I0619 11:57:38.436823       1 leaderelection.go:293] successfully renewed lease kube-system/external-attacher-leader-ebs-csi-aws-com
2026-06-19T11:57:43.444535212Z I0619 11:57:43.444392       1 leaderelection.go:293] successfully renewed lease kube-system/external-attacher-leader-ebs-csi-aws-com
2026-06-19T11:57:48.450901489Z I0619 11:57:48.450776       1 leaderelection.go:293] successfully renewed lease kube-system/external-attacher-leader-ebs-csi-aws-com
2026-06-19T11:57:53.458178883Z I0619 11:57:53.458045       1 leaderelection.go:293] successfully renewed lease kube-system/external-attacher-leader-ebs-csi-aws-com
2026-06-19T11:57:58.463749103Z I0619 11:57:58.463443       1 leaderelection.go:293] successfully renewed lease kube-system/external-attacher-leader-ebs-csi-aws-com
2026-06-19T11:58:03.578085839Z I0619 11:58:03.577882       1 leaderelection.go:293] successfully renewed lease kube-system/external-attacher-leader-ebs-csi-aws-com
2026-06-19T11:58:03.992263051Z I0619 11:58:03.992127       1 reflector.go:946] "Watch close" reflector="k8s.io/client-go/informers/factory.go:160" type="*v1.VolumeAttachment" totalItems=14
2026-06-19T11:58:08.583647241Z I0619 11:58:08.583494       1 leaderelection.go:293] successfully renewed lease kube-system/external-attacher-leader-ebs-csi-aws-com
2026-06-19T11:58:13.588682762Z I0619 11:58:13.588563       1 leaderelection.go:293] successfully renewed lease kube-system/external-attacher-leader-ebs-csi-aws-com
2026-06-19T11:58:18.595012930Z I0619 11:58:18.594875       1 leaderelection.go:293] successfully renewed lease kube-system/external-attacher-leader-ebs-csi-aws-com
2026-06-19T11:58:23.600653306Z I0619 11:58:23.600514       1 leaderelection.go:293] successfully renewed lease kube-system/external-attacher-leader-ebs-csi-aws-com
2026-06-19T11:58:28.606412240Z I0619 11:58:28.606271       1 leaderelection.go:293] successfully renewed lease kube-system/external-attacher-leader-ebs-csi-aws-com
2026-06-19T11:58:33.611723602Z I0619 11:58:33.611530       1 leaderelection.go:293] successfully renewed lease kube-system/external-attacher-leader-ebs-csi-aws-com
2026-06-19T11:58:38.618282667Z I0619 11:58:38.618125       1 leaderelection.go:293] successfully renewed lease kube-system/external-attacher-leader-ebs-csi-aws-com
2026-06-19T11:58:43.626850006Z I0619 11:58:43.626721       1 leaderelection.go:293] successfully renewed lease kube-system/external-attacher-leader-ebs-csi-aws-com
2026-06-19T11:58:48.632373340Z I0619 11:58:48.632246       1 leaderelection.go:293] successfully renewed lease kube-system/external-attacher-leader-ebs-csi-aws-com
2026-06-19T11:58:53.637625796Z I0619 11:58:53.637487       1 leaderelection.go:293] successfully renewed lease kube-system/external-attacher-leader-ebs-csi-aws-com
2026-06-19T11:58:58.643165751Z I0619 11:58:58.643021       1 leaderelection.go:293] successfully renewed lease kube-system/external-attacher-leader-ebs-csi-aws-com
2026-06-19T11:59:03.742700616Z I0619 11:59:03.742571       1 leaderelection.go:293] successfully renewed lease kube-system/external-attacher-leader-ebs-csi-aws-com
2026-06-19T11:59:08.886993824Z I0619 11:59:08.886809       1 leaderelection.go:293] successfully renewed lease kube-system/external-attacher-leader-ebs-csi-aws-com
2026-06-19T11:59:13.892596922Z I0619 11:59:13.892436       1 leaderelection.go:293] successfully renewed lease kube-system/external-attacher-leader-ebs-csi-aws-com
2026-06-19T11:59:18.898955950Z I0619 11:59:18.898837       1 leaderelection.go:293] successfully renewed lease kube-system/external-attacher-leader-ebs-csi-aws-com
2026-06-19T11:59:23.904718039Z I0619 11:59:23.904584       1 leaderelection.go:293] successfully renewed lease kube-system/external-attacher-leader-ebs-csi-aws-com
2026-06-19T11:59:28.909811591Z I0619 11:59:28.909668       1 leaderelection.go:293] successfully renewed lease kube-system/external-attacher-leader-ebs-csi-aws-com
2026-06-19T11:59:33.919430111Z I0619 11:59:33.919254       1 leaderelection.go:293] successfully renewed lease kube-system/external-attacher-leader-ebs-csi-aws-com
2026-06-19T11:59:38.926962605Z I0619 11:59:38.926758       1 leaderelection.go:293] successfully renewed lease kube-system/external-attacher-leader-ebs-csi-aws-com
2026-06-19T11:59:43.934362446Z I0619 11:59:43.934159       1 leaderelection.go:293] successfully renewed lease kube-system/external-attacher-leader-ebs-csi-aws-com
2026-06-19T11:59:48.940946572Z I0619 11:59:48.940826       1 leaderelection.go:293] successfully renewed lease kube-system/external-attacher-leader-ebs-csi-aws-com
2026-06-19T11:59:53.946487305Z I0619 11:59:53.946231       1 leaderelection.go:293] successfully renewed lease kube-system/external-attacher-leader-ebs-csi-aws-com
2026-06-19T11:59:58.951970393Z I0619 11:59:58.951824       1 leaderelection.go:293] successfully renewed lease kube-system/external-attacher-leader-ebs-csi-aws-com
2026-06-19T12:00:04.000424142Z I0619 12:00:04.000277       1 leaderelection.go:293] successfully renewed lease kube-system/external-attacher-leader-ebs-csi-aws-com
2026-06-19T12:00:09.088168761Z I0619 12:00:09.088020       1 leaderelection.go:293] successfully renewed lease kube-system/external-attacher-leader-ebs-csi-aws-com
2026-06-19T12:00:14.093842385Z I0619 12:00:14.093683       1 leaderelection.go:293] successfully renewed lease kube-system/external-attacher-leader-ebs-csi-aws-com
2026-06-19T12:00:19.100652684Z I0619 12:00:19.100495       1 leaderelection.go:293] successfully renewed lease kube-system/external-attacher-leader-ebs-csi-aws-com
2026-06-19T12:00:24.107322023Z I0619 12:00:24.107204       1 leaderelection.go:293] successfully renewed lease kube-system/external-attacher-leader-ebs-csi-aws-com
2026-06-19T12:00:29.113522917Z I0619 12:00:29.113390       1 leaderelection.go:293] successfully renewed lease kube-system/external-attacher-leader-ebs-csi-aws-com
2026-06-19T12:00:34.118494129Z I0619 12:00:34.118336       1 leaderelection.go:293] successfully renewed lease kube-system/external-attacher-leader-ebs-csi-aws-com
2026-06-19T12:00:39.125400186Z I0619 12:00:39.125261       1 leaderelection.go:293] successfully renewed lease kube-system/external-attacher-leader-ebs-csi-aws-com
2026-06-19T12:00:44.132592482Z I0619 12:00:44.132447       1 leaderelection.go:293] successfully renewed lease kube-system/external-attacher-leader-ebs-csi-aws-com
2026-06-19T12:00:49.137958437Z I0619 12:00:49.137831       1 leaderelection.go:293] successfully renewed lease kube-system/external-attacher-leader-ebs-csi-aws-com
2026-06-19T12:00:54.146060850Z I0619 12:00:54.145941       1 leaderelection.go:293] successfully renewed lease kube-system/external-attacher-leader-ebs-csi-aws-com
2026-06-19T12:00:59.150988531Z I0619 12:00:59.150859       1 leaderelection.go:293] successfully renewed lease kube-system/external-attacher-leader-ebs-csi-aws-com
2026-06-19T12:01:04.165884467Z I0619 12:01:04.165692       1 leaderelection.go:293] successfully renewed lease kube-system/external-attacher-leader-ebs-csi-aws-com
2026-06-19T12:01:09.173864018Z I0619 12:01:09.173715       1 leaderelection.go:293] successfully renewed lease kube-system/external-attacher-leader-ebs-csi-aws-com
2026-06-19T12:01:14.179927348Z I0619 12:01:14.179812       1 leaderelection.go:293] successfully renewed lease kube-system/external-attacher-leader-ebs-csi-aws-com
2026-06-19T12:01:19.186150951Z I0619 12:01:19.185883       1 leaderelection.go:293] successfully renewed lease kube-system/external-attacher-leader-ebs-csi-aws-com
2026-06-19T12:01:24.191685708Z I0619 12:01:24.191410       1 leaderelection.go:293] successfully renewed lease kube-system/external-attacher-leader-ebs-csi-aws-com
2026-06-19T12:01:29.196913153Z I0619 12:01:29.196773       1 leaderelection.go:293] successfully renewed lease kube-system/external-attacher-leader-ebs-csi-aws-com
2026-06-19T12:01:34.201873825Z I0619 12:01:34.201751       1 leaderelection.go:293] successfully renewed lease kube-system/external-attacher-leader-ebs-csi-aws-com
2026-06-19T12:01:39.209737723Z I0619 12:01:39.209494       1 leaderelection.go:293] successfully renewed lease kube-system/external-attacher-leader-ebs-csi-aws-com
2026-06-19T12:01:44.214933424Z I0619 12:01:44.214770       1 leaderelection.go:293] successfully renewed lease kube-system/external-attacher-leader-ebs-csi-aws-com
2026-06-19T12:01:49.219979523Z I0619 12:01:49.219807       1 leaderelection.go:293] successfully renewed lease kube-system/external-attacher-leader-ebs-csi-aws-com
2026-06-19T12:01:54.227721467Z I0619 12:01:54.227561       1 leaderelection.go:293] successfully renewed lease kube-system/external-attacher-leader-ebs-csi-aws-com
2026-06-19T12:01:59.233578784Z I0619 12:01:59.233350       1 leaderelection.go:293] successfully renewed lease kube-system/external-attacher-leader-ebs-csi-aws-com
2026-06-19T12:02:04.240095808Z I0619 12:02:04.239953       1 leaderelection.go:293] successfully renewed lease kube-system/external-attacher-leader-ebs-csi-aws-com
2026-06-19T12:02:09.247807482Z I0619 12:02:09.247650       1 leaderelection.go:293] successfully renewed lease kube-system/external-attacher-leader-ebs-csi-aws-com
2026-06-19T12:02:14.255763426Z I0619 12:02:14.255631       1 leaderelection.go:293] successfully renewed lease kube-system/external-attacher-leader-ebs-csi-aws-com
2026-06-19T12:02:19.261683740Z I0619 12:02:19.261536       1 leaderelection.go:293] successfully renewed lease kube-system/external-attacher-leader-ebs-csi-aws-com
2026-06-19T12:02:24.267226373Z I0619 12:02:24.267092       1 leaderelection.go:293] successfully renewed lease kube-system/external-attacher-leader-ebs-csi-aws-com
2026-06-19T12:02:29.272913172Z I0619 12:02:29.272696       1 leaderelection.go:293] successfully renewed lease kube-system/external-attacher-leader-ebs-csi-aws-com
2026-06-19T12:02:34.278730004Z I0619 12:02:34.278581       1 leaderelection.go:293] successfully renewed lease kube-system/external-attacher-leader-ebs-csi-aws-com
2026-06-19T12:02:39.289212326Z I0619 12:02:39.288878       1 leaderelection.go:293] successfully renewed lease kube-system/external-attacher-leader-ebs-csi-aws-com
2026-06-19T12:02:44.295702118Z I0619 12:02:44.295497       1 leaderelection.go:293] successfully renewed lease kube-system/external-attacher-leader-ebs-csi-aws-com
2026-06-19T12:02:49.302244251Z I0619 12:02:49.302103       1 leaderelection.go:293] successfully renewed lease kube-system/external-attacher-leader-ebs-csi-aws-com
2026-06-19T12:02:54.308381586Z I0619 12:02:54.308257       1 leaderelection.go:293] successfully renewed lease kube-system/external-attacher-leader-ebs-csi-aws-com
2026-06-19T12:02:59.314659397Z I0619 12:02:59.314484       1 leaderelection.go:293] successfully renewed lease kube-system/external-attacher-leader-ebs-csi-aws-com
2026-06-19T12:03:04.324601765Z I0619 12:03:04.324292       1 leaderelection.go:293] successfully renewed lease kube-system/external-attacher-leader-ebs-csi-aws-com
2026-06-19T12:03:09.330601312Z I0619 12:03:09.330445       1 leaderelection.go:293] successfully renewed lease kube-system/external-attacher-leader-ebs-csi-aws-com
2026-06-19T12:03:09.902606454Z I0619 12:03:09.902280       1 reflector.go:946] "Watch close" reflector="k8s.io/client-go/informers/factory.go:160" type="*v1.CSINode" totalItems=5
2026-06-19T12:03:14.335589436Z I0619 12:03:14.335444       1 leaderelection.go:293] successfully renewed lease kube-system/external-attacher-leader-ebs-csi-aws-com
2026-06-19T12:03:19.341224237Z I0619 12:03:19.340925       1 leaderelection.go:293] successfully renewed lease kube-system/external-attacher-leader-ebs-csi-aws-com
2026-06-19T12:03:24.347097102Z I0619 12:03:24.346894       1 leaderelection.go:293] successfully renewed lease kube-system/external-attacher-leader-ebs-csi-aws-com
2026-06-19T12:03:29.353655734Z I0619 12:03:29.353453       1 leaderelection.go:293] successfully renewed lease kube-system/external-attacher-leader-ebs-csi-aws-com
2026-06-19T12:03:34.358991999Z I0619 12:03:34.358784       1 leaderelection.go:293] successfully renewed lease kube-system/external-attacher-leader-ebs-csi-aws-com
2026-06-19T12:03:37.003240707Z I0619 12:03:37.003076       1 reflector.go:946] "Watch close" reflector="k8s.io/client-go/informers/factory.go:160" type="*v1.VolumeAttachment" totalItems=6
2026-06-19T12:03:39.367056768Z I0619 12:03:39.366927       1 leaderelection.go:293] successfully renewed lease kube-system/external-attacher-leader-ebs-csi-aws-com
2026-06-19T12:03:44.375168122Z I0619 12:03:44.375020       1 leaderelection.go:293] successfully renewed lease kube-system/external-attacher-leader-ebs-csi-aws-com
2026-06-19T12:03:49.380416121Z I0619 12:03:49.380251       1 leaderelection.go:293] successfully renewed lease kube-system/external-attacher-leader-ebs-csi-aws-com
2026-06-19T12:03:54.386918841Z I0619 12:03:54.386780       1 leaderelection.go:293] successfully renewed lease kube-system/external-attacher-leader-ebs-csi-aws-com
2026-06-19T12:03:54.927994844Z I0619 12:03:54.927766       1 reflector.go:946] "Watch close" reflector="k8s.io/client-go/informers/factory.go:160" type="*v1.PersistentVolume" totalItems=8
2026-06-19T12:03:59.392778824Z I0619 12:03:59.392659       1 leaderelection.go:293] successfully renewed lease kube-system/external-attacher-leader-ebs-csi-aws-com
2026-06-19T12:04:04.412241315Z I0619 12:04:04.412107       1 leaderelection.go:293] successfully renewed lease kube-system/external-attacher-leader-ebs-csi-aws-com
2026-06-19T12:04:09.418757656Z I0619 12:04:09.418613       1 leaderelection.go:293] successfully renewed lease kube-system/external-attacher-leader-ebs-csi-aws-com
2026-06-19T12:04:14.424641080Z I0619 12:04:14.424437       1 leaderelection.go:293] successfully renewed lease kube-system/external-attacher-leader-ebs-csi-aws-com
2026-06-19T12:04:19.431747184Z I0619 12:04:19.431607       1 leaderelection.go:293] successfully renewed lease kube-system/external-attacher-leader-ebs-csi-aws-com
2026-06-19T12:04:24.437357314Z I0619 12:04:24.437239       1 leaderelection.go:293] successfully renewed lease kube-system/external-attacher-leader-ebs-csi-aws-com
2026-06-19T12:04:29.441973119Z I0619 12:04:29.441795       1 leaderelection.go:293] successfully renewed lease kube-system/external-attacher-leader-ebs-csi-aws-com
2026-06-19T12:04:34.447811503Z I0619 12:04:34.447688       1 leaderelection.go:293] successfully renewed lease kube-system/external-attacher-leader-ebs-csi-aws-com
2026-06-19T12:04:39.452792933Z I0619 12:04:39.452650       1 leaderelection.go:293] successfully renewed lease kube-system/external-attacher-leader-ebs-csi-aws-com
2026-06-19T12:04:44.457983531Z I0619 12:04:44.457777       1 leaderelection.go:293] successfully renewed lease kube-system/external-attacher-leader-ebs-csi-aws-com
2026-06-19T12:04:49.465499833Z I0619 12:04:49.465378       1 leaderelection.go:293] successfully renewed lease kube-system/external-attacher-leader-ebs-csi-aws-com
2026-06-19T12:04:54.470475294Z I0619 12:04:54.470319       1 leaderelection.go:293] successfully renewed lease kube-system/external-attacher-leader-ebs-csi-aws-com
2026-06-19T12:04:59.475292156Z I0619 12:04:59.475082       1 leaderelection.go:293] successfully renewed lease kube-system/external-attacher-leader-ebs-csi-aws-com
2026-06-19T12:05:04.488621237Z I0619 12:05:04.488006       1 leaderelection.go:293] successfully renewed lease kube-system/external-attacher-leader-ebs-csi-aws-com
2026-06-19T12:05:09.494453259Z I0619 12:05:09.494322       1 leaderelection.go:293] successfully renewed lease kube-system/external-attacher-leader-ebs-csi-aws-com
2026-06-19T12:05:14.500001684Z I0619 12:05:14.499861       1 leaderelection.go:293] successfully renewed lease kube-system/external-attacher-leader-ebs-csi-aws-com
2026-06-19T12:05:19.506195381Z I0619 12:05:19.506066       1 leaderelection.go:293] successfully renewed lease kube-system/external-attacher-leader-ebs-csi-aws-com
2026-06-19T12:05:24.511995655Z I0619 12:05:24.511844       1 leaderelection.go:293] successfully renewed lease kube-system/external-attacher-leader-ebs-csi-aws-com
2026-06-19T12:05:29.518589313Z I0619 12:05:29.518424       1 leaderelection.go:293] successfully renewed lease kube-system/external-attacher-leader-ebs-csi-aws-com
2026-06-19T12:05:34.523193454Z I0619 12:05:34.522954       1 leaderelection.go:293] successfully renewed lease kube-system/external-attacher-leader-ebs-csi-aws-com
2026-06-19T12:05:39.528408560Z I0619 12:05:39.528278       1 leaderelection.go:293] successfully renewed lease kube-system/external-attacher-leader-ebs-csi-aws-com
2026-06-19T12:05:42.837963795Z I0619 12:05:42.837814       1 reflector.go:450] "Forcing resync" reflector="k8s.io/client-go/informers/factory.go:160"
2026-06-19T12:05:42.844276588Z I0619 12:05:42.844149       1 reflector.go:450] "Forcing resync" reflector="k8s.io/client-go/informers/factory.go:160"
2026-06-19T12:05:44.533794241Z I0619 12:05:44.533661       1 leaderelection.go:293] successfully renewed lease kube-system/external-attacher-leader-ebs-csi-aws-com
2026-06-19T12:05:49.541924653Z I0619 12:05:49.541803       1 leaderelection.go:293] successfully renewed lease kube-system/external-attacher-leader-ebs-csi-aws-com
2026-06-19T12:05:54.546729723Z I0619 12:05:54.546348       1 leaderelection.go:293] successfully renewed lease kube-system/external-attacher-leader-ebs-csi-aws-com
2026-06-19T12:05:59.551902453Z I0619 12:05:59.551632       1 leaderelection.go:293] successfully renewed lease kube-system/external-attacher-leader-ebs-csi-aws-com
2026-06-19T12:06:04.653609945Z I0619 12:06:04.647019       1 leaderelection.go:293] successfully renewed lease kube-system/external-attacher-leader-ebs-csi-aws-com
2026-06-19T12:06:09.658969848Z I0619 12:06:09.658771       1 leaderelection.go:293] successfully renewed lease kube-system/external-attacher-leader-ebs-csi-aws-com
2026-06-19T12:06:14.664343063Z I0619 12:06:14.664221       1 leaderelection.go:293] successfully renewed lease kube-system/external-attacher-leader-ebs-csi-aws-com
2026-06-19T12:06:19.670891223Z I0619 12:06:19.670707       1 leaderelection.go:293] successfully renewed lease kube-system/external-attacher-leader-ebs-csi-aws-com
2026-06-19T12:06:24.679200827Z I0619 12:06:24.679071       1 leaderelection.go:293] successfully renewed lease kube-system/external-attacher-leader-ebs-csi-aws-com
2026-06-19T12:06:29.684866659Z I0619 12:06:29.684674       1 leaderelection.go:293] successfully renewed lease kube-system/external-attacher-leader-ebs-csi-aws-com
2026-06-19T12:06:34.691837603Z I0619 12:06:34.691678       1 leaderelection.go:293] successfully renewed lease kube-system/external-attacher-leader-ebs-csi-aws-com
2026-06-19T12:06:39.699848181Z I0619 12:06:39.699702       1 leaderelection.go:293] successfully renewed lease kube-system/external-attacher-leader-ebs-csi-aws-com
2026-06-19T12:06:44.705659971Z I0619 12:06:44.705531       1 leaderelection.go:293] successfully renewed lease kube-system/external-attacher-leader-ebs-csi-aws-com
2026-06-19T12:06:49.711510487Z I0619 12:06:49.711375       1 leaderelection.go:293] successfully renewed lease kube-system/external-attacher-leader-ebs-csi-aws-com
2026-06-19T12:06:54.716813748Z I0619 12:06:54.716677       1 leaderelection.go:293] successfully renewed lease kube-system/external-attacher-leader-ebs-csi-aws-com
2026-06-19T12:06:59.721786245Z I0619 12:06:59.721618       1 leaderelection.go:293] successfully renewed lease kube-system/external-attacher-leader-ebs-csi-aws-com
2026-06-19T12:07:04.734185232Z I0619 12:07:04.733960       1 leaderelection.go:293] successfully renewed lease kube-system/external-attacher-leader-ebs-csi-aws-com
2026-06-19T12:07:09.739415288Z I0619 12:07:09.739250       1 leaderelection.go:293] successfully renewed lease kube-system/external-attacher-leader-ebs-csi-aws-com
2026-06-19T12:07:14.745264131Z I0619 12:07:14.745130       1 leaderelection.go:293] successfully renewed lease kube-system/external-attacher-leader-ebs-csi-aws-com
2026-06-19T12:07:19.750980616Z I0619 12:07:19.750842       1 leaderelection.go:293] successfully renewed lease kube-system/external-attacher-leader-ebs-csi-aws-com
2026-06-19T12:07:24.756341182Z I0619 12:07:24.756216       1 leaderelection.go:293] successfully renewed lease kube-system/external-attacher-leader-ebs-csi-aws-com
2026-06-19T12:07:29.762922364Z I0619 12:07:29.762791       1 leaderelection.go:293] successfully renewed lease kube-system/external-attacher-leader-ebs-csi-aws-com
2026-06-19T12:07:34.767900496Z I0619 12:07:34.767743       1 leaderelection.go:293] successfully renewed lease kube-system/external-attacher-leader-ebs-csi-aws-com
2026-06-19T12:07:39.773663410Z I0619 12:07:39.773523       1 leaderelection.go:293] successfully renewed lease kube-system/external-attacher-leader-ebs-csi-aws-com
2026-06-19T12:07:44.782602990Z I0619 12:07:44.782454       1 leaderelection.go:293] successfully renewed lease kube-system/external-attacher-leader-ebs-csi-aws-com
2026-06-19T12:07:49.787871311Z I0619 12:07:49.787723       1 leaderelection.go:293] successfully renewed lease kube-system/external-attacher-leader-ebs-csi-aws-com
2026-06-19T12:07:54.793730904Z I0619 12:07:54.793600       1 leaderelection.go:293] successfully renewed lease kube-system/external-attacher-leader-ebs-csi-aws-com
2026-06-19T12:07:59.799137229Z I0619 12:07:59.798990       1 leaderelection.go:293] successfully renewed lease kube-system/external-attacher-leader-ebs-csi-aws-com
2026-06-19T12:08:04.806535397Z I0619 12:08:04.806411       1 leaderelection.go:293] successfully renewed lease kube-system/external-attacher-leader-ebs-csi-aws-com
2026-06-19T12:08:09.813379675Z I0619 12:08:09.813247       1 leaderelection.go:293] successfully renewed lease kube-system/external-attacher-leader-ebs-csi-aws-com
2026-06-19T12:08:14.821474997Z I0619 12:08:14.821253       1 leaderelection.go:293] successfully renewed lease kube-system/external-attacher-leader-ebs-csi-aws-com
2026-06-19T12:08:19.827024773Z I0619 12:08:19.826849       1 leaderelection.go:293] successfully renewed lease kube-system/external-attacher-leader-ebs-csi-aws-com
2026-06-19T12:08:24.833413900Z I0619 12:08:24.833294       1 leaderelection.go:293] successfully renewed lease kube-system/external-attacher-leader-ebs-csi-aws-com
2026-06-19T12:08:29.838783920Z I0619 12:08:29.838648       1 leaderelection.go:293] successfully renewed lease kube-system/external-attacher-leader-ebs-csi-aws-com
2026-06-19T12:08:34.844657924Z I0619 12:08:34.844532       1 leaderelection.go:293] successfully renewed lease kube-system/external-attacher-leader-ebs-csi-aws-com
2026-06-19T12:08:39.853623607Z I0619 12:08:39.853465       1 leaderelection.go:293] successfully renewed lease kube-system/external-attacher-leader-ebs-csi-aws-com
2026-06-19T12:08:44.859536932Z I0619 12:08:44.859397       1 leaderelection.go:293] successfully renewed lease kube-system/external-attacher-leader-ebs-csi-aws-com
2026-06-19T12:08:49.867260523Z I0619 12:08:49.867129       1 leaderelection.go:293] successfully renewed lease kube-system/external-attacher-leader-ebs-csi-aws-com
2026-06-19T12:08:54.873394251Z I0619 12:08:54.873243       1 leaderelection.go:293] successfully renewed lease kube-system/external-attacher-leader-ebs-csi-aws-com
2026-06-19T12:08:57.905283013Z I0619 12:08:57.905118       1 reflector.go:946] "Watch close" reflector="k8s.io/client-go/informers/factory.go:160" type="*v1.CSINode" totalItems=7
2026-06-19T12:08:59.879683149Z I0619 12:08:59.879570       1 leaderelection.go:293] successfully renewed lease kube-system/external-attacher-leader-ebs-csi-aws-com
2026-06-19T12:09:04.889781540Z I0619 12:09:04.889573       1 leaderelection.go:293] successfully renewed lease kube-system/external-attacher-leader-ebs-csi-aws-com
2026-06-19T12:09:09.895763411Z I0619 12:09:09.895642       1 leaderelection.go:293] successfully renewed lease kube-system/external-attacher-leader-ebs-csi-aws-com
2026-06-19T12:09:14.901379071Z I0619 12:09:14.901254       1 leaderelection.go:293] successfully renewed lease kube-system/external-attacher-leader-ebs-csi-aws-com
2026-06-19T12:09:19.907628803Z I0619 12:09:19.907473       1 leaderelection.go:293] successfully renewed lease kube-system/external-attacher-leader-ebs-csi-aws-com
2026-06-19T12:09:24.912625459Z I0619 12:09:24.912497       1 leaderelection.go:293] successfully renewed lease kube-system/external-attacher-leader-ebs-csi-aws-com
2026-06-19T12:09:29.922515611Z I0619 12:09:29.922385       1 leaderelection.go:293] successfully renewed lease kube-system/external-attacher-leader-ebs-csi-aws-com
2026-06-19T12:09:31.657771479Z I0619 12:09:31.657630       1 controller.go:213] "Started VolumeAttachment processing" VolumeAttachment="csi-254b2a74afeb19d7df8178c7c881dc89b1bc09a1b2ef4e9844992f3d50d41481"
2026-06-19T12:09:31.658783011Z I0619 12:09:31.658638       1 csi_handler.go:233] "CSIHandler: processing VolumeAttachment" VolumeAttachment="csi-254b2a74afeb19d7df8178c7c881dc89b1bc09a1b2ef4e9844992f3d50d41481"
2026-06-19T12:09:31.658803976Z I0619 12:09:31.658661       1 csi_handler.go:261] "Attaching" VolumeAttachment="csi-254b2a74afeb19d7df8178c7c881dc89b1bc09a1b2ef4e9844992f3d50d41481"
2026-06-19T12:09:31.658808214Z I0619 12:09:31.658708       1 csi_handler.go:437] "Starting attach operation" VolumeAttachment="csi-254b2a74afeb19d7df8178c7c881dc89b1bc09a1b2ef4e9844992f3d50d41481"
2026-06-19T12:09:31.659053644Z I0619 12:09:31.658905       1 csi_handler.go:353] "Adding finalizer to PersistentVolume" VolumeAttachment="csi-254b2a74afeb19d7df8178c7c881dc89b1bc09a1b2ef4e9844992f3d50d41481" PersistentVolume="pvc-aadf1544-cc0d-48a8-971b-741e09e58afb"
2026-06-19T12:09:31.675649845Z I0619 12:09:31.675275       1 csi_handler.go:362] "PersistentVolume finalizer added" VolumeAttachment="csi-254b2a74afeb19d7df8178c7c881dc89b1bc09a1b2ef4e9844992f3d50d41481" PersistentVolume="pvc-aadf1544-cc0d-48a8-971b-741e09e58afb"
2026-06-19T12:09:31.675671776Z I0619 12:09:31.675521       1 csi_handler.go:762] "Found nodeID in CSINode" VolumeAttachment="csi-254b2a74afeb19d7df8178c7c881dc89b1bc09a1b2ef4e9844992f3d50d41481" nodeID="i-0ecec600693268f66" CSINode="i-0ecec600693268f66"
2026-06-19T12:09:31.676001028Z I0619 12:09:31.675864       1 csi_handler.go:322] "VolumeAttachment finalizer added" VolumeAttachment="csi-254b2a74afeb19d7df8178c7c881dc89b1bc09a1b2ef4e9844992f3d50d41481"
2026-06-19T12:09:31.676161539Z I0619 12:09:31.676092       1 csi_handler.go:337] "NodeID annotation added" VolumeAttachment="csi-254b2a74afeb19d7df8178c7c881dc89b1bc09a1b2ef4e9844992f3d50d41481" nodeID="i-0ecec600693268f66"
2026-06-19T12:09:31.688202980Z I0619 12:09:31.687986       1 connection.go:264] "GRPC call" VolumeAttachment="csi-254b2a74afeb19d7df8178c7c881dc89b1bc09a1b2ef4e9844992f3d50d41481" method="/csi.v1.Controller/ControllerPublishVolume" request="{\"node_id\":\"i-0ecec600693268f66\",\"volume_capability\":{\"access_mode\":{\"mode\":\"SINGLE_NODE_WRITER\"},\"mount\":{\"fs_type\":\"ext4\"}},\"volume_context\":{\"storage.kubernetes.io/csiProvisionerIdentity\":\"1781855100628-189-ebs.csi.aws.com\"},\"volume_id\":\"vol-0dd4656eba8ec6c05\"}"
2026-06-19T12:09:34.928099496Z I0619 12:09:34.927971       1 leaderelection.go:293] successfully renewed lease kube-system/external-attacher-leader-ebs-csi-aws-com
2026-06-19T12:09:35.117217016Z I0619 12:09:35.116901       1 connection.go:270] "GRPC response" VolumeAttachment="csi-254b2a74afeb19d7df8178c7c881dc89b1bc09a1b2ef4e9844992f3d50d41481" response="{\"publish_context\":{\"devicePath\":\"/dev/xvdaa\"}}" err=null
2026-06-19T12:09:35.117291765Z I0619 12:09:35.117155       1 csi_handler.go:273] "Attached" VolumeAttachment="csi-254b2a74afeb19d7df8178c7c881dc89b1bc09a1b2ef4e9844992f3d50d41481"
2026-06-19T12:09:35.117298198Z I0619 12:09:35.117167       1 util.go:40] "Marking as attached" VolumeAttachment="csi-254b2a74afeb19d7df8178c7c881dc89b1bc09a1b2ef4e9844992f3d50d41481"
2026-06-19T12:09:35.125929521Z I0619 12:09:35.125728       1 util.go:54] "Marked as attached" VolumeAttachment="csi-254b2a74afeb19d7df8178c7c881dc89b1bc09a1b2ef4e9844992f3d50d41481"
2026-06-19T12:09:35.125954546Z I0619 12:09:35.125751       1 csi_handler.go:279] "Fully attached" VolumeAttachment="csi-254b2a74afeb19d7df8178c7c881dc89b1bc09a1b2ef4e9844992f3d50d41481"
2026-06-19T12:09:35.125959374Z I0619 12:09:35.125760       1 csi_handler.go:249] "CSIHandler: finished processing" VolumeAttachment="csi-254b2a74afeb19d7df8178c7c881dc89b1bc09a1b2ef4e9844992f3d50d41481"
2026-06-19T12:09:35.125994386Z I0619 12:09:35.125894       1 controller.go:213] "Started VolumeAttachment processing" VolumeAttachment="csi-254b2a74afeb19d7df8178c7c881dc89b1bc09a1b2ef4e9844992f3d50d41481"
2026-06-19T12:09:35.126146289Z I0619 12:09:35.126063       1 csi_handler.go:233] "CSIHandler: processing VolumeAttachment" VolumeAttachment="csi-254b2a74afeb19d7df8178c7c881dc89b1bc09a1b2ef4e9844992f3d50d41481"
2026-06-19T12:09:35.126155752Z I0619 12:09:35.126078       1 csi_handler.go:256] "VolumeAttachment is already attached" VolumeAttachment="csi-254b2a74afeb19d7df8178c7c881dc89b1bc09a1b2ef4e9844992f3d50d41481"
2026-06-19T12:09:35.126159575Z I0619 12:09:35.126092       1 csi_handler.go:249] "CSIHandler: finished processing" VolumeAttachment="csi-254b2a74afeb19d7df8178c7c881dc89b1bc09a1b2ef4e9844992f3d50d41481"
2026-06-19T12:09:35.398245293Z I0619 12:09:35.397948       1 controller.go:213] "Started VolumeAttachment processing" VolumeAttachment="csi-c455b850febbbffc214d16e6c85b91c25e023dbe2289d0640e03034daa546f21"
2026-06-19T12:09:35.398436808Z I0619 12:09:35.398355       1 csi_handler.go:233] "CSIHandler: processing VolumeAttachment" VolumeAttachment="csi-c455b850febbbffc214d16e6c85b91c25e023dbe2289d0640e03034daa546f21"
2026-06-19T12:09:35.398612619Z I0619 12:09:35.398509       1 csi_handler.go:261] "Attaching" VolumeAttachment="csi-c455b850febbbffc214d16e6c85b91c25e023dbe2289d0640e03034daa546f21"
2026-06-19T12:09:35.399508140Z I0619 12:09:35.398597       1 csi_handler.go:437] "Starting attach operation" VolumeAttachment="csi-c455b850febbbffc214d16e6c85b91c25e023dbe2289d0640e03034daa546f21"
2026-06-19T12:09:35.399740903Z I0619 12:09:35.399663       1 csi_handler.go:353] "Adding finalizer to PersistentVolume" VolumeAttachment="csi-c455b850febbbffc214d16e6c85b91c25e023dbe2289d0640e03034daa546f21" PersistentVolume="pvc-145a2d39-444b-4f32-a485-a26454ae8b53"
2026-06-19T12:09:35.422901226Z I0619 12:09:35.422743       1 csi_handler.go:362] "PersistentVolume finalizer added" VolumeAttachment="csi-c455b850febbbffc214d16e6c85b91c25e023dbe2289d0640e03034daa546f21" PersistentVolume="pvc-145a2d39-444b-4f32-a485-a26454ae8b53"
2026-06-19T12:09:35.422984810Z I0619 12:09:35.422781       1 csi_handler.go:762] "Found nodeID in CSINode" VolumeAttachment="csi-c455b850febbbffc214d16e6c85b91c25e023dbe2289d0640e03034daa546f21" nodeID="i-0ecec600693268f66" CSINode="i-0ecec600693268f66"
2026-06-19T12:09:35.423281633Z I0619 12:09:35.423170       1 csi_handler.go:322] "VolumeAttachment finalizer added" VolumeAttachment="csi-c455b850febbbffc214d16e6c85b91c25e023dbe2289d0640e03034daa546f21"
2026-06-19T12:09:35.423393370Z I0619 12:09:35.423336       1 csi_handler.go:337] "NodeID annotation added" VolumeAttachment="csi-c455b850febbbffc214d16e6c85b91c25e023dbe2289d0640e03034daa546f21" nodeID="i-0ecec600693268f66"
2026-06-19T12:09:35.431367035Z I0619 12:09:35.430946       1 connection.go:264] "GRPC call" VolumeAttachment="csi-c455b850febbbffc214d16e6c85b91c25e023dbe2289d0640e03034daa546f21" method="/csi.v1.Controller/ControllerPublishVolume" request="{\"node_id\":\"i-0ecec600693268f66\",\"volume_capability\":{\"access_mode\":{\"mode\":\"SINGLE_NODE_WRITER\"},\"mount\":{\"fs_type\":\"ext4\"}},\"volume_context\":{\"storage.kubernetes.io/csiProvisionerIdentity\":\"1781855100628-189-ebs.csi.aws.com\"},\"volume_id\":\"vol-0f1b453e6a7af752c\"}"
2026-06-19T12:09:38.745957583Z I0619 12:09:38.745830       1 connection.go:270] "GRPC response" VolumeAttachment="csi-c455b850febbbffc214d16e6c85b91c25e023dbe2289d0640e03034daa546f21" response="{\"publish_context\":{\"devicePath\":\"/dev/xvdab\"}}" err=null
2026-06-19T12:09:38.746059934Z I0619 12:09:38.745961       1 csi_handler.go:273] "Attached" VolumeAttachment="csi-c455b850febbbffc214d16e6c85b91c25e023dbe2289d0640e03034daa546f21"
2026-06-19T12:09:38.746086655Z I0619 12:09:38.746057       1 util.go:40] "Marking as attached" VolumeAttachment="csi-c455b850febbbffc214d16e6c85b91c25e023dbe2289d0640e03034daa546f21"
2026-06-19T12:09:38.756349365Z I0619 12:09:38.756054       1 util.go:54] "Marked as attached" VolumeAttachment="csi-c455b850febbbffc214d16e6c85b91c25e023dbe2289d0640e03034daa546f21"
2026-06-19T12:09:38.756370184Z I0619 12:09:38.756073       1 csi_handler.go:279] "Fully attached" VolumeAttachment="csi-c455b850febbbffc214d16e6c85b91c25e023dbe2289d0640e03034daa546f21"
2026-06-19T12:09:38.756373758Z I0619 12:09:38.756084       1 csi_handler.go:249] "CSIHandler: finished processing" VolumeAttachment="csi-c455b850febbbffc214d16e6c85b91c25e023dbe2289d0640e03034daa546f21"
2026-06-19T12:09:38.756385107Z I0619 12:09:38.756150       1 controller.go:213] "Started VolumeAttachment processing" VolumeAttachment="csi-c455b850febbbffc214d16e6c85b91c25e023dbe2289d0640e03034daa546f21"
2026-06-19T12:09:38.756388081Z I0619 12:09:38.756164       1 csi_handler.go:233] "CSIHandler: processing VolumeAttachment" VolumeAttachment="csi-c455b850febbbffc214d16e6c85b91c25e023dbe2289d0640e03034daa546f21"
2026-06-19T12:09:38.756427609Z I0619 12:09:38.756171       1 csi_handler.go:256] "VolumeAttachment is already attached" VolumeAttachment="csi-c455b850febbbffc214d16e6c85b91c25e023dbe2289d0640e03034daa546f21"
2026-06-19T12:09:38.756430543Z I0619 12:09:38.756178       1 csi_handler.go:249] "CSIHandler: finished processing" VolumeAttachment="csi-c455b850febbbffc214d16e6c85b91c25e023dbe2289d0640e03034daa546f21"
2026-06-19T12:09:39.934436578Z I0619 12:09:39.933975       1 leaderelection.go:293] successfully renewed lease kube-system/external-attacher-leader-ebs-csi-aws-com
2026-06-19T12:09:44.941990107Z I0619 12:09:44.941870       1 leaderelection.go:293] successfully renewed lease kube-system/external-attacher-leader-ebs-csi-aws-com
2026-06-19T12:09:49.948346044Z I0619 12:09:49.948180       1 leaderelection.go:293] successfully renewed lease kube-system/external-attacher-leader-ebs-csi-aws-com
2026-06-19T12:09:54.954244379Z I0619 12:09:54.954120       1 leaderelection.go:293] successfully renewed lease kube-system/external-attacher-leader-ebs-csi-aws-com
2026-06-19T12:09:59.962080188Z I0619 12:09:59.961958       1 leaderelection.go:293] successfully renewed lease kube-system/external-attacher-leader-ebs-csi-aws-com
2026-06-19T12:10:05.014771160Z I0619 12:10:05.014488       1 leaderelection.go:293] successfully renewed lease kube-system/external-attacher-leader-ebs-csi-aws-com
2026-06-19T12:10:10.023449092Z I0619 12:10:10.023288       1 leaderelection.go:293] successfully renewed lease kube-system/external-attacher-leader-ebs-csi-aws-com
2026-06-19T12:10:15.029855061Z I0619 12:10:15.029720       1 leaderelection.go:293] successfully renewed lease kube-system/external-attacher-leader-ebs-csi-aws-com
2026-06-19T12:10:20.035322603Z I0619 12:10:20.035160       1 leaderelection.go:293] successfully renewed lease kube-system/external-attacher-leader-ebs-csi-aws-com
2026-06-19T12:10:25.040678575Z I0619 12:10:25.040505       1 leaderelection.go:293] successfully renewed lease kube-system/external-attacher-leader-ebs-csi-aws-com
2026-06-19T12:10:30.046925179Z I0619 12:10:30.046793       1 leaderelection.go:293] successfully renewed lease kube-system/external-attacher-leader-ebs-csi-aws-com
2026-06-19T12:10:31.005485617Z I0619 12:10:31.005339       1 reflector.go:946] "Watch close" reflector="k8s.io/client-go/informers/factory.go:160" type="*v1.VolumeAttachment" totalItems=14
2026-06-19T12:10:35.054172238Z I0619 12:10:35.054057       1 leaderelection.go:293] successfully renewed lease kube-system/external-attacher-leader-ebs-csi-aws-com
2026-06-19T12:10:40.062367453Z I0619 12:10:40.062216       1 leaderelection.go:293] successfully renewed lease kube-system/external-attacher-leader-ebs-csi-aws-com
2026-06-19T12:10:45.067465657Z I0619 12:10:45.067294       1 leaderelection.go:293] successfully renewed lease kube-system/external-attacher-leader-ebs-csi-aws-com
2026-06-19T12:10:50.072777612Z I0619 12:10:50.072645       1 leaderelection.go:293] successfully renewed lease kube-system/external-attacher-leader-ebs-csi-aws-com
2026-06-19T12:10:55.080802580Z I0619 12:10:55.080614       1 leaderelection.go:293] successfully renewed lease kube-system/external-attacher-leader-ebs-csi-aws-com
2026-06-19T12:11:00.103226650Z I0619 12:11:00.102784       1 leaderelection.go:293] successfully renewed lease kube-system/external-attacher-leader-ebs-csi-aws-com
2026-06-19T12:11:05.109728997Z I0619 12:11:05.109539       1 leaderelection.go:293] successfully renewed lease kube-system/external-attacher-leader-ebs-csi-aws-com
2026-06-19T12:11:10.115147973Z I0619 12:11:10.114988       1 leaderelection.go:293] successfully renewed lease kube-system/external-attacher-leader-ebs-csi-aws-com
2026-06-19T12:11:15.120023080Z I0619 12:11:15.119891       1 leaderelection.go:293] successfully renewed lease kube-system/external-attacher-leader-ebs-csi-aws-com
2026-06-19T12:11:20.126278288Z I0619 12:11:20.126154       1 leaderelection.go:293] successfully renewed lease kube-system/external-attacher-leader-ebs-csi-aws-com
2026-06-19T12:11:25.138388721Z I0619 12:11:25.138096       1 leaderelection.go:293] successfully renewed lease kube-system/external-attacher-leader-ebs-csi-aws-com
2026-06-19T12:11:30.143885014Z I0619 12:11:30.143754       1 leaderelection.go:293] successfully renewed lease kube-system/external-attacher-leader-ebs-csi-aws-com
2026-06-19T12:11:35.149368594Z I0619 12:11:35.149192       1 leaderelection.go:293] successfully renewed lease kube-system/external-attacher-leader-ebs-csi-aws-com
2026-06-19T12:11:40.158120461Z I0619 12:11:40.157977       1 leaderelection.go:293] successfully renewed lease kube-system/external-attacher-leader-ebs-csi-aws-com
2026-06-19T12:11:45.163986296Z I0619 12:11:45.163852       1 leaderelection.go:293] successfully renewed lease kube-system/external-attacher-leader-ebs-csi-aws-com
2026-06-19T12:11:50.171928179Z I0619 12:11:50.171730       1 leaderelection.go:293] successfully renewed lease kube-system/external-attacher-leader-ebs-csi-aws-com
2026-06-19T12:11:55.180677771Z I0619 12:11:55.180419       1 leaderelection.go:293] successfully renewed lease kube-system/external-attacher-leader-ebs-csi-aws-com
2026-06-19T12:12:00.190978034Z I0619 12:12:00.190679       1 leaderelection.go:293] successfully renewed lease kube-system/external-attacher-leader-ebs-csi-aws-com
2026-06-19T12:12:05.206019989Z I0619 12:12:05.205835       1 leaderelection.go:293] successfully renewed lease kube-system/external-attacher-leader-ebs-csi-aws-com
2026-06-19T12:12:10.214378469Z I0619 12:12:10.213879       1 leaderelection.go:293] successfully renewed lease kube-system/external-attacher-leader-ebs-csi-aws-com
2026-06-19T12:12:15.219600070Z I0619 12:12:15.219303       1 leaderelection.go:293] successfully renewed lease kube-system/external-attacher-leader-ebs-csi-aws-com
2026-06-19T12:12:20.224630002Z I0619 12:12:20.224473       1 leaderelection.go:293] successfully renewed lease kube-system/external-attacher-leader-ebs-csi-aws-com
2026-06-19T12:12:25.230617598Z I0619 12:12:25.230458       1 leaderelection.go:293] successfully renewed lease kube-system/external-attacher-leader-ebs-csi-aws-com
2026-06-19T12:12:30.235866179Z I0619 12:12:30.235691       1 leaderelection.go:293] successfully renewed lease kube-system/external-attacher-leader-ebs-csi-aws-com
2026-06-19T12:12:34.930076048Z I0619 12:12:34.929917       1 reflector.go:946] "Watch close" reflector="k8s.io/client-go/informers/factory.go:160" type="*v1.PersistentVolume" totalItems=14
2026-06-19T12:12:35.240609157Z I0619 12:12:35.240456       1 leaderelection.go:293] successfully renewed lease kube-system/external-attacher-leader-ebs-csi-aws-com
2026-06-19T12:12:40.246132345Z I0619 12:12:40.245975       1 leaderelection.go:293] successfully renewed lease kube-system/external-attacher-leader-ebs-csi-aws-com
2026-06-19T12:12:45.253393212Z I0619 12:12:45.253265       1 leaderelection.go:293] successfully renewed lease kube-system/external-attacher-leader-ebs-csi-aws-com
2026-06-19T12:12:50.259129142Z I0619 12:12:50.259001       1 leaderelection.go:293] successfully renewed lease kube-system/external-attacher-leader-ebs-csi-aws-com
2026-06-19T12:12:55.265901744Z I0619 12:12:55.265778       1 leaderelection.go:293] successfully renewed lease kube-system/external-attacher-leader-ebs-csi-aws-com
2026-06-19T12:13:00.271044396Z I0619 12:13:00.270915       1 leaderelection.go:293] successfully renewed lease kube-system/external-attacher-leader-ebs-csi-aws-com
2026-06-19T12:13:05.276342126Z I0619 12:13:05.276172       1 leaderelection.go:293] successfully renewed lease kube-system/external-attacher-leader-ebs-csi-aws-com
2026-06-19T12:13:10.281775360Z I0619 12:13:10.281586       1 leaderelection.go:293] successfully renewed lease kube-system/external-attacher-leader-ebs-csi-aws-com
2026-06-19T12:13:15.286942716Z I0619 12:13:15.286785       1 leaderelection.go:293] successfully renewed lease kube-system/external-attacher-leader-ebs-csi-aws-com
2026-06-19T12:13:20.291894435Z I0619 12:13:20.291756       1 leaderelection.go:293] successfully renewed lease kube-system/external-attacher-leader-ebs-csi-aws-com
2026-06-19T12:13:25.299201969Z I0619 12:13:25.299065       1 leaderelection.go:293] successfully renewed lease kube-system/external-attacher-leader-ebs-csi-aws-com
2026-06-19T12:13:30.305453944Z I0619 12:13:30.305314       1 leaderelection.go:293] successfully renewed lease kube-system/external-attacher-leader-ebs-csi-aws-com
2026-06-19T12:13:35.313431067Z I0619 12:13:35.313242       1 leaderelection.go:293] successfully renewed lease kube-system/external-attacher-leader-ebs-csi-aws-com
2026-06-19T12:13:40.319368006Z I0619 12:13:40.319229       1 leaderelection.go:293] successfully renewed lease kube-system/external-attacher-leader-ebs-csi-aws-com
2026-06-19T12:13:45.324396183Z I0619 12:13:45.324258       1 leaderelection.go:293] successfully renewed lease kube-system/external-attacher-leader-ebs-csi-aws-com
2026-06-19T12:13:50.330285142Z I0619 12:13:50.330149       1 leaderelection.go:293] successfully renewed lease kube-system/external-attacher-leader-ebs-csi-aws-com
2026-06-19T12:13:55.336448879Z I0619 12:13:55.336293       1 leaderelection.go:293] successfully renewed lease kube-system/external-attacher-leader-ebs-csi-aws-com
2026-06-19T12:14:00.343106150Z I0619 12:14:00.342981       1 leaderelection.go:293] successfully renewed lease kube-system/external-attacher-leader-ebs-csi-aws-com
2026-06-19T12:14:05.353687701Z I0619 12:14:05.353406       1 leaderelection.go:293] successfully renewed lease kube-system/external-attacher-leader-ebs-csi-aws-com
2026-06-19T12:14:10.358966527Z I0619 12:14:10.358697       1 leaderelection.go:293] successfully renewed lease kube-system/external-attacher-leader-ebs-csi-aws-com
2026-06-19T12:14:15.363340492Z I0619 12:14:15.363195       1 leaderelection.go:293] successfully renewed lease kube-system/external-attacher-leader-ebs-csi-aws-com
2026-06-19T12:14:20.369976807Z I0619 12:14:20.369825       1 leaderelection.go:293] successfully renewed lease kube-system/external-attacher-leader-ebs-csi-aws-com
2026-06-19T12:14:25.375419669Z I0619 12:14:25.375279       1 leaderelection.go:293] successfully renewed lease kube-system/external-attacher-leader-ebs-csi-aws-com
2026-06-19T12:14:30.380910019Z I0619 12:14:30.380694       1 leaderelection.go:293] successfully renewed lease kube-system/external-attacher-leader-ebs-csi-aws-com
2026-06-19T12:14:35.387748528Z I0619 12:14:35.387617       1 leaderelection.go:293] successfully renewed lease kube-system/external-attacher-leader-ebs-csi-aws-com
2026-06-19T12:14:40.395949105Z I0619 12:14:40.395709       1 leaderelection.go:293] successfully renewed lease kube-system/external-attacher-leader-ebs-csi-aws-com
2026-06-19T12:14:45.403716693Z I0619 12:14:45.403593       1 leaderelection.go:293] successfully renewed lease kube-system/external-attacher-leader-ebs-csi-aws-com
2026-06-19T12:14:50.409874608Z I0619 12:14:50.409637       1 leaderelection.go:293] successfully renewed lease kube-system/external-attacher-leader-ebs-csi-aws-com
2026-06-19T12:14:55.415034209Z I0619 12:14:55.414872       1 leaderelection.go:293] successfully renewed lease kube-system/external-attacher-leader-ebs-csi-aws-com
2026-06-19T12:15:00.421242887Z I0619 12:15:00.420919       1 leaderelection.go:293] successfully renewed lease kube-system/external-attacher-leader-ebs-csi-aws-com
2026-06-19T12:15:05.427054964Z I0619 12:15:05.426925       1 leaderelection.go:293] successfully renewed lease kube-system/external-attacher-leader-ebs-csi-aws-com
2026-06-19T12:15:10.433426919Z I0619 12:15:10.433301       1 leaderelection.go:293] successfully renewed lease kube-system/external-attacher-leader-ebs-csi-aws-com
2026-06-19T12:15:15.439140648Z I0619 12:15:15.439012       1 leaderelection.go:293] successfully renewed lease kube-system/external-attacher-leader-ebs-csi-aws-com
2026-06-19T12:15:20.448254516Z I0619 12:15:20.448076       1 leaderelection.go:293] successfully renewed lease kube-system/external-attacher-leader-ebs-csi-aws-com
2026-06-19T12:15:25.456750712Z I0619 12:15:25.456595       1 leaderelection.go:293] successfully renewed lease kube-system/external-attacher-leader-ebs-csi-aws-com
2026-06-19T12:15:30.468609971Z I0619 12:15:30.467922       1 leaderelection.go:293] successfully renewed lease kube-system/external-attacher-leader-ebs-csi-aws-com
2026-06-19T12:15:35.476130684Z I0619 12:15:35.475978       1 leaderelection.go:293] successfully renewed lease kube-system/external-attacher-leader-ebs-csi-aws-com
2026-06-19T12:15:40.486139781Z I0619 12:15:40.486038       1 leaderelection.go:293] successfully renewed lease kube-system/external-attacher-leader-ebs-csi-aws-com
2026-06-19T12:15:42.838868800Z I0619 12:15:42.838634       1 reflector.go:450] "Forcing resync" reflector="k8s.io/client-go/informers/factory.go:160"
2026-06-19T12:15:42.845180709Z I0619 12:15:42.844841       1 reflector.go:450] "Forcing resync" reflector="k8s.io/client-go/informers/factory.go:160"
2026-06-19T12:15:42.845226266Z I0619 12:15:42.844934       1 controller.go:213] "Started VolumeAttachment processing" VolumeAttachment="csi-254b2a74afeb19d7df8178c7c881dc89b1bc09a1b2ef4e9844992f3d50d41481"
2026-06-19T12:15:42.845232382Z I0619 12:15:42.845126       1 csi_handler.go:233] "CSIHandler: processing VolumeAttachment" VolumeAttachment="csi-254b2a74afeb19d7df8178c7c881dc89b1bc09a1b2ef4e9844992f3d50d41481"
2026-06-19T12:15:42.845326299Z I0619 12:15:42.845142       1 csi_handler.go:256] "VolumeAttachment is already attached" VolumeAttachment="csi-254b2a74afeb19d7df8178c7c881dc89b1bc09a1b2ef4e9844992f3d50d41481"
2026-06-19T12:15:42.845336808Z I0619 12:15:42.845152       1 csi_handler.go:249] "CSIHandler: finished processing" VolumeAttachment="csi-254b2a74afeb19d7df8178c7c881dc89b1bc09a1b2ef4e9844992f3d50d41481"
2026-06-19T12:15:42.845341052Z I0619 12:15:42.845179       1 controller.go:213] "Started VolumeAttachment processing" VolumeAttachment="csi-c455b850febbbffc214d16e6c85b91c25e023dbe2289d0640e03034daa546f21"
2026-06-19T12:15:42.845344227Z I0619 12:15:42.845188       1 csi_handler.go:233] "CSIHandler: processing VolumeAttachment" VolumeAttachment="csi-c455b850febbbffc214d16e6c85b91c25e023dbe2289d0640e03034daa546f21"
2026-06-19T12:15:42.845346775Z I0619 12:15:42.845194       1 csi_handler.go:256] "VolumeAttachment is already attached" VolumeAttachment="csi-c455b850febbbffc214d16e6c85b91c25e023dbe2289d0640e03034daa546f21"
2026-06-19T12:15:42.845349063Z I0619 12:15:42.845201       1 csi_handler.go:249] "CSIHandler: finished processing" VolumeAttachment="csi-c455b850febbbffc214d16e6c85b91c25e023dbe2289d0640e03034daa546f21"
2026-06-19T12:15:45.491359355Z I0619 12:15:45.491201       1 leaderelection.go:293] successfully renewed lease kube-system/external-attacher-leader-ebs-csi-aws-com
2026-06-19T12:15:50.497226540Z I0619 12:15:50.496907       1 leaderelection.go:293] successfully renewed lease kube-system/external-attacher-leader-ebs-csi-aws-com
2026-06-19T12:15:51.907251906Z I0619 12:15:51.906954       1 reflector.go:946] "Watch close" reflector="k8s.io/client-go/informers/factory.go:160" type="*v1.CSINode" totalItems=7
2026-06-19T12:15:55.502762137Z I0619 12:15:55.502613       1 leaderelection.go:293] successfully renewed lease kube-system/external-attacher-leader-ebs-csi-aws-com
2026-06-19T12:16:00.512359186Z I0619 12:16:00.512186       1 leaderelection.go:293] successfully renewed lease kube-system/external-attacher-leader-ebs-csi-aws-com
2026-06-19T12:16:05.524675812Z I0619 12:16:05.524514       1 leaderelection.go:293] successfully renewed lease kube-system/external-attacher-leader-ebs-csi-aws-com
2026-06-19T12:16:07.007672596Z I0619 12:16:07.007306       1 reflector.go:946] "Watch close" reflector="k8s.io/client-go/informers/factory.go:160" type="*v1.VolumeAttachment" totalItems=6
2026-06-19T12:16:10.531072225Z I0619 12:16:10.530907       1 leaderelection.go:293] successfully renewed lease kube-system/external-attacher-leader-ebs-csi-aws-com
2026-06-19T12:16:15.536906726Z I0619 12:16:15.536776       1 leaderelection.go:293] successfully renewed lease kube-system/external-attacher-leader-ebs-csi-aws-com
2026-06-19T12:16:20.544624291Z I0619 12:16:20.544131       1 leaderelection.go:293] successfully renewed lease kube-system/external-attacher-leader-ebs-csi-aws-com
2026-06-19T12:16:25.550230086Z I0619 12:16:25.550086       1 leaderelection.go:293] successfully renewed lease kube-system/external-attacher-leader-ebs-csi-aws-com
2026-06-19T12:16:30.558267228Z I0619 12:16:30.558135       1 leaderelection.go:293] successfully renewed lease kube-system/external-attacher-leader-ebs-csi-aws-com
2026-06-19T12:16:35.567108910Z I0619 12:16:35.566929       1 leaderelection.go:293] successfully renewed lease kube-system/external-attacher-leader-ebs-csi-aws-com
2026-06-19T12:16:40.574461602Z I0619 12:16:40.574330       1 leaderelection.go:293] successfully renewed lease kube-system/external-attacher-leader-ebs-csi-aws-com
2026-06-19T12:16:45.590462318Z I0619 12:16:45.590306       1 leaderelection.go:293] successfully renewed lease kube-system/external-attacher-leader-ebs-csi-aws-com
2026-06-19T12:16:50.596607489Z I0619 12:16:50.596427       1 leaderelection.go:293] successfully renewed lease kube-system/external-attacher-leader-ebs-csi-aws-com
2026-06-19T12:16:55.606022275Z I0619 12:16:55.605850       1 leaderelection.go:293] successfully renewed lease kube-system/external-attacher-leader-ebs-csi-aws-com
2026-06-19T12:17:00.612214062Z I0619 12:17:00.612086       1 leaderelection.go:293] successfully renewed lease kube-system/external-attacher-leader-ebs-csi-aws-com
2026-06-19T12:17:05.626761133Z I0619 12:17:05.626633       1 leaderelection.go:293] successfully renewed lease kube-system/external-attacher-leader-ebs-csi-aws-com
2026-06-19T12:17:10.639724721Z I0619 12:17:10.639595       1 leaderelection.go:293] successfully renewed lease kube-system/external-attacher-leader-ebs-csi-aws-com
2026-06-19T12:17:15.646075507Z I0619 12:17:15.645919       1 leaderelection.go:293] successfully renewed lease kube-system/external-attacher-leader-ebs-csi-aws-com
2026-06-19T12:17:20.652232376Z I0619 12:17:20.652056       1 leaderelection.go:293] successfully renewed lease kube-system/external-attacher-leader-ebs-csi-aws-com
2026-06-19T12:17:25.658027084Z I0619 12:17:25.657823       1 leaderelection.go:293] successfully renewed lease kube-system/external-attacher-leader-ebs-csi-aws-com
2026-06-19T12:17:30.663427357Z I0619 12:17:30.663223       1 leaderelection.go:293] successfully renewed lease kube-system/external-attacher-leader-ebs-csi-aws-com
2026-06-19T12:17:35.668091066Z I0619 12:17:35.667956       1 leaderelection.go:293] successfully renewed lease kube-system/external-attacher-leader-ebs-csi-aws-com
2026-06-19T12:17:40.675837068Z I0619 12:17:40.675662       1 leaderelection.go:293] successfully renewed lease kube-system/external-attacher-leader-ebs-csi-aws-com
2026-06-19T12:17:45.690205501Z I0619 12:17:45.690031       1 leaderelection.go:293] successfully renewed lease kube-system/external-attacher-leader-ebs-csi-aws-com
2026-06-19T12:17:50.695356816Z I0619 12:17:50.695100       1 leaderelection.go:293] successfully renewed lease kube-system/external-attacher-leader-ebs-csi-aws-com
2026-06-19T12:17:55.702010619Z I0619 12:17:55.701863       1 leaderelection.go:293] successfully renewed lease kube-system/external-attacher-leader-ebs-csi-aws-com
2026-06-19T12:18:00.710114644Z I0619 12:18:00.709993       1 leaderelection.go:293] successfully renewed lease kube-system/external-attacher-leader-ebs-csi-aws-com
2026-06-19T12:18:05.725210427Z I0619 12:18:05.724901       1 leaderelection.go:293] successfully renewed lease kube-system/external-attacher-leader-ebs-csi-aws-com
2026-06-19T12:18:10.732398082Z I0619 12:18:10.732236       1 leaderelection.go:293] successfully renewed lease kube-system/external-attacher-leader-ebs-csi-aws-com
2026-06-19T12:18:15.738371802Z I0619 12:18:15.738158       1 leaderelection.go:293] successfully renewed lease kube-system/external-attacher-leader-ebs-csi-aws-com
2026-06-19T12:18:20.743361563Z I0619 12:18:20.743232       1 leaderelection.go:293] successfully renewed lease kube-system/external-attacher-leader-ebs-csi-aws-com
2026-06-19T12:18:25.749645231Z I0619 12:18:25.749502       1 leaderelection.go:293] successfully renewed lease kube-system/external-attacher-leader-ebs-csi-aws-com
2026-06-19T12:18:30.756338763Z I0619 12:18:30.756206       1 leaderelection.go:293] successfully renewed lease kube-system/external-attacher-leader-ebs-csi-aws-com
2026-06-19T12:18:35.765362725Z I0619 12:18:35.764692       1 leaderelection.go:293] successfully renewed lease kube-system/external-attacher-leader-ebs-csi-aws-com
2026-06-19T12:18:40.770766849Z I0619 12:18:40.770587       1 leaderelection.go:293] successfully renewed lease kube-system/external-attacher-leader-ebs-csi-aws-com
2026-06-19T12:18:45.776742372Z I0619 12:18:45.776601       1 leaderelection.go:293] successfully renewed lease kube-system/external-attacher-leader-ebs-csi-aws-com
2026-06-19T12:18:50.783108351Z I0619 12:18:50.782982       1 leaderelection.go:293] successfully renewed lease kube-system/external-attacher-leader-ebs-csi-aws-com
2026-06-19T12:18:55.789501710Z I0619 12:18:55.789357       1 leaderelection.go:293] successfully renewed lease kube-system/external-attacher-leader-ebs-csi-aws-com
2026-06-19T12:19:00.795136053Z I0619 12:19:00.794996       1 leaderelection.go:293] successfully renewed lease kube-system/external-attacher-leader-ebs-csi-aws-com
2026-06-19T12:19:05.801113442Z I0619 12:19:05.800845       1 leaderelection.go:293] successfully renewed lease kube-system/external-attacher-leader-ebs-csi-aws-com
2026-06-19T12:19:10.807685548Z I0619 12:19:10.807581       1 leaderelection.go:293] successfully renewed lease kube-system/external-attacher-leader-ebs-csi-aws-com
2026-06-19T12:19:15.813904023Z I0619 12:19:15.813732       1 leaderelection.go:293] successfully renewed lease kube-system/external-attacher-leader-ebs-csi-aws-com
2026-06-19T12:19:20.822374681Z I0619 12:19:20.822233       1 leaderelection.go:293] successfully renewed lease kube-system/external-attacher-leader-ebs-csi-aws-com
2026-06-19T12:19:25.830745283Z I0619 12:19:25.830602       1 leaderelection.go:293] successfully renewed lease kube-system/external-attacher-leader-ebs-csi-aws-com
2026-06-19T12:19:30.836903993Z I0619 12:19:30.836762       1 leaderelection.go:293] successfully renewed lease kube-system/external-attacher-leader-ebs-csi-aws-com
2026-06-19T12:19:35.850042043Z I0619 12:19:35.849897       1 leaderelection.go:293] successfully renewed lease kube-system/external-attacher-leader-ebs-csi-aws-com
2026-06-19T12:19:40.857456687Z I0619 12:19:40.857299       1 leaderelection.go:293] successfully renewed lease kube-system/external-attacher-leader-ebs-csi-aws-com
2026-06-19T12:19:44.932698677Z I0619 12:19:44.932529       1 reflector.go:946] "Watch close" reflector="k8s.io/client-go/informers/factory.go:160" type="*v1.PersistentVolume" totalItems=7
2026-06-19T12:19:45.866037672Z I0619 12:19:45.865880       1 leaderelection.go:293] successfully renewed lease kube-system/external-attacher-leader-ebs-csi-aws-com
2026-06-19T12:19:50.871216939Z I0619 12:19:50.871095       1 leaderelection.go:293] successfully renewed lease kube-system/external-attacher-leader-ebs-csi-aws-com
2026-06-19T12:19:55.877479817Z I0619 12:19:55.877286       1 leaderelection.go:293] successfully renewed lease kube-system/external-attacher-leader-ebs-csi-aws-com
2026-06-19T12:20:00.884839736Z I0619 12:20:00.884627       1 leaderelection.go:293] successfully renewed lease kube-system/external-attacher-leader-ebs-csi-aws-com
2026-06-19T12:20:05.905805671Z I0619 12:20:05.900596       1 leaderelection.go:293] successfully renewed lease kube-system/external-attacher-leader-ebs-csi-aws-com
2026-06-19T12:20:10.906411578Z I0619 12:20:10.906285       1 leaderelection.go:293] successfully renewed lease kube-system/external-attacher-leader-ebs-csi-aws-com
2026-06-19T12:20:15.914645581Z I0619 12:20:15.914516       1 leaderelection.go:293] successfully renewed lease kube-system/external-attacher-leader-ebs-csi-aws-com
2026-06-19T12:20:20.920397280Z I0619 12:20:20.920278       1 leaderelection.go:293] successfully renewed lease kube-system/external-attacher-leader-ebs-csi-aws-com
2026-06-19T12:20:25.926333144Z I0619 12:20:25.926194       1 leaderelection.go:293] successfully renewed lease kube-system/external-attacher-leader-ebs-csi-aws-com
2026-06-19T12:20:30.932281067Z I0619 12:20:30.932159       1 leaderelection.go:293] successfully renewed lease kube-system/external-attacher-leader-ebs-csi-aws-com
2026-06-19T12:20:35.938433267Z I0619 12:20:35.938220       1 leaderelection.go:293] successfully renewed lease kube-system/external-attacher-leader-ebs-csi-aws-com
2026-06-19T12:20:40.944116863Z I0619 12:20:40.943809       1 leaderelection.go:293] successfully renewed lease kube-system/external-attacher-leader-ebs-csi-aws-com
2026-06-19T12:20:45.950062942Z I0619 12:20:45.949855       1 leaderelection.go:293] successfully renewed lease kube-system/external-attacher-leader-ebs-csi-aws-com
2026-06-19T12:20:50.956597807Z I0619 12:20:50.956222       1 leaderelection.go:293] successfully renewed lease kube-system/external-attacher-leader-ebs-csi-aws-com
2026-06-19T12:20:55.962284287Z I0619 12:20:55.962135       1 leaderelection.go:293] successfully renewed lease kube-system/external-attacher-leader-ebs-csi-aws-com
2026-06-19T12:21:00.972460725Z I0619 12:21:00.972346       1 leaderelection.go:293] successfully renewed lease kube-system/external-attacher-leader-ebs-csi-aws-com
2026-06-19T12:21:05.988370136Z I0619 12:21:05.988186       1 leaderelection.go:293] successfully renewed lease kube-system/external-attacher-leader-ebs-csi-aws-com
2026-06-19T12:21:10.993476695Z I0619 12:21:10.993328       1 leaderelection.go:293] successfully renewed lease kube-system/external-attacher-leader-ebs-csi-aws-com
2026-06-19T12:21:16.000015859Z I0619 12:21:15.999780       1 leaderelection.go:293] successfully renewed lease kube-system/external-attacher-leader-ebs-csi-aws-com
2026-06-19T12:21:21.006841332Z I0619 12:21:21.006725       1 leaderelection.go:293] successfully renewed lease kube-system/external-attacher-leader-ebs-csi-aws-com
2026-06-19T12:21:26.014053307Z I0619 12:21:26.013895       1 leaderelection.go:293] successfully renewed lease kube-system/external-attacher-leader-ebs-csi-aws-com
2026-06-19T12:21:31.019794103Z I0619 12:21:31.019668       1 leaderelection.go:293] successfully renewed lease kube-system/external-attacher-leader-ebs-csi-aws-com
2026-06-19T12:21:36.025744851Z I0619 12:21:36.025433       1 leaderelection.go:293] successfully renewed lease kube-system/external-attacher-leader-ebs-csi-aws-com
2026-06-19T12:21:41.033306524Z I0619 12:21:41.033186       1 leaderelection.go:293] successfully renewed lease kube-system/external-attacher-leader-ebs-csi-aws-com
2026-06-19T12:21:46.040197332Z I0619 12:21:46.040049       1 leaderelection.go:293] successfully renewed lease kube-system/external-attacher-leader-ebs-csi-aws-com
2026-06-19T12:21:51.046147527Z I0619 12:21:51.046018       1 leaderelection.go:293] successfully renewed lease kube-system/external-attacher-leader-ebs-csi-aws-com
2026-06-19T12:21:56.051650355Z I0619 12:21:56.051428       1 leaderelection.go:293] successfully renewed lease kube-system/external-attacher-leader-ebs-csi-aws-com
2026-06-19T12:22:01.057566817Z I0619 12:22:01.057334       1 leaderelection.go:293] successfully renewed lease kube-system/external-attacher-leader-ebs-csi-aws-com
2026-06-19T12:22:06.062906890Z I0619 12:22:06.062685       1 leaderelection.go:293] successfully renewed lease kube-system/external-attacher-leader-ebs-csi-aws-com
2026-06-19T12:22:11.070265749Z I0619 12:22:11.070126       1 leaderelection.go:293] successfully renewed lease kube-system/external-attacher-leader-ebs-csi-aws-com
2026-06-19T12:22:16.075505417Z I0619 12:22:16.075376       1 leaderelection.go:293] successfully renewed lease kube-system/external-attacher-leader-ebs-csi-aws-com
2026-06-19T12:22:21.081285374Z I0619 12:22:21.081123       1 leaderelection.go:293] successfully renewed lease kube-system/external-attacher-leader-ebs-csi-aws-com
2026-06-19T12:22:26.088944807Z I0619 12:22:26.088824       1 leaderelection.go:293] successfully renewed lease kube-system/external-attacher-leader-ebs-csi-aws-com
2026-06-19T12:22:31.096746868Z I0619 12:22:31.096572       1 leaderelection.go:293] successfully renewed lease kube-system/external-attacher-leader-ebs-csi-aws-com
2026-06-19T12:22:36.102385767Z I0619 12:22:36.102260       1 leaderelection.go:293] successfully renewed lease kube-system/external-attacher-leader-ebs-csi-aws-com
2026-06-19T12:22:41.109172338Z I0619 12:22:41.108858       1 leaderelection.go:293] successfully renewed lease kube-system/external-attacher-leader-ebs-csi-aws-com
2026-06-19T12:22:46.115245993Z I0619 12:22:46.115020       1 leaderelection.go:293] successfully renewed lease kube-system/external-attacher-leader-ebs-csi-aws-com
2026-06-19T12:22:51.122952628Z I0619 12:22:51.122662       1 leaderelection.go:293] successfully renewed lease kube-system/external-attacher-leader-ebs-csi-aws-com
2026-06-19T12:22:56.130945253Z I0619 12:22:56.130810       1 leaderelection.go:293] successfully renewed lease kube-system/external-attacher-leader-ebs-csi-aws-com
2026-06-19T12:23:01.138458669Z I0619 12:23:01.138322       1 leaderelection.go:293] successfully renewed lease kube-system/external-attacher-leader-ebs-csi-aws-com
2026-06-19T12:23:06.144617499Z I0619 12:23:06.144417       1 leaderelection.go:293] successfully renewed lease kube-system/external-attacher-leader-ebs-csi-aws-com
2026-06-19T12:23:11.161277150Z I0619 12:23:11.161096       1 leaderelection.go:293] successfully renewed lease kube-system/external-attacher-leader-ebs-csi-aws-com
2026-06-19T12:23:16.166885892Z I0619 12:23:16.166708       1 leaderelection.go:293] successfully renewed lease kube-system/external-attacher-leader-ebs-csi-aws-com
2026-06-19T12:23:21.171966962Z I0619 12:23:21.171823       1 leaderelection.go:293] successfully renewed lease kube-system/external-attacher-leader-ebs-csi-aws-com
2026-06-19T12:23:26.178016910Z I0619 12:23:26.177885       1 leaderelection.go:293] successfully renewed lease kube-system/external-attacher-leader-ebs-csi-aws-com
2026-06-19T12:23:31.184141187Z I0619 12:23:31.183699       1 leaderelection.go:293] successfully renewed lease kube-system/external-attacher-leader-ebs-csi-aws-com
2026-06-19T12:23:36.194771982Z I0619 12:23:36.194589       1 leaderelection.go:293] successfully renewed lease kube-system/external-attacher-leader-ebs-csi-aws-com
2026-06-19T12:23:41.202248128Z I0619 12:23:41.202105       1 leaderelection.go:293] successfully renewed lease kube-system/external-attacher-leader-ebs-csi-aws-com
2026-06-19T12:23:46.207731932Z I0619 12:23:46.207605       1 leaderelection.go:293] successfully renewed lease kube-system/external-attacher-leader-ebs-csi-aws-com
2026-06-19T12:23:51.214417460Z I0619 12:23:51.214268       1 leaderelection.go:293] successfully renewed lease kube-system/external-attacher-leader-ebs-csi-aws-com
2026-06-19T12:23:56.220206137Z I0619 12:23:56.220051       1 leaderelection.go:293] successfully renewed lease kube-system/external-attacher-leader-ebs-csi-aws-com
2026-06-19T12:24:01.287399406Z I0619 12:24:01.286083       1 leaderelection.go:293] successfully renewed lease kube-system/external-attacher-leader-ebs-csi-aws-com
2026-06-19T12:24:06.293539095Z I0619 12:24:06.293397       1 leaderelection.go:293] successfully renewed lease kube-system/external-attacher-leader-ebs-csi-aws-com
2026-06-19T12:24:11.298901898Z I0619 12:24:11.298585       1 leaderelection.go:293] successfully renewed lease kube-system/external-attacher-leader-ebs-csi-aws-com
2026-06-19T12:24:16.311947896Z I0619 12:24:16.311584       1 leaderelection.go:293] successfully renewed lease kube-system/external-attacher-leader-ebs-csi-aws-com
2026-06-19T12:24:21.318515556Z I0619 12:24:21.318390       1 leaderelection.go:293] successfully renewed lease kube-system/external-attacher-leader-ebs-csi-aws-com
2026-06-19T12:24:26.324405563Z I0619 12:24:26.324237       1 leaderelection.go:293] successfully renewed lease kube-system/external-attacher-leader-ebs-csi-aws-com
2026-06-19T12:24:31.331202988Z I0619 12:24:31.331061       1 leaderelection.go:293] successfully renewed lease kube-system/external-attacher-leader-ebs-csi-aws-com
2026-06-19T12:24:36.336490871Z I0619 12:24:36.336358       1 leaderelection.go:293] successfully renewed lease kube-system/external-attacher-leader-ebs-csi-aws-com
2026-06-19T12:24:41.342481824Z I0619 12:24:41.342328       1 leaderelection.go:293] successfully renewed lease kube-system/external-attacher-leader-ebs-csi-aws-com
2026-06-19T12:24:46.347621292Z I0619 12:24:46.347476       1 leaderelection.go:293] successfully renewed lease kube-system/external-attacher-leader-ebs-csi-aws-com
2026-06-19T12:24:51.355013533Z I0619 12:24:51.354860       1 leaderelection.go:293] successfully renewed lease kube-system/external-attacher-leader-ebs-csi-aws-com
2026-06-19T12:24:56.362587805Z I0619 12:24:56.362226       1 leaderelection.go:293] successfully renewed lease kube-system/external-attacher-leader-ebs-csi-aws-com
2026-06-19T12:25:01.444983300Z I0619 12:25:01.444830       1 leaderelection.go:293] successfully renewed lease kube-system/external-attacher-leader-ebs-csi-aws-com
2026-06-19T12:25:06.452031621Z I0619 12:25:06.451827       1 leaderelection.go:293] successfully renewed lease kube-system/external-attacher-leader-ebs-csi-aws-com
2026-06-19T12:25:11.457791888Z I0619 12:25:11.457672       1 leaderelection.go:293] successfully renewed lease kube-system/external-attacher-leader-ebs-csi-aws-com
2026-06-19T12:25:16.462966182Z I0619 12:25:16.462799       1 leaderelection.go:293] successfully renewed lease kube-system/external-attacher-leader-ebs-csi-aws-com
2026-06-19T12:25:19.009864882Z I0619 12:25:19.009707       1 reflector.go:946] "Watch close" reflector="k8s.io/client-go/informers/factory.go:160" type="*v1.VolumeAttachment" totalItems=11
2026-06-19T12:25:21.469511809Z I0619 12:25:21.469346       1 leaderelection.go:293] successfully renewed lease kube-system/external-attacher-leader-ebs-csi-aws-com
2026-06-19T12:25:25.935289398Z I0619 12:25:25.935111       1 reflector.go:946] "Watch close" reflector="k8s.io/client-go/informers/factory.go:160" type="*v1.PersistentVolume" totalItems=6
2026-06-19T12:25:26.475346697Z I0619 12:25:26.475151       1 leaderelection.go:293] successfully renewed lease kube-system/external-attacher-leader-ebs-csi-aws-com
2026-06-19T12:25:31.481215084Z I0619 12:25:31.480841       1 leaderelection.go:293] successfully renewed lease kube-system/external-attacher-leader-ebs-csi-aws-com
2026-06-19T12:25:36.489806691Z I0619 12:25:36.489652       1 leaderelection.go:293] successfully renewed lease kube-system/external-attacher-leader-ebs-csi-aws-com
2026-06-19T12:25:41.495821845Z I0619 12:25:41.495494       1 leaderelection.go:293] successfully renewed lease kube-system/external-attacher-leader-ebs-csi-aws-com
2026-06-19T12:25:42.839284374Z I0619 12:25:42.839136       1 reflector.go:450] "Forcing resync" reflector="k8s.io/client-go/informers/factory.go:160"
2026-06-19T12:25:42.845652898Z I0619 12:25:42.845310       1 reflector.go:450] "Forcing resync" reflector="k8s.io/client-go/informers/factory.go:160"
2026-06-19T12:25:42.845705545Z I0619 12:25:42.845437       1 controller.go:213] "Started VolumeAttachment processing" VolumeAttachment="csi-c455b850febbbffc214d16e6c85b91c25e023dbe2289d0640e03034daa546f21"
2026-06-19T12:25:42.845714749Z I0619 12:25:42.845454       1 csi_handler.go:233] "CSIHandler: processing VolumeAttachment" VolumeAttachment="csi-c455b850febbbffc214d16e6c85b91c25e023dbe2289d0640e03034daa546f21"
2026-06-19T12:25:42.845719053Z I0619 12:25:42.845465       1 csi_handler.go:256] "VolumeAttachment is already attached" VolumeAttachment="csi-c455b850febbbffc214d16e6c85b91c25e023dbe2289d0640e03034daa546f21"
2026-06-19T12:25:42.845722669Z I0619 12:25:42.845474       1 csi_handler.go:249] "CSIHandler: finished processing" VolumeAttachment="csi-c455b850febbbffc214d16e6c85b91c25e023dbe2289d0640e03034daa546f21"
2026-06-19T12:25:42.845725939Z I0619 12:25:42.845492       1 controller.go:213] "Started VolumeAttachment processing" VolumeAttachment="csi-254b2a74afeb19d7df8178c7c881dc89b1bc09a1b2ef4e9844992f3d50d41481"
2026-06-19T12:25:42.845729666Z I0619 12:25:42.845501       1 csi_handler.go:233] "CSIHandler: processing VolumeAttachment" VolumeAttachment="csi-254b2a74afeb19d7df8178c7c881dc89b1bc09a1b2ef4e9844992f3d50d41481"
2026-06-19T12:25:42.845733090Z I0619 12:25:42.845510       1 csi_handler.go:256] "VolumeAttachment is already attached" VolumeAttachment="csi-254b2a74afeb19d7df8178c7c881dc89b1bc09a1b2ef4e9844992f3d50d41481"
2026-06-19T12:25:42.845736276Z I0619 12:25:42.845520       1 csi_handler.go:249] "CSIHandler: finished processing" VolumeAttachment="csi-254b2a74afeb19d7df8178c7c881dc89b1bc09a1b2ef4e9844992f3d50d41481"
2026-06-19T12:25:46.504591853Z I0619 12:25:46.504424       1 leaderelection.go:293] successfully renewed lease kube-system/external-attacher-leader-ebs-csi-aws-com
2026-06-19T12:25:48.908747820Z I0619 12:25:48.908509       1 reflector.go:946] "Watch close" reflector="k8s.io/client-go/informers/factory.go:160" type="*v1.CSINode" totalItems=11
2026-06-19T12:25:51.509657822Z I0619 12:25:51.509330       1 leaderelection.go:293] successfully renewed lease kube-system/external-attacher-leader-ebs-csi-aws-com
2026-06-19T12:25:56.514705356Z I0619 12:25:56.514197       1 leaderelection.go:293] successfully renewed lease kube-system/external-attacher-leader-ebs-csi-aws-com
2026-06-19T12:26:01.556694878Z I0619 12:26:01.556567       1 leaderelection.go:293] successfully renewed lease kube-system/external-attacher-leader-ebs-csi-aws-com
2026-06-19T12:26:06.563224862Z I0619 12:26:06.563100       1 leaderelection.go:293] successfully renewed lease kube-system/external-attacher-leader-ebs-csi-aws-com
2026-06-19T12:26:11.570401075Z I0619 12:26:11.570270       1 leaderelection.go:293] successfully renewed lease kube-system/external-attacher-leader-ebs-csi-aws-com
2026-06-19T12:26:16.578052029Z I0619 12:26:16.577923       1 leaderelection.go:293] successfully renewed lease kube-system/external-attacher-leader-ebs-csi-aws-com
2026-06-19T12:26:21.584715736Z I0619 12:26:21.584540       1 leaderelection.go:293] successfully renewed lease kube-system/external-attacher-leader-ebs-csi-aws-com
2026-06-19T12:26:26.593298443Z I0619 12:26:26.593152       1 leaderelection.go:293] successfully renewed lease kube-system/external-attacher-leader-ebs-csi-aws-com
2026-06-19T12:26:31.598277411Z I0619 12:26:31.598152       1 leaderelection.go:293] successfully renewed lease kube-system/external-attacher-leader-ebs-csi-aws-com
2026-06-19T12:26:36.606642005Z I0619 12:26:36.606501       1 leaderelection.go:293] successfully renewed lease kube-system/external-attacher-leader-ebs-csi-aws-com
2026-06-19T12:26:41.612745180Z I0619 12:26:41.612624       1 leaderelection.go:293] successfully renewed lease kube-system/external-attacher-leader-ebs-csi-aws-com
2026-06-19T12:26:46.621450914Z I0619 12:26:46.621333       1 leaderelection.go:293] successfully renewed lease kube-system/external-attacher-leader-ebs-csi-aws-com
2026-06-19T12:26:51.627571988Z I0619 12:26:51.627416       1 leaderelection.go:293] successfully renewed lease kube-system/external-attacher-leader-ebs-csi-aws-com
2026-06-19T12:26:56.633923724Z I0619 12:26:56.633800       1 leaderelection.go:293] successfully renewed lease kube-system/external-attacher-leader-ebs-csi-aws-com
2026-06-19T12:27:01.761868420Z I0619 12:27:01.759610       1 leaderelection.go:293] successfully renewed lease kube-system/external-attacher-leader-ebs-csi-aws-com
2026-06-19T12:27:06.765997098Z I0619 12:27:06.765874       1 leaderelection.go:293] successfully renewed lease kube-system/external-attacher-leader-ebs-csi-aws-com
2026-06-19T12:27:11.771532291Z I0619 12:27:11.771304       1 leaderelection.go:293] successfully renewed lease kube-system/external-attacher-leader-ebs-csi-aws-com
2026-06-19T12:27:16.777659903Z I0619 12:27:16.777430       1 leaderelection.go:293] successfully renewed lease kube-system/external-attacher-leader-ebs-csi-aws-com
2026-06-19T12:27:21.782530722Z I0619 12:27:21.782400       1 leaderelection.go:293] successfully renewed lease kube-system/external-attacher-leader-ebs-csi-aws-com
2026-06-19T12:27:26.788598704Z I0619 12:27:26.788452       1 leaderelection.go:293] successfully renewed lease kube-system/external-attacher-leader-ebs-csi-aws-com
2026-06-19T12:27:31.793844253Z I0619 12:27:31.793709       1 leaderelection.go:293] successfully renewed lease kube-system/external-attacher-leader-ebs-csi-aws-com
2026-06-19T12:27:36.805283016Z I0619 12:27:36.805167       1 leaderelection.go:293] successfully renewed lease kube-system/external-attacher-leader-ebs-csi-aws-com
2026-06-19T12:27:41.811262753Z I0619 12:27:41.811140       1 leaderelection.go:293] successfully renewed lease kube-system/external-attacher-leader-ebs-csi-aws-com
2026-06-19T12:27:46.816868514Z I0619 12:27:46.816732       1 leaderelection.go:293] successfully renewed lease kube-system/external-attacher-leader-ebs-csi-aws-com
2026-06-19T12:27:51.824657011Z I0619 12:27:51.824488       1 leaderelection.go:293] successfully renewed lease kube-system/external-attacher-leader-ebs-csi-aws-com
2026-06-19T12:27:56.830092860Z I0619 12:27:56.829725       1 leaderelection.go:293] successfully renewed lease kube-system/external-attacher-leader-ebs-csi-aws-com
2026-06-19T12:28:01.929482525Z I0619 12:28:01.929370       1 leaderelection.go:293] successfully renewed lease kube-system/external-attacher-leader-ebs-csi-aws-com
2026-06-19T12:28:06.935168012Z I0619 12:28:06.935010       1 leaderelection.go:293] successfully renewed lease kube-system/external-attacher-leader-ebs-csi-aws-com
2026-06-19T12:28:11.940906795Z I0619 12:28:11.940711       1 leaderelection.go:293] successfully renewed lease kube-system/external-attacher-leader-ebs-csi-aws-com
2026-06-19T12:28:16.946759561Z I0619 12:28:16.946502       1 leaderelection.go:293] successfully renewed lease kube-system/external-attacher-leader-ebs-csi-aws-com
2026-06-19T12:28:21.953529987Z I0619 12:28:21.953394       1 leaderelection.go:293] successfully renewed lease kube-system/external-attacher-leader-ebs-csi-aws-com
2026-06-19T12:28:26.962633069Z I0619 12:28:26.962487       1 leaderelection.go:293] successfully renewed lease kube-system/external-attacher-leader-ebs-csi-aws-com
2026-06-19T12:28:31.967862975Z I0619 12:28:31.967710       1 leaderelection.go:293] successfully renewed lease kube-system/external-attacher-leader-ebs-csi-aws-com
2026-06-19T12:28:36.974389153Z I0619 12:28:36.974251       1 leaderelection.go:293] successfully renewed lease kube-system/external-attacher-leader-ebs-csi-aws-com
2026-06-19T12:28:41.979340903Z I0619 12:28:41.979135       1 leaderelection.go:293] successfully renewed lease kube-system/external-attacher-leader-ebs-csi-aws-com
2026-06-19T12:28:46.985375127Z I0619 12:28:46.985239       1 leaderelection.go:293] successfully renewed lease kube-system/external-attacher-leader-ebs-csi-aws-com
2026-06-19T12:28:51.990753208Z I0619 12:28:51.990588       1 leaderelection.go:293] successfully renewed lease kube-system/external-attacher-leader-ebs-csi-aws-com
2026-06-19T12:28:56.996467422Z I0619 12:28:56.996342       1 leaderelection.go:293] successfully renewed lease kube-system/external-attacher-leader-ebs-csi-aws-com
2026-06-19T12:29:02.125361158Z I0619 12:29:02.111420       1 leaderelection.go:293] successfully renewed lease kube-system/external-attacher-leader-ebs-csi-aws-com
2026-06-19T12:29:07.118064078Z I0619 12:29:07.117943       1 leaderelection.go:293] successfully renewed lease kube-system/external-attacher-leader-ebs-csi-aws-com
2026-06-19T12:29:12.123445035Z I0619 12:29:12.123320       1 leaderelection.go:293] successfully renewed lease kube-system/external-attacher-leader-ebs-csi-aws-com
2026-06-19T12:29:17.128701321Z I0619 12:29:17.128518       1 leaderelection.go:293] successfully renewed lease kube-system/external-attacher-leader-ebs-csi-aws-com
2026-06-19T12:29:22.135338253Z I0619 12:29:22.135185       1 leaderelection.go:293] successfully renewed lease kube-system/external-attacher-leader-ebs-csi-aws-com
2026-06-19T12:29:27.141366559Z I0619 12:29:27.141209       1 leaderelection.go:293] successfully renewed lease kube-system/external-attacher-leader-ebs-csi-aws-com
2026-06-19T12:29:32.147481894Z I0619 12:29:32.147289       1 leaderelection.go:293] successfully renewed lease kube-system/external-attacher-leader-ebs-csi-aws-com
2026-06-19T12:29:37.152674512Z I0619 12:29:37.152532       1 leaderelection.go:293] successfully renewed lease kube-system/external-attacher-leader-ebs-csi-aws-com
2026-06-19T12:29:42.158829135Z I0619 12:29:42.158645       1 leaderelection.go:293] successfully renewed lease kube-system/external-attacher-leader-ebs-csi-aws-com
2026-06-19T12:29:47.164416517Z I0619 12:29:47.164272       1 leaderelection.go:293] successfully renewed lease kube-system/external-attacher-leader-ebs-csi-aws-com
2026-06-19T12:29:52.170869088Z I0619 12:29:52.170709       1 leaderelection.go:293] successfully renewed lease kube-system/external-attacher-leader-ebs-csi-aws-com
2026-06-19T12:29:57.176395248Z I0619 12:29:57.176264       1 leaderelection.go:293] successfully renewed lease kube-system/external-attacher-leader-ebs-csi-aws-com
2026-06-19T12:30:02.205951156Z I0619 12:30:02.205766       1 leaderelection.go:293] successfully renewed lease kube-system/external-attacher-leader-ebs-csi-aws-com
2026-06-19T12:30:07.234464450Z I0619 12:30:07.231311       1 leaderelection.go:293] successfully renewed lease kube-system/external-attacher-leader-ebs-csi-aws-com
2026-06-19T12:30:12.238134031Z I0619 12:30:12.237978       1 leaderelection.go:293] successfully renewed lease kube-system/external-attacher-leader-ebs-csi-aws-com
2026-06-19T12:30:17.243488750Z I0619 12:30:17.243322       1 leaderelection.go:293] successfully renewed lease kube-system/external-attacher-leader-ebs-csi-aws-com
2026-06-19T12:30:22.249418939Z I0619 12:30:22.249277       1 leaderelection.go:293] successfully renewed lease kube-system/external-attacher-leader-ebs-csi-aws-com
2026-06-19T12:30:27.254794705Z I0619 12:30:27.254530       1 leaderelection.go:293] successfully renewed lease kube-system/external-attacher-leader-ebs-csi-aws-com
2026-06-19T12:30:32.259439495Z I0619 12:30:32.259301       1 leaderelection.go:293] successfully renewed lease kube-system/external-attacher-leader-ebs-csi-aws-com
2026-06-19T12:30:37.287428307Z I0619 12:30:37.287265       1 leaderelection.go:293] successfully renewed lease kube-system/external-attacher-leader-ebs-csi-aws-com
2026-06-19T12:30:42.292469507Z I0619 12:30:42.292344       1 leaderelection.go:293] successfully renewed lease kube-system/external-attacher-leader-ebs-csi-aws-com
2026-06-19T12:30:47.300000372Z I0619 12:30:47.299772       1 leaderelection.go:293] successfully renewed lease kube-system/external-attacher-leader-ebs-csi-aws-com
2026-06-19T12:30:52.306414966Z I0619 12:30:52.306288       1 leaderelection.go:293] successfully renewed lease kube-system/external-attacher-leader-ebs-csi-aws-com
2026-06-19T12:30:57.311406192Z I0619 12:30:57.311207       1 leaderelection.go:293] successfully renewed lease kube-system/external-attacher-leader-ebs-csi-aws-com
2026-06-19T12:31:02.350188169Z I0619 12:31:02.348088       1 leaderelection.go:293] successfully renewed lease kube-system/external-attacher-leader-ebs-csi-aws-com
2026-06-19T12:31:07.354081692Z I0619 12:31:07.353796       1 leaderelection.go:293] successfully renewed lease kube-system/external-attacher-leader-ebs-csi-aws-com
2026-06-19T12:31:12.360277140Z I0619 12:31:12.360123       1 leaderelection.go:293] successfully renewed lease kube-system/external-attacher-leader-ebs-csi-aws-com
2026-06-19T12:31:17.369197109Z I0619 12:31:17.368530       1 leaderelection.go:293] successfully renewed lease kube-system/external-attacher-leader-ebs-csi-aws-com
2026-06-19T12:31:22.376124023Z I0619 12:31:22.375900       1 leaderelection.go:293] successfully renewed lease kube-system/external-attacher-leader-ebs-csi-aws-com
2026-06-19T12:31:27.381783144Z I0619 12:31:27.381654       1 leaderelection.go:293] successfully renewed lease kube-system/external-attacher-leader-ebs-csi-aws-com
2026-06-19T12:31:32.389348770Z I0619 12:31:32.389137       1 leaderelection.go:293] successfully renewed lease kube-system/external-attacher-leader-ebs-csi-aws-com
2026-06-19T12:31:37.394331388Z I0619 12:31:37.394199       1 leaderelection.go:293] successfully renewed lease kube-system/external-attacher-leader-ebs-csi-aws-com
2026-06-19T12:31:42.400488687Z I0619 12:31:42.400315       1 leaderelection.go:293] successfully renewed lease kube-system/external-attacher-leader-ebs-csi-aws-com
2026-06-19T12:31:47.407021405Z I0619 12:31:47.406878       1 leaderelection.go:293] successfully renewed lease kube-system/external-attacher-leader-ebs-csi-aws-com
2026-06-19T12:31:52.412853861Z I0619 12:31:52.412722       1 leaderelection.go:293] successfully renewed lease kube-system/external-attacher-leader-ebs-csi-aws-com
2026-06-19T12:31:57.420039792Z I0619 12:31:57.419904       1 leaderelection.go:293] successfully renewed lease kube-system/external-attacher-leader-ebs-csi-aws-com
2026-06-19T12:32:02.562666251Z I0619 12:32:02.555605       1 leaderelection.go:293] successfully renewed lease kube-system/external-attacher-leader-ebs-csi-aws-com
2026-06-19T12:32:07.569384367Z I0619 12:32:07.569108       1 leaderelection.go:293] successfully renewed lease kube-system/external-attacher-leader-ebs-csi-aws-com
2026-06-19T12:32:12.575456360Z I0619 12:32:12.575311       1 leaderelection.go:293] successfully renewed lease kube-system/external-attacher-leader-ebs-csi-aws-com
2026-06-19T12:32:17.581461133Z I0619 12:32:17.581267       1 leaderelection.go:293] successfully renewed lease kube-system/external-attacher-leader-ebs-csi-aws-com
2026-06-19T12:32:22.590129749Z I0619 12:32:22.589735       1 leaderelection.go:293] successfully renewed lease kube-system/external-attacher-leader-ebs-csi-aws-com
2026-06-19T12:32:27.594789712Z I0619 12:32:27.594588       1 leaderelection.go:293] successfully renewed lease kube-system/external-attacher-leader-ebs-csi-aws-com
2026-06-19T12:32:32.600787658Z I0619 12:32:32.600635       1 leaderelection.go:293] successfully renewed lease kube-system/external-attacher-leader-ebs-csi-aws-com
2026-06-19T12:32:36.938717338Z I0619 12:32:36.938403       1 reflector.go:946] "Watch close" reflector="k8s.io/client-go/informers/factory.go:160" type="*v1.PersistentVolume" totalItems=8
2026-06-19T12:32:37.608417665Z I0619 12:32:37.608290       1 leaderelection.go:293] successfully renewed lease kube-system/external-attacher-leader-ebs-csi-aws-com
2026-06-19T12:32:42.616767655Z I0619 12:32:42.616662       1 leaderelection.go:293] successfully renewed lease kube-system/external-attacher-leader-ebs-csi-aws-com
2026-06-19T12:32:47.622265988Z I0619 12:32:47.622157       1 leaderelection.go:293] successfully renewed lease kube-system/external-attacher-leader-ebs-csi-aws-com
2026-06-19T12:32:52.627264958Z I0619 12:32:52.627139       1 leaderelection.go:293] successfully renewed lease kube-system/external-attacher-leader-ebs-csi-aws-com
2026-06-19T12:32:57.633211394Z I0619 12:32:57.633041       1 leaderelection.go:293] successfully renewed lease kube-system/external-attacher-leader-ebs-csi-aws-com
2026-06-19T12:33:02.667204553Z I0619 12:33:02.667003       1 leaderelection.go:293] successfully renewed lease kube-system/external-attacher-leader-ebs-csi-aws-com
2026-06-19T12:33:07.673828483Z I0619 12:33:07.673657       1 leaderelection.go:293] successfully renewed lease kube-system/external-attacher-leader-ebs-csi-aws-com
2026-06-19T12:33:12.679762655Z I0619 12:33:12.679471       1 leaderelection.go:293] successfully renewed lease kube-system/external-attacher-leader-ebs-csi-aws-com
2026-06-19T12:33:17.688382428Z I0619 12:33:17.688157       1 leaderelection.go:293] successfully renewed lease kube-system/external-attacher-leader-ebs-csi-aws-com
2026-06-19T12:33:22.694097597Z I0619 12:33:22.693954       1 leaderelection.go:293] successfully renewed lease kube-system/external-attacher-leader-ebs-csi-aws-com
2026-06-19T12:33:27.699457826Z I0619 12:33:27.699322       1 leaderelection.go:293] successfully renewed lease kube-system/external-attacher-leader-ebs-csi-aws-com
2026-06-19T12:33:32.705364116Z I0619 12:33:32.705188       1 leaderelection.go:293] successfully renewed lease kube-system/external-attacher-leader-ebs-csi-aws-com
2026-06-19T12:33:37.713148670Z I0619 12:33:37.712826       1 leaderelection.go:293] successfully renewed lease kube-system/external-attacher-leader-ebs-csi-aws-com
2026-06-19T12:33:42.720366897Z I0619 12:33:42.720229       1 leaderelection.go:293] successfully renewed lease kube-system/external-attacher-leader-ebs-csi-aws-com
2026-06-19T12:33:47.725625927Z I0619 12:33:47.725417       1 leaderelection.go:293] successfully renewed lease kube-system/external-attacher-leader-ebs-csi-aws-com
2026-06-19T12:33:52.741842663Z I0619 12:33:52.741703       1 leaderelection.go:293] successfully renewed lease kube-system/external-attacher-leader-ebs-csi-aws-com
2026-06-19T12:33:57.747799189Z I0619 12:33:57.747642       1 leaderelection.go:293] successfully renewed lease kube-system/external-attacher-leader-ebs-csi-aws-com
2026-06-19T12:34:03.072603267Z I0619 12:34:03.062775       1 leaderelection.go:293] successfully renewed lease kube-system/external-attacher-leader-ebs-csi-aws-com
2026-06-19T12:34:04.019921921Z I0619 12:34:04.019776       1 reflector.go:946] "Watch close" reflector="k8s.io/client-go/informers/factory.go:160" type="*v1.VolumeAttachment" totalItems=10
2026-06-19T12:34:08.068408095Z I0619 12:34:08.068109       1 leaderelection.go:293] successfully renewed lease kube-system/external-attacher-leader-ebs-csi-aws-com
2026-06-19T12:34:12.911166081Z I0619 12:34:12.910995       1 reflector.go:946] "Watch close" reflector="k8s.io/client-go/informers/factory.go:160" type="*v1.CSINode" totalItems=9
2026-06-19T12:34:13.073926171Z I0619 12:34:13.073727       1 leaderelection.go:293] successfully renewed lease kube-system/external-attacher-leader-ebs-csi-aws-com
2026-06-19T12:34:18.084667380Z I0619 12:34:18.084516       1 leaderelection.go:293] successfully renewed lease kube-system/external-attacher-leader-ebs-csi-aws-com
2026-06-19T12:34:23.092599757Z I0619 12:34:23.092422       1 leaderelection.go:293] successfully renewed lease kube-system/external-attacher-leader-ebs-csi-aws-com
2026-06-19T12:34:28.098718614Z I0619 12:34:28.098582       1 leaderelection.go:293] successfully renewed lease kube-system/external-attacher-leader-ebs-csi-aws-com
2026-06-19T12:34:33.105311771Z I0619 12:34:33.105160       1 leaderelection.go:293] successfully renewed lease kube-system/external-attacher-leader-ebs-csi-aws-com
2026-06-19T12:34:38.110263012Z I0619 12:34:38.110141       1 leaderelection.go:293] successfully renewed lease kube-system/external-attacher-leader-ebs-csi-aws-com
2026-06-19T12:34:43.116386159Z I0619 12:34:43.116054       1 leaderelection.go:293] successfully renewed lease kube-system/external-attacher-leader-ebs-csi-aws-com
2026-06-19T12:34:48.122018556Z I0619 12:34:48.121855       1 leaderelection.go:293] successfully renewed lease kube-system/external-attacher-leader-ebs-csi-aws-com
2026-06-19T12:34:53.128289166Z I0619 12:34:53.128088       1 leaderelection.go:293] successfully renewed lease kube-system/external-attacher-leader-ebs-csi-aws-com
2026-06-19T12:34:58.136778708Z I0619 12:34:58.136619       1 leaderelection.go:293] successfully renewed lease kube-system/external-attacher-leader-ebs-csi-aws-com
2026-06-19T12:35:03.203531119Z I0619 12:35:03.203240       1 leaderelection.go:293] successfully renewed lease kube-system/external-attacher-leader-ebs-csi-aws-com
2026-06-19T12:35:08.211623530Z I0619 12:35:08.211456       1 leaderelection.go:293] successfully renewed lease kube-system/external-attacher-leader-ebs-csi-aws-com
2026-06-19T12:35:13.217711170Z I0619 12:35:13.217593       1 leaderelection.go:293] successfully renewed lease kube-system/external-attacher-leader-ebs-csi-aws-com
2026-06-19T12:35:18.223432190Z I0619 12:35:18.223302       1 leaderelection.go:293] successfully renewed lease kube-system/external-attacher-leader-ebs-csi-aws-com
2026-06-19T12:35:23.228405006Z I0619 12:35:23.228283       1 leaderelection.go:293] successfully renewed lease kube-system/external-attacher-leader-ebs-csi-aws-com
2026-06-19T12:35:28.235423134Z I0619 12:35:28.235303       1 leaderelection.go:293] successfully renewed lease kube-system/external-attacher-leader-ebs-csi-aws-com
2026-06-19T12:35:33.240527646Z I0619 12:35:33.240227       1 leaderelection.go:293] successfully renewed lease kube-system/external-attacher-leader-ebs-csi-aws-com
2026-06-19T12:35:38.246380325Z I0619 12:35:38.246059       1 leaderelection.go:293] successfully renewed lease kube-system/external-attacher-leader-ebs-csi-aws-com
2026-06-19T12:35:42.839951018Z I0619 12:35:42.839818       1 reflector.go:450] "Forcing resync" reflector="k8s.io/client-go/informers/factory.go:160"
2026-06-19T12:35:42.846660910Z I0619 12:35:42.846467       1 reflector.go:450] "Forcing resync" reflector="k8s.io/client-go/informers/factory.go:160"
2026-06-19T12:35:42.846847909Z I0619 12:35:42.846662       1 controller.go:213] "Started VolumeAttachment processing" VolumeAttachment="csi-254b2a74afeb19d7df8178c7c881dc89b1bc09a1b2ef4e9844992f3d50d41481"
2026-06-19T12:35:42.846855759Z I0619 12:35:42.846713       1 controller.go:213] "Started VolumeAttachment processing" VolumeAttachment="csi-c455b850febbbffc214d16e6c85b91c25e023dbe2289d0640e03034daa546f21"
2026-06-19T12:35:42.846882787Z I0619 12:35:42.846725       1 csi_handler.go:233] "CSIHandler: processing VolumeAttachment" VolumeAttachment="csi-c455b850febbbffc214d16e6c85b91c25e023dbe2289d0640e03034daa546f21"
2026-06-19T12:35:42.846885739Z I0619 12:35:42.846734       1 csi_handler.go:256] "VolumeAttachment is already attached" VolumeAttachment="csi-c455b850febbbffc214d16e6c85b91c25e023dbe2289d0640e03034daa546f21"
2026-06-19T12:35:42.846899992Z I0619 12:35:42.846743       1 csi_handler.go:249] "CSIHandler: finished processing" VolumeAttachment="csi-c455b850febbbffc214d16e6c85b91c25e023dbe2289d0640e03034daa546f21"
2026-06-19T12:35:42.846902943Z I0619 12:35:42.846715       1 csi_handler.go:233] "CSIHandler: processing VolumeAttachment" VolumeAttachment="csi-254b2a74afeb19d7df8178c7c881dc89b1bc09a1b2ef4e9844992f3d50d41481"
2026-06-19T12:35:42.846905600Z I0619 12:35:42.846763       1 csi_handler.go:256] "VolumeAttachment is already attached" VolumeAttachment="csi-254b2a74afeb19d7df8178c7c881dc89b1bc09a1b2ef4e9844992f3d50d41481"
2026-06-19T12:35:42.846908136Z I0619 12:35:42.846770       1 csi_handler.go:249] "CSIHandler: finished processing" VolumeAttachment="csi-254b2a74afeb19d7df8178c7c881dc89b1bc09a1b2ef4e9844992f3d50d41481"
2026-06-19T12:35:43.254177496Z I0619 12:35:43.254023       1 leaderelection.go:293] successfully renewed lease kube-system/external-attacher-leader-ebs-csi-aws-com
2026-06-19T12:35:48.260073854Z I0619 12:35:48.259947       1 leaderelection.go:293] successfully renewed lease kube-system/external-attacher-leader-ebs-csi-aws-com
2026-06-19T12:35:53.265851510Z I0619 12:35:53.265665       1 leaderelection.go:293] successfully renewed lease kube-system/external-attacher-leader-ebs-csi-aws-com
2026-06-19T12:35:58.272864072Z I0619 12:35:58.272493       1 leaderelection.go:293] successfully renewed lease kube-system/external-attacher-leader-ebs-csi-aws-com
2026-06-19T12:36:03.348975274Z I0619 12:36:03.348833       1 leaderelection.go:293] successfully renewed lease kube-system/external-attacher-leader-ebs-csi-aws-com
2026-06-19T12:36:08.357342021Z I0619 12:36:08.357214       1 leaderelection.go:293] successfully renewed lease kube-system/external-attacher-leader-ebs-csi-aws-com
2026-06-19T12:36:13.362626267Z I0619 12:36:13.362472       1 leaderelection.go:293] successfully renewed lease kube-system/external-attacher-leader-ebs-csi-aws-com
2026-06-19T12:36:18.369610014Z I0619 12:36:18.369464       1 leaderelection.go:293] successfully renewed lease kube-system/external-attacher-leader-ebs-csi-aws-com
2026-06-19T12:36:23.374855851Z I0619 12:36:23.374718       1 leaderelection.go:293] successfully renewed lease kube-system/external-attacher-leader-ebs-csi-aws-com
2026-06-19T12:36:28.381891607Z I0619 12:36:28.381744       1 leaderelection.go:293] successfully renewed lease kube-system/external-attacher-leader-ebs-csi-aws-com
2026-06-19T12:36:33.389961114Z I0619 12:36:33.389830       1 leaderelection.go:293] successfully renewed lease kube-system/external-attacher-leader-ebs-csi-aws-com
2026-06-19T12:36:38.398186780Z I0619 12:36:38.398046       1 leaderelection.go:293] successfully renewed lease kube-system/external-attacher-leader-ebs-csi-aws-com
2026-06-19T12:36:43.404165584Z I0619 12:36:43.404012       1 leaderelection.go:293] successfully renewed lease kube-system/external-attacher-leader-ebs-csi-aws-com
2026-06-19T12:36:48.410241549Z I0619 12:36:48.410111       1 leaderelection.go:293] successfully renewed lease kube-system/external-attacher-leader-ebs-csi-aws-com
2026-06-19T12:36:53.416265384Z I0619 12:36:53.415809       1 leaderelection.go:293] successfully renewed lease kube-system/external-attacher-leader-ebs-csi-aws-com
2026-06-19T12:36:58.422068653Z I0619 12:36:58.421940       1 leaderelection.go:293] successfully renewed lease kube-system/external-attacher-leader-ebs-csi-aws-com
2026-06-19T12:37:03.478141674Z I0619 12:37:03.477115       1 leaderelection.go:293] successfully renewed lease kube-system/external-attacher-leader-ebs-csi-aws-com
2026-06-19T12:37:08.484076973Z I0619 12:37:08.483706       1 leaderelection.go:293] successfully renewed lease kube-system/external-attacher-leader-ebs-csi-aws-com
2026-06-19T12:37:13.490148080Z I0619 12:37:13.489962       1 leaderelection.go:293] successfully renewed lease kube-system/external-attacher-leader-ebs-csi-aws-com
2026-06-19T12:37:18.496051165Z I0619 12:37:18.495612       1 leaderelection.go:293] successfully renewed lease kube-system/external-attacher-leader-ebs-csi-aws-com
2026-06-19T12:37:23.503499687Z I0619 12:37:23.503354       1 leaderelection.go:293] successfully renewed lease kube-system/external-attacher-leader-ebs-csi-aws-com
2026-06-19T12:37:28.511893523Z I0619 12:37:28.511765       1 leaderelection.go:293] successfully renewed lease kube-system/external-attacher-leader-ebs-csi-aws-com
2026-06-19T12:37:33.517721318Z I0619 12:37:33.517527       1 leaderelection.go:293] successfully renewed lease kube-system/external-attacher-leader-ebs-csi-aws-com
2026-06-19T12:37:38.523352544Z I0619 12:37:38.523166       1 leaderelection.go:293] successfully renewed lease kube-system/external-attacher-leader-ebs-csi-aws-com
2026-06-19T12:37:43.529319764Z I0619 12:37:43.529180       1 leaderelection.go:293] successfully renewed lease kube-system/external-attacher-leader-ebs-csi-aws-com
2026-06-19T12:37:48.537774710Z I0619 12:37:48.537653       1 leaderelection.go:293] successfully renewed lease kube-system/external-attacher-leader-ebs-csi-aws-com
2026-06-19T12:37:53.543317414Z I0619 12:37:53.543174       1 leaderelection.go:293] successfully renewed lease kube-system/external-attacher-leader-ebs-csi-aws-com
2026-06-19T12:37:58.549783316Z I0619 12:37:58.549639       1 leaderelection.go:293] successfully renewed lease kube-system/external-attacher-leader-ebs-csi-aws-com
2026-06-19T12:38:03.567866029Z I0619 12:38:03.567688       1 leaderelection.go:293] successfully renewed lease kube-system/external-attacher-leader-ebs-csi-aws-com
2026-06-19T12:38:08.574804300Z I0619 12:38:08.574681       1 leaderelection.go:293] successfully renewed lease kube-system/external-attacher-leader-ebs-csi-aws-com
2026-06-19T12:38:13.580613306Z I0619 12:38:13.580449       1 leaderelection.go:293] successfully renewed lease kube-system/external-attacher-leader-ebs-csi-aws-com
2026-06-19T12:38:18.585838738Z I0619 12:38:18.585589       1 leaderelection.go:293] successfully renewed lease kube-system/external-attacher-leader-ebs-csi-aws-com
2026-06-19T12:38:23.591789822Z I0619 12:38:23.591657       1 leaderelection.go:293] successfully renewed lease kube-system/external-attacher-leader-ebs-csi-aws-com
2026-06-19T12:38:28.600231021Z I0619 12:38:28.600048       1 leaderelection.go:293] successfully renewed lease kube-system/external-attacher-leader-ebs-csi-aws-com
2026-06-19T12:38:33.608137842Z I0619 12:38:33.608010       1 leaderelection.go:293] successfully renewed lease kube-system/external-attacher-leader-ebs-csi-aws-com
2026-06-19T12:38:38.616842350Z I0619 12:38:38.616668       1 leaderelection.go:293] successfully renewed lease kube-system/external-attacher-leader-ebs-csi-aws-com
2026-06-19T12:38:43.627832865Z I0619 12:38:43.627684       1 leaderelection.go:293] successfully renewed lease kube-system/external-attacher-leader-ebs-csi-aws-com
2026-06-19T12:38:48.634729038Z I0619 12:38:48.634594       1 leaderelection.go:293] successfully renewed lease kube-system/external-attacher-leader-ebs-csi-aws-com
2026-06-19T12:38:53.640505727Z I0619 12:38:53.640333       1 leaderelection.go:293] successfully renewed lease kube-system/external-attacher-leader-ebs-csi-aws-com
2026-06-19T12:38:58.646318343Z I0619 12:38:58.646177       1 leaderelection.go:293] successfully renewed lease kube-system/external-attacher-leader-ebs-csi-aws-com
2026-06-19T12:39:03.742251511Z I0619 12:39:03.742144       1 leaderelection.go:293] successfully renewed lease kube-system/external-attacher-leader-ebs-csi-aws-com
2026-06-19T12:39:08.750093346Z I0619 12:39:08.749959       1 leaderelection.go:293] successfully renewed lease kube-system/external-attacher-leader-ebs-csi-aws-com
2026-06-19T12:39:13.757893075Z I0619 12:39:13.757680       1 leaderelection.go:293] successfully renewed lease kube-system/external-attacher-leader-ebs-csi-aws-com
2026-06-19T12:39:18.765454577Z I0619 12:39:18.765165       1 leaderelection.go:293] successfully renewed lease kube-system/external-attacher-leader-ebs-csi-aws-com
2026-06-19T12:39:23.772079350Z I0619 12:39:23.771851       1 leaderelection.go:293] successfully renewed lease kube-system/external-attacher-leader-ebs-csi-aws-com
2026-06-19T12:39:28.796399687Z I0619 12:39:28.796192       1 leaderelection.go:293] successfully renewed lease kube-system/external-attacher-leader-ebs-csi-aws-com
2026-06-19T12:39:33.803290393Z I0619 12:39:33.803171       1 leaderelection.go:293] successfully renewed lease kube-system/external-attacher-leader-ebs-csi-aws-com
2026-06-19T12:39:38.815683789Z I0619 12:39:38.815518       1 leaderelection.go:293] successfully renewed lease kube-system/external-attacher-leader-ebs-csi-aws-com
2026-06-19T12:39:43.825903652Z I0619 12:39:43.825754       1 leaderelection.go:293] successfully renewed lease kube-system/external-attacher-leader-ebs-csi-aws-com
2026-06-19T12:39:48.834296184Z I0619 12:39:48.834135       1 leaderelection.go:293] successfully renewed lease kube-system/external-attacher-leader-ebs-csi-aws-com
2026-06-19T12:39:53.840605094Z I0619 12:39:53.840448       1 leaderelection.go:293] successfully renewed lease kube-system/external-attacher-leader-ebs-csi-aws-com
2026-06-19T12:39:58.848624178Z I0619 12:39:58.848384       1 leaderelection.go:293] successfully renewed lease kube-system/external-attacher-leader-ebs-csi-aws-com
2026-06-19T12:40:03.904612724Z I0619 12:40:03.901673       1 leaderelection.go:293] successfully renewed lease kube-system/external-attacher-leader-ebs-csi-aws-com
2026-06-19T12:40:08.913044415Z I0619 12:40:08.912681       1 leaderelection.go:293] successfully renewed lease kube-system/external-attacher-leader-ebs-csi-aws-com
2026-06-19T12:40:13.920411615Z I0619 12:40:13.920246       1 leaderelection.go:293] successfully renewed lease kube-system/external-attacher-leader-ebs-csi-aws-com
2026-06-19T12:40:18.930878323Z I0619 12:40:18.930728       1 leaderelection.go:293] successfully renewed lease kube-system/external-attacher-leader-ebs-csi-aws-com
2026-06-19T12:40:23.938681646Z I0619 12:40:23.938538       1 leaderelection.go:293] successfully renewed lease kube-system/external-attacher-leader-ebs-csi-aws-com
2026-06-19T12:40:28.944098872Z I0619 12:40:28.943980       1 leaderelection.go:293] successfully renewed lease kube-system/external-attacher-leader-ebs-csi-aws-com
2026-06-19T12:40:33.950324482Z I0619 12:40:33.950178       1 leaderelection.go:293] successfully renewed lease kube-system/external-attacher-leader-ebs-csi-aws-com
2026-06-19T12:40:38.956846123Z I0619 12:40:38.956658       1 leaderelection.go:293] successfully renewed lease kube-system/external-attacher-leader-ebs-csi-aws-com
2026-06-19T12:40:43.961986137Z I0619 12:40:43.961859       1 leaderelection.go:293] successfully renewed lease kube-system/external-attacher-leader-ebs-csi-aws-com
2026-06-19T12:40:48.967068125Z I0619 12:40:48.966894       1 leaderelection.go:293] successfully renewed lease kube-system/external-attacher-leader-ebs-csi-aws-com
2026-06-19T12:40:53.975453619Z I0619 12:40:53.975314       1 leaderelection.go:293] successfully renewed lease kube-system/external-attacher-leader-ebs-csi-aws-com
2026-06-19T12:40:58.983018871Z I0619 12:40:58.982883       1 leaderelection.go:293] successfully renewed lease kube-system/external-attacher-leader-ebs-csi-aws-com
2026-06-19T12:41:04.032962251Z I0619 12:41:04.031577       1 leaderelection.go:293] successfully renewed lease kube-system/external-attacher-leader-ebs-csi-aws-com
2026-06-19T12:41:09.040776346Z I0619 12:41:09.040638       1 leaderelection.go:293] successfully renewed lease kube-system/external-attacher-leader-ebs-csi-aws-com
2026-06-19T12:41:14.046537681Z I0619 12:41:14.046390       1 leaderelection.go:293] successfully renewed lease kube-system/external-attacher-leader-ebs-csi-aws-com
2026-06-19T12:41:18.942863278Z I0619 12:41:18.942172       1 reflector.go:946] "Watch close" reflector="k8s.io/client-go/informers/factory.go:160" type="*v1.PersistentVolume" totalItems=9
2026-06-19T12:41:19.052363530Z I0619 12:41:19.052236       1 leaderelection.go:293] successfully renewed lease kube-system/external-attacher-leader-ebs-csi-aws-com
2026-06-19T12:41:24.058763158Z I0619 12:41:24.058650       1 leaderelection.go:293] successfully renewed lease kube-system/external-attacher-leader-ebs-csi-aws-com
2026-06-19T12:41:29.067025624Z I0619 12:41:29.066815       1 leaderelection.go:293] successfully renewed lease kube-system/external-attacher-leader-ebs-csi-aws-com
2026-06-19T12:41:34.075084513Z I0619 12:41:34.074922       1 leaderelection.go:293] successfully renewed lease kube-system/external-attacher-leader-ebs-csi-aws-com
2026-06-19T12:41:35.913606078Z I0619 12:41:35.913460       1 reflector.go:946] "Watch close" reflector="k8s.io/client-go/informers/factory.go:160" type="*v1.CSINode" totalItems=8
2026-06-19T12:41:39.082815427Z I0619 12:41:39.082657       1 leaderelection.go:293] successfully renewed lease kube-system/external-attacher-leader-ebs-csi-aws-com
2026-06-19T12:41:44.090831106Z I0619 12:41:44.090663       1 leaderelection.go:293] successfully renewed lease kube-system/external-attacher-leader-ebs-csi-aws-com
2026-06-19T12:41:49.097261246Z I0619 12:41:49.097009       1 leaderelection.go:293] successfully renewed lease kube-system/external-attacher-leader-ebs-csi-aws-com
2026-06-19T12:41:54.103163002Z I0619 12:41:54.102811       1 leaderelection.go:293] successfully renewed lease kube-system/external-attacher-leader-ebs-csi-aws-com
2026-06-19T12:41:59.109064601Z I0619 12:41:59.108747       1 leaderelection.go:293] successfully renewed lease kube-system/external-attacher-leader-ebs-csi-aws-com
2026-06-19T12:42:04.290430141Z I0619 12:42:04.290271       1 leaderelection.go:293] successfully renewed lease kube-system/external-attacher-leader-ebs-csi-aws-com
2026-06-19T12:42:09.297433257Z I0619 12:42:09.297279       1 leaderelection.go:293] successfully renewed lease kube-system/external-attacher-leader-ebs-csi-aws-com
2026-06-19T12:42:14.304759760Z I0619 12:42:14.304619       1 leaderelection.go:293] successfully renewed lease kube-system/external-attacher-leader-ebs-csi-aws-com
2026-06-19T12:42:19.313345685Z I0619 12:42:19.313174       1 leaderelection.go:293] successfully renewed lease kube-system/external-attacher-leader-ebs-csi-aws-com
2026-06-19T12:42:24.319782838Z I0619 12:42:24.319641       1 leaderelection.go:293] successfully renewed lease kube-system/external-attacher-leader-ebs-csi-aws-com
2026-06-19T12:42:29.327040608Z I0619 12:42:29.326901       1 leaderelection.go:293] successfully renewed lease kube-system/external-attacher-leader-ebs-csi-aws-com
2026-06-19T12:42:34.333983237Z I0619 12:42:34.333731       1 leaderelection.go:293] successfully renewed lease kube-system/external-attacher-leader-ebs-csi-aws-com
2026-06-19T12:42:39.339937133Z I0619 12:42:39.339742       1 leaderelection.go:293] successfully renewed lease kube-system/external-attacher-leader-ebs-csi-aws-com
2026-06-19T12:42:44.346060306Z I0619 12:42:44.345885       1 leaderelection.go:293] successfully renewed lease kube-system/external-attacher-leader-ebs-csi-aws-com
2026-06-19T12:42:49.351363481Z I0619 12:42:49.351198       1 leaderelection.go:293] successfully renewed lease kube-system/external-attacher-leader-ebs-csi-aws-com
2026-06-19T12:42:54.357175722Z I0619 12:42:54.356681       1 leaderelection.go:293] successfully renewed lease kube-system/external-attacher-leader-ebs-csi-aws-com
2026-06-19T12:42:59.363065918Z I0619 12:42:59.362928       1 leaderelection.go:293] successfully renewed lease kube-system/external-attacher-leader-ebs-csi-aws-com
2026-06-19T12:43:04.370742422Z I0619 12:43:04.370613       1 leaderelection.go:293] successfully renewed lease kube-system/external-attacher-leader-ebs-csi-aws-com
2026-06-19T12:43:09.378489994Z I0619 12:43:09.378349       1 leaderelection.go:293] successfully renewed lease kube-system/external-attacher-leader-ebs-csi-aws-com
2026-06-19T12:43:13.888049051Z I0619 12:43:13.887900       1 controller.go:213] "Started VolumeAttachment processing" VolumeAttachment="csi-c455b850febbbffc214d16e6c85b91c25e023dbe2289d0640e03034daa546f21"
2026-06-19T12:43:13.888102498Z I0619 12:43:13.887926       1 csi_handler.go:233] "CSIHandler: processing VolumeAttachment" VolumeAttachment="csi-c455b850febbbffc214d16e6c85b91c25e023dbe2289d0640e03034daa546f21"
2026-06-19T12:43:13.888107734Z I0619 12:43:13.887935       1 csi_handler.go:285] "Starting detach operation" VolumeAttachment="csi-c455b850febbbffc214d16e6c85b91c25e023dbe2289d0640e03034daa546f21"
2026-06-19T12:43:13.890423343Z I0619 12:43:13.890239       1 csi_handler.go:292] "Detaching" VolumeAttachment="csi-c455b850febbbffc214d16e6c85b91c25e023dbe2289d0640e03034daa546f21"
2026-06-19T12:43:13.890443724Z I0619 12:43:13.890262       1 csi_handler.go:544] "Starting detach operation" VolumeAttachment="csi-c455b850febbbffc214d16e6c85b91c25e023dbe2289d0640e03034daa546f21"
2026-06-19T12:43:13.890453798Z I0619 12:43:13.890278       1 csi_handler.go:762] "Found nodeID in CSINode" VolumeAttachment="csi-c455b850febbbffc214d16e6c85b91c25e023dbe2289d0640e03034daa546f21" nodeID="i-0ecec600693268f66" CSINode="i-0ecec600693268f66"
2026-06-19T12:43:13.891772404Z I0619 12:43:13.890968       1 connection.go:264] "GRPC call" VolumeAttachment="csi-c455b850febbbffc214d16e6c85b91c25e023dbe2289d0640e03034daa546f21" method="/csi.v1.Controller/ControllerUnpublishVolume" request="{\"node_id\":\"i-0ecec600693268f66\",\"volume_id\":\"vol-0f1b453e6a7af752c\"}"
2026-06-19T12:43:14.384019634Z I0619 12:43:14.383866       1 leaderelection.go:293] successfully renewed lease kube-system/external-attacher-leader-ebs-csi-aws-com
2026-06-19T12:43:19.389802492Z I0619 12:43:19.389678       1 leaderelection.go:293] successfully renewed lease kube-system/external-attacher-leader-ebs-csi-aws-com
2026-06-19T12:43:19.411520261Z I0619 12:43:19.411410       1 connection.go:270] "GRPC response" VolumeAttachment="csi-c455b850febbbffc214d16e6c85b91c25e023dbe2289d0640e03034daa546f21" response="{}" err=null
2026-06-19T12:43:19.411783561Z I0619 12:43:19.411612       1 csi_handler.go:600] "Detached" VolumeAttachment="csi-c455b850febbbffc214d16e6c85b91c25e023dbe2289d0640e03034daa546f21"
2026-06-19T12:43:19.419508790Z I0619 12:43:19.419277       1 controller.go:266] "Started PersistentVolume processing" PersistentVolume="pvc-145a2d39-444b-4f32-a485-a26454ae8b53"
2026-06-19T12:43:19.419530261Z I0619 12:43:19.419334       1 csi_handler.go:645] "CSIHandler: processing PersistentVolume" PersistentVolume="pvc-145a2d39-444b-4f32-a485-a26454ae8b53"
2026-06-19T12:43:19.419533875Z I0619 12:43:19.419402       1 util.go:98] "Finalizer removed" VolumeAttachment="csi-c455b850febbbffc214d16e6c85b91c25e023dbe2289d0640e03034daa546f21"
2026-06-19T12:43:19.419537222Z I0619 12:43:19.419415       1 util.go:102] "Marking as detached" VolumeAttachment="csi-c455b850febbbffc214d16e6c85b91c25e023dbe2289d0640e03034daa546f21"
2026-06-19T12:43:19.420341784Z I0619 12:43:19.419345       1 csi_handler.go:669] "CSIHandler: processing PersistentVolume: no deletion timestamp, ignoring" PersistentVolume="pvc-145a2d39-444b-4f32-a485-a26454ae8b53"
2026-06-19T12:43:19.422568047Z I0619 12:43:19.422447       1 csi_handler.go:305] "Fully detached" VolumeAttachment="csi-c455b850febbbffc214d16e6c85b91c25e023dbe2289d0640e03034daa546f21"
2026-06-19T12:43:19.422583594Z I0619 12:43:19.422468       1 csi_handler.go:249] "CSIHandler: finished processing" VolumeAttachment="csi-c455b850febbbffc214d16e6c85b91c25e023dbe2289d0640e03034daa546f21"
2026-06-19T12:43:24.399748669Z I0619 12:43:24.399367       1 leaderelection.go:293] successfully renewed lease kube-system/external-attacher-leader-ebs-csi-aws-com
2026-06-19T12:43:29.405295178Z I0619 12:43:29.405164       1 leaderelection.go:293] successfully renewed lease kube-system/external-attacher-leader-ebs-csi-aws-com
2026-06-19T12:43:34.411384342Z I0619 12:43:34.411212       1 leaderelection.go:293] successfully renewed lease kube-system/external-attacher-leader-ebs-csi-aws-com
2026-06-19T12:43:34.534302876Z I0619 12:43:34.534100       1 controller.go:213] "Started VolumeAttachment processing" VolumeAttachment="csi-254b2a74afeb19d7df8178c7c881dc89b1bc09a1b2ef4e9844992f3d50d41481"
2026-06-19T12:43:34.534726631Z I0619 12:43:34.534636       1 csi_handler.go:233] "CSIHandler: processing VolumeAttachment" VolumeAttachment="csi-254b2a74afeb19d7df8178c7c881dc89b1bc09a1b2ef4e9844992f3d50d41481"
2026-06-19T12:43:34.534741528Z I0619 12:43:34.534653       1 csi_handler.go:285] "Starting detach operation" VolumeAttachment="csi-254b2a74afeb19d7df8178c7c881dc89b1bc09a1b2ef4e9844992f3d50d41481"
2026-06-19T12:43:34.534870210Z I0619 12:43:34.534772       1 csi_handler.go:292] "Detaching" VolumeAttachment="csi-254b2a74afeb19d7df8178c7c881dc89b1bc09a1b2ef4e9844992f3d50d41481"
2026-06-19T12:43:34.534875615Z I0619 12:43:34.534787       1 csi_handler.go:544] "Starting detach operation" VolumeAttachment="csi-254b2a74afeb19d7df8178c7c881dc89b1bc09a1b2ef4e9844992f3d50d41481"
2026-06-19T12:43:34.534877922Z I0619 12:43:34.534802       1 csi_handler.go:762] "Found nodeID in CSINode" VolumeAttachment="csi-254b2a74afeb19d7df8178c7c881dc89b1bc09a1b2ef4e9844992f3d50d41481" nodeID="i-0ecec600693268f66" CSINode="i-0ecec600693268f66"
2026-06-19T12:43:34.535795912Z I0619 12:43:34.535602       1 connection.go:264] "GRPC call" VolumeAttachment="csi-254b2a74afeb19d7df8178c7c881dc89b1bc09a1b2ef4e9844992f3d50d41481" method="/csi.v1.Controller/ControllerUnpublishVolume" request="{\"node_id\":\"i-0ecec600693268f66\",\"volume_id\":\"vol-0dd4656eba8ec6c05\"}"
2026-06-19T12:43:37.627496069Z I0619 12:43:37.627356       1 connection.go:270] "GRPC response" VolumeAttachment="csi-254b2a74afeb19d7df8178c7c881dc89b1bc09a1b2ef4e9844992f3d50d41481" response="{}" err=null
2026-06-19T12:43:37.627514198Z I0619 12:43:37.627381       1 csi_handler.go:600] "Detached" VolumeAttachment="csi-254b2a74afeb19d7df8178c7c881dc89b1bc09a1b2ef4e9844992f3d50d41481"
2026-06-19T12:43:37.635440345Z I0619 12:43:37.635158       1 util.go:98] "Finalizer removed" VolumeAttachment="csi-254b2a74afeb19d7df8178c7c881dc89b1bc09a1b2ef4e9844992f3d50d41481"
2026-06-19T12:43:37.635895544Z I0619 12:43:37.635755       1 util.go:102] "Marking as detached" VolumeAttachment="csi-254b2a74afeb19d7df8178c7c881dc89b1bc09a1b2ef4e9844992f3d50d41481"
2026-06-19T12:43:37.636029570Z I0619 12:43:37.635715       1 controller.go:266] "Started PersistentVolume processing" PersistentVolume="pvc-aadf1544-cc0d-48a8-971b-741e09e58afb"
2026-06-19T12:43:37.636035479Z I0619 12:43:37.635883       1 csi_handler.go:645] "CSIHandler: processing PersistentVolume" PersistentVolume="pvc-aadf1544-cc0d-48a8-971b-741e09e58afb"
2026-06-19T12:43:37.636163207Z I0619 12:43:37.635909       1 csi_handler.go:669] "CSIHandler: processing PersistentVolume: no deletion timestamp, ignoring" PersistentVolume="pvc-aadf1544-cc0d-48a8-971b-741e09e58afb"
2026-06-19T12:43:37.638996735Z I0619 12:43:37.638846       1 csi_handler.go:305] "Fully detached" VolumeAttachment="csi-254b2a74afeb19d7df8178c7c881dc89b1bc09a1b2ef4e9844992f3d50d41481"
2026-06-19T12:43:37.639016406Z I0619 12:43:37.638867       1 csi_handler.go:249] "CSIHandler: finished processing" VolumeAttachment="csi-254b2a74afeb19d7df8178c7c881dc89b1bc09a1b2ef4e9844992f3d50d41481"
2026-06-19T12:43:39.417834262Z I0619 12:43:39.417706       1 leaderelection.go:293] successfully renewed lease kube-system/external-attacher-leader-ebs-csi-aws-com
2026-06-19T12:43:44.023105148Z I0619 12:43:44.022953       1 reflector.go:946] "Watch close" reflector="k8s.io/client-go/informers/factory.go:160" type="*v1.VolumeAttachment" totalItems=14
2026-06-19T12:43:44.424574741Z I0619 12:43:44.424385       1 leaderelection.go:293] successfully renewed lease kube-system/external-attacher-leader-ebs-csi-aws-com
2026-06-19T12:43:49.431460143Z I0619 12:43:49.431013       1 leaderelection.go:293] successfully renewed lease kube-system/external-attacher-leader-ebs-csi-aws-com
2026-06-19T12:43:54.438762116Z I0619 12:43:54.438620       1 leaderelection.go:293] successfully renewed lease kube-system/external-attacher-leader-ebs-csi-aws-com
2026-06-19T12:43:55.234646961Z I0619 12:43:55.233744       1 controller.go:266] "Started PersistentVolume processing" PersistentVolume="pvc-aadf1544-cc0d-48a8-971b-741e09e58afb"
2026-06-19T12:43:55.234932295Z I0619 12:43:55.234806       1 csi_handler.go:645] "CSIHandler: processing PersistentVolume" PersistentVolume="pvc-aadf1544-cc0d-48a8-971b-741e09e58afb"
2026-06-19T12:43:55.235797540Z I0619 12:43:55.235607       1 csi_handler.go:708] "CSIHandler: processing PersistentVolume: no VolumeAttachment found, removing finalizer" PersistentVolume="pvc-aadf1544-cc0d-48a8-971b-741e09e58afb"
2026-06-19T12:43:55.261904570Z E0619 12:43:55.261716       1 csi_handler.go:725] "Failed to remove finalizer from PersistentVolume" err="PersistentVolume \"pvc-aadf1544-cc0d-48a8-971b-741e09e58afb\" is invalid: metadata.finalizers: Forbidden: no new finalizers can be added if the object is being deleted, found new finalizers []string{\"external-provisioner.volume.kubernetes.io/finalizer\"}" PersistentVolume="pvc-aadf1544-cc0d-48a8-971b-741e09e58afb"
2026-06-19T12:43:55.262875852Z I0619 12:43:55.262715       1 controller.go:266] "Started PersistentVolume processing" PersistentVolume="pvc-aadf1544-cc0d-48a8-971b-741e09e58afb"
2026-06-19T12:43:55.263353486Z I0619 12:43:55.263246       1 csi_handler.go:645] "CSIHandler: processing PersistentVolume" PersistentVolume="pvc-aadf1544-cc0d-48a8-971b-741e09e58afb"
2026-06-19T12:43:55.263767882Z I0619 12:43:55.263660       1 csi_handler.go:708] "CSIHandler: processing PersistentVolume: no VolumeAttachment found, removing finalizer" PersistentVolume="pvc-aadf1544-cc0d-48a8-971b-741e09e58afb"
2026-06-19T12:43:55.275299309Z I0619 12:43:55.275102       1 csi_handler.go:730] "Removed finalizer from PersistentVolume" PersistentVolume="pvc-aadf1544-cc0d-48a8-971b-741e09e58afb"
2026-06-19T12:43:55.344450604Z I0619 12:43:55.343303       1 controller.go:266] "Started PersistentVolume processing" PersistentVolume="pvc-145a2d39-444b-4f32-a485-a26454ae8b53"
2026-06-19T12:43:55.347260556Z I0619 12:43:55.347085       1 csi_handler.go:645] "CSIHandler: processing PersistentVolume" PersistentVolume="pvc-145a2d39-444b-4f32-a485-a26454ae8b53"
2026-06-19T12:43:55.347669083Z I0619 12:43:55.347524       1 csi_handler.go:708] "CSIHandler: processing PersistentVolume: no VolumeAttachment found, removing finalizer" PersistentVolume="pvc-145a2d39-444b-4f32-a485-a26454ae8b53"
2026-06-19T12:43:55.370469931Z E0619 12:43:55.370285       1 csi_handler.go:725] "Failed to remove finalizer from PersistentVolume" err="PersistentVolume \"pvc-145a2d39-444b-4f32-a485-a26454ae8b53\" is invalid: metadata.finalizers: Forbidden: no new finalizers can be added if the object is being deleted, found new finalizers []string{\"kubernetes.io/pv-protection\"}" PersistentVolume="pvc-145a2d39-444b-4f32-a485-a26454ae8b53"
2026-06-19T12:43:55.371960737Z I0619 12:43:55.371797       1 controller.go:266] "Started PersistentVolume processing" PersistentVolume="pvc-145a2d39-444b-4f32-a485-a26454ae8b53"
2026-06-19T12:43:55.371989420Z I0619 12:43:55.371825       1 csi_handler.go:645] "CSIHandler: processing PersistentVolume" PersistentVolume="pvc-145a2d39-444b-4f32-a485-a26454ae8b53"
2026-06-19T12:43:55.372043963Z I0619 12:43:55.371945       1 csi_handler.go:708] "CSIHandler: processing PersistentVolume: no VolumeAttachment found, removing finalizer" PersistentVolume="pvc-145a2d39-444b-4f32-a485-a26454ae8b53"
2026-06-19T12:43:55.387477987Z E0619 12:43:55.387315       1 csi_handler.go:725] "Failed to remove finalizer from PersistentVolume" err="PersistentVolume \"pvc-145a2d39-444b-4f32-a485-a26454ae8b53\" is invalid: metadata.finalizers: Forbidden: no new finalizers can be added if the object is being deleted, found new finalizers []string{\"external-provisioner.volume.kubernetes.io/finalizer\"}" PersistentVolume="pvc-145a2d39-444b-4f32-a485-a26454ae8b53"
2026-06-19T12:43:55.387674698Z I0619 12:43:55.387597       1 controller.go:266] "Started PersistentVolume processing" PersistentVolume="pvc-145a2d39-444b-4f32-a485-a26454ae8b53"
2026-06-19T12:43:55.387729310Z I0619 12:43:55.387653       1 csi_handler.go:645] "CSIHandler: processing PersistentVolume" PersistentVolume="pvc-145a2d39-444b-4f32-a485-a26454ae8b53"
2026-06-19T12:43:55.387793124Z I0619 12:43:55.387746       1 csi_handler.go:708] "CSIHandler: processing PersistentVolume: no VolumeAttachment found, removing finalizer" PersistentVolume="pvc-145a2d39-444b-4f32-a485-a26454ae8b53"
2026-06-19T12:43:55.399363191Z I0619 12:43:55.399227       1 csi_handler.go:730] "Removed finalizer from PersistentVolume" PersistentVolume="pvc-145a2d39-444b-4f32-a485-a26454ae8b53"
2026-06-19T12:43:56.263153261Z I0619 12:43:56.263020       1 controller.go:266] "Started PersistentVolume processing" PersistentVolume="pvc-aadf1544-cc0d-48a8-971b-741e09e58afb"
2026-06-19T12:43:56.263181155Z I0619 12:43:56.263056       1 controller.go:273] "PersistentVolume was deleted, ignoring" PersistentVolume="pvc-aadf1544-cc0d-48a8-971b-741e09e58afb"
2026-06-19T12:43:56.371507382Z I0619 12:43:56.371334       1 controller.go:266] "Started PersistentVolume processing" PersistentVolume="pvc-145a2d39-444b-4f32-a485-a26454ae8b53"
2026-06-19T12:43:56.371533463Z I0619 12:43:56.371368       1 controller.go:273] "PersistentVolume was deleted, ignoring" PersistentVolume="pvc-145a2d39-444b-4f32-a485-a26454ae8b53"
2026-06-19T12:43:59.445062258Z I0619 12:43:59.444759       1 leaderelection.go:293] successfully renewed lease kube-system/external-attacher-leader-ebs-csi-aws-com
2026-06-19T12:44:04.453261844Z I0619 12:44:04.453109       1 leaderelection.go:293] successfully renewed lease kube-system/external-attacher-leader-ebs-csi-aws-com
2026-06-19T12:44:09.459139407Z I0619 12:44:09.458998       1 leaderelection.go:293] successfully renewed lease kube-system/external-attacher-leader-ebs-csi-aws-com
2026-06-19T12:44:14.464693845Z I0619 12:44:14.464532       1 leaderelection.go:293] successfully renewed lease kube-system/external-attacher-leader-ebs-csi-aws-com
2026-06-19T12:44:19.471929455Z I0619 12:44:19.471779       1 leaderelection.go:293] successfully renewed lease kube-system/external-attacher-leader-ebs-csi-aws-com
2026-06-19T12:44:24.478670894Z I0619 12:44:24.478468       1 leaderelection.go:293] successfully renewed lease kube-system/external-attacher-leader-ebs-csi-aws-com
2026-06-19T12:44:29.485359206Z I0619 12:44:29.485162       1 leaderelection.go:293] successfully renewed lease kube-system/external-attacher-leader-ebs-csi-aws-com
2026-06-19T12:44:34.494203389Z I0619 12:44:34.494010       1 leaderelection.go:293] successfully renewed lease kube-system/external-attacher-leader-ebs-csi-aws-com
2026-06-19T12:44:39.499298036Z I0619 12:44:39.499158       1 leaderelection.go:293] successfully renewed lease kube-system/external-attacher-leader-ebs-csi-aws-com
2026-06-19T12:44:44.505362392Z I0619 12:44:44.505178       1 leaderelection.go:293] successfully renewed lease kube-system/external-attacher-leader-ebs-csi-aws-com
2026-06-19T12:44:49.510874009Z I0619 12:44:49.510743       1 leaderelection.go:293] successfully renewed lease kube-system/external-attacher-leader-ebs-csi-aws-com
2026-06-19T12:44:54.519612202Z I0619 12:44:54.519355       1 leaderelection.go:293] successfully renewed lease kube-system/external-attacher-leader-ebs-csi-aws-com
2026-06-19T12:44:59.525322241Z I0619 12:44:59.525173       1 leaderelection.go:293] successfully renewed lease kube-system/external-attacher-leader-ebs-csi-aws-com
2026-06-19T12:45:04.538215823Z I0619 12:45:04.537895       1 leaderelection.go:293] successfully renewed lease kube-system/external-attacher-leader-ebs-csi-aws-com
2026-06-19T12:45:09.545343583Z I0619 12:45:09.545199       1 leaderelection.go:293] successfully renewed lease kube-system/external-attacher-leader-ebs-csi-aws-com
2026-06-19T12:45:14.550790452Z I0619 12:45:14.550623       1 leaderelection.go:293] successfully renewed lease kube-system/external-attacher-leader-ebs-csi-aws-com
2026-06-19T12:45:19.558777363Z I0619 12:45:19.558646       1 leaderelection.go:293] successfully renewed lease kube-system/external-attacher-leader-ebs-csi-aws-com
2026-06-19T12:45:24.566621043Z I0619 12:45:24.566414       1 leaderelection.go:293] successfully renewed lease kube-system/external-attacher-leader-ebs-csi-aws-com
2026-06-19T12:45:29.572770533Z I0619 12:45:29.572641       1 leaderelection.go:293] successfully renewed lease kube-system/external-attacher-leader-ebs-csi-aws-com
2026-06-19T12:45:34.578680518Z I0619 12:45:34.578481       1 leaderelection.go:293] successfully renewed lease kube-system/external-attacher-leader-ebs-csi-aws-com
2026-06-19T12:45:39.584915446Z I0619 12:45:39.584667       1 leaderelection.go:293] successfully renewed lease kube-system/external-attacher-leader-ebs-csi-aws-com
2026-06-19T12:45:42.840087685Z I0619 12:45:42.839917       1 reflector.go:450] "Forcing resync" reflector="k8s.io/client-go/informers/factory.go:160"
2026-06-19T12:45:42.847321864Z I0619 12:45:42.847162       1 reflector.go:450] "Forcing resync" reflector="k8s.io/client-go/informers/factory.go:160"
2026-06-19T12:45:44.590819025Z I0619 12:45:44.590464       1 leaderelection.go:293] successfully renewed lease kube-system/external-attacher-leader-ebs-csi-aws-com
2026-06-19T12:45:49.599197948Z I0619 12:45:49.599060       1 leaderelection.go:293] successfully renewed lease kube-system/external-attacher-leader-ebs-csi-aws-com
2026-06-19T12:45:54.605202421Z I0619 12:45:54.605052       1 leaderelection.go:293] successfully renewed lease kube-system/external-attacher-leader-ebs-csi-aws-com
2026-06-19T12:45:59.613265281Z I0619 12:45:59.613146       1 leaderelection.go:293] successfully renewed lease kube-system/external-attacher-leader-ebs-csi-aws-com
2026-06-19T12:46:04.638487229Z I0619 12:46:04.638290       1 leaderelection.go:293] successfully renewed lease kube-system/external-attacher-leader-ebs-csi-aws-com
2026-06-19T12:46:09.644402970Z I0619 12:46:09.644280       1 leaderelection.go:293] successfully renewed lease kube-system/external-attacher-leader-ebs-csi-aws-com
2026-06-19T12:46:14.658488519Z I0619 12:46:14.658331       1 leaderelection.go:293] successfully renewed lease kube-system/external-attacher-leader-ebs-csi-aws-com
2026-06-19T12:46:19.665459209Z I0619 12:46:19.665330       1 leaderelection.go:293] successfully renewed lease kube-system/external-attacher-leader-ebs-csi-aws-com
2026-06-19T12:46:24.671076403Z I0619 12:46:24.670918       1 leaderelection.go:293] successfully renewed lease kube-system/external-attacher-leader-ebs-csi-aws-com
2026-06-19T12:46:29.678911309Z I0619 12:46:29.678744       1 leaderelection.go:293] successfully renewed lease kube-system/external-attacher-leader-ebs-csi-aws-com
2026-06-19T12:46:34.685069544Z I0619 12:46:34.684716       1 leaderelection.go:293] successfully renewed lease kube-system/external-attacher-leader-ebs-csi-aws-com
2026-06-19T12:46:39.694962600Z I0619 12:46:39.694765       1 leaderelection.go:293] successfully renewed lease kube-system/external-attacher-leader-ebs-csi-aws-com
2026-06-19T12:46:44.701479278Z I0619 12:46:44.701336       1 leaderelection.go:293] successfully renewed lease kube-system/external-attacher-leader-ebs-csi-aws-com
2026-06-19T12:46:49.712622296Z I0619 12:46:49.712470       1 leaderelection.go:293] successfully renewed lease kube-system/external-attacher-leader-ebs-csi-aws-com
2026-06-19T12:46:54.718658403Z I0619 12:46:54.718397       1 leaderelection.go:293] successfully renewed lease kube-system/external-attacher-leader-ebs-csi-aws-com
2026-06-19T12:46:59.726822580Z I0619 12:46:59.726654       1 leaderelection.go:293] successfully renewed lease kube-system/external-attacher-leader-ebs-csi-aws-com
2026-06-19T12:47:04.736162902Z I0619 12:47:04.736014       1 leaderelection.go:293] successfully renewed lease kube-system/external-attacher-leader-ebs-csi-aws-com
2026-06-19T12:47:09.741295613Z I0619 12:47:09.741170       1 leaderelection.go:293] successfully renewed lease kube-system/external-attacher-leader-ebs-csi-aws-com
2026-06-19T12:47:10.150516546Z I0619 12:47:10.150388       1 controller.go:213] "Started VolumeAttachment processing" VolumeAttachment="csi-92e69d93d6e363720b3d4368f65741d1d58c74f9cfa3e68b42e33cd9fc4c2b62"
2026-06-19T12:47:10.151226334Z I0619 12:47:10.150413       1 csi_handler.go:233] "CSIHandler: processing VolumeAttachment" VolumeAttachment="csi-92e69d93d6e363720b3d4368f65741d1d58c74f9cfa3e68b42e33cd9fc4c2b62"
2026-06-19T12:47:10.151235419Z I0619 12:47:10.150421       1 csi_handler.go:261] "Attaching" VolumeAttachment="csi-92e69d93d6e363720b3d4368f65741d1d58c74f9cfa3e68b42e33cd9fc4c2b62"
2026-06-19T12:47:10.151239657Z I0619 12:47:10.150427       1 csi_handler.go:437] "Starting attach operation" VolumeAttachment="csi-92e69d93d6e363720b3d4368f65741d1d58c74f9cfa3e68b42e33cd9fc4c2b62"
2026-06-19T12:47:10.151302226Z I0619 12:47:10.150455       1 csi_handler.go:353] "Adding finalizer to PersistentVolume" VolumeAttachment="csi-92e69d93d6e363720b3d4368f65741d1d58c74f9cfa3e68b42e33cd9fc4c2b62" PersistentVolume="pvc-e2c608ed-9f91-4b79-b288-3d1c3131687b"
2026-06-19T12:47:10.157490094Z I0619 12:47:10.157246       1 csi_handler.go:362] "PersistentVolume finalizer added" VolumeAttachment="csi-92e69d93d6e363720b3d4368f65741d1d58c74f9cfa3e68b42e33cd9fc4c2b62" PersistentVolume="pvc-e2c608ed-9f91-4b79-b288-3d1c3131687b"
2026-06-19T12:47:10.157514415Z I0619 12:47:10.157286       1 csi_handler.go:762] "Found nodeID in CSINode" VolumeAttachment="csi-92e69d93d6e363720b3d4368f65741d1d58c74f9cfa3e68b42e33cd9fc4c2b62" nodeID="i-0ecec600693268f66" CSINode="i-0ecec600693268f66"
2026-06-19T12:47:10.158042506Z I0619 12:47:10.157883       1 csi_handler.go:322] "VolumeAttachment finalizer added" VolumeAttachment="csi-92e69d93d6e363720b3d4368f65741d1d58c74f9cfa3e68b42e33cd9fc4c2b62"
2026-06-19T12:47:10.158058936Z I0619 12:47:10.157910       1 csi_handler.go:337] "NodeID annotation added" VolumeAttachment="csi-92e69d93d6e363720b3d4368f65741d1d58c74f9cfa3e68b42e33cd9fc4c2b62" nodeID="i-0ecec600693268f66"
2026-06-19T12:47:10.167082319Z I0619 12:47:10.166342       1 connection.go:264] "GRPC call" VolumeAttachment="csi-92e69d93d6e363720b3d4368f65741d1d58c74f9cfa3e68b42e33cd9fc4c2b62" method="/csi.v1.Controller/ControllerPublishVolume" request="{\"node_id\":\"i-0ecec600693268f66\",\"volume_capability\":{\"access_mode\":{\"mode\":\"SINGLE_NODE_WRITER\"},\"mount\":{\"fs_type\":\"ext4\"}},\"volume_context\":{\"storage.kubernetes.io/csiProvisionerIdentity\":\"1781855100628-189-ebs.csi.aws.com\"},\"volume_id\":\"vol-0f563ad56f9dc6760\"}"
2026-06-19T12:47:13.691339890Z I0619 12:47:13.690740       1 connection.go:270] "GRPC response" VolumeAttachment="csi-92e69d93d6e363720b3d4368f65741d1d58c74f9cfa3e68b42e33cd9fc4c2b62" response="{\"publish_context\":{\"devicePath\":\"/dev/xvdaa\"}}" err=null
2026-06-19T12:47:13.691359160Z I0619 12:47:13.690769       1 csi_handler.go:273] "Attached" VolumeAttachment="csi-92e69d93d6e363720b3d4368f65741d1d58c74f9cfa3e68b42e33cd9fc4c2b62"
2026-06-19T12:47:13.691361983Z I0619 12:47:13.690779       1 util.go:40] "Marking as attached" VolumeAttachment="csi-92e69d93d6e363720b3d4368f65741d1d58c74f9cfa3e68b42e33cd9fc4c2b62"
2026-06-19T12:47:13.697330736Z I0619 12:47:13.696467       1 util.go:54] "Marked as attached" VolumeAttachment="csi-92e69d93d6e363720b3d4368f65741d1d58c74f9cfa3e68b42e33cd9fc4c2b62"
2026-06-19T12:47:13.697360703Z I0619 12:47:13.696585       1 csi_handler.go:279] "Fully attached" VolumeAttachment="csi-92e69d93d6e363720b3d4368f65741d1d58c74f9cfa3e68b42e33cd9fc4c2b62"
2026-06-19T12:47:13.697363231Z I0619 12:47:13.696597       1 csi_handler.go:249] "CSIHandler: finished processing" VolumeAttachment="csi-92e69d93d6e363720b3d4368f65741d1d58c74f9cfa3e68b42e33cd9fc4c2b62"
2026-06-19T12:47:13.697375900Z I0619 12:47:13.696663       1 controller.go:213] "Started VolumeAttachment processing" VolumeAttachment="csi-92e69d93d6e363720b3d4368f65741d1d58c74f9cfa3e68b42e33cd9fc4c2b62"
2026-06-19T12:47:13.697379262Z I0619 12:47:13.696706       1 csi_handler.go:233] "CSIHandler: processing VolumeAttachment" VolumeAttachment="csi-92e69d93d6e363720b3d4368f65741d1d58c74f9cfa3e68b42e33cd9fc4c2b62"
2026-06-19T12:47:13.697382032Z I0619 12:47:13.696729       1 csi_handler.go:256] "VolumeAttachment is already attached" VolumeAttachment="csi-92e69d93d6e363720b3d4368f65741d1d58c74f9cfa3e68b42e33cd9fc4c2b62"
2026-06-19T12:47:13.697384784Z I0619 12:47:13.696747       1 csi_handler.go:249] "CSIHandler: finished processing" VolumeAttachment="csi-92e69d93d6e363720b3d4368f65741d1d58c74f9cfa3e68b42e33cd9fc4c2b62"
2026-06-19T12:47:14.746964328Z I0619 12:47:14.746846       1 leaderelection.go:293] successfully renewed lease kube-system/external-attacher-leader-ebs-csi-aws-com
2026-06-19T12:47:17.407780553Z I0619 12:47:17.407593       1 controller.go:213] "Started VolumeAttachment processing" VolumeAttachment="csi-4a87a9e16219ee772c30883bd99f164b2723a4fb40aa89ea757a8a8117f5829c"
2026-06-19T12:47:17.407955418Z I0619 12:47:17.407643       1 csi_handler.go:233] "CSIHandler: processing VolumeAttachment" VolumeAttachment="csi-4a87a9e16219ee772c30883bd99f164b2723a4fb40aa89ea757a8a8117f5829c"
2026-06-19T12:47:17.407961239Z I0619 12:47:17.407653       1 csi_handler.go:261] "Attaching" VolumeAttachment="csi-4a87a9e16219ee772c30883bd99f164b2723a4fb40aa89ea757a8a8117f5829c"
2026-06-19T12:47:17.407964911Z I0619 12:47:17.407681       1 csi_handler.go:437] "Starting attach operation" VolumeAttachment="csi-4a87a9e16219ee772c30883bd99f164b2723a4fb40aa89ea757a8a8117f5829c"
2026-06-19T12:47:17.408009969Z I0619 12:47:17.407710       1 csi_handler.go:353] "Adding finalizer to PersistentVolume" VolumeAttachment="csi-4a87a9e16219ee772c30883bd99f164b2723a4fb40aa89ea757a8a8117f5829c" PersistentVolume="pvc-1880076b-7d3e-4e12-959e-36682f7f4b30"
2026-06-19T12:47:17.414685062Z I0619 12:47:17.414144       1 csi_handler.go:362] "PersistentVolume finalizer added" VolumeAttachment="csi-4a87a9e16219ee772c30883bd99f164b2723a4fb40aa89ea757a8a8117f5829c" PersistentVolume="pvc-1880076b-7d3e-4e12-959e-36682f7f4b30"
2026-06-19T12:47:17.415702345Z I0619 12:47:17.415600       1 csi_handler.go:762] "Found nodeID in CSINode" VolumeAttachment="csi-4a87a9e16219ee772c30883bd99f164b2723a4fb40aa89ea757a8a8117f5829c" nodeID="i-0d94ada325e8491c5" CSINode="i-0d94ada325e8491c5"
2026-06-19T12:47:17.416292898Z I0619 12:47:17.416081       1 csi_handler.go:322] "VolumeAttachment finalizer added" VolumeAttachment="csi-4a87a9e16219ee772c30883bd99f164b2723a4fb40aa89ea757a8a8117f5829c"
2026-06-19T12:47:17.416298196Z I0619 12:47:17.416104       1 csi_handler.go:337] "NodeID annotation added" VolumeAttachment="csi-4a87a9e16219ee772c30883bd99f164b2723a4fb40aa89ea757a8a8117f5829c" nodeID="i-0d94ada325e8491c5"
2026-06-19T12:47:17.421957699Z I0619 12:47:17.421738       1 connection.go:264] "GRPC call" VolumeAttachment="csi-4a87a9e16219ee772c30883bd99f164b2723a4fb40aa89ea757a8a8117f5829c" method="/csi.v1.Controller/ControllerPublishVolume" request="{\"node_id\":\"i-0d94ada325e8491c5\",\"volume_capability\":{\"access_mode\":{\"mode\":\"SINGLE_NODE_WRITER\"},\"mount\":{\"fs_type\":\"ext4\"}},\"volume_context\":{\"storage.kubernetes.io/csiProvisionerIdentity\":\"1781855100628-189-ebs.csi.aws.com\"},\"volume_id\":\"vol-063ffa3cab378b541\"}"
2026-06-19T12:47:19.752695431Z I0619 12:47:19.752494       1 leaderelection.go:293] successfully renewed lease kube-system/external-attacher-leader-ebs-csi-aws-com
2026-06-19T12:47:20.890536988Z I0619 12:47:20.890258       1 connection.go:270] "GRPC response" VolumeAttachment="csi-4a87a9e16219ee772c30883bd99f164b2723a4fb40aa89ea757a8a8117f5829c" response="{\"publish_context\":{\"devicePath\":\"/dev/xvdaa\"}}" err=null
2026-06-19T12:47:20.890604816Z I0619 12:47:20.890288       1 csi_handler.go:273] "Attached" VolumeAttachment="csi-4a87a9e16219ee772c30883bd99f164b2723a4fb40aa89ea757a8a8117f5829c"
2026-06-19T12:47:20.890609767Z I0619 12:47:20.890296       1 util.go:40] "Marking as attached" VolumeAttachment="csi-4a87a9e16219ee772c30883bd99f164b2723a4fb40aa89ea757a8a8117f5829c"
2026-06-19T12:47:20.898058299Z I0619 12:47:20.897916       1 util.go:54] "Marked as attached" VolumeAttachment="csi-4a87a9e16219ee772c30883bd99f164b2723a4fb40aa89ea757a8a8117f5829c"
2026-06-19T12:47:20.898600585Z I0619 12:47:20.898137       1 csi_handler.go:279] "Fully attached" VolumeAttachment="csi-4a87a9e16219ee772c30883bd99f164b2723a4fb40aa89ea757a8a8117f5829c"
2026-06-19T12:47:20.898616481Z I0619 12:47:20.898181       1 csi_handler.go:249] "CSIHandler: finished processing" VolumeAttachment="csi-4a87a9e16219ee772c30883bd99f164b2723a4fb40aa89ea757a8a8117f5829c"
2026-06-19T12:47:20.898620720Z I0619 12:47:20.898223       1 controller.go:213] "Started VolumeAttachment processing" VolumeAttachment="csi-4a87a9e16219ee772c30883bd99f164b2723a4fb40aa89ea757a8a8117f5829c"
2026-06-19T12:47:20.898624082Z I0619 12:47:20.898233       1 csi_handler.go:233] "CSIHandler: processing VolumeAttachment" VolumeAttachment="csi-4a87a9e16219ee772c30883bd99f164b2723a4fb40aa89ea757a8a8117f5829c"
2026-06-19T12:47:20.898626351Z I0619 12:47:20.898238       1 csi_handler.go:261] "Attaching" VolumeAttachment="csi-4a87a9e16219ee772c30883bd99f164b2723a4fb40aa89ea757a8a8117f5829c"
2026-06-19T12:47:20.898629156Z I0619 12:47:20.898243       1 csi_handler.go:437] "Starting attach operation" VolumeAttachment="csi-4a87a9e16219ee772c30883bd99f164b2723a4fb40aa89ea757a8a8117f5829c"
2026-06-19T12:47:20.898631979Z I0619 12:47:20.898267       1 csi_handler.go:347] "PersistentVolume finalizer is already set" VolumeAttachment="csi-4a87a9e16219ee772c30883bd99f164b2723a4fb40aa89ea757a8a8117f5829c" PersistentVolume="pvc-1880076b-7d3e-4e12-959e-36682f7f4b30"
2026-06-19T12:47:20.898634687Z I0619 12:47:20.898283       1 csi_handler.go:762] "Found nodeID in CSINode" VolumeAttachment="csi-4a87a9e16219ee772c30883bd99f164b2723a4fb40aa89ea757a8a8117f5829c" nodeID="i-0d94ada325e8491c5" CSINode="i-0d94ada325e8491c5"
2026-06-19T12:47:20.898637095Z I0619 12:47:20.898299       1 csi_handler.go:314] "VolumeAttachment finalizer is already set" VolumeAttachment="csi-4a87a9e16219ee772c30883bd99f164b2723a4fb40aa89ea757a8a8117f5829c"
2026-06-19T12:47:20.898678177Z I0619 12:47:20.898309       1 csi_handler.go:329] "NodeID annotation is already set" VolumeAttachment="csi-4a87a9e16219ee772c30883bd99f164b2723a4fb40aa89ea757a8a8117f5829c" nodeID="i-0d94ada325e8491c5"
2026-06-19T12:47:20.898681963Z I0619 12:47:20.898326       1 connection.go:264] "GRPC call" VolumeAttachment="csi-4a87a9e16219ee772c30883bd99f164b2723a4fb40aa89ea757a8a8117f5829c" method="/csi.v1.Controller/ControllerPublishVolume" request="{\"node_id\":\"i-0d94ada325e8491c5\",\"volume_capability\":{\"access_mode\":{\"mode\":\"SINGLE_NODE_WRITER\"},\"mount\":{\"fs_type\":\"ext4\"}},\"volume_context\":{\"storage.kubernetes.io/csiProvisionerIdentity\":\"1781855100628-189-ebs.csi.aws.com\"},\"volume_id\":\"vol-063ffa3cab378b541\"}"
2026-06-19T12:47:22.036302861Z I0619 12:47:22.036144       1 connection.go:270] "GRPC response" VolumeAttachment="csi-4a87a9e16219ee772c30883bd99f164b2723a4fb40aa89ea757a8a8117f5829c" response="{\"publish_context\":{\"devicePath\":\"/dev/xvdaa\"}}" err=null
2026-06-19T12:47:22.036319848Z I0619 12:47:22.036171       1 csi_handler.go:273] "Attached" VolumeAttachment="csi-4a87a9e16219ee772c30883bd99f164b2723a4fb40aa89ea757a8a8117f5829c"
2026-06-19T12:47:22.036323370Z I0619 12:47:22.036180       1 util.go:40] "Marking as attached" VolumeAttachment="csi-4a87a9e16219ee772c30883bd99f164b2723a4fb40aa89ea757a8a8117f5829c"
2026-06-19T12:47:22.040614406Z I0619 12:47:22.040297       1 util.go:54] "Marked as attached" VolumeAttachment="csi-4a87a9e16219ee772c30883bd99f164b2723a4fb40aa89ea757a8a8117f5829c"
2026-06-19T12:47:22.040636668Z I0619 12:47:22.040318       1 csi_handler.go:279] "Fully attached" VolumeAttachment="csi-4a87a9e16219ee772c30883bd99f164b2723a4fb40aa89ea757a8a8117f5829c"
2026-06-19T12:47:22.040640762Z I0619 12:47:22.040328       1 csi_handler.go:249] "CSIHandler: finished processing" VolumeAttachment="csi-4a87a9e16219ee772c30883bd99f164b2723a4fb40aa89ea757a8a8117f5829c"
2026-06-19T12:47:22.040643386Z I0619 12:47:22.040361       1 controller.go:213] "Started VolumeAttachment processing" VolumeAttachment="csi-4a87a9e16219ee772c30883bd99f164b2723a4fb40aa89ea757a8a8117f5829c"
2026-06-19T12:47:22.040646260Z I0619 12:47:22.040371       1 csi_handler.go:233] "CSIHandler: processing VolumeAttachment" VolumeAttachment="csi-4a87a9e16219ee772c30883bd99f164b2723a4fb40aa89ea757a8a8117f5829c"
2026-06-19T12:47:22.040648785Z I0619 12:47:22.040379       1 csi_handler.go:256] "VolumeAttachment is already attached" VolumeAttachment="csi-4a87a9e16219ee772c30883bd99f164b2723a4fb40aa89ea757a8a8117f5829c"
2026-06-19T12:47:22.040769734Z I0619 12:47:22.040386       1 csi_handler.go:249] "CSIHandler: finished processing" VolumeAttachment="csi-4a87a9e16219ee772c30883bd99f164b2723a4fb40aa89ea757a8a8117f5829c"
2026-06-19T12:47:24.758442789Z I0619 12:47:24.758317       1 leaderelection.go:293] successfully renewed lease kube-system/external-attacher-leader-ebs-csi-aws-com
2026-06-19T12:47:29.764275782Z I0619 12:47:29.764136       1 leaderelection.go:293] successfully renewed lease kube-system/external-attacher-leader-ebs-csi-aws-com
2026-06-19T12:47:34.770225094Z I0619 12:47:34.770079       1 leaderelection.go:293] successfully renewed lease kube-system/external-attacher-leader-ebs-csi-aws-com
2026-06-19T12:47:39.778361538Z I0619 12:47:39.778232       1 leaderelection.go:293] successfully renewed lease kube-system/external-attacher-leader-ebs-csi-aws-com
2026-06-19T12:47:44.783073074Z I0619 12:47:44.782913       1 leaderelection.go:293] successfully renewed lease kube-system/external-attacher-leader-ebs-csi-aws-com
2026-06-19T12:47:49.788329280Z I0619 12:47:49.788171       1 leaderelection.go:293] successfully renewed lease kube-system/external-attacher-leader-ebs-csi-aws-com
2026-06-19T12:47:54.793711166Z I0619 12:47:54.793402       1 leaderelection.go:293] successfully renewed lease kube-system/external-attacher-leader-ebs-csi-aws-com
2026-06-19T12:47:59.799767443Z I0619 12:47:59.799567       1 leaderelection.go:293] successfully renewed lease kube-system/external-attacher-leader-ebs-csi-aws-com
2026-06-19T12:48:04.825575004Z I0619 12:48:04.825348       1 leaderelection.go:293] successfully renewed lease kube-system/external-attacher-leader-ebs-csi-aws-com
2026-06-19T12:48:09.833600505Z I0619 12:48:09.833404       1 leaderelection.go:293] successfully renewed lease kube-system/external-attacher-leader-ebs-csi-aws-com
2026-06-19T12:48:14.844384749Z I0619 12:48:14.844227       1 leaderelection.go:293] successfully renewed lease kube-system/external-attacher-leader-ebs-csi-aws-com
2026-06-19T12:48:19.849697564Z I0619 12:48:19.849498       1 leaderelection.go:293] successfully renewed lease kube-system/external-attacher-leader-ebs-csi-aws-com
2026-06-19T12:48:24.854752493Z I0619 12:48:24.854503       1 leaderelection.go:293] successfully renewed lease kube-system/external-attacher-leader-ebs-csi-aws-com
2026-06-19T12:48:29.860485150Z I0619 12:48:29.860339       1 leaderelection.go:293] successfully renewed lease kube-system/external-attacher-leader-ebs-csi-aws-com
2026-06-19T12:48:34.865851848Z I0619 12:48:34.865709       1 leaderelection.go:293] successfully renewed lease kube-system/external-attacher-leader-ebs-csi-aws-com
2026-06-19T12:48:39.871785397Z I0619 12:48:39.871649       1 leaderelection.go:293] successfully renewed lease kube-system/external-attacher-leader-ebs-csi-aws-com
2026-06-19T12:48:44.880142047Z I0619 12:48:44.879782       1 leaderelection.go:293] successfully renewed lease kube-system/external-attacher-leader-ebs-csi-aws-com
2026-06-19T12:48:49.886089642Z I0619 12:48:49.885948       1 leaderelection.go:293] successfully renewed lease kube-system/external-attacher-leader-ebs-csi-aws-com
2026-06-19T12:48:54.892411064Z I0619 12:48:54.892078       1 leaderelection.go:293] successfully renewed lease kube-system/external-attacher-leader-ebs-csi-aws-com
2026-06-19T12:48:55.915054020Z I0619 12:48:55.914914       1 reflector.go:946] "Watch close" reflector="k8s.io/client-go/informers/factory.go:160" type="*v1.CSINode" totalItems=9
2026-06-19T12:48:59.900339242Z I0619 12:48:59.900203       1 leaderelection.go:293] successfully renewed lease kube-system/external-attacher-leader-ebs-csi-aws-com
2026-06-19T12:49:04.928662137Z I0619 12:49:04.928518       1 leaderelection.go:293] successfully renewed lease kube-system/external-attacher-leader-ebs-csi-aws-com
2026-06-19T12:49:09.934776769Z I0619 12:49:09.934586       1 leaderelection.go:293] successfully renewed lease kube-system/external-attacher-leader-ebs-csi-aws-com
2026-06-19T12:49:14.943861910Z I0619 12:49:14.943729       1 leaderelection.go:293] successfully renewed lease kube-system/external-attacher-leader-ebs-csi-aws-com
2026-06-19T12:49:19.949664690Z I0619 12:49:19.949493       1 leaderelection.go:293] successfully renewed lease kube-system/external-attacher-leader-ebs-csi-aws-com
2026-06-19T12:49:24.958071002Z I0619 12:49:24.957939       1 leaderelection.go:293] successfully renewed lease kube-system/external-attacher-leader-ebs-csi-aws-com
2026-06-19T12:49:29.963063570Z I0619 12:49:29.962934       1 leaderelection.go:293] successfully renewed lease kube-system/external-attacher-leader-ebs-csi-aws-com
2026-06-19T12:49:34.970221236Z I0619 12:49:34.970096       1 leaderelection.go:293] successfully renewed lease kube-system/external-attacher-leader-ebs-csi-aws-com
2026-06-19T12:49:39.975541876Z I0619 12:49:39.975321       1 leaderelection.go:293] successfully renewed lease kube-system/external-attacher-leader-ebs-csi-aws-com
2026-06-19T12:49:44.981514253Z I0619 12:49:44.981346       1 leaderelection.go:293] successfully renewed lease kube-system/external-attacher-leader-ebs-csi-aws-com
2026-06-19T12:49:49.988565412Z I0619 12:49:49.988435       1 leaderelection.go:293] successfully renewed lease kube-system/external-attacher-leader-ebs-csi-aws-com
2026-06-19T12:49:54.996512393Z I0619 12:49:54.996384       1 leaderelection.go:293] successfully renewed lease kube-system/external-attacher-leader-ebs-csi-aws-com
2026-06-19T12:50:00.050265861Z I0619 12:50:00.034165       1 leaderelection.go:293] successfully renewed lease kube-system/external-attacher-leader-ebs-csi-aws-com
2026-06-19T12:50:04.946798926Z I0619 12:50:04.946193       1 reflector.go:946] "Watch close" reflector="k8s.io/client-go/informers/factory.go:160" type="*v1.PersistentVolume" totalItems=25
2026-06-19T12:50:05.043944006Z I0619 12:50:05.043505       1 leaderelection.go:293] successfully renewed lease kube-system/external-attacher-leader-ebs-csi-aws-com
2026-06-19T12:50:10.049274556Z I0619 12:50:10.049142       1 leaderelection.go:293] successfully renewed lease kube-system/external-attacher-leader-ebs-csi-aws-com
2026-06-19T12:50:15.055943483Z I0619 12:50:15.055789       1 leaderelection.go:293] successfully renewed lease kube-system/external-attacher-leader-ebs-csi-aws-com
2026-06-19T12:50:20.061678001Z I0619 12:50:20.061441       1 leaderelection.go:293] successfully renewed lease kube-system/external-attacher-leader-ebs-csi-aws-com
2026-06-19T12:50:25.066887622Z I0619 12:50:25.066759       1 leaderelection.go:293] successfully renewed lease kube-system/external-attacher-leader-ebs-csi-aws-com
2026-06-19T12:50:30.088329711Z I0619 12:50:30.085898       1 leaderelection.go:293] successfully renewed lease kube-system/external-attacher-leader-ebs-csi-aws-com
2026-06-19T12:50:35.094742825Z I0619 12:50:35.094616       1 leaderelection.go:293] successfully renewed lease kube-system/external-attacher-leader-ebs-csi-aws-com
2026-06-19T12:50:40.101043517Z I0619 12:50:40.100753       1 leaderelection.go:293] successfully renewed lease kube-system/external-attacher-leader-ebs-csi-aws-com
2026-06-19T12:50:45.108479840Z I0619 12:50:45.108331       1 leaderelection.go:293] successfully renewed lease kube-system/external-attacher-leader-ebs-csi-aws-com
2026-06-19T12:50:50.114586121Z I0619 12:50:50.114250       1 leaderelection.go:293] successfully renewed lease kube-system/external-attacher-leader-ebs-csi-aws-com
2026-06-19T12:50:55.120616033Z I0619 12:50:55.120458       1 leaderelection.go:293] successfully renewed lease kube-system/external-attacher-leader-ebs-csi-aws-com
2026-06-19T12:51:00.127248391Z I0619 12:51:00.127079       1 leaderelection.go:293] successfully renewed lease kube-system/external-attacher-leader-ebs-csi-aws-com
2026-06-19T12:51:05.139033503Z I0619 12:51:05.138892       1 leaderelection.go:293] successfully renewed lease kube-system/external-attacher-leader-ebs-csi-aws-com
2026-06-19T12:51:10.145796626Z I0619 12:51:10.145609       1 leaderelection.go:293] successfully renewed lease kube-system/external-attacher-leader-ebs-csi-aws-com
2026-06-19T12:51:15.153192259Z I0619 12:51:15.152792       1 leaderelection.go:293] successfully renewed lease kube-system/external-attacher-leader-ebs-csi-aws-com
2026-06-19T12:51:20.158703359Z I0619 12:51:20.158493       1 leaderelection.go:293] successfully renewed lease kube-system/external-attacher-leader-ebs-csi-aws-com
2026-06-19T12:51:25.167388993Z I0619 12:51:25.167202       1 leaderelection.go:293] successfully renewed lease kube-system/external-attacher-leader-ebs-csi-aws-com
2026-06-19T12:51:30.173435870Z I0619 12:51:30.173166       1 leaderelection.go:293] successfully renewed lease kube-system/external-attacher-leader-ebs-csi-aws-com
2026-06-19T12:51:35.178716707Z I0619 12:51:35.178430       1 leaderelection.go:293] successfully renewed lease kube-system/external-attacher-leader-ebs-csi-aws-com
2026-06-19T12:51:40.184696410Z I0619 12:51:40.184489       1 leaderelection.go:293] successfully renewed lease kube-system/external-attacher-leader-ebs-csi-aws-com
2026-06-19T12:51:45.191384011Z I0619 12:51:45.191221       1 leaderelection.go:293] successfully renewed lease kube-system/external-attacher-leader-ebs-csi-aws-com
2026-06-19T12:51:50.197604714Z I0619 12:51:50.197370       1 leaderelection.go:293] successfully renewed lease kube-system/external-attacher-leader-ebs-csi-aws-com
2026-06-19T12:51:55.203568661Z I0619 12:51:55.203428       1 leaderelection.go:293] successfully renewed lease kube-system/external-attacher-leader-ebs-csi-aws-com
2026-06-19T12:52:00.211371679Z I0619 12:52:00.211222       1 leaderelection.go:293] successfully renewed lease kube-system/external-attacher-leader-ebs-csi-aws-com
2026-06-19T12:52:05.217155405Z I0619 12:52:05.216652       1 leaderelection.go:293] successfully renewed lease kube-system/external-attacher-leader-ebs-csi-aws-com
2026-06-19T12:52:10.222225565Z I0619 12:52:10.222107       1 leaderelection.go:293] successfully renewed lease kube-system/external-attacher-leader-ebs-csi-aws-com
2026-06-19T12:52:15.227348763Z I0619 12:52:15.227149       1 leaderelection.go:293] successfully renewed lease kube-system/external-attacher-leader-ebs-csi-aws-com
2026-06-19T12:52:20.235736315Z I0619 12:52:20.235616       1 leaderelection.go:293] successfully renewed lease kube-system/external-attacher-leader-ebs-csi-aws-com
2026-06-19T12:52:25.241814604Z I0619 12:52:25.241695       1 leaderelection.go:293] successfully renewed lease kube-system/external-attacher-leader-ebs-csi-aws-com
2026-06-19T12:52:30.247442836Z I0619 12:52:30.247309       1 leaderelection.go:293] successfully renewed lease kube-system/external-attacher-leader-ebs-csi-aws-com
2026-06-19T12:52:35.252678303Z I0619 12:52:35.252374       1 leaderelection.go:293] successfully renewed lease kube-system/external-attacher-leader-ebs-csi-aws-com
2026-06-19T12:52:40.258627816Z I0619 12:52:40.258478       1 leaderelection.go:293] successfully renewed lease kube-system/external-attacher-leader-ebs-csi-aws-com
2026-06-19T12:52:45.264371699Z I0619 12:52:45.264061       1 leaderelection.go:293] successfully renewed lease kube-system/external-attacher-leader-ebs-csi-aws-com
2026-06-19T12:52:50.270481256Z I0619 12:52:50.270337       1 leaderelection.go:293] successfully renewed lease kube-system/external-attacher-leader-ebs-csi-aws-com
2026-06-19T12:52:55.275171510Z I0619 12:52:55.274999       1 leaderelection.go:293] successfully renewed lease kube-system/external-attacher-leader-ebs-csi-aws-com
2026-06-19T12:53:00.283110487Z I0619 12:53:00.282961       1 leaderelection.go:293] successfully renewed lease kube-system/external-attacher-leader-ebs-csi-aws-com
2026-06-19T12:53:05.290775836Z I0619 12:53:05.290586       1 leaderelection.go:293] successfully renewed lease kube-system/external-attacher-leader-ebs-csi-aws-com
2026-06-19T12:53:10.295591766Z I0619 12:53:10.295366       1 leaderelection.go:293] successfully renewed lease kube-system/external-attacher-leader-ebs-csi-aws-com
2026-06-19T12:53:15.301458016Z I0619 12:53:15.301321       1 leaderelection.go:293] successfully renewed lease kube-system/external-attacher-leader-ebs-csi-aws-com
2026-06-19T12:53:20.307475278Z I0619 12:53:20.307345       1 leaderelection.go:293] successfully renewed lease kube-system/external-attacher-leader-ebs-csi-aws-com
2026-06-19T12:53:24.024805710Z I0619 12:53:24.024536       1 reflector.go:946] "Watch close" reflector="k8s.io/client-go/informers/factory.go:160" type="*v1.VolumeAttachment" totalItems=17
2026-06-19T12:53:25.318164928Z I0619 12:53:25.317925       1 leaderelection.go:293] successfully renewed lease kube-system/external-attacher-leader-ebs-csi-aws-com
2026-06-19T12:53:30.324259848Z I0619 12:53:30.324136       1 leaderelection.go:293] successfully renewed lease kube-system/external-attacher-leader-ebs-csi-aws-com
2026-06-19T12:53:35.331714297Z I0619 12:53:35.331265       1 leaderelection.go:293] successfully renewed lease kube-system/external-attacher-leader-ebs-csi-aws-com
2026-06-19T12:53:40.339991909Z I0619 12:53:40.339847       1 leaderelection.go:293] successfully renewed lease kube-system/external-attacher-leader-ebs-csi-aws-com
2026-06-19T12:53:45.346157657Z I0619 12:53:45.346029       1 leaderelection.go:293] successfully renewed lease kube-system/external-attacher-leader-ebs-csi-aws-com
2026-06-19T12:53:50.351195969Z I0619 12:53:50.351079       1 leaderelection.go:293] successfully renewed lease kube-system/external-attacher-leader-ebs-csi-aws-com
2026-06-19T12:53:55.359303683Z I0619 12:53:55.359190       1 leaderelection.go:293] successfully renewed lease kube-system/external-attacher-leader-ebs-csi-aws-com
2026-06-19T12:54:00.365729657Z I0619 12:54:00.365570       1 leaderelection.go:293] successfully renewed lease kube-system/external-attacher-leader-ebs-csi-aws-com
2026-06-19T12:54:05.379995754Z I0619 12:54:05.379720       1 leaderelection.go:293] successfully renewed lease kube-system/external-attacher-leader-ebs-csi-aws-com
2026-06-19T12:54:10.388597601Z I0619 12:54:10.388392       1 leaderelection.go:293] successfully renewed lease kube-system/external-attacher-leader-ebs-csi-aws-com
2026-06-19T12:54:15.394098571Z I0619 12:54:15.393931       1 leaderelection.go:293] successfully renewed lease kube-system/external-attacher-leader-ebs-csi-aws-com
2026-06-19T12:54:20.399421955Z I0619 12:54:20.399267       1 leaderelection.go:293] successfully renewed lease kube-system/external-attacher-leader-ebs-csi-aws-com
2026-06-19T12:54:25.405460012Z I0619 12:54:25.405341       1 leaderelection.go:293] successfully renewed lease kube-system/external-attacher-leader-ebs-csi-aws-com
2026-06-19T12:54:30.417696106Z I0619 12:54:30.417414       1 leaderelection.go:293] successfully renewed lease kube-system/external-attacher-leader-ebs-csi-aws-com
2026-06-19T12:54:35.423807581Z I0619 12:54:35.423659       1 leaderelection.go:293] successfully renewed lease kube-system/external-attacher-leader-ebs-csi-aws-com
2026-06-19T12:54:40.430224102Z I0619 12:54:40.430081       1 leaderelection.go:293] successfully renewed lease kube-system/external-attacher-leader-ebs-csi-aws-com
2026-06-19T12:54:45.438035178Z I0619 12:54:45.437848       1 leaderelection.go:293] successfully renewed lease kube-system/external-attacher-leader-ebs-csi-aws-com
2026-06-19T12:54:50.444267110Z I0619 12:54:50.444144       1 leaderelection.go:293] successfully renewed lease kube-system/external-attacher-leader-ebs-csi-aws-com
2026-06-19T12:54:55.451421240Z I0619 12:54:55.451292       1 leaderelection.go:293] successfully renewed lease kube-system/external-attacher-leader-ebs-csi-aws-com
2026-06-19T12:55:00.458244831Z I0619 12:55:00.458121       1 leaderelection.go:293] successfully renewed lease kube-system/external-attacher-leader-ebs-csi-aws-com
2026-06-19T12:55:05.475200188Z I0619 12:55:05.474185       1 leaderelection.go:293] successfully renewed lease kube-system/external-attacher-leader-ebs-csi-aws-com
2026-06-19T12:55:10.480764328Z I0619 12:55:10.480636       1 leaderelection.go:293] successfully renewed lease kube-system/external-attacher-leader-ebs-csi-aws-com
2026-06-19T12:55:15.487781289Z I0619 12:55:15.487630       1 leaderelection.go:293] successfully renewed lease kube-system/external-attacher-leader-ebs-csi-aws-com
2026-06-19T12:55:20.494240845Z I0619 12:55:20.494066       1 leaderelection.go:293] successfully renewed lease kube-system/external-attacher-leader-ebs-csi-aws-com
2026-06-19T12:55:25.501342939Z I0619 12:55:25.501154       1 leaderelection.go:293] successfully renewed lease kube-system/external-attacher-leader-ebs-csi-aws-com
2026-06-19T12:55:30.507430163Z I0619 12:55:30.507264       1 leaderelection.go:293] successfully renewed lease kube-system/external-attacher-leader-ebs-csi-aws-com
2026-06-19T12:55:35.513649772Z I0619 12:55:35.513509       1 leaderelection.go:293] successfully renewed lease kube-system/external-attacher-leader-ebs-csi-aws-com
2026-06-19T12:55:40.519398964Z I0619 12:55:40.519222       1 leaderelection.go:293] successfully renewed lease kube-system/external-attacher-leader-ebs-csi-aws-com
2026-06-19T12:55:42.840819312Z I0619 12:55:42.840540       1 reflector.go:450] "Forcing resync" reflector="k8s.io/client-go/informers/factory.go:160"
2026-06-19T12:55:42.848094608Z I0619 12:55:42.847805       1 reflector.go:450] "Forcing resync" reflector="k8s.io/client-go/informers/factory.go:160"
2026-06-19T12:55:42.848124902Z I0619 12:55:42.847902       1 controller.go:213] "Started VolumeAttachment processing" VolumeAttachment="csi-92e69d93d6e363720b3d4368f65741d1d58c74f9cfa3e68b42e33cd9fc4c2b62"
2026-06-19T12:55:42.848128335Z I0619 12:55:42.847919       1 csi_handler.go:233] "CSIHandler: processing VolumeAttachment" VolumeAttachment="csi-92e69d93d6e363720b3d4368f65741d1d58c74f9cfa3e68b42e33cd9fc4c2b62"
2026-06-19T12:55:42.848131210Z I0619 12:55:42.847942       1 csi_handler.go:256] "VolumeAttachment is already attached" VolumeAttachment="csi-92e69d93d6e363720b3d4368f65741d1d58c74f9cfa3e68b42e33cd9fc4c2b62"
2026-06-19T12:55:42.848133651Z I0619 12:55:42.847951       1 csi_handler.go:249] "CSIHandler: finished processing" VolumeAttachment="csi-92e69d93d6e363720b3d4368f65741d1d58c74f9cfa3e68b42e33cd9fc4c2b62"
2026-06-19T12:55:42.848136379Z I0619 12:55:42.847968       1 controller.go:213] "Started VolumeAttachment processing" VolumeAttachment="csi-4a87a9e16219ee772c30883bd99f164b2723a4fb40aa89ea757a8a8117f5829c"
2026-06-19T12:55:42.848140153Z I0619 12:55:42.847975       1 csi_handler.go:233] "CSIHandler: processing VolumeAttachment" VolumeAttachment="csi-4a87a9e16219ee772c30883bd99f164b2723a4fb40aa89ea757a8a8117f5829c"
2026-06-19T12:55:42.848142709Z I0619 12:55:42.847988       1 csi_handler.go:256] "VolumeAttachment is already attached" VolumeAttachment="csi-4a87a9e16219ee772c30883bd99f164b2723a4fb40aa89ea757a8a8117f5829c"
2026-06-19T12:55:42.848248840Z I0619 12:55:42.847995       1 csi_handler.go:249] "CSIHandler: finished processing" VolumeAttachment="csi-4a87a9e16219ee772c30883bd99f164b2723a4fb40aa89ea757a8a8117f5829c"
2026-06-19T12:55:45.527468930Z I0619 12:55:45.527225       1 leaderelection.go:293] successfully renewed lease kube-system/external-attacher-leader-ebs-csi-aws-com
2026-06-19T12:55:50.535721424Z I0619 12:55:50.535593       1 leaderelection.go:293] successfully renewed lease kube-system/external-attacher-leader-ebs-csi-aws-com
2026-06-19T12:55:55.541744115Z I0619 12:55:55.541588       1 leaderelection.go:293] successfully renewed lease kube-system/external-attacher-leader-ebs-csi-aws-com
2026-06-19T12:56:00.550582533Z I0619 12:56:00.550446       1 leaderelection.go:293] successfully renewed lease kube-system/external-attacher-leader-ebs-csi-aws-com
2026-06-19T12:56:05.563216825Z I0619 12:56:05.563041       1 leaderelection.go:293] successfully renewed lease kube-system/external-attacher-leader-ebs-csi-aws-com
2026-06-19T12:56:10.571099029Z I0619 12:56:10.570698       1 leaderelection.go:293] successfully renewed lease kube-system/external-attacher-leader-ebs-csi-aws-com
2026-06-19T12:56:15.576095580Z I0619 12:56:15.575956       1 leaderelection.go:293] successfully renewed lease kube-system/external-attacher-leader-ebs-csi-aws-com
2026-06-19T12:56:20.583447560Z I0619 12:56:20.583085       1 leaderelection.go:293] successfully renewed lease kube-system/external-attacher-leader-ebs-csi-aws-com
2026-06-19T12:56:25.595644866Z I0619 12:56:25.595193       1 leaderelection.go:293] successfully renewed lease kube-system/external-attacher-leader-ebs-csi-aws-com
2026-06-19T12:56:30.602266243Z I0619 12:56:30.602135       1 leaderelection.go:293] successfully renewed lease kube-system/external-attacher-leader-ebs-csi-aws-com
2026-06-19T12:56:35.607944390Z I0619 12:56:35.607819       1 leaderelection.go:293] successfully renewed lease kube-system/external-attacher-leader-ebs-csi-aws-com
2026-06-19T12:56:40.613859948Z I0619 12:56:40.613670       1 leaderelection.go:293] successfully renewed lease kube-system/external-attacher-leader-ebs-csi-aws-com
2026-06-19T12:56:45.620156525Z I0619 12:56:45.619948       1 leaderelection.go:293] successfully renewed lease kube-system/external-attacher-leader-ebs-csi-aws-com
2026-06-19T12:56:50.627154519Z I0619 12:56:50.626951       1 leaderelection.go:293] successfully renewed lease kube-system/external-attacher-leader-ebs-csi-aws-com
2026-06-19T12:56:55.634012457Z I0619 12:56:55.633856       1 leaderelection.go:293] successfully renewed lease kube-system/external-attacher-leader-ebs-csi-aws-com
2026-06-19T12:57:00.639938963Z I0619 12:57:00.639781       1 leaderelection.go:293] successfully renewed lease kube-system/external-attacher-leader-ebs-csi-aws-com
2026-06-19T12:57:05.646499525Z I0619 12:57:05.646327       1 leaderelection.go:293] successfully renewed lease kube-system/external-attacher-leader-ebs-csi-aws-com
2026-06-19T12:57:10.652400252Z I0619 12:57:10.652270       1 leaderelection.go:293] successfully renewed lease kube-system/external-attacher-leader-ebs-csi-aws-com
2026-06-19T12:57:15.658153396Z I0619 12:57:15.658004       1 leaderelection.go:293] successfully renewed lease kube-system/external-attacher-leader-ebs-csi-aws-com
2026-06-19T12:57:20.663600127Z I0619 12:57:20.663443       1 leaderelection.go:293] successfully renewed lease kube-system/external-attacher-leader-ebs-csi-aws-com
2026-06-19T12:57:25.668760001Z I0619 12:57:25.668629       1 leaderelection.go:293] successfully renewed lease kube-system/external-attacher-leader-ebs-csi-aws-com
2026-06-19T12:57:30.676990123Z I0619 12:57:30.676705       1 leaderelection.go:293] successfully renewed lease kube-system/external-attacher-leader-ebs-csi-aws-com
