2026-06-19T09:57:34.348625579Z I0619 09:57:34.348470       1 leaderelection.go:293] successfully renewed lease kube-system/external-resizer-ebs-csi-aws-com
2026-06-19T09:57:39.354644545Z I0619 09:57:39.354363       1 leaderelection.go:293] successfully renewed lease kube-system/external-resizer-ebs-csi-aws-com
2026-06-19T09:57:44.360832350Z I0619 09:57:44.360622       1 leaderelection.go:293] successfully renewed lease kube-system/external-resizer-ebs-csi-aws-com
2026-06-19T09:57:49.366882317Z I0619 09:57:49.366724       1 leaderelection.go:293] successfully renewed lease kube-system/external-resizer-ebs-csi-aws-com
2026-06-19T09:57:54.373188514Z I0619 09:57:54.372799       1 leaderelection.go:293] successfully renewed lease kube-system/external-resizer-ebs-csi-aws-com
2026-06-19T09:57:59.382168583Z I0619 09:57:59.382038       1 leaderelection.go:293] successfully renewed lease kube-system/external-resizer-ebs-csi-aws-com
2026-06-19T09:58:04.393312567Z I0619 09:58:04.392748       1 leaderelection.go:293] successfully renewed lease kube-system/external-resizer-ebs-csi-aws-com
2026-06-19T09:58:09.399191652Z I0619 09:58:09.399062       1 leaderelection.go:293] successfully renewed lease kube-system/external-resizer-ebs-csi-aws-com
2026-06-19T09:58:14.407764632Z I0619 09:58:14.407633       1 leaderelection.go:293] successfully renewed lease kube-system/external-resizer-ebs-csi-aws-com
2026-06-19T09:58:19.413934430Z I0619 09:58:19.413809       1 leaderelection.go:293] successfully renewed lease kube-system/external-resizer-ebs-csi-aws-com
2026-06-19T09:58:24.419645337Z I0619 09:58:24.419488       1 leaderelection.go:293] successfully renewed lease kube-system/external-resizer-ebs-csi-aws-com
2026-06-19T09:58:29.425223036Z I0619 09:58:29.424919       1 leaderelection.go:293] successfully renewed lease kube-system/external-resizer-ebs-csi-aws-com
2026-06-19T09:58:34.431296024Z I0619 09:58:34.431141       1 leaderelection.go:293] successfully renewed lease kube-system/external-resizer-ebs-csi-aws-com
2026-06-19T09:58:39.437479404Z I0619 09:58:39.437344       1 leaderelection.go:293] successfully renewed lease kube-system/external-resizer-ebs-csi-aws-com
2026-06-19T09:58:44.448446164Z I0619 09:58:44.448279       1 leaderelection.go:293] successfully renewed lease kube-system/external-resizer-ebs-csi-aws-com
2026-06-19T09:58:49.454831366Z I0619 09:58:49.454640       1 leaderelection.go:293] successfully renewed lease kube-system/external-resizer-ebs-csi-aws-com
2026-06-19T09:58:54.463403867Z I0619 09:58:54.463101       1 leaderelection.go:293] successfully renewed lease kube-system/external-resizer-ebs-csi-aws-com
2026-06-19T09:58:59.469599993Z I0619 09:58:59.469134       1 leaderelection.go:293] successfully renewed lease kube-system/external-resizer-ebs-csi-aws-com
2026-06-19T09:59:04.479678283Z I0619 09:59:04.479503       1 leaderelection.go:293] successfully renewed lease kube-system/external-resizer-ebs-csi-aws-com
2026-06-19T09:59:09.485810589Z I0619 09:59:09.485641       1 leaderelection.go:293] successfully renewed lease kube-system/external-resizer-ebs-csi-aws-com
2026-06-19T09:59:14.491460983Z I0619 09:59:14.491267       1 leaderelection.go:293] successfully renewed lease kube-system/external-resizer-ebs-csi-aws-com
2026-06-19T09:59:19.500074827Z I0619 09:59:19.499946       1 leaderelection.go:293] successfully renewed lease kube-system/external-resizer-ebs-csi-aws-com
2026-06-19T09:59:24.506581091Z I0619 09:59:24.506420       1 leaderelection.go:293] successfully renewed lease kube-system/external-resizer-ebs-csi-aws-com
2026-06-19T09:59:29.512514774Z I0619 09:59:29.512390       1 leaderelection.go:293] successfully renewed lease kube-system/external-resizer-ebs-csi-aws-com
2026-06-19T09:59:34.520044650Z I0619 09:59:34.519921       1 leaderelection.go:293] successfully renewed lease kube-system/external-resizer-ebs-csi-aws-com
2026-06-19T09:59:39.526462219Z I0619 09:59:39.526315       1 leaderelection.go:293] successfully renewed lease kube-system/external-resizer-ebs-csi-aws-com
2026-06-19T09:59:44.532277686Z I0619 09:59:44.532142       1 leaderelection.go:293] successfully renewed lease kube-system/external-resizer-ebs-csi-aws-com
2026-06-19T09:59:49.539054655Z I0619 09:59:49.538917       1 leaderelection.go:293] successfully renewed lease kube-system/external-resizer-ebs-csi-aws-com
2026-06-19T09:59:54.546018326Z I0619 09:59:54.545849       1 leaderelection.go:293] successfully renewed lease kube-system/external-resizer-ebs-csi-aws-com
2026-06-19T09:59:59.555004464Z I0619 09:59:59.554863       1 leaderelection.go:293] successfully renewed lease kube-system/external-resizer-ebs-csi-aws-com
2026-06-19T10:00:04.710284825Z I0619 10:00:04.710165       1 leaderelection.go:293] successfully renewed lease kube-system/external-resizer-ebs-csi-aws-com
2026-06-19T10:00:09.812955291Z I0619 10:00:09.812734       1 leaderelection.go:293] successfully renewed lease kube-system/external-resizer-ebs-csi-aws-com
2026-06-19T10:00:14.818606459Z I0619 10:00:14.818425       1 leaderelection.go:293] successfully renewed lease kube-system/external-resizer-ebs-csi-aws-com
2026-06-19T10:00:19.827677442Z I0619 10:00:19.827508       1 leaderelection.go:293] successfully renewed lease kube-system/external-resizer-ebs-csi-aws-com
2026-06-19T10:00:24.835341176Z I0619 10:00:24.835167       1 leaderelection.go:293] successfully renewed lease kube-system/external-resizer-ebs-csi-aws-com
2026-06-19T10:00:29.841526689Z I0619 10:00:29.841399       1 leaderelection.go:293] successfully renewed lease kube-system/external-resizer-ebs-csi-aws-com
2026-06-19T10:00:34.847091034Z I0619 10:00:34.846942       1 leaderelection.go:293] successfully renewed lease kube-system/external-resizer-ebs-csi-aws-com
2026-06-19T10:00:39.853240741Z I0619 10:00:39.852934       1 leaderelection.go:293] successfully renewed lease kube-system/external-resizer-ebs-csi-aws-com
2026-06-19T10:00:44.859019764Z I0619 10:00:44.858889       1 leaderelection.go:293] successfully renewed lease kube-system/external-resizer-ebs-csi-aws-com
2026-06-19T10:00:49.865271687Z I0619 10:00:49.864971       1 leaderelection.go:293] successfully renewed lease kube-system/external-resizer-ebs-csi-aws-com
2026-06-19T10:00:54.870988245Z I0619 10:00:54.870852       1 leaderelection.go:293] successfully renewed lease kube-system/external-resizer-ebs-csi-aws-com
2026-06-19T10:00:59.876525677Z I0619 10:00:59.876383       1 leaderelection.go:293] successfully renewed lease kube-system/external-resizer-ebs-csi-aws-com
2026-06-19T10:01:04.915036389Z I0619 10:01:04.914836       1 leaderelection.go:293] successfully renewed lease kube-system/external-resizer-ebs-csi-aws-com
2026-06-19T10:01:09.921185415Z I0619 10:01:09.920851       1 leaderelection.go:293] successfully renewed lease kube-system/external-resizer-ebs-csi-aws-com
2026-06-19T10:01:14.927756085Z I0619 10:01:14.927638       1 leaderelection.go:293] successfully renewed lease kube-system/external-resizer-ebs-csi-aws-com
2026-06-19T10:01:19.936292985Z I0619 10:01:19.936152       1 leaderelection.go:293] successfully renewed lease kube-system/external-resizer-ebs-csi-aws-com
2026-06-19T10:01:24.941380130Z I0619 10:01:24.941153       1 leaderelection.go:293] successfully renewed lease kube-system/external-resizer-ebs-csi-aws-com
2026-06-19T10:01:29.947141640Z I0619 10:01:29.947008       1 leaderelection.go:293] successfully renewed lease kube-system/external-resizer-ebs-csi-aws-com
2026-06-19T10:01:34.955717853Z I0619 10:01:34.955399       1 leaderelection.go:293] successfully renewed lease kube-system/external-resizer-ebs-csi-aws-com
2026-06-19T10:01:39.964484160Z I0619 10:01:39.964315       1 leaderelection.go:293] successfully renewed lease kube-system/external-resizer-ebs-csi-aws-com
2026-06-19T10:01:44.970837423Z I0619 10:01:44.970685       1 leaderelection.go:293] successfully renewed lease kube-system/external-resizer-ebs-csi-aws-com
2026-06-19T10:01:49.976869471Z I0619 10:01:49.976726       1 leaderelection.go:293] successfully renewed lease kube-system/external-resizer-ebs-csi-aws-com
2026-06-19T10:01:54.982302163Z I0619 10:01:54.981816       1 leaderelection.go:293] successfully renewed lease kube-system/external-resizer-ebs-csi-aws-com
2026-06-19T10:01:59.987154257Z I0619 10:01:59.986872       1 leaderelection.go:293] successfully renewed lease kube-system/external-resizer-ebs-csi-aws-com
2026-06-19T10:02:04.994232334Z I0619 10:02:04.993909       1 leaderelection.go:293] successfully renewed lease kube-system/external-resizer-ebs-csi-aws-com
2026-06-19T10:02:09.999180480Z I0619 10:02:09.998952       1 leaderelection.go:293] successfully renewed lease kube-system/external-resizer-ebs-csi-aws-com
2026-06-19T10:02:15.014047925Z I0619 10:02:15.012669       1 leaderelection.go:293] successfully renewed lease kube-system/external-resizer-ebs-csi-aws-com
2026-06-19T10:02:20.021296588Z I0619 10:02:20.021143       1 leaderelection.go:293] successfully renewed lease kube-system/external-resizer-ebs-csi-aws-com
2026-06-19T10:02:25.027742927Z I0619 10:02:25.027601       1 leaderelection.go:293] successfully renewed lease kube-system/external-resizer-ebs-csi-aws-com
2026-06-19T10:02:30.035256842Z I0619 10:02:30.034940       1 leaderelection.go:293] successfully renewed lease kube-system/external-resizer-ebs-csi-aws-com
2026-06-19T10:02:35.041852214Z I0619 10:02:35.041728       1 leaderelection.go:293] successfully renewed lease kube-system/external-resizer-ebs-csi-aws-com
2026-06-19T10:02:40.048170596Z I0619 10:02:40.047888       1 leaderelection.go:293] successfully renewed lease kube-system/external-resizer-ebs-csi-aws-com
2026-06-19T10:02:45.054453366Z I0619 10:02:45.054180       1 leaderelection.go:293] successfully renewed lease kube-system/external-resizer-ebs-csi-aws-com
2026-06-19T10:02:50.060047364Z I0619 10:02:50.059912       1 leaderelection.go:293] successfully renewed lease kube-system/external-resizer-ebs-csi-aws-com
2026-06-19T10:02:55.067169392Z I0619 10:02:55.066967       1 leaderelection.go:293] successfully renewed lease kube-system/external-resizer-ebs-csi-aws-com
2026-06-19T10:03:00.079281827Z I0619 10:03:00.079105       1 leaderelection.go:293] successfully renewed lease kube-system/external-resizer-ebs-csi-aws-com
2026-06-19T10:03:05.086503968Z I0619 10:03:05.086369       1 leaderelection.go:293] successfully renewed lease kube-system/external-resizer-ebs-csi-aws-com
2026-06-19T10:03:10.092512710Z I0619 10:03:10.092376       1 leaderelection.go:293] successfully renewed lease kube-system/external-resizer-ebs-csi-aws-com
2026-06-19T10:03:15.098212737Z I0619 10:03:15.098063       1 leaderelection.go:293] successfully renewed lease kube-system/external-resizer-ebs-csi-aws-com
2026-06-19T10:03:20.106672968Z I0619 10:03:20.106460       1 leaderelection.go:293] successfully renewed lease kube-system/external-resizer-ebs-csi-aws-com
2026-06-19T10:03:25.114340703Z I0619 10:03:25.114183       1 leaderelection.go:293] successfully renewed lease kube-system/external-resizer-ebs-csi-aws-com
2026-06-19T10:03:30.119616647Z I0619 10:03:30.119436       1 leaderelection.go:293] successfully renewed lease kube-system/external-resizer-ebs-csi-aws-com
2026-06-19T10:03:35.125861963Z I0619 10:03:35.125724       1 leaderelection.go:293] successfully renewed lease kube-system/external-resizer-ebs-csi-aws-com
2026-06-19T10:03:40.133241383Z I0619 10:03:40.132875       1 leaderelection.go:293] successfully renewed lease kube-system/external-resizer-ebs-csi-aws-com
2026-06-19T10:03:45.143005608Z I0619 10:03:45.142879       1 leaderelection.go:293] successfully renewed lease kube-system/external-resizer-ebs-csi-aws-com
2026-06-19T10:03:48.809457439Z I0619 10:03:48.808884       1 reflector.go:946] "Watch close" reflector="k8s.io/client-go/informers/factory.go:160" type="*v1.PersistentVolumeClaim" totalItems=11
2026-06-19T10:03:50.149331824Z I0619 10:03:50.149199       1 leaderelection.go:293] successfully renewed lease kube-system/external-resizer-ebs-csi-aws-com
2026-06-19T10:03:55.155520293Z I0619 10:03:55.155374       1 leaderelection.go:293] successfully renewed lease kube-system/external-resizer-ebs-csi-aws-com
2026-06-19T10:04:00.164015227Z I0619 10:04:00.163716       1 leaderelection.go:293] successfully renewed lease kube-system/external-resizer-ebs-csi-aws-com
2026-06-19T10:04:02.814332545Z I0619 10:04:02.807059       1 reflector.go:946] "Watch close" reflector="k8s.io/client-go/informers/factory.go:160" type="*v1.PersistentVolume" totalItems=9
2026-06-19T10:04:05.177169827Z I0619 10:04:05.176878       1 leaderelection.go:293] successfully renewed lease kube-system/external-resizer-ebs-csi-aws-com
2026-06-19T10:04:10.182882560Z I0619 10:04:10.182762       1 leaderelection.go:293] successfully renewed lease kube-system/external-resizer-ebs-csi-aws-com
2026-06-19T10:04:15.188533725Z I0619 10:04:15.188370       1 leaderelection.go:293] successfully renewed lease kube-system/external-resizer-ebs-csi-aws-com
2026-06-19T10:04:20.194585999Z I0619 10:04:20.194431       1 leaderelection.go:293] successfully renewed lease kube-system/external-resizer-ebs-csi-aws-com
2026-06-19T10:04:25.200938611Z I0619 10:04:25.200817       1 leaderelection.go:293] successfully renewed lease kube-system/external-resizer-ebs-csi-aws-com
2026-06-19T10:04:30.207649299Z I0619 10:04:30.207506       1 leaderelection.go:293] successfully renewed lease kube-system/external-resizer-ebs-csi-aws-com
2026-06-19T10:04:35.213495391Z I0619 10:04:35.213373       1 leaderelection.go:293] successfully renewed lease kube-system/external-resizer-ebs-csi-aws-com
2026-06-19T10:04:40.219265270Z I0619 10:04:40.219125       1 leaderelection.go:293] successfully renewed lease kube-system/external-resizer-ebs-csi-aws-com
2026-06-19T10:04:45.226107830Z I0619 10:04:45.225976       1 leaderelection.go:293] successfully renewed lease kube-system/external-resizer-ebs-csi-aws-com
2026-06-19T10:04:50.232839319Z I0619 10:04:50.232701       1 leaderelection.go:293] successfully renewed lease kube-system/external-resizer-ebs-csi-aws-com
2026-06-19T10:04:55.238774035Z I0619 10:04:55.238639       1 leaderelection.go:293] successfully renewed lease kube-system/external-resizer-ebs-csi-aws-com
2026-06-19T10:05:00.245006482Z I0619 10:05:00.244855       1 leaderelection.go:293] successfully renewed lease kube-system/external-resizer-ebs-csi-aws-com
2026-06-19T10:05:05.287919757Z I0619 10:05:05.287790       1 leaderelection.go:293] successfully renewed lease kube-system/external-resizer-ebs-csi-aws-com
2026-06-19T10:05:10.294594208Z I0619 10:05:10.294445       1 leaderelection.go:293] successfully renewed lease kube-system/external-resizer-ebs-csi-aws-com
2026-06-19T10:05:15.299516433Z I0619 10:05:15.299381       1 leaderelection.go:293] successfully renewed lease kube-system/external-resizer-ebs-csi-aws-com
2026-06-19T10:05:20.305777116Z I0619 10:05:20.305648       1 leaderelection.go:293] successfully renewed lease kube-system/external-resizer-ebs-csi-aws-com
2026-06-19T10:05:25.311169382Z I0619 10:05:25.311038       1 leaderelection.go:293] successfully renewed lease kube-system/external-resizer-ebs-csi-aws-com
2026-06-19T10:05:30.316835599Z I0619 10:05:30.316687       1 leaderelection.go:293] successfully renewed lease kube-system/external-resizer-ebs-csi-aws-com
2026-06-19T10:05:35.322513193Z I0619 10:05:35.322281       1 leaderelection.go:293] successfully renewed lease kube-system/external-resizer-ebs-csi-aws-com
2026-06-19T10:05:40.330810790Z I0619 10:05:40.330656       1 leaderelection.go:293] successfully renewed lease kube-system/external-resizer-ebs-csi-aws-com
2026-06-19T10:05:44.735790745Z I0619 10:05:44.735452       1 reflector.go:450] "Forcing resync" reflector="k8s.io/client-go/informers/factory.go:160"
2026-06-19T10:05:44.735843243Z I0619 10:05:44.735575       1 controller.go:327] "Started PVC processing for resize controller" key="kubentic-foresight/server-volume-vlogs-server-0"
2026-06-19T10:05:44.735849452Z I0619 10:05:44.735581       1 controller.go:327] "Started PVC processing for resize controller" key="kubentic-foresight/vmsingle-vmstack"
2026-06-19T10:05:44.735851355Z I0619 10:05:44.735591       1 controller.go:375] "No need to resize PVC" PVC="kubentic-foresight/server-volume-vlogs-server-0"
2026-06-19T10:05:44.735853596Z I0619 10:05:44.735595       1 controller.go:375] "No need to resize PVC" PVC="kubentic-foresight/vmsingle-vmstack"
2026-06-19T10:05:45.338246776Z I0619 10:05:45.338143       1 leaderelection.go:293] successfully renewed lease kube-system/external-resizer-ebs-csi-aws-com
2026-06-19T10:05:50.344377217Z I0619 10:05:50.344248       1 leaderelection.go:293] successfully renewed lease kube-system/external-resizer-ebs-csi-aws-com
2026-06-19T10:05:55.349923270Z I0619 10:05:55.349694       1 leaderelection.go:293] successfully renewed lease kube-system/external-resizer-ebs-csi-aws-com
2026-06-19T10:06:00.355665706Z I0619 10:06:00.355241       1 leaderelection.go:293] successfully renewed lease kube-system/external-resizer-ebs-csi-aws-com
2026-06-19T10:06:05.360916657Z I0619 10:06:05.360795       1 leaderelection.go:293] successfully renewed lease kube-system/external-resizer-ebs-csi-aws-com
2026-06-19T10:06:10.367294979Z I0619 10:06:10.367169       1 leaderelection.go:293] successfully renewed lease kube-system/external-resizer-ebs-csi-aws-com
2026-06-19T10:06:15.372631796Z I0619 10:06:15.372221       1 leaderelection.go:293] successfully renewed lease kube-system/external-resizer-ebs-csi-aws-com
2026-06-19T10:06:20.381765405Z I0619 10:06:20.381604       1 leaderelection.go:293] successfully renewed lease kube-system/external-resizer-ebs-csi-aws-com
2026-06-19T10:06:25.387617145Z I0619 10:06:25.387460       1 leaderelection.go:293] successfully renewed lease kube-system/external-resizer-ebs-csi-aws-com
2026-06-19T10:06:30.393958154Z I0619 10:06:30.393835       1 leaderelection.go:293] successfully renewed lease kube-system/external-resizer-ebs-csi-aws-com
2026-06-19T10:06:35.399731936Z I0619 10:06:35.399570       1 leaderelection.go:293] successfully renewed lease kube-system/external-resizer-ebs-csi-aws-com
2026-06-19T10:06:40.405348649Z I0619 10:06:40.404937       1 leaderelection.go:293] successfully renewed lease kube-system/external-resizer-ebs-csi-aws-com
2026-06-19T10:06:45.412997993Z I0619 10:06:45.412761       1 leaderelection.go:293] successfully renewed lease kube-system/external-resizer-ebs-csi-aws-com
2026-06-19T10:06:50.418488580Z I0619 10:06:50.418348       1 leaderelection.go:293] successfully renewed lease kube-system/external-resizer-ebs-csi-aws-com
2026-06-19T10:06:55.426374680Z I0619 10:06:55.426236       1 leaderelection.go:293] successfully renewed lease kube-system/external-resizer-ebs-csi-aws-com
2026-06-19T10:07:00.432794152Z I0619 10:07:00.432664       1 leaderelection.go:293] successfully renewed lease kube-system/external-resizer-ebs-csi-aws-com
2026-06-19T10:07:05.438757152Z I0619 10:07:05.438634       1 leaderelection.go:293] successfully renewed lease kube-system/external-resizer-ebs-csi-aws-com
2026-06-19T10:07:10.445305424Z I0619 10:07:10.444989       1 leaderelection.go:293] successfully renewed lease kube-system/external-resizer-ebs-csi-aws-com
2026-06-19T10:07:15.451505702Z I0619 10:07:15.451380       1 leaderelection.go:293] successfully renewed lease kube-system/external-resizer-ebs-csi-aws-com
2026-06-19T10:07:20.457662942Z I0619 10:07:20.457511       1 leaderelection.go:293] successfully renewed lease kube-system/external-resizer-ebs-csi-aws-com
2026-06-19T10:07:25.464397902Z I0619 10:07:25.464216       1 leaderelection.go:293] successfully renewed lease kube-system/external-resizer-ebs-csi-aws-com
2026-06-19T10:07:30.472359710Z I0619 10:07:30.472146       1 leaderelection.go:293] successfully renewed lease kube-system/external-resizer-ebs-csi-aws-com
2026-06-19T10:07:35.482941242Z I0619 10:07:35.482734       1 leaderelection.go:293] successfully renewed lease kube-system/external-resizer-ebs-csi-aws-com
2026-06-19T10:07:40.489652719Z I0619 10:07:40.489505       1 leaderelection.go:293] successfully renewed lease kube-system/external-resizer-ebs-csi-aws-com
2026-06-19T10:07:45.495282411Z I0619 10:07:45.494934       1 leaderelection.go:293] successfully renewed lease kube-system/external-resizer-ebs-csi-aws-com
2026-06-19T10:07:50.500829922Z I0619 10:07:50.500417       1 leaderelection.go:293] successfully renewed lease kube-system/external-resizer-ebs-csi-aws-com
2026-06-19T10:07:55.507169003Z I0619 10:07:55.507024       1 leaderelection.go:293] successfully renewed lease kube-system/external-resizer-ebs-csi-aws-com
2026-06-19T10:08:00.512686623Z I0619 10:08:00.512505       1 leaderelection.go:293] successfully renewed lease kube-system/external-resizer-ebs-csi-aws-com
2026-06-19T10:08:05.524864854Z I0619 10:08:05.524732       1 leaderelection.go:293] successfully renewed lease kube-system/external-resizer-ebs-csi-aws-com
2026-06-19T10:08:10.530735438Z I0619 10:08:10.530600       1 leaderelection.go:293] successfully renewed lease kube-system/external-resizer-ebs-csi-aws-com
2026-06-19T10:08:15.538786547Z I0619 10:08:15.538645       1 leaderelection.go:293] successfully renewed lease kube-system/external-resizer-ebs-csi-aws-com
2026-06-19T10:08:20.544650332Z I0619 10:08:20.544409       1 leaderelection.go:293] successfully renewed lease kube-system/external-resizer-ebs-csi-aws-com
2026-06-19T10:08:25.550451064Z I0619 10:08:25.550296       1 leaderelection.go:293] successfully renewed lease kube-system/external-resizer-ebs-csi-aws-com
2026-06-19T10:08:30.555958626Z I0619 10:08:30.555787       1 leaderelection.go:293] successfully renewed lease kube-system/external-resizer-ebs-csi-aws-com
2026-06-19T10:08:35.561751950Z I0619 10:08:35.561606       1 leaderelection.go:293] successfully renewed lease kube-system/external-resizer-ebs-csi-aws-com
2026-06-19T10:08:40.567496813Z I0619 10:08:40.567373       1 leaderelection.go:293] successfully renewed lease kube-system/external-resizer-ebs-csi-aws-com
2026-06-19T10:08:45.577695762Z I0619 10:08:45.577478       1 leaderelection.go:293] successfully renewed lease kube-system/external-resizer-ebs-csi-aws-com
2026-06-19T10:08:50.585848232Z I0619 10:08:50.585718       1 leaderelection.go:293] successfully renewed lease kube-system/external-resizer-ebs-csi-aws-com
2026-06-19T10:08:55.596783856Z I0619 10:08:55.596580       1 leaderelection.go:293] successfully renewed lease kube-system/external-resizer-ebs-csi-aws-com
2026-06-19T10:09:00.603092254Z I0619 10:09:00.602944       1 leaderelection.go:293] successfully renewed lease kube-system/external-resizer-ebs-csi-aws-com
2026-06-19T10:09:05.609023726Z I0619 10:09:05.608913       1 leaderelection.go:293] successfully renewed lease kube-system/external-resizer-ebs-csi-aws-com
2026-06-19T10:09:10.616826404Z I0619 10:09:10.616689       1 leaderelection.go:293] successfully renewed lease kube-system/external-resizer-ebs-csi-aws-com
2026-06-19T10:09:15.622592405Z I0619 10:09:15.622411       1 leaderelection.go:293] successfully renewed lease kube-system/external-resizer-ebs-csi-aws-com
2026-06-19T10:09:20.631699180Z I0619 10:09:20.631561       1 leaderelection.go:293] successfully renewed lease kube-system/external-resizer-ebs-csi-aws-com
2026-06-19T10:09:25.637473532Z I0619 10:09:25.637322       1 leaderelection.go:293] successfully renewed lease kube-system/external-resizer-ebs-csi-aws-com
2026-06-19T10:09:30.642988062Z I0619 10:09:30.642803       1 leaderelection.go:293] successfully renewed lease kube-system/external-resizer-ebs-csi-aws-com
2026-06-19T10:09:35.648250042Z I0619 10:09:35.648132       1 leaderelection.go:293] successfully renewed lease kube-system/external-resizer-ebs-csi-aws-com
2026-06-19T10:09:40.654097939Z I0619 10:09:40.653965       1 leaderelection.go:293] successfully renewed lease kube-system/external-resizer-ebs-csi-aws-com
2026-06-19T10:09:45.659775434Z I0619 10:09:45.659507       1 leaderelection.go:293] successfully renewed lease kube-system/external-resizer-ebs-csi-aws-com
2026-06-19T10:09:50.665808385Z I0619 10:09:50.665523       1 leaderelection.go:293] successfully renewed lease kube-system/external-resizer-ebs-csi-aws-com
2026-06-19T10:09:55.672674309Z I0619 10:09:55.672506       1 leaderelection.go:293] successfully renewed lease kube-system/external-resizer-ebs-csi-aws-com
2026-06-19T10:10:00.682385775Z I0619 10:10:00.682240       1 leaderelection.go:293] successfully renewed lease kube-system/external-resizer-ebs-csi-aws-com
2026-06-19T10:10:05.712725568Z I0619 10:10:05.712475       1 leaderelection.go:293] successfully renewed lease kube-system/external-resizer-ebs-csi-aws-com
2026-06-19T10:10:10.719572535Z I0619 10:10:10.719423       1 leaderelection.go:293] successfully renewed lease kube-system/external-resizer-ebs-csi-aws-com
2026-06-19T10:10:15.726694884Z I0619 10:10:15.726133       1 leaderelection.go:293] successfully renewed lease kube-system/external-resizer-ebs-csi-aws-com
2026-06-19T10:10:20.732273104Z I0619 10:10:20.732115       1 leaderelection.go:293] successfully renewed lease kube-system/external-resizer-ebs-csi-aws-com
2026-06-19T10:10:25.738578971Z I0619 10:10:25.738417       1 leaderelection.go:293] successfully renewed lease kube-system/external-resizer-ebs-csi-aws-com
2026-06-19T10:10:30.744021645Z I0619 10:10:30.743896       1 leaderelection.go:293] successfully renewed lease kube-system/external-resizer-ebs-csi-aws-com
2026-06-19T10:10:35.750029395Z I0619 10:10:35.749894       1 leaderelection.go:293] successfully renewed lease kube-system/external-resizer-ebs-csi-aws-com
2026-06-19T10:10:40.756121790Z I0619 10:10:40.755998       1 leaderelection.go:293] successfully renewed lease kube-system/external-resizer-ebs-csi-aws-com
2026-06-19T10:10:45.767340380Z I0619 10:10:45.767120       1 leaderelection.go:293] successfully renewed lease kube-system/external-resizer-ebs-csi-aws-com
2026-06-19T10:10:50.773376857Z I0619 10:10:50.773067       1 leaderelection.go:293] successfully renewed lease kube-system/external-resizer-ebs-csi-aws-com
2026-06-19T10:10:55.781418697Z I0619 10:10:55.781213       1 leaderelection.go:293] successfully renewed lease kube-system/external-resizer-ebs-csi-aws-com
2026-06-19T10:11:00.786853913Z I0619 10:11:00.786712       1 leaderelection.go:293] successfully renewed lease kube-system/external-resizer-ebs-csi-aws-com
2026-06-19T10:11:05.798586323Z I0619 10:11:05.798247       1 leaderelection.go:293] successfully renewed lease kube-system/external-resizer-ebs-csi-aws-com
2026-06-19T10:11:10.806718290Z I0619 10:11:10.806610       1 leaderelection.go:293] successfully renewed lease kube-system/external-resizer-ebs-csi-aws-com
2026-06-19T10:11:15.818382876Z I0619 10:11:15.818236       1 leaderelection.go:293] successfully renewed lease kube-system/external-resizer-ebs-csi-aws-com
2026-06-19T10:11:20.824584180Z I0619 10:11:20.824257       1 leaderelection.go:293] successfully renewed lease kube-system/external-resizer-ebs-csi-aws-com
2026-06-19T10:11:25.830107468Z I0619 10:11:25.829974       1 leaderelection.go:293] successfully renewed lease kube-system/external-resizer-ebs-csi-aws-com
2026-06-19T10:11:30.835584182Z I0619 10:11:30.835406       1 leaderelection.go:293] successfully renewed lease kube-system/external-resizer-ebs-csi-aws-com
2026-06-19T10:11:33.815236450Z I0619 10:11:33.814716       1 reflector.go:946] "Watch close" reflector="k8s.io/client-go/informers/factory.go:160" type="*v1.PersistentVolume" totalItems=9
2026-06-19T10:11:35.841778691Z I0619 10:11:35.841645       1 leaderelection.go:293] successfully renewed lease kube-system/external-resizer-ebs-csi-aws-com
2026-06-19T10:11:40.847204505Z I0619 10:11:40.847082       1 leaderelection.go:293] successfully renewed lease kube-system/external-resizer-ebs-csi-aws-com
2026-06-19T10:11:45.853584649Z I0619 10:11:45.853433       1 leaderelection.go:293] successfully renewed lease kube-system/external-resizer-ebs-csi-aws-com
2026-06-19T10:11:50.871142499Z I0619 10:11:50.871001       1 leaderelection.go:293] successfully renewed lease kube-system/external-resizer-ebs-csi-aws-com
2026-06-19T10:11:55.877670412Z I0619 10:11:55.877506       1 leaderelection.go:293] successfully renewed lease kube-system/external-resizer-ebs-csi-aws-com
2026-06-19T10:11:57.810746860Z I0619 10:11:57.810530       1 reflector.go:946] "Watch close" reflector="k8s.io/client-go/informers/factory.go:160" type="*v1.PersistentVolumeClaim" totalItems=9
2026-06-19T10:12:00.885652207Z I0619 10:12:00.885472       1 leaderelection.go:293] successfully renewed lease kube-system/external-resizer-ebs-csi-aws-com
2026-06-19T10:12:05.891615553Z I0619 10:12:05.891362       1 leaderelection.go:293] successfully renewed lease kube-system/external-resizer-ebs-csi-aws-com
2026-06-19T10:12:10.898390004Z I0619 10:12:10.897890       1 leaderelection.go:293] successfully renewed lease kube-system/external-resizer-ebs-csi-aws-com
2026-06-19T10:12:15.904676440Z I0619 10:12:15.904520       1 leaderelection.go:293] successfully renewed lease kube-system/external-resizer-ebs-csi-aws-com
2026-06-19T10:12:20.909733666Z I0619 10:12:20.909612       1 leaderelection.go:293] successfully renewed lease kube-system/external-resizer-ebs-csi-aws-com
2026-06-19T10:12:25.914654195Z I0619 10:12:25.914502       1 leaderelection.go:293] successfully renewed lease kube-system/external-resizer-ebs-csi-aws-com
2026-06-19T10:12:30.920383977Z I0619 10:12:30.920137       1 leaderelection.go:293] successfully renewed lease kube-system/external-resizer-ebs-csi-aws-com
2026-06-19T10:12:35.926024150Z I0619 10:12:35.925773       1 leaderelection.go:293] successfully renewed lease kube-system/external-resizer-ebs-csi-aws-com
2026-06-19T10:12:40.935122771Z I0619 10:12:40.934989       1 leaderelection.go:293] successfully renewed lease kube-system/external-resizer-ebs-csi-aws-com
2026-06-19T10:12:45.943638940Z I0619 10:12:45.943489       1 leaderelection.go:293] successfully renewed lease kube-system/external-resizer-ebs-csi-aws-com
2026-06-19T10:12:50.950371356Z I0619 10:12:50.950241       1 leaderelection.go:293] successfully renewed lease kube-system/external-resizer-ebs-csi-aws-com
2026-06-19T10:12:55.956569602Z I0619 10:12:55.956244       1 leaderelection.go:293] successfully renewed lease kube-system/external-resizer-ebs-csi-aws-com
2026-06-19T10:13:00.962319246Z I0619 10:13:00.962193       1 leaderelection.go:293] successfully renewed lease kube-system/external-resizer-ebs-csi-aws-com
2026-06-19T10:13:05.968994465Z I0619 10:13:05.968746       1 leaderelection.go:293] successfully renewed lease kube-system/external-resizer-ebs-csi-aws-com
2026-06-19T10:13:10.974453215Z I0619 10:13:10.974325       1 leaderelection.go:293] successfully renewed lease kube-system/external-resizer-ebs-csi-aws-com
2026-06-19T10:13:15.981295152Z I0619 10:13:15.981052       1 leaderelection.go:293] successfully renewed lease kube-system/external-resizer-ebs-csi-aws-com
2026-06-19T10:13:20.988891701Z I0619 10:13:20.988761       1 leaderelection.go:293] successfully renewed lease kube-system/external-resizer-ebs-csi-aws-com
2026-06-19T10:13:26.002744710Z I0619 10:13:26.002603       1 leaderelection.go:293] successfully renewed lease kube-system/external-resizer-ebs-csi-aws-com
2026-06-19T10:13:31.012869414Z I0619 10:13:31.012750       1 leaderelection.go:293] successfully renewed lease kube-system/external-resizer-ebs-csi-aws-com
2026-06-19T10:13:36.019154417Z I0619 10:13:36.019003       1 leaderelection.go:293] successfully renewed lease kube-system/external-resizer-ebs-csi-aws-com
2026-06-19T10:13:41.026781833Z I0619 10:13:41.026515       1 leaderelection.go:293] successfully renewed lease kube-system/external-resizer-ebs-csi-aws-com
2026-06-19T10:13:46.034826097Z I0619 10:13:46.034616       1 leaderelection.go:293] successfully renewed lease kube-system/external-resizer-ebs-csi-aws-com
2026-06-19T10:13:51.040990977Z I0619 10:13:51.040826       1 leaderelection.go:293] successfully renewed lease kube-system/external-resizer-ebs-csi-aws-com
2026-06-19T10:13:56.047851305Z I0619 10:13:56.047723       1 leaderelection.go:293] successfully renewed lease kube-system/external-resizer-ebs-csi-aws-com
2026-06-19T10:14:01.056488081Z I0619 10:14:01.056315       1 leaderelection.go:293] successfully renewed lease kube-system/external-resizer-ebs-csi-aws-com
2026-06-19T10:14:06.090300267Z I0619 10:14:06.087168       1 leaderelection.go:293] successfully renewed lease kube-system/external-resizer-ebs-csi-aws-com
2026-06-19T10:14:11.096096205Z I0619 10:14:11.095952       1 leaderelection.go:293] successfully renewed lease kube-system/external-resizer-ebs-csi-aws-com
2026-06-19T10:14:16.103887506Z I0619 10:14:16.103733       1 leaderelection.go:293] successfully renewed lease kube-system/external-resizer-ebs-csi-aws-com
2026-06-19T10:14:21.109896988Z I0619 10:14:21.109708       1 leaderelection.go:293] successfully renewed lease kube-system/external-resizer-ebs-csi-aws-com
2026-06-19T10:14:26.115100199Z I0619 10:14:26.114973       1 leaderelection.go:293] successfully renewed lease kube-system/external-resizer-ebs-csi-aws-com
2026-06-19T10:14:31.120521535Z I0619 10:14:31.120298       1 leaderelection.go:293] successfully renewed lease kube-system/external-resizer-ebs-csi-aws-com
2026-06-19T10:14:36.125881814Z I0619 10:14:36.125752       1 leaderelection.go:293] successfully renewed lease kube-system/external-resizer-ebs-csi-aws-com
2026-06-19T10:14:41.133991629Z I0619 10:14:41.133779       1 leaderelection.go:293] successfully renewed lease kube-system/external-resizer-ebs-csi-aws-com
2026-06-19T10:14:46.146618497Z I0619 10:14:46.146432       1 leaderelection.go:293] successfully renewed lease kube-system/external-resizer-ebs-csi-aws-com
2026-06-19T10:14:51.152422530Z I0619 10:14:51.152269       1 leaderelection.go:293] successfully renewed lease kube-system/external-resizer-ebs-csi-aws-com
2026-06-19T10:14:56.160073670Z I0619 10:14:56.159945       1 leaderelection.go:293] successfully renewed lease kube-system/external-resizer-ebs-csi-aws-com
2026-06-19T10:15:01.192541139Z I0619 10:15:01.192048       1 leaderelection.go:293] successfully renewed lease kube-system/external-resizer-ebs-csi-aws-com
2026-06-19T10:15:06.211527602Z I0619 10:15:06.210836       1 leaderelection.go:293] successfully renewed lease kube-system/external-resizer-ebs-csi-aws-com
2026-06-19T10:15:11.217897996Z I0619 10:15:11.217744       1 leaderelection.go:293] successfully renewed lease kube-system/external-resizer-ebs-csi-aws-com
2026-06-19T10:15:16.222609684Z I0619 10:15:16.222297       1 leaderelection.go:293] successfully renewed lease kube-system/external-resizer-ebs-csi-aws-com
2026-06-19T10:15:21.228936071Z I0619 10:15:21.228782       1 leaderelection.go:293] successfully renewed lease kube-system/external-resizer-ebs-csi-aws-com
2026-06-19T10:15:26.234348548Z I0619 10:15:26.234139       1 leaderelection.go:293] successfully renewed lease kube-system/external-resizer-ebs-csi-aws-com
2026-06-19T10:15:31.239871758Z I0619 10:15:31.239535       1 leaderelection.go:293] successfully renewed lease kube-system/external-resizer-ebs-csi-aws-com
2026-06-19T10:15:36.246208005Z I0619 10:15:36.246081       1 leaderelection.go:293] successfully renewed lease kube-system/external-resizer-ebs-csi-aws-com
2026-06-19T10:15:41.255717280Z I0619 10:15:41.255583       1 leaderelection.go:293] successfully renewed lease kube-system/external-resizer-ebs-csi-aws-com
2026-06-19T10:15:44.736442245Z I0619 10:15:44.736199       1 reflector.go:450] "Forcing resync" reflector="k8s.io/client-go/informers/factory.go:160"
2026-06-19T10:15:44.736467196Z I0619 10:15:44.736290       1 controller.go:327] "Started PVC processing for resize controller" key="kubentic-foresight/server-volume-vlogs-server-0"
2026-06-19T10:15:44.736472269Z I0619 10:15:44.736309       1 controller.go:375] "No need to resize PVC" PVC="kubentic-foresight/server-volume-vlogs-server-0"
2026-06-19T10:15:44.736476488Z I0619 10:15:44.736329       1 controller.go:327] "Started PVC processing for resize controller" key="kubentic-foresight/vmsingle-vmstack"
2026-06-19T10:15:44.736503393Z I0619 10:15:44.736344       1 controller.go:375] "No need to resize PVC" PVC="kubentic-foresight/vmsingle-vmstack"
2026-06-19T10:15:46.260892632Z I0619 10:15:46.260744       1 leaderelection.go:293] successfully renewed lease kube-system/external-resizer-ebs-csi-aws-com
2026-06-19T10:15:51.266753221Z I0619 10:15:51.266603       1 leaderelection.go:293] successfully renewed lease kube-system/external-resizer-ebs-csi-aws-com
2026-06-19T10:15:56.272330723Z I0619 10:15:56.272202       1 leaderelection.go:293] successfully renewed lease kube-system/external-resizer-ebs-csi-aws-com
2026-06-19T10:16:01.300484157Z I0619 10:16:01.299858       1 leaderelection.go:293] successfully renewed lease kube-system/external-resizer-ebs-csi-aws-com
2026-06-19T10:16:06.308092588Z I0619 10:16:06.307890       1 leaderelection.go:293] successfully renewed lease kube-system/external-resizer-ebs-csi-aws-com
2026-06-19T10:16:11.314816525Z I0619 10:16:11.314666       1 leaderelection.go:293] successfully renewed lease kube-system/external-resizer-ebs-csi-aws-com
2026-06-19T10:16:16.320715805Z I0619 10:16:16.320474       1 leaderelection.go:293] successfully renewed lease kube-system/external-resizer-ebs-csi-aws-com
2026-06-19T10:16:21.328727586Z I0619 10:16:21.328590       1 leaderelection.go:293] successfully renewed lease kube-system/external-resizer-ebs-csi-aws-com
2026-06-19T10:16:26.333949129Z I0619 10:16:26.333731       1 leaderelection.go:293] successfully renewed lease kube-system/external-resizer-ebs-csi-aws-com
2026-06-19T10:16:31.339224907Z I0619 10:16:31.339048       1 leaderelection.go:293] successfully renewed lease kube-system/external-resizer-ebs-csi-aws-com
2026-06-19T10:16:36.345693179Z I0619 10:16:36.345560       1 leaderelection.go:293] successfully renewed lease kube-system/external-resizer-ebs-csi-aws-com
2026-06-19T10:16:41.350888641Z I0619 10:16:41.350757       1 leaderelection.go:293] successfully renewed lease kube-system/external-resizer-ebs-csi-aws-com
2026-06-19T10:16:46.357808994Z I0619 10:16:46.357673       1 leaderelection.go:293] successfully renewed lease kube-system/external-resizer-ebs-csi-aws-com
2026-06-19T10:16:51.364451696Z I0619 10:16:51.364295       1 leaderelection.go:293] successfully renewed lease kube-system/external-resizer-ebs-csi-aws-com
2026-06-19T10:16:56.370406802Z I0619 10:16:56.370310       1 leaderelection.go:293] successfully renewed lease kube-system/external-resizer-ebs-csi-aws-com
2026-06-19T10:17:01.391278232Z I0619 10:17:01.391142       1 leaderelection.go:293] successfully renewed lease kube-system/external-resizer-ebs-csi-aws-com
2026-06-19T10:17:06.399789799Z I0619 10:17:06.399652       1 leaderelection.go:293] successfully renewed lease kube-system/external-resizer-ebs-csi-aws-com
2026-06-19T10:17:11.405733354Z I0619 10:17:11.405559       1 leaderelection.go:293] successfully renewed lease kube-system/external-resizer-ebs-csi-aws-com
2026-06-19T10:17:16.411401735Z I0619 10:17:16.411263       1 leaderelection.go:293] successfully renewed lease kube-system/external-resizer-ebs-csi-aws-com
2026-06-19T10:17:21.417670118Z I0619 10:17:21.417450       1 leaderelection.go:293] successfully renewed lease kube-system/external-resizer-ebs-csi-aws-com
2026-06-19T10:17:26.424592596Z I0619 10:17:26.424259       1 leaderelection.go:293] successfully renewed lease kube-system/external-resizer-ebs-csi-aws-com
2026-06-19T10:17:31.430810120Z I0619 10:17:31.430655       1 leaderelection.go:293] successfully renewed lease kube-system/external-resizer-ebs-csi-aws-com
2026-06-19T10:17:36.437532918Z I0619 10:17:36.437374       1 leaderelection.go:293] successfully renewed lease kube-system/external-resizer-ebs-csi-aws-com
2026-06-19T10:17:41.446101094Z I0619 10:17:41.445975       1 leaderelection.go:293] successfully renewed lease kube-system/external-resizer-ebs-csi-aws-com
2026-06-19T10:17:46.454831561Z I0619 10:17:46.454397       1 leaderelection.go:293] successfully renewed lease kube-system/external-resizer-ebs-csi-aws-com
2026-06-19T10:17:51.462168372Z I0619 10:17:51.462039       1 leaderelection.go:293] successfully renewed lease kube-system/external-resizer-ebs-csi-aws-com
2026-06-19T10:17:56.468253625Z I0619 10:17:56.468121       1 leaderelection.go:293] successfully renewed lease kube-system/external-resizer-ebs-csi-aws-com
2026-06-19T10:18:01.603723225Z I0619 10:18:01.603578       1 leaderelection.go:293] successfully renewed lease kube-system/external-resizer-ebs-csi-aws-com
2026-06-19T10:18:06.610355103Z I0619 10:18:06.610218       1 leaderelection.go:293] successfully renewed lease kube-system/external-resizer-ebs-csi-aws-com
2026-06-19T10:18:11.616167150Z I0619 10:18:11.616010       1 leaderelection.go:293] successfully renewed lease kube-system/external-resizer-ebs-csi-aws-com
2026-06-19T10:18:16.622022266Z I0619 10:18:16.621897       1 leaderelection.go:293] successfully renewed lease kube-system/external-resizer-ebs-csi-aws-com
2026-06-19T10:18:21.630533837Z I0619 10:18:21.630339       1 leaderelection.go:293] successfully renewed lease kube-system/external-resizer-ebs-csi-aws-com
2026-06-19T10:18:26.637813522Z I0619 10:18:26.637634       1 leaderelection.go:293] successfully renewed lease kube-system/external-resizer-ebs-csi-aws-com
2026-06-19T10:18:31.643487279Z I0619 10:18:31.643158       1 leaderelection.go:293] successfully renewed lease kube-system/external-resizer-ebs-csi-aws-com
2026-06-19T10:18:36.651124990Z I0619 10:18:36.650759       1 leaderelection.go:293] successfully renewed lease kube-system/external-resizer-ebs-csi-aws-com
2026-06-19T10:18:41.656777643Z I0619 10:18:41.656535       1 leaderelection.go:293] successfully renewed lease kube-system/external-resizer-ebs-csi-aws-com
2026-06-19T10:18:46.663235974Z I0619 10:18:46.663067       1 leaderelection.go:293] successfully renewed lease kube-system/external-resizer-ebs-csi-aws-com
2026-06-19T10:18:51.668436744Z I0619 10:18:51.668315       1 leaderelection.go:293] successfully renewed lease kube-system/external-resizer-ebs-csi-aws-com
2026-06-19T10:18:56.674646041Z I0619 10:18:56.674439       1 leaderelection.go:293] successfully renewed lease kube-system/external-resizer-ebs-csi-aws-com
2026-06-19T10:19:01.689215446Z I0619 10:19:01.688807       1 leaderelection.go:293] successfully renewed lease kube-system/external-resizer-ebs-csi-aws-com
2026-06-19T10:19:06.694540059Z I0619 10:19:06.694407       1 leaderelection.go:293] successfully renewed lease kube-system/external-resizer-ebs-csi-aws-com
2026-06-19T10:19:11.700274727Z I0619 10:19:11.700139       1 leaderelection.go:293] successfully renewed lease kube-system/external-resizer-ebs-csi-aws-com
2026-06-19T10:19:16.706743792Z I0619 10:19:16.706629       1 leaderelection.go:293] successfully renewed lease kube-system/external-resizer-ebs-csi-aws-com
2026-06-19T10:19:21.712298972Z I0619 10:19:21.712112       1 leaderelection.go:293] successfully renewed lease kube-system/external-resizer-ebs-csi-aws-com
2026-06-19T10:19:26.718627131Z I0619 10:19:26.718486       1 leaderelection.go:293] successfully renewed lease kube-system/external-resizer-ebs-csi-aws-com
2026-06-19T10:19:31.724130544Z I0619 10:19:31.723992       1 leaderelection.go:293] successfully renewed lease kube-system/external-resizer-ebs-csi-aws-com
2026-06-19T10:19:36.730465657Z I0619 10:19:36.730048       1 leaderelection.go:293] successfully renewed lease kube-system/external-resizer-ebs-csi-aws-com
2026-06-19T10:19:41.736051419Z I0619 10:19:41.735916       1 leaderelection.go:293] successfully renewed lease kube-system/external-resizer-ebs-csi-aws-com
2026-06-19T10:19:46.742516826Z I0619 10:19:46.742394       1 leaderelection.go:293] successfully renewed lease kube-system/external-resizer-ebs-csi-aws-com
2026-06-19T10:19:48.812319013Z I0619 10:19:48.812084       1 reflector.go:946] "Watch close" reflector="k8s.io/client-go/informers/factory.go:160" type="*v1.PersistentVolumeClaim" totalItems=8
2026-06-19T10:19:51.749411189Z I0619 10:19:51.749201       1 leaderelection.go:293] successfully renewed lease kube-system/external-resizer-ebs-csi-aws-com
2026-06-19T10:19:56.757157638Z I0619 10:19:56.756868       1 leaderelection.go:293] successfully renewed lease kube-system/external-resizer-ebs-csi-aws-com
2026-06-19T10:20:01.779839677Z I0619 10:20:01.773306       1 leaderelection.go:293] successfully renewed lease kube-system/external-resizer-ebs-csi-aws-com
2026-06-19T10:20:06.780727965Z I0619 10:20:06.780465       1 leaderelection.go:293] successfully renewed lease kube-system/external-resizer-ebs-csi-aws-com
2026-06-19T10:20:11.787071698Z I0619 10:20:11.786879       1 leaderelection.go:293] successfully renewed lease kube-system/external-resizer-ebs-csi-aws-com
2026-06-19T10:20:16.792455013Z I0619 10:20:16.792308       1 leaderelection.go:293] successfully renewed lease kube-system/external-resizer-ebs-csi-aws-com
2026-06-19T10:20:21.799676599Z I0619 10:20:21.799393       1 leaderelection.go:293] successfully renewed lease kube-system/external-resizer-ebs-csi-aws-com
2026-06-19T10:20:26.806993909Z I0619 10:20:26.806894       1 leaderelection.go:293] successfully renewed lease kube-system/external-resizer-ebs-csi-aws-com
2026-06-19T10:20:31.817668648Z I0619 10:20:31.817230       1 leaderelection.go:293] successfully renewed lease kube-system/external-resizer-ebs-csi-aws-com
2026-06-19T10:20:36.825834751Z I0619 10:20:36.825604       1 leaderelection.go:293] successfully renewed lease kube-system/external-resizer-ebs-csi-aws-com
2026-06-19T10:20:41.832738410Z I0619 10:20:41.832596       1 leaderelection.go:293] successfully renewed lease kube-system/external-resizer-ebs-csi-aws-com
2026-06-19T10:20:46.838772246Z I0619 10:20:46.838626       1 leaderelection.go:293] successfully renewed lease kube-system/external-resizer-ebs-csi-aws-com
2026-06-19T10:20:51.844132730Z I0619 10:20:51.843673       1 leaderelection.go:293] successfully renewed lease kube-system/external-resizer-ebs-csi-aws-com
2026-06-19T10:20:56.817241738Z I0619 10:20:56.816878       1 reflector.go:946] "Watch close" reflector="k8s.io/client-go/informers/factory.go:160" type="*v1.PersistentVolume" totalItems=11
2026-06-19T10:20:56.849958498Z I0619 10:20:56.849828       1 leaderelection.go:293] successfully renewed lease kube-system/external-resizer-ebs-csi-aws-com
2026-06-19T10:21:01.881859591Z I0619 10:21:01.876208       1 leaderelection.go:293] successfully renewed lease kube-system/external-resizer-ebs-csi-aws-com
2026-06-19T10:21:06.883291555Z I0619 10:21:06.883154       1 leaderelection.go:293] successfully renewed lease kube-system/external-resizer-ebs-csi-aws-com
2026-06-19T10:21:11.888570795Z I0619 10:21:11.888420       1 leaderelection.go:293] successfully renewed lease kube-system/external-resizer-ebs-csi-aws-com
2026-06-19T10:21:16.894926395Z I0619 10:21:16.894763       1 leaderelection.go:293] successfully renewed lease kube-system/external-resizer-ebs-csi-aws-com
2026-06-19T10:21:21.901748125Z I0619 10:21:21.900892       1 leaderelection.go:293] successfully renewed lease kube-system/external-resizer-ebs-csi-aws-com
2026-06-19T10:21:26.909490153Z I0619 10:21:26.909344       1 leaderelection.go:293] successfully renewed lease kube-system/external-resizer-ebs-csi-aws-com
2026-06-19T10:21:31.914637004Z I0619 10:21:31.914470       1 leaderelection.go:293] successfully renewed lease kube-system/external-resizer-ebs-csi-aws-com
2026-06-19T10:21:36.920229040Z I0619 10:21:36.920054       1 leaderelection.go:293] successfully renewed lease kube-system/external-resizer-ebs-csi-aws-com
2026-06-19T10:21:41.927659811Z I0619 10:21:41.927509       1 leaderelection.go:293] successfully renewed lease kube-system/external-resizer-ebs-csi-aws-com
2026-06-19T10:21:46.933148325Z I0619 10:21:46.932844       1 leaderelection.go:293] successfully renewed lease kube-system/external-resizer-ebs-csi-aws-com
2026-06-19T10:21:51.939268794Z I0619 10:21:51.939115       1 leaderelection.go:293] successfully renewed lease kube-system/external-resizer-ebs-csi-aws-com
2026-06-19T10:21:56.944268983Z I0619 10:21:56.944076       1 leaderelection.go:293] successfully renewed lease kube-system/external-resizer-ebs-csi-aws-com
2026-06-19T10:22:02.050340838Z I0619 10:22:02.050223       1 leaderelection.go:293] successfully renewed lease kube-system/external-resizer-ebs-csi-aws-com
2026-06-19T10:22:07.056127396Z I0619 10:22:07.056004       1 leaderelection.go:293] successfully renewed lease kube-system/external-resizer-ebs-csi-aws-com
2026-06-19T10:22:12.062463322Z I0619 10:22:12.062340       1 leaderelection.go:293] successfully renewed lease kube-system/external-resizer-ebs-csi-aws-com
2026-06-19T10:22:17.070814872Z I0619 10:22:17.070634       1 leaderelection.go:293] successfully renewed lease kube-system/external-resizer-ebs-csi-aws-com
2026-06-19T10:22:22.076049743Z I0619 10:22:22.075915       1 leaderelection.go:293] successfully renewed lease kube-system/external-resizer-ebs-csi-aws-com
2026-06-19T10:22:27.083168699Z I0619 10:22:27.083044       1 leaderelection.go:293] successfully renewed lease kube-system/external-resizer-ebs-csi-aws-com
2026-06-19T10:22:32.089179029Z I0619 10:22:32.088878       1 leaderelection.go:293] successfully renewed lease kube-system/external-resizer-ebs-csi-aws-com
2026-06-19T10:22:37.094581894Z I0619 10:22:37.094412       1 leaderelection.go:293] successfully renewed lease kube-system/external-resizer-ebs-csi-aws-com
2026-06-19T10:22:42.102623151Z I0619 10:22:42.102383       1 leaderelection.go:293] successfully renewed lease kube-system/external-resizer-ebs-csi-aws-com
2026-06-19T10:22:47.108581492Z I0619 10:22:47.108214       1 leaderelection.go:293] successfully renewed lease kube-system/external-resizer-ebs-csi-aws-com
2026-06-19T10:22:52.113824611Z I0619 10:22:52.113642       1 leaderelection.go:293] successfully renewed lease kube-system/external-resizer-ebs-csi-aws-com
2026-06-19T10:22:57.119871495Z I0619 10:22:57.119750       1 leaderelection.go:293] successfully renewed lease kube-system/external-resizer-ebs-csi-aws-com
2026-06-19T10:23:02.198476977Z I0619 10:23:02.198015       1 leaderelection.go:293] successfully renewed lease kube-system/external-resizer-ebs-csi-aws-com
2026-06-19T10:23:07.206351900Z I0619 10:23:07.206159       1 leaderelection.go:293] successfully renewed lease kube-system/external-resizer-ebs-csi-aws-com
2026-06-19T10:23:12.212085099Z I0619 10:23:12.211908       1 leaderelection.go:293] successfully renewed lease kube-system/external-resizer-ebs-csi-aws-com
2026-06-19T10:23:17.217611073Z I0619 10:23:17.217454       1 leaderelection.go:293] successfully renewed lease kube-system/external-resizer-ebs-csi-aws-com
2026-06-19T10:23:22.224772851Z I0619 10:23:22.224593       1 leaderelection.go:293] successfully renewed lease kube-system/external-resizer-ebs-csi-aws-com
2026-06-19T10:23:27.230516982Z I0619 10:23:27.230346       1 leaderelection.go:293] successfully renewed lease kube-system/external-resizer-ebs-csi-aws-com
2026-06-19T10:23:32.236156554Z I0619 10:23:32.236005       1 leaderelection.go:293] successfully renewed lease kube-system/external-resizer-ebs-csi-aws-com
2026-06-19T10:23:37.242351906Z I0619 10:23:37.241760       1 leaderelection.go:293] successfully renewed lease kube-system/external-resizer-ebs-csi-aws-com
2026-06-19T10:23:42.248312777Z I0619 10:23:42.248186       1 leaderelection.go:293] successfully renewed lease kube-system/external-resizer-ebs-csi-aws-com
2026-06-19T10:23:47.254103297Z I0619 10:23:47.253963       1 leaderelection.go:293] successfully renewed lease kube-system/external-resizer-ebs-csi-aws-com
2026-06-19T10:23:52.261515015Z I0619 10:23:52.260645       1 leaderelection.go:293] successfully renewed lease kube-system/external-resizer-ebs-csi-aws-com
2026-06-19T10:23:57.266758868Z I0619 10:23:57.266615       1 leaderelection.go:293] successfully renewed lease kube-system/external-resizer-ebs-csi-aws-com
2026-06-19T10:24:02.287860430Z I0619 10:24:02.287670       1 leaderelection.go:293] successfully renewed lease kube-system/external-resizer-ebs-csi-aws-com
2026-06-19T10:24:07.319810973Z I0619 10:24:07.308159       1 leaderelection.go:293] successfully renewed lease kube-system/external-resizer-ebs-csi-aws-com
2026-06-19T10:24:12.313983849Z I0619 10:24:12.313849       1 leaderelection.go:293] successfully renewed lease kube-system/external-resizer-ebs-csi-aws-com
2026-06-19T10:24:17.320370262Z I0619 10:24:17.320240       1 leaderelection.go:293] successfully renewed lease kube-system/external-resizer-ebs-csi-aws-com
2026-06-19T10:24:22.325611105Z I0619 10:24:22.325324       1 leaderelection.go:293] successfully renewed lease kube-system/external-resizer-ebs-csi-aws-com
2026-06-19T10:24:27.331945597Z I0619 10:24:27.331807       1 leaderelection.go:293] successfully renewed lease kube-system/external-resizer-ebs-csi-aws-com
2026-06-19T10:24:32.338342533Z I0619 10:24:32.338216       1 leaderelection.go:293] successfully renewed lease kube-system/external-resizer-ebs-csi-aws-com
2026-06-19T10:24:37.345748794Z I0619 10:24:37.345595       1 leaderelection.go:293] successfully renewed lease kube-system/external-resizer-ebs-csi-aws-com
2026-06-19T10:24:42.352159515Z I0619 10:24:42.351990       1 leaderelection.go:293] successfully renewed lease kube-system/external-resizer-ebs-csi-aws-com
2026-06-19T10:24:47.357215381Z I0619 10:24:47.357070       1 leaderelection.go:293] successfully renewed lease kube-system/external-resizer-ebs-csi-aws-com
2026-06-19T10:24:52.362617448Z I0619 10:24:52.362445       1 leaderelection.go:293] successfully renewed lease kube-system/external-resizer-ebs-csi-aws-com
2026-06-19T10:24:57.374498482Z I0619 10:24:57.374375       1 leaderelection.go:293] successfully renewed lease kube-system/external-resizer-ebs-csi-aws-com
2026-06-19T10:25:02.399498348Z I0619 10:25:02.396354       1 leaderelection.go:293] successfully renewed lease kube-system/external-resizer-ebs-csi-aws-com
2026-06-19T10:25:07.418789204Z I0619 10:25:07.418661       1 leaderelection.go:293] successfully renewed lease kube-system/external-resizer-ebs-csi-aws-com
2026-06-19T10:25:12.424723408Z I0619 10:25:12.424510       1 leaderelection.go:293] successfully renewed lease kube-system/external-resizer-ebs-csi-aws-com
2026-06-19T10:25:17.433220807Z I0619 10:25:17.433089       1 leaderelection.go:293] successfully renewed lease kube-system/external-resizer-ebs-csi-aws-com
2026-06-19T10:25:22.438688483Z I0619 10:25:22.438463       1 leaderelection.go:293] successfully renewed lease kube-system/external-resizer-ebs-csi-aws-com
2026-06-19T10:25:27.444348344Z I0619 10:25:27.443996       1 leaderelection.go:293] successfully renewed lease kube-system/external-resizer-ebs-csi-aws-com
2026-06-19T10:25:32.451876419Z I0619 10:25:32.451735       1 leaderelection.go:293] successfully renewed lease kube-system/external-resizer-ebs-csi-aws-com
2026-06-19T10:25:37.458228361Z I0619 10:25:37.458096       1 leaderelection.go:293] successfully renewed lease kube-system/external-resizer-ebs-csi-aws-com
2026-06-19T10:25:42.463859225Z I0619 10:25:42.463733       1 leaderelection.go:293] successfully renewed lease kube-system/external-resizer-ebs-csi-aws-com
2026-06-19T10:25:44.737334264Z I0619 10:25:44.737179       1 reflector.go:450] "Forcing resync" reflector="k8s.io/client-go/informers/factory.go:160"
2026-06-19T10:25:44.737403340Z I0619 10:25:44.737353       1 controller.go:327] "Started PVC processing for resize controller" key="kubentic-foresight/vmsingle-vmstack"
2026-06-19T10:25:44.737630431Z I0619 10:25:44.737503       1 controller.go:375] "No need to resize PVC" PVC="kubentic-foresight/vmsingle-vmstack"
2026-06-19T10:25:44.737646282Z I0619 10:25:44.737573       1 controller.go:327] "Started PVC processing for resize controller" key="kubentic-foresight/server-volume-vlogs-server-0"
2026-06-19T10:25:44.739233041Z I0619 10:25:44.737590       1 controller.go:375] "No need to resize PVC" PVC="kubentic-foresight/server-volume-vlogs-server-0"
2026-06-19T10:25:47.469732346Z I0619 10:25:47.469599       1 leaderelection.go:293] successfully renewed lease kube-system/external-resizer-ebs-csi-aws-com
2026-06-19T10:25:52.475250637Z I0619 10:25:52.475110       1 leaderelection.go:293] successfully renewed lease kube-system/external-resizer-ebs-csi-aws-com
2026-06-19T10:25:57.484051637Z I0619 10:25:57.483926       1 leaderelection.go:293] successfully renewed lease kube-system/external-resizer-ebs-csi-aws-com
2026-06-19T10:26:02.497746310Z I0619 10:26:02.497613       1 leaderelection.go:293] successfully renewed lease kube-system/external-resizer-ebs-csi-aws-com
2026-06-19T10:26:07.517314259Z I0619 10:26:07.517168       1 leaderelection.go:293] successfully renewed lease kube-system/external-resizer-ebs-csi-aws-com
2026-06-19T10:26:12.523411151Z I0619 10:26:12.523283       1 leaderelection.go:293] successfully renewed lease kube-system/external-resizer-ebs-csi-aws-com
2026-06-19T10:26:17.529759161Z I0619 10:26:17.529598       1 leaderelection.go:293] successfully renewed lease kube-system/external-resizer-ebs-csi-aws-com
2026-06-19T10:26:22.535226178Z I0619 10:26:22.535010       1 leaderelection.go:293] successfully renewed lease kube-system/external-resizer-ebs-csi-aws-com
2026-06-19T10:26:27.542614520Z I0619 10:26:27.542431       1 leaderelection.go:293] successfully renewed lease kube-system/external-resizer-ebs-csi-aws-com
2026-06-19T10:26:32.548714402Z I0619 10:26:32.548571       1 leaderelection.go:293] successfully renewed lease kube-system/external-resizer-ebs-csi-aws-com
2026-06-19T10:26:37.556888204Z I0619 10:26:37.556711       1 leaderelection.go:293] successfully renewed lease kube-system/external-resizer-ebs-csi-aws-com
2026-06-19T10:26:42.571582777Z I0619 10:26:42.571338       1 leaderelection.go:293] successfully renewed lease kube-system/external-resizer-ebs-csi-aws-com
2026-06-19T10:26:47.577472381Z I0619 10:26:47.577351       1 leaderelection.go:293] successfully renewed lease kube-system/external-resizer-ebs-csi-aws-com
2026-06-19T10:26:52.584822831Z I0619 10:26:52.584623       1 leaderelection.go:293] successfully renewed lease kube-system/external-resizer-ebs-csi-aws-com
2026-06-19T10:26:57.592180840Z I0619 10:26:57.592057       1 leaderelection.go:293] successfully renewed lease kube-system/external-resizer-ebs-csi-aws-com
2026-06-19T10:27:02.862068487Z I0619 10:27:02.861868       1 leaderelection.go:293] successfully renewed lease kube-system/external-resizer-ebs-csi-aws-com
2026-06-19T10:27:07.873654817Z I0619 10:27:07.873507       1 leaderelection.go:293] successfully renewed lease kube-system/external-resizer-ebs-csi-aws-com
2026-06-19T10:27:12.882702050Z I0619 10:27:12.881787       1 leaderelection.go:293] successfully renewed lease kube-system/external-resizer-ebs-csi-aws-com
2026-06-19T10:27:17.887568914Z I0619 10:27:17.887428       1 leaderelection.go:293] successfully renewed lease kube-system/external-resizer-ebs-csi-aws-com
2026-06-19T10:27:22.893430831Z I0619 10:27:22.893279       1 leaderelection.go:293] successfully renewed lease kube-system/external-resizer-ebs-csi-aws-com
2026-06-19T10:27:27.899266228Z I0619 10:27:27.899139       1 leaderelection.go:293] successfully renewed lease kube-system/external-resizer-ebs-csi-aws-com
2026-06-19T10:27:32.905286869Z I0619 10:27:32.905164       1 leaderelection.go:293] successfully renewed lease kube-system/external-resizer-ebs-csi-aws-com
2026-06-19T10:27:37.910180881Z I0619 10:27:37.909842       1 leaderelection.go:293] successfully renewed lease kube-system/external-resizer-ebs-csi-aws-com
2026-06-19T10:27:42.814522892Z I0619 10:27:42.814031       1 reflector.go:946] "Watch close" reflector="k8s.io/client-go/informers/factory.go:160" type="*v1.PersistentVolumeClaim" totalItems=9
2026-06-19T10:27:42.916457396Z I0619 10:27:42.916320       1 leaderelection.go:293] successfully renewed lease kube-system/external-resizer-ebs-csi-aws-com
2026-06-19T10:27:47.922149408Z I0619 10:27:47.922015       1 leaderelection.go:293] successfully renewed lease kube-system/external-resizer-ebs-csi-aws-com
2026-06-19T10:27:52.930167876Z I0619 10:27:52.930017       1 leaderelection.go:293] successfully renewed lease kube-system/external-resizer-ebs-csi-aws-com
2026-06-19T10:27:57.935827098Z I0619 10:27:57.935705       1 leaderelection.go:293] successfully renewed lease kube-system/external-resizer-ebs-csi-aws-com
2026-06-19T10:28:03.106079133Z I0619 10:28:03.090746       1 leaderelection.go:293] successfully renewed lease kube-system/external-resizer-ebs-csi-aws-com
2026-06-19T10:28:08.098061983Z I0619 10:28:08.097902       1 leaderelection.go:293] successfully renewed lease kube-system/external-resizer-ebs-csi-aws-com
2026-06-19T10:28:13.104371916Z I0619 10:28:13.104247       1 leaderelection.go:293] successfully renewed lease kube-system/external-resizer-ebs-csi-aws-com
2026-06-19T10:28:18.110585335Z I0619 10:28:18.110415       1 leaderelection.go:293] successfully renewed lease kube-system/external-resizer-ebs-csi-aws-com
2026-06-19T10:28:23.117753641Z I0619 10:28:23.117617       1 leaderelection.go:293] successfully renewed lease kube-system/external-resizer-ebs-csi-aws-com
2026-06-19T10:28:28.123432358Z I0619 10:28:28.123240       1 leaderelection.go:293] successfully renewed lease kube-system/external-resizer-ebs-csi-aws-com
2026-06-19T10:28:33.128262675Z I0619 10:28:33.128098       1 leaderelection.go:293] successfully renewed lease kube-system/external-resizer-ebs-csi-aws-com
2026-06-19T10:28:38.134244362Z I0619 10:28:38.134109       1 leaderelection.go:293] successfully renewed lease kube-system/external-resizer-ebs-csi-aws-com
2026-06-19T10:28:43.142388264Z I0619 10:28:43.142150       1 leaderelection.go:293] successfully renewed lease kube-system/external-resizer-ebs-csi-aws-com
2026-06-19T10:28:48.150871473Z I0619 10:28:48.150739       1 leaderelection.go:293] successfully renewed lease kube-system/external-resizer-ebs-csi-aws-com
2026-06-19T10:28:53.156765898Z I0619 10:28:53.156556       1 leaderelection.go:293] successfully renewed lease kube-system/external-resizer-ebs-csi-aws-com
2026-06-19T10:28:58.162826050Z I0619 10:28:58.162682       1 leaderelection.go:293] successfully renewed lease kube-system/external-resizer-ebs-csi-aws-com
2026-06-19T10:29:03.181953472Z I0619 10:29:03.181800       1 leaderelection.go:293] successfully renewed lease kube-system/external-resizer-ebs-csi-aws-com
2026-06-19T10:29:08.187993540Z I0619 10:29:08.187676       1 leaderelection.go:293] successfully renewed lease kube-system/external-resizer-ebs-csi-aws-com
2026-06-19T10:29:13.193584138Z I0619 10:29:13.193327       1 leaderelection.go:293] successfully renewed lease kube-system/external-resizer-ebs-csi-aws-com
2026-06-19T10:29:18.200600993Z I0619 10:29:18.200452       1 leaderelection.go:293] successfully renewed lease kube-system/external-resizer-ebs-csi-aws-com
2026-06-19T10:29:23.206296200Z I0619 10:29:23.206004       1 leaderelection.go:293] successfully renewed lease kube-system/external-resizer-ebs-csi-aws-com
2026-06-19T10:29:28.211444198Z I0619 10:29:28.211228       1 leaderelection.go:293] successfully renewed lease kube-system/external-resizer-ebs-csi-aws-com
2026-06-19T10:29:33.219000279Z I0619 10:29:33.218857       1 leaderelection.go:293] successfully renewed lease kube-system/external-resizer-ebs-csi-aws-com
2026-06-19T10:29:38.224652530Z I0619 10:29:38.224438       1 leaderelection.go:293] successfully renewed lease kube-system/external-resizer-ebs-csi-aws-com
2026-06-19T10:29:43.242042199Z I0619 10:29:43.241860       1 leaderelection.go:293] successfully renewed lease kube-system/external-resizer-ebs-csi-aws-com
2026-06-19T10:29:48.248219722Z I0619 10:29:48.248063       1 leaderelection.go:293] successfully renewed lease kube-system/external-resizer-ebs-csi-aws-com
2026-06-19T10:29:53.253773756Z I0619 10:29:53.253586       1 leaderelection.go:293] successfully renewed lease kube-system/external-resizer-ebs-csi-aws-com
2026-06-19T10:29:58.262493886Z I0619 10:29:58.262375       1 leaderelection.go:293] successfully renewed lease kube-system/external-resizer-ebs-csi-aws-com
2026-06-19T10:30:03.427695543Z I0619 10:30:03.412497       1 leaderelection.go:293] successfully renewed lease kube-system/external-resizer-ebs-csi-aws-com
2026-06-19T10:30:08.423198590Z I0619 10:30:08.423047       1 leaderelection.go:293] successfully renewed lease kube-system/external-resizer-ebs-csi-aws-com
2026-06-19T10:30:13.432844198Z I0619 10:30:13.432683       1 leaderelection.go:293] successfully renewed lease kube-system/external-resizer-ebs-csi-aws-com
2026-06-19T10:30:18.440188412Z I0619 10:30:18.440061       1 leaderelection.go:293] successfully renewed lease kube-system/external-resizer-ebs-csi-aws-com
2026-06-19T10:30:23.446177899Z I0619 10:30:23.446041       1 leaderelection.go:293] successfully renewed lease kube-system/external-resizer-ebs-csi-aws-com
2026-06-19T10:30:28.452104435Z I0619 10:30:28.451946       1 leaderelection.go:293] successfully renewed lease kube-system/external-resizer-ebs-csi-aws-com
2026-06-19T10:30:33.457991546Z I0619 10:30:33.457859       1 leaderelection.go:293] successfully renewed lease kube-system/external-resizer-ebs-csi-aws-com
2026-06-19T10:30:38.473361265Z I0619 10:30:38.472729       1 leaderelection.go:293] successfully renewed lease kube-system/external-resizer-ebs-csi-aws-com
2026-06-19T10:30:39.819326099Z I0619 10:30:39.819104       1 reflector.go:946] "Watch close" reflector="k8s.io/client-go/informers/factory.go:160" type="*v1.PersistentVolume" totalItems=11
2026-06-19T10:30:43.478654740Z I0619 10:30:43.478474       1 leaderelection.go:293] successfully renewed lease kube-system/external-resizer-ebs-csi-aws-com
2026-06-19T10:30:48.484114843Z I0619 10:30:48.483970       1 leaderelection.go:293] successfully renewed lease kube-system/external-resizer-ebs-csi-aws-com
2026-06-19T10:30:53.489712785Z I0619 10:30:53.489581       1 leaderelection.go:293] successfully renewed lease kube-system/external-resizer-ebs-csi-aws-com
2026-06-19T10:30:58.495257586Z I0619 10:30:58.495129       1 leaderelection.go:293] successfully renewed lease kube-system/external-resizer-ebs-csi-aws-com
2026-06-19T10:31:03.553703778Z I0619 10:31:03.553394       1 leaderelection.go:293] successfully renewed lease kube-system/external-resizer-ebs-csi-aws-com
2026-06-19T10:31:08.559649877Z I0619 10:31:08.559475       1 leaderelection.go:293] successfully renewed lease kube-system/external-resizer-ebs-csi-aws-com
2026-06-19T10:31:13.566713921Z I0619 10:31:13.566536       1 leaderelection.go:293] successfully renewed lease kube-system/external-resizer-ebs-csi-aws-com
2026-06-19T10:31:18.572327603Z I0619 10:31:18.572188       1 leaderelection.go:293] successfully renewed lease kube-system/external-resizer-ebs-csi-aws-com
2026-06-19T10:31:23.577944006Z I0619 10:31:23.577797       1 leaderelection.go:293] successfully renewed lease kube-system/external-resizer-ebs-csi-aws-com
2026-06-19T10:31:28.583183819Z I0619 10:31:28.583065       1 leaderelection.go:293] successfully renewed lease kube-system/external-resizer-ebs-csi-aws-com
2026-06-19T10:31:33.588427649Z I0619 10:31:33.588302       1 leaderelection.go:293] successfully renewed lease kube-system/external-resizer-ebs-csi-aws-com
2026-06-19T10:31:38.594466651Z I0619 10:31:38.594337       1 leaderelection.go:293] successfully renewed lease kube-system/external-resizer-ebs-csi-aws-com
2026-06-19T10:31:43.602076557Z I0619 10:31:43.601953       1 leaderelection.go:293] successfully renewed lease kube-system/external-resizer-ebs-csi-aws-com
2026-06-19T10:31:48.607626804Z I0619 10:31:48.607492       1 leaderelection.go:293] successfully renewed lease kube-system/external-resizer-ebs-csi-aws-com
2026-06-19T10:31:53.612759030Z I0619 10:31:53.612494       1 leaderelection.go:293] successfully renewed lease kube-system/external-resizer-ebs-csi-aws-com
2026-06-19T10:31:58.618439394Z I0619 10:31:58.618180       1 leaderelection.go:293] successfully renewed lease kube-system/external-resizer-ebs-csi-aws-com
2026-06-19T10:32:03.681679304Z I0619 10:32:03.681522       1 leaderelection.go:293] successfully renewed lease kube-system/external-resizer-ebs-csi-aws-com
2026-06-19T10:32:08.700209289Z I0619 10:32:08.699211       1 leaderelection.go:293] successfully renewed lease kube-system/external-resizer-ebs-csi-aws-com
2026-06-19T10:32:13.705969626Z I0619 10:32:13.705838       1 leaderelection.go:293] successfully renewed lease kube-system/external-resizer-ebs-csi-aws-com
2026-06-19T10:32:18.710521054Z I0619 10:32:18.710401       1 leaderelection.go:293] successfully renewed lease kube-system/external-resizer-ebs-csi-aws-com
2026-06-19T10:32:23.716299813Z I0619 10:32:23.716170       1 leaderelection.go:293] successfully renewed lease kube-system/external-resizer-ebs-csi-aws-com
2026-06-19T10:32:28.726357729Z I0619 10:32:28.726197       1 leaderelection.go:293] successfully renewed lease kube-system/external-resizer-ebs-csi-aws-com
2026-06-19T10:32:33.732331021Z I0619 10:32:33.732197       1 leaderelection.go:293] successfully renewed lease kube-system/external-resizer-ebs-csi-aws-com
2026-06-19T10:32:38.739074476Z I0619 10:32:38.738949       1 leaderelection.go:293] successfully renewed lease kube-system/external-resizer-ebs-csi-aws-com
2026-06-19T10:32:43.746917221Z I0619 10:32:43.746778       1 leaderelection.go:293] successfully renewed lease kube-system/external-resizer-ebs-csi-aws-com
2026-06-19T10:32:48.752251571Z I0619 10:32:48.752107       1 leaderelection.go:293] successfully renewed lease kube-system/external-resizer-ebs-csi-aws-com
2026-06-19T10:32:53.758354148Z I0619 10:32:53.758226       1 leaderelection.go:293] successfully renewed lease kube-system/external-resizer-ebs-csi-aws-com
2026-06-19T10:32:58.767409466Z I0619 10:32:58.767272       1 leaderelection.go:293] successfully renewed lease kube-system/external-resizer-ebs-csi-aws-com
2026-06-19T10:33:03.776228701Z I0619 10:33:03.775920       1 leaderelection.go:293] successfully renewed lease kube-system/external-resizer-ebs-csi-aws-com
2026-06-19T10:33:08.786821981Z I0619 10:33:08.786649       1 leaderelection.go:293] successfully renewed lease kube-system/external-resizer-ebs-csi-aws-com
2026-06-19T10:33:13.793629382Z I0619 10:33:13.793485       1 leaderelection.go:293] successfully renewed lease kube-system/external-resizer-ebs-csi-aws-com
2026-06-19T10:33:18.800651143Z I0619 10:33:18.800091       1 leaderelection.go:293] successfully renewed lease kube-system/external-resizer-ebs-csi-aws-com
2026-06-19T10:33:23.805641760Z I0619 10:33:23.805487       1 leaderelection.go:293] successfully renewed lease kube-system/external-resizer-ebs-csi-aws-com
2026-06-19T10:33:28.814709872Z I0619 10:33:28.814330       1 leaderelection.go:293] successfully renewed lease kube-system/external-resizer-ebs-csi-aws-com
2026-06-19T10:33:33.820457382Z I0619 10:33:33.820219       1 leaderelection.go:293] successfully renewed lease kube-system/external-resizer-ebs-csi-aws-com
2026-06-19T10:33:38.826661151Z I0619 10:33:38.826478       1 leaderelection.go:293] successfully renewed lease kube-system/external-resizer-ebs-csi-aws-com
2026-06-19T10:33:43.832853870Z I0619 10:33:43.832669       1 leaderelection.go:293] successfully renewed lease kube-system/external-resizer-ebs-csi-aws-com
2026-06-19T10:33:48.839652923Z I0619 10:33:48.839528       1 leaderelection.go:293] successfully renewed lease kube-system/external-resizer-ebs-csi-aws-com
2026-06-19T10:33:53.845326203Z I0619 10:33:53.845190       1 leaderelection.go:293] successfully renewed lease kube-system/external-resizer-ebs-csi-aws-com
2026-06-19T10:33:58.854952017Z I0619 10:33:58.854436       1 leaderelection.go:293] successfully renewed lease kube-system/external-resizer-ebs-csi-aws-com
2026-06-19T10:34:03.864416233Z I0619 10:34:03.864199       1 leaderelection.go:293] successfully renewed lease kube-system/external-resizer-ebs-csi-aws-com
2026-06-19T10:34:08.869915247Z I0619 10:34:08.869783       1 leaderelection.go:293] successfully renewed lease kube-system/external-resizer-ebs-csi-aws-com
2026-06-19T10:34:13.875712545Z I0619 10:34:13.875502       1 leaderelection.go:293] successfully renewed lease kube-system/external-resizer-ebs-csi-aws-com
2026-06-19T10:34:18.880496694Z I0619 10:34:18.880355       1 leaderelection.go:293] successfully renewed lease kube-system/external-resizer-ebs-csi-aws-com
2026-06-19T10:34:23.886877328Z I0619 10:34:23.886731       1 leaderelection.go:293] successfully renewed lease kube-system/external-resizer-ebs-csi-aws-com
2026-06-19T10:34:28.892745166Z I0619 10:34:28.892515       1 leaderelection.go:293] successfully renewed lease kube-system/external-resizer-ebs-csi-aws-com
2026-06-19T10:34:33.901118267Z I0619 10:34:33.900773       1 leaderelection.go:293] successfully renewed lease kube-system/external-resizer-ebs-csi-aws-com
2026-06-19T10:34:38.908509967Z I0619 10:34:38.908219       1 leaderelection.go:293] successfully renewed lease kube-system/external-resizer-ebs-csi-aws-com
2026-06-19T10:34:43.915627394Z I0619 10:34:43.914631       1 leaderelection.go:293] successfully renewed lease kube-system/external-resizer-ebs-csi-aws-com
2026-06-19T10:34:48.923855129Z I0619 10:34:48.923727       1 leaderelection.go:293] successfully renewed lease kube-system/external-resizer-ebs-csi-aws-com
2026-06-19T10:34:53.816146429Z I0619 10:34:53.815987       1 reflector.go:946] "Watch close" reflector="k8s.io/client-go/informers/factory.go:160" type="*v1.PersistentVolumeClaim" totalItems=7
2026-06-19T10:34:53.933637771Z I0619 10:34:53.929911       1 leaderelection.go:293] successfully renewed lease kube-system/external-resizer-ebs-csi-aws-com
2026-06-19T10:34:58.935138540Z I0619 10:34:58.935001       1 leaderelection.go:293] successfully renewed lease kube-system/external-resizer-ebs-csi-aws-com
2026-06-19T10:35:03.943430799Z I0619 10:35:03.943264       1 leaderelection.go:293] successfully renewed lease kube-system/external-resizer-ebs-csi-aws-com
2026-06-19T10:35:08.949231223Z I0619 10:35:08.948816       1 leaderelection.go:293] successfully renewed lease kube-system/external-resizer-ebs-csi-aws-com
2026-06-19T10:35:13.956275188Z I0619 10:35:13.955045       1 leaderelection.go:293] successfully renewed lease kube-system/external-resizer-ebs-csi-aws-com
2026-06-19T10:35:18.961199650Z I0619 10:35:18.960792       1 leaderelection.go:293] successfully renewed lease kube-system/external-resizer-ebs-csi-aws-com
2026-06-19T10:35:23.967152484Z I0619 10:35:23.966678       1 leaderelection.go:293] successfully renewed lease kube-system/external-resizer-ebs-csi-aws-com
2026-06-19T10:35:28.975985049Z I0619 10:35:28.975864       1 leaderelection.go:293] successfully renewed lease kube-system/external-resizer-ebs-csi-aws-com
2026-06-19T10:35:33.983940927Z I0619 10:35:33.983818       1 leaderelection.go:293] successfully renewed lease kube-system/external-resizer-ebs-csi-aws-com
2026-06-19T10:35:38.989704181Z I0619 10:35:38.989571       1 leaderelection.go:293] successfully renewed lease kube-system/external-resizer-ebs-csi-aws-com
2026-06-19T10:35:43.996302905Z I0619 10:35:43.996178       1 leaderelection.go:293] successfully renewed lease kube-system/external-resizer-ebs-csi-aws-com
2026-06-19T10:35:44.737657138Z I0619 10:35:44.737492       1 reflector.go:450] "Forcing resync" reflector="k8s.io/client-go/informers/factory.go:160"
2026-06-19T10:35:44.737955008Z I0619 10:35:44.737796       1 controller.go:327] "Started PVC processing for resize controller" key="kubentic-foresight/server-volume-vlogs-server-0"
2026-06-19T10:35:44.738003759Z I0619 10:35:44.737821       1 controller.go:375] "No need to resize PVC" PVC="kubentic-foresight/server-volume-vlogs-server-0"
2026-06-19T10:35:44.738010736Z I0619 10:35:44.737862       1 controller.go:327] "Started PVC processing for resize controller" key="kubentic-foresight/vmsingle-vmstack"
2026-06-19T10:35:44.738014662Z I0619 10:35:44.737891       1 controller.go:375] "No need to resize PVC" PVC="kubentic-foresight/vmsingle-vmstack"
2026-06-19T10:35:49.002007138Z I0619 10:35:49.001817       1 leaderelection.go:293] successfully renewed lease kube-system/external-resizer-ebs-csi-aws-com
2026-06-19T10:35:54.015129202Z I0619 10:35:54.014998       1 leaderelection.go:293] successfully renewed lease kube-system/external-resizer-ebs-csi-aws-com
2026-06-19T10:35:59.021398057Z I0619 10:35:59.021251       1 leaderelection.go:293] successfully renewed lease kube-system/external-resizer-ebs-csi-aws-com
2026-06-19T10:36:04.046384766Z I0619 10:36:04.036340       1 leaderelection.go:293] successfully renewed lease kube-system/external-resizer-ebs-csi-aws-com
2026-06-19T10:36:09.042792845Z I0619 10:36:09.042645       1 leaderelection.go:293] successfully renewed lease kube-system/external-resizer-ebs-csi-aws-com
2026-06-19T10:36:14.048355247Z I0619 10:36:14.048218       1 leaderelection.go:293] successfully renewed lease kube-system/external-resizer-ebs-csi-aws-com
2026-06-19T10:36:19.053705033Z I0619 10:36:19.053491       1 leaderelection.go:293] successfully renewed lease kube-system/external-resizer-ebs-csi-aws-com
2026-06-19T10:36:24.058960892Z I0619 10:36:24.058833       1 leaderelection.go:293] successfully renewed lease kube-system/external-resizer-ebs-csi-aws-com
2026-06-19T10:36:29.065218139Z I0619 10:36:29.064887       1 leaderelection.go:293] successfully renewed lease kube-system/external-resizer-ebs-csi-aws-com
2026-06-19T10:36:34.070581982Z I0619 10:36:34.070404       1 leaderelection.go:293] successfully renewed lease kube-system/external-resizer-ebs-csi-aws-com
2026-06-19T10:36:39.076215974Z I0619 10:36:39.076074       1 leaderelection.go:293] successfully renewed lease kube-system/external-resizer-ebs-csi-aws-com
2026-06-19T10:36:44.083527041Z I0619 10:36:44.083397       1 leaderelection.go:293] successfully renewed lease kube-system/external-resizer-ebs-csi-aws-com
2026-06-19T10:36:49.090023566Z I0619 10:36:49.089892       1 leaderelection.go:293] successfully renewed lease kube-system/external-resizer-ebs-csi-aws-com
2026-06-19T10:36:54.095511573Z I0619 10:36:54.095335       1 leaderelection.go:293] successfully renewed lease kube-system/external-resizer-ebs-csi-aws-com
2026-06-19T10:36:59.101253608Z I0619 10:36:59.101113       1 leaderelection.go:293] successfully renewed lease kube-system/external-resizer-ebs-csi-aws-com
2026-06-19T10:37:04.141428250Z I0619 10:37:04.139462       1 leaderelection.go:293] successfully renewed lease kube-system/external-resizer-ebs-csi-aws-com
2026-06-19T10:37:09.145183322Z I0619 10:37:09.145021       1 leaderelection.go:293] successfully renewed lease kube-system/external-resizer-ebs-csi-aws-com
2026-06-19T10:37:14.150655570Z I0619 10:37:14.150498       1 leaderelection.go:293] successfully renewed lease kube-system/external-resizer-ebs-csi-aws-com
2026-06-19T10:37:19.156068456Z I0619 10:37:19.155939       1 leaderelection.go:293] successfully renewed lease kube-system/external-resizer-ebs-csi-aws-com
2026-06-19T10:37:24.161868201Z I0619 10:37:24.161738       1 leaderelection.go:293] successfully renewed lease kube-system/external-resizer-ebs-csi-aws-com
2026-06-19T10:37:29.167587918Z I0619 10:37:29.167425       1 leaderelection.go:293] successfully renewed lease kube-system/external-resizer-ebs-csi-aws-com
2026-06-19T10:37:34.174765795Z I0619 10:37:34.174638       1 leaderelection.go:293] successfully renewed lease kube-system/external-resizer-ebs-csi-aws-com
2026-06-19T10:37:39.179778492Z I0619 10:37:39.179620       1 leaderelection.go:293] successfully renewed lease kube-system/external-resizer-ebs-csi-aws-com
2026-06-19T10:37:44.186749050Z I0619 10:37:44.186412       1 leaderelection.go:293] successfully renewed lease kube-system/external-resizer-ebs-csi-aws-com
2026-06-19T10:37:49.192170688Z I0619 10:37:49.192046       1 leaderelection.go:293] successfully renewed lease kube-system/external-resizer-ebs-csi-aws-com
2026-06-19T10:37:54.197347994Z I0619 10:37:54.197153       1 leaderelection.go:293] successfully renewed lease kube-system/external-resizer-ebs-csi-aws-com
2026-06-19T10:37:59.202334034Z I0619 10:37:59.202198       1 leaderelection.go:293] successfully renewed lease kube-system/external-resizer-ebs-csi-aws-com
2026-06-19T10:38:04.349606405Z I0619 10:38:04.349452       1 leaderelection.go:293] successfully renewed lease kube-system/external-resizer-ebs-csi-aws-com
2026-06-19T10:38:09.368242548Z I0619 10:38:09.368112       1 leaderelection.go:293] successfully renewed lease kube-system/external-resizer-ebs-csi-aws-com
2026-06-19T10:38:14.378307618Z I0619 10:38:14.377863       1 leaderelection.go:293] successfully renewed lease kube-system/external-resizer-ebs-csi-aws-com
2026-06-19T10:38:19.383525890Z I0619 10:38:19.383402       1 leaderelection.go:293] successfully renewed lease kube-system/external-resizer-ebs-csi-aws-com
2026-06-19T10:38:24.390294034Z I0619 10:38:24.390166       1 leaderelection.go:293] successfully renewed lease kube-system/external-resizer-ebs-csi-aws-com
2026-06-19T10:38:29.396523050Z I0619 10:38:29.396395       1 leaderelection.go:293] successfully renewed lease kube-system/external-resizer-ebs-csi-aws-com
2026-06-19T10:38:34.402265794Z I0619 10:38:34.402141       1 leaderelection.go:293] successfully renewed lease kube-system/external-resizer-ebs-csi-aws-com
2026-06-19T10:38:39.408268031Z I0619 10:38:39.408111       1 leaderelection.go:293] successfully renewed lease kube-system/external-resizer-ebs-csi-aws-com
2026-06-19T10:38:44.414619356Z I0619 10:38:44.414424       1 leaderelection.go:293] successfully renewed lease kube-system/external-resizer-ebs-csi-aws-com
2026-06-19T10:38:49.421341632Z I0619 10:38:49.421215       1 leaderelection.go:293] successfully renewed lease kube-system/external-resizer-ebs-csi-aws-com
2026-06-19T10:38:54.428855041Z I0619 10:38:54.428668       1 leaderelection.go:293] successfully renewed lease kube-system/external-resizer-ebs-csi-aws-com
2026-06-19T10:38:59.436738042Z I0619 10:38:59.436614       1 leaderelection.go:293] successfully renewed lease kube-system/external-resizer-ebs-csi-aws-com
2026-06-19T10:39:04.459891656Z I0619 10:39:04.459755       1 leaderelection.go:293] successfully renewed lease kube-system/external-resizer-ebs-csi-aws-com
2026-06-19T10:39:09.465390153Z I0619 10:39:09.465249       1 leaderelection.go:293] successfully renewed lease kube-system/external-resizer-ebs-csi-aws-com
2026-06-19T10:39:14.472036023Z I0619 10:39:14.471884       1 leaderelection.go:293] successfully renewed lease kube-system/external-resizer-ebs-csi-aws-com
2026-06-19T10:39:19.477897130Z I0619 10:39:19.477754       1 leaderelection.go:293] successfully renewed lease kube-system/external-resizer-ebs-csi-aws-com
2026-06-19T10:39:24.484898767Z I0619 10:39:24.484598       1 leaderelection.go:293] successfully renewed lease kube-system/external-resizer-ebs-csi-aws-com
2026-06-19T10:39:29.490751140Z I0619 10:39:29.490618       1 leaderelection.go:293] successfully renewed lease kube-system/external-resizer-ebs-csi-aws-com
2026-06-19T10:39:30.821841739Z I0619 10:39:30.821391       1 reflector.go:946] "Watch close" reflector="k8s.io/client-go/informers/factory.go:160" type="*v1.PersistentVolume" totalItems=10
2026-06-19T10:39:34.496359171Z I0619 10:39:34.496233       1 leaderelection.go:293] successfully renewed lease kube-system/external-resizer-ebs-csi-aws-com
2026-06-19T10:39:39.502087741Z I0619 10:39:39.501938       1 leaderelection.go:293] successfully renewed lease kube-system/external-resizer-ebs-csi-aws-com
2026-06-19T10:39:44.508308719Z I0619 10:39:44.508177       1 leaderelection.go:293] successfully renewed lease kube-system/external-resizer-ebs-csi-aws-com
2026-06-19T10:39:49.513954211Z I0619 10:39:49.513754       1 leaderelection.go:293] successfully renewed lease kube-system/external-resizer-ebs-csi-aws-com
2026-06-19T10:39:54.519852480Z I0619 10:39:54.519430       1 leaderelection.go:293] successfully renewed lease kube-system/external-resizer-ebs-csi-aws-com
2026-06-19T10:39:59.527800829Z I0619 10:39:59.527575       1 leaderelection.go:293] successfully renewed lease kube-system/external-resizer-ebs-csi-aws-com
2026-06-19T10:40:04.546395559Z I0619 10:40:04.546266       1 leaderelection.go:293] successfully renewed lease kube-system/external-resizer-ebs-csi-aws-com
2026-06-19T10:40:09.552291865Z I0619 10:40:09.552165       1 leaderelection.go:293] successfully renewed lease kube-system/external-resizer-ebs-csi-aws-com
2026-06-19T10:40:14.558002619Z I0619 10:40:14.557880       1 leaderelection.go:293] successfully renewed lease kube-system/external-resizer-ebs-csi-aws-com
2026-06-19T10:40:19.566287063Z I0619 10:40:19.566125       1 leaderelection.go:293] successfully renewed lease kube-system/external-resizer-ebs-csi-aws-com
2026-06-19T10:40:20.818806246Z I0619 10:40:20.818635       1 reflector.go:946] "Watch close" reflector="k8s.io/client-go/informers/factory.go:160" type="*v1.PersistentVolumeClaim" totalItems=7
2026-06-19T10:40:24.574346367Z I0619 10:40:24.574211       1 leaderelection.go:293] successfully renewed lease kube-system/external-resizer-ebs-csi-aws-com
2026-06-19T10:40:29.579978600Z I0619 10:40:29.579832       1 leaderelection.go:293] successfully renewed lease kube-system/external-resizer-ebs-csi-aws-com
2026-06-19T10:40:34.589433750Z I0619 10:40:34.589303       1 leaderelection.go:293] successfully renewed lease kube-system/external-resizer-ebs-csi-aws-com
2026-06-19T10:40:39.595464829Z I0619 10:40:39.595300       1 leaderelection.go:293] successfully renewed lease kube-system/external-resizer-ebs-csi-aws-com
2026-06-19T10:40:44.602358947Z I0619 10:40:44.602235       1 leaderelection.go:293] successfully renewed lease kube-system/external-resizer-ebs-csi-aws-com
2026-06-19T10:40:49.608798693Z I0619 10:40:49.608631       1 leaderelection.go:293] successfully renewed lease kube-system/external-resizer-ebs-csi-aws-com
2026-06-19T10:40:54.614320831Z I0619 10:40:54.614189       1 leaderelection.go:293] successfully renewed lease kube-system/external-resizer-ebs-csi-aws-com
2026-06-19T10:40:59.619496946Z I0619 10:40:59.619305       1 leaderelection.go:293] successfully renewed lease kube-system/external-resizer-ebs-csi-aws-com
2026-06-19T10:41:04.629569192Z I0619 10:41:04.629223       1 leaderelection.go:293] successfully renewed lease kube-system/external-resizer-ebs-csi-aws-com
2026-06-19T10:41:09.638461158Z I0619 10:41:09.638326       1 leaderelection.go:293] successfully renewed lease kube-system/external-resizer-ebs-csi-aws-com
2026-06-19T10:41:14.645672221Z I0619 10:41:14.645485       1 leaderelection.go:293] successfully renewed lease kube-system/external-resizer-ebs-csi-aws-com
2026-06-19T10:41:19.651715874Z I0619 10:41:19.651588       1 leaderelection.go:293] successfully renewed lease kube-system/external-resizer-ebs-csi-aws-com
2026-06-19T10:41:24.660479132Z I0619 10:41:24.660335       1 leaderelection.go:293] successfully renewed lease kube-system/external-resizer-ebs-csi-aws-com
2026-06-19T10:41:29.666343525Z I0619 10:41:29.666220       1 leaderelection.go:293] successfully renewed lease kube-system/external-resizer-ebs-csi-aws-com
2026-06-19T10:41:34.672803729Z I0619 10:41:34.672677       1 leaderelection.go:293] successfully renewed lease kube-system/external-resizer-ebs-csi-aws-com
2026-06-19T10:41:39.679198155Z I0619 10:41:39.679058       1 leaderelection.go:293] successfully renewed lease kube-system/external-resizer-ebs-csi-aws-com
2026-06-19T10:41:44.685805718Z I0619 10:41:44.685641       1 leaderelection.go:293] successfully renewed lease kube-system/external-resizer-ebs-csi-aws-com
2026-06-19T10:41:49.691109608Z I0619 10:41:49.690952       1 leaderelection.go:293] successfully renewed lease kube-system/external-resizer-ebs-csi-aws-com
2026-06-19T10:41:54.698666456Z I0619 10:41:54.698522       1 leaderelection.go:293] successfully renewed lease kube-system/external-resizer-ebs-csi-aws-com
2026-06-19T10:41:59.708796351Z I0619 10:41:59.708619       1 leaderelection.go:293] successfully renewed lease kube-system/external-resizer-ebs-csi-aws-com
2026-06-19T10:42:04.727736906Z I0619 10:42:04.727621       1 leaderelection.go:293] successfully renewed lease kube-system/external-resizer-ebs-csi-aws-com
2026-06-19T10:42:09.733874414Z I0619 10:42:09.733676       1 leaderelection.go:293] successfully renewed lease kube-system/external-resizer-ebs-csi-aws-com
2026-06-19T10:42:14.738778458Z I0619 10:42:14.738615       1 leaderelection.go:293] successfully renewed lease kube-system/external-resizer-ebs-csi-aws-com
2026-06-19T10:42:19.745626639Z I0619 10:42:19.745488       1 leaderelection.go:293] successfully renewed lease kube-system/external-resizer-ebs-csi-aws-com
2026-06-19T10:42:24.751713446Z I0619 10:42:24.751578       1 leaderelection.go:293] successfully renewed lease kube-system/external-resizer-ebs-csi-aws-com
2026-06-19T10:42:29.756621905Z I0619 10:42:29.756451       1 leaderelection.go:293] successfully renewed lease kube-system/external-resizer-ebs-csi-aws-com
2026-06-19T10:42:34.761621887Z I0619 10:42:34.761488       1 leaderelection.go:293] successfully renewed lease kube-system/external-resizer-ebs-csi-aws-com
2026-06-19T10:42:39.766607210Z I0619 10:42:39.766223       1 leaderelection.go:293] successfully renewed lease kube-system/external-resizer-ebs-csi-aws-com
2026-06-19T10:42:44.772001391Z I0619 10:42:44.771824       1 leaderelection.go:293] successfully renewed lease kube-system/external-resizer-ebs-csi-aws-com
2026-06-19T10:42:49.777624219Z I0619 10:42:49.777481       1 leaderelection.go:293] successfully renewed lease kube-system/external-resizer-ebs-csi-aws-com
2026-06-19T10:42:54.783068249Z I0619 10:42:54.782918       1 leaderelection.go:293] successfully renewed lease kube-system/external-resizer-ebs-csi-aws-com
2026-06-19T10:42:59.788705224Z I0619 10:42:59.788564       1 leaderelection.go:293] successfully renewed lease kube-system/external-resizer-ebs-csi-aws-com
2026-06-19T10:43:04.806747676Z I0619 10:43:04.806261       1 leaderelection.go:293] successfully renewed lease kube-system/external-resizer-ebs-csi-aws-com
2026-06-19T10:43:09.812271475Z I0619 10:43:09.812138       1 leaderelection.go:293] successfully renewed lease kube-system/external-resizer-ebs-csi-aws-com
2026-06-19T10:43:14.820405141Z I0619 10:43:14.820283       1 leaderelection.go:293] successfully renewed lease kube-system/external-resizer-ebs-csi-aws-com
2026-06-19T10:43:19.825863275Z I0619 10:43:19.825718       1 leaderelection.go:293] successfully renewed lease kube-system/external-resizer-ebs-csi-aws-com
2026-06-19T10:43:24.831667501Z I0619 10:43:24.831379       1 leaderelection.go:293] successfully renewed lease kube-system/external-resizer-ebs-csi-aws-com
2026-06-19T10:43:29.839514163Z I0619 10:43:29.839385       1 leaderelection.go:293] successfully renewed lease kube-system/external-resizer-ebs-csi-aws-com
2026-06-19T10:43:34.844385303Z I0619 10:43:34.844254       1 leaderelection.go:293] successfully renewed lease kube-system/external-resizer-ebs-csi-aws-com
2026-06-19T10:43:39.849524395Z I0619 10:43:39.849375       1 leaderelection.go:293] successfully renewed lease kube-system/external-resizer-ebs-csi-aws-com
2026-06-19T10:43:44.855262842Z I0619 10:43:44.854971       1 leaderelection.go:293] successfully renewed lease kube-system/external-resizer-ebs-csi-aws-com
2026-06-19T10:43:49.861481499Z I0619 10:43:49.861352       1 leaderelection.go:293] successfully renewed lease kube-system/external-resizer-ebs-csi-aws-com
2026-06-19T10:43:54.866598349Z I0619 10:43:54.866452       1 leaderelection.go:293] successfully renewed lease kube-system/external-resizer-ebs-csi-aws-com
2026-06-19T10:43:59.872624601Z I0619 10:43:59.872477       1 leaderelection.go:293] successfully renewed lease kube-system/external-resizer-ebs-csi-aws-com
2026-06-19T10:44:04.879441800Z I0619 10:44:04.879313       1 leaderelection.go:293] successfully renewed lease kube-system/external-resizer-ebs-csi-aws-com
2026-06-19T10:44:09.885887950Z I0619 10:44:09.885730       1 leaderelection.go:293] successfully renewed lease kube-system/external-resizer-ebs-csi-aws-com
2026-06-19T10:44:14.891506217Z I0619 10:44:14.891202       1 leaderelection.go:293] successfully renewed lease kube-system/external-resizer-ebs-csi-aws-com
2026-06-19T10:44:19.899762415Z I0619 10:44:19.899645       1 leaderelection.go:293] successfully renewed lease kube-system/external-resizer-ebs-csi-aws-com
2026-06-19T10:44:24.904848378Z I0619 10:44:24.904592       1 leaderelection.go:293] successfully renewed lease kube-system/external-resizer-ebs-csi-aws-com
2026-06-19T10:44:29.910579100Z I0619 10:44:29.910340       1 leaderelection.go:293] successfully renewed lease kube-system/external-resizer-ebs-csi-aws-com
2026-06-19T10:44:34.915952341Z I0619 10:44:34.915821       1 leaderelection.go:293] successfully renewed lease kube-system/external-resizer-ebs-csi-aws-com
2026-06-19T10:44:39.921960562Z I0619 10:44:39.921763       1 leaderelection.go:293] successfully renewed lease kube-system/external-resizer-ebs-csi-aws-com
2026-06-19T10:44:44.927918119Z I0619 10:44:44.927771       1 leaderelection.go:293] successfully renewed lease kube-system/external-resizer-ebs-csi-aws-com
2026-06-19T10:44:49.933417785Z I0619 10:44:49.933230       1 leaderelection.go:293] successfully renewed lease kube-system/external-resizer-ebs-csi-aws-com
2026-06-19T10:44:54.942039077Z I0619 10:44:54.941921       1 leaderelection.go:293] successfully renewed lease kube-system/external-resizer-ebs-csi-aws-com
2026-06-19T10:44:59.947834512Z I0619 10:44:59.947696       1 leaderelection.go:293] successfully renewed lease kube-system/external-resizer-ebs-csi-aws-com
2026-06-19T10:45:04.963209640Z I0619 10:45:04.963093       1 leaderelection.go:293] successfully renewed lease kube-system/external-resizer-ebs-csi-aws-com
2026-06-19T10:45:09.970537939Z I0619 10:45:09.970334       1 leaderelection.go:293] successfully renewed lease kube-system/external-resizer-ebs-csi-aws-com
2026-06-19T10:45:14.976879872Z I0619 10:45:14.976718       1 leaderelection.go:293] successfully renewed lease kube-system/external-resizer-ebs-csi-aws-com
2026-06-19T10:45:19.982501137Z I0619 10:45:19.982356       1 leaderelection.go:293] successfully renewed lease kube-system/external-resizer-ebs-csi-aws-com
2026-06-19T10:45:24.988323065Z I0619 10:45:24.988065       1 leaderelection.go:293] successfully renewed lease kube-system/external-resizer-ebs-csi-aws-com
2026-06-19T10:45:29.996225097Z I0619 10:45:29.996077       1 leaderelection.go:293] successfully renewed lease kube-system/external-resizer-ebs-csi-aws-com
2026-06-19T10:45:35.005761227Z I0619 10:45:35.005611       1 leaderelection.go:293] successfully renewed lease kube-system/external-resizer-ebs-csi-aws-com
2026-06-19T10:45:40.011052568Z I0619 10:45:40.010917       1 leaderelection.go:293] successfully renewed lease kube-system/external-resizer-ebs-csi-aws-com
2026-06-19T10:45:44.738648749Z I0619 10:45:44.738456       1 reflector.go:450] "Forcing resync" reflector="k8s.io/client-go/informers/factory.go:160"
2026-06-19T10:45:44.738711436Z I0619 10:45:44.738615       1 controller.go:327] "Started PVC processing for resize controller" key="kubentic-foresight/vmsingle-vmstack"
2026-06-19T10:45:44.738715351Z I0619 10:45:44.738635       1 controller.go:375] "No need to resize PVC" PVC="kubentic-foresight/vmsingle-vmstack"
2026-06-19T10:45:44.738830568Z I0619 10:45:44.738576       1 controller.go:327] "Started PVC processing for resize controller" key="kubentic-foresight/server-volume-vlogs-server-0"
2026-06-19T10:45:44.738838108Z I0619 10:45:44.738752       1 controller.go:375] "No need to resize PVC" PVC="kubentic-foresight/server-volume-vlogs-server-0"
2026-06-19T10:45:45.017538320Z I0619 10:45:45.017423       1 leaderelection.go:293] successfully renewed lease kube-system/external-resizer-ebs-csi-aws-com
2026-06-19T10:45:50.022932983Z I0619 10:45:50.022810       1 leaderelection.go:293] successfully renewed lease kube-system/external-resizer-ebs-csi-aws-com
2026-06-19T10:45:55.029219626Z I0619 10:45:55.028895       1 leaderelection.go:293] successfully renewed lease kube-system/external-resizer-ebs-csi-aws-com
2026-06-19T10:46:00.047753678Z I0619 10:46:00.047526       1 leaderelection.go:293] successfully renewed lease kube-system/external-resizer-ebs-csi-aws-com
2026-06-19T10:46:05.055140237Z I0619 10:46:05.055010       1 leaderelection.go:293] successfully renewed lease kube-system/external-resizer-ebs-csi-aws-com
2026-06-19T10:46:10.067815423Z I0619 10:46:10.067599       1 leaderelection.go:293] successfully renewed lease kube-system/external-resizer-ebs-csi-aws-com
2026-06-19T10:46:15.073347677Z I0619 10:46:15.072777       1 leaderelection.go:293] successfully renewed lease kube-system/external-resizer-ebs-csi-aws-com
2026-06-19T10:46:20.078314694Z I0619 10:46:20.078104       1 leaderelection.go:293] successfully renewed lease kube-system/external-resizer-ebs-csi-aws-com
2026-06-19T10:46:25.084513197Z I0619 10:46:25.084370       1 leaderelection.go:293] successfully renewed lease kube-system/external-resizer-ebs-csi-aws-com
2026-06-19T10:46:30.090464262Z I0619 10:46:30.090351       1 leaderelection.go:293] successfully renewed lease kube-system/external-resizer-ebs-csi-aws-com
2026-06-19T10:46:35.097574903Z I0619 10:46:35.097388       1 leaderelection.go:293] successfully renewed lease kube-system/external-resizer-ebs-csi-aws-com
2026-06-19T10:46:40.102862896Z I0619 10:46:40.102566       1 leaderelection.go:293] successfully renewed lease kube-system/external-resizer-ebs-csi-aws-com
2026-06-19T10:46:45.109251713Z I0619 10:46:45.108886       1 leaderelection.go:293] successfully renewed lease kube-system/external-resizer-ebs-csi-aws-com
2026-06-19T10:46:50.114767532Z I0619 10:46:50.114643       1 leaderelection.go:293] successfully renewed lease kube-system/external-resizer-ebs-csi-aws-com
2026-06-19T10:46:54.824064454Z I0619 10:46:54.823937       1 reflector.go:946] "Watch close" reflector="k8s.io/client-go/informers/factory.go:160" type="*v1.PersistentVolume" totalItems=9
2026-06-19T10:46:55.120635768Z I0619 10:46:55.120485       1 leaderelection.go:293] successfully renewed lease kube-system/external-resizer-ebs-csi-aws-com
2026-06-19T10:47:00.202190288Z I0619 10:47:00.201867       1 leaderelection.go:293] successfully renewed lease kube-system/external-resizer-ebs-csi-aws-com
2026-06-19T10:47:05.213680154Z I0619 10:47:05.213507       1 leaderelection.go:293] successfully renewed lease kube-system/external-resizer-ebs-csi-aws-com
2026-06-19T10:47:10.218762725Z I0619 10:47:10.218591       1 leaderelection.go:293] successfully renewed lease kube-system/external-resizer-ebs-csi-aws-com
2026-06-19T10:47:15.224485470Z I0619 10:47:15.224361       1 leaderelection.go:293] successfully renewed lease kube-system/external-resizer-ebs-csi-aws-com
2026-06-19T10:47:20.230228733Z I0619 10:47:20.230083       1 leaderelection.go:293] successfully renewed lease kube-system/external-resizer-ebs-csi-aws-com
2026-06-19T10:47:25.235436516Z I0619 10:47:25.235267       1 leaderelection.go:293] successfully renewed lease kube-system/external-resizer-ebs-csi-aws-com
2026-06-19T10:47:30.241227091Z I0619 10:47:30.241096       1 leaderelection.go:293] successfully renewed lease kube-system/external-resizer-ebs-csi-aws-com
2026-06-19T10:47:35.247408904Z I0619 10:47:35.247179       1 leaderelection.go:293] successfully renewed lease kube-system/external-resizer-ebs-csi-aws-com
2026-06-19T10:47:40.258093317Z I0619 10:47:40.257933       1 leaderelection.go:293] successfully renewed lease kube-system/external-resizer-ebs-csi-aws-com
2026-06-19T10:47:45.269918109Z I0619 10:47:45.269670       1 leaderelection.go:293] successfully renewed lease kube-system/external-resizer-ebs-csi-aws-com
2026-06-19T10:47:50.278472029Z I0619 10:47:50.278331       1 leaderelection.go:293] successfully renewed lease kube-system/external-resizer-ebs-csi-aws-com
2026-06-19T10:47:52.820770643Z I0619 10:47:52.820514       1 reflector.go:946] "Watch close" reflector="k8s.io/client-go/informers/factory.go:160" type="*v1.PersistentVolumeClaim" totalItems=8
2026-06-19T10:47:55.289490728Z I0619 10:47:55.288839       1 leaderelection.go:293] successfully renewed lease kube-system/external-resizer-ebs-csi-aws-com
2026-06-19T10:48:00.300655428Z I0619 10:48:00.300512       1 leaderelection.go:293] successfully renewed lease kube-system/external-resizer-ebs-csi-aws-com
2026-06-19T10:48:05.309446142Z I0619 10:48:05.309297       1 leaderelection.go:293] successfully renewed lease kube-system/external-resizer-ebs-csi-aws-com
2026-06-19T10:48:10.315800761Z I0619 10:48:10.315612       1 leaderelection.go:293] successfully renewed lease kube-system/external-resizer-ebs-csi-aws-com
2026-06-19T10:48:15.321313987Z I0619 10:48:15.321132       1 leaderelection.go:293] successfully renewed lease kube-system/external-resizer-ebs-csi-aws-com
2026-06-19T10:48:20.326944711Z I0619 10:48:20.326823       1 leaderelection.go:293] successfully renewed lease kube-system/external-resizer-ebs-csi-aws-com
2026-06-19T10:48:25.332359928Z I0619 10:48:25.332137       1 leaderelection.go:293] successfully renewed lease kube-system/external-resizer-ebs-csi-aws-com
2026-06-19T10:48:30.339799899Z I0619 10:48:30.339659       1 leaderelection.go:293] successfully renewed lease kube-system/external-resizer-ebs-csi-aws-com
2026-06-19T10:48:35.345776310Z I0619 10:48:35.345438       1 leaderelection.go:293] successfully renewed lease kube-system/external-resizer-ebs-csi-aws-com
2026-06-19T10:48:40.350800298Z I0619 10:48:40.350613       1 leaderelection.go:293] successfully renewed lease kube-system/external-resizer-ebs-csi-aws-com
2026-06-19T10:48:45.356736701Z I0619 10:48:45.356603       1 leaderelection.go:293] successfully renewed lease kube-system/external-resizer-ebs-csi-aws-com
2026-06-19T10:48:50.362597876Z I0619 10:48:50.362371       1 leaderelection.go:293] successfully renewed lease kube-system/external-resizer-ebs-csi-aws-com
2026-06-19T10:48:55.368567784Z I0619 10:48:55.368408       1 leaderelection.go:293] successfully renewed lease kube-system/external-resizer-ebs-csi-aws-com
2026-06-19T10:49:00.375615175Z I0619 10:49:00.375413       1 leaderelection.go:293] successfully renewed lease kube-system/external-resizer-ebs-csi-aws-com
2026-06-19T10:49:05.383343420Z I0619 10:49:05.382997       1 leaderelection.go:293] successfully renewed lease kube-system/external-resizer-ebs-csi-aws-com
2026-06-19T10:49:10.389177564Z I0619 10:49:10.388919       1 leaderelection.go:293] successfully renewed lease kube-system/external-resizer-ebs-csi-aws-com
2026-06-19T10:49:15.396505515Z I0619 10:49:15.396360       1 leaderelection.go:293] successfully renewed lease kube-system/external-resizer-ebs-csi-aws-com
2026-06-19T10:49:20.402754436Z I0619 10:49:20.402626       1 leaderelection.go:293] successfully renewed lease kube-system/external-resizer-ebs-csi-aws-com
2026-06-19T10:49:25.408834159Z I0619 10:49:25.408584       1 leaderelection.go:293] successfully renewed lease kube-system/external-resizer-ebs-csi-aws-com
2026-06-19T10:49:30.414496858Z I0619 10:49:30.414343       1 leaderelection.go:293] successfully renewed lease kube-system/external-resizer-ebs-csi-aws-com
2026-06-19T10:49:35.419647194Z I0619 10:49:35.419511       1 leaderelection.go:293] successfully renewed lease kube-system/external-resizer-ebs-csi-aws-com
2026-06-19T10:49:40.428451571Z I0619 10:49:40.428299       1 leaderelection.go:293] successfully renewed lease kube-system/external-resizer-ebs-csi-aws-com
2026-06-19T10:49:45.434878323Z I0619 10:49:45.434754       1 leaderelection.go:293] successfully renewed lease kube-system/external-resizer-ebs-csi-aws-com
2026-06-19T10:49:50.441189916Z I0619 10:49:50.440929       1 leaderelection.go:293] successfully renewed lease kube-system/external-resizer-ebs-csi-aws-com
2026-06-19T10:49:55.446117619Z I0619 10:49:55.445969       1 leaderelection.go:293] successfully renewed lease kube-system/external-resizer-ebs-csi-aws-com
2026-06-19T10:50:00.452061605Z I0619 10:50:00.451943       1 leaderelection.go:293] successfully renewed lease kube-system/external-resizer-ebs-csi-aws-com
2026-06-19T10:50:05.459376881Z I0619 10:50:05.459235       1 leaderelection.go:293] successfully renewed lease kube-system/external-resizer-ebs-csi-aws-com
2026-06-19T10:50:10.465156155Z I0619 10:50:10.464779       1 leaderelection.go:293] successfully renewed lease kube-system/external-resizer-ebs-csi-aws-com
2026-06-19T10:50:15.472583869Z I0619 10:50:15.472383       1 leaderelection.go:293] successfully renewed lease kube-system/external-resizer-ebs-csi-aws-com
2026-06-19T10:50:20.477418243Z I0619 10:50:20.477287       1 leaderelection.go:293] successfully renewed lease kube-system/external-resizer-ebs-csi-aws-com
2026-06-19T10:50:25.483245738Z I0619 10:50:25.483094       1 leaderelection.go:293] successfully renewed lease kube-system/external-resizer-ebs-csi-aws-com
2026-06-19T10:50:30.488687745Z I0619 10:50:30.488306       1 leaderelection.go:293] successfully renewed lease kube-system/external-resizer-ebs-csi-aws-com
2026-06-19T10:50:35.495099888Z I0619 10:50:35.494945       1 leaderelection.go:293] successfully renewed lease kube-system/external-resizer-ebs-csi-aws-com
2026-06-19T10:50:40.500178400Z I0619 10:50:40.500054       1 leaderelection.go:293] successfully renewed lease kube-system/external-resizer-ebs-csi-aws-com
2026-06-19T10:50:45.505475449Z I0619 10:50:45.505293       1 leaderelection.go:293] successfully renewed lease kube-system/external-resizer-ebs-csi-aws-com
2026-06-19T10:50:50.511123493Z I0619 10:50:50.510995       1 leaderelection.go:293] successfully renewed lease kube-system/external-resizer-ebs-csi-aws-com
2026-06-19T10:50:55.516051521Z I0619 10:50:55.515851       1 leaderelection.go:293] successfully renewed lease kube-system/external-resizer-ebs-csi-aws-com
2026-06-19T10:51:00.523582222Z I0619 10:51:00.523268       1 leaderelection.go:293] successfully renewed lease kube-system/external-resizer-ebs-csi-aws-com
2026-06-19T10:51:05.530400471Z I0619 10:51:05.530191       1 leaderelection.go:293] successfully renewed lease kube-system/external-resizer-ebs-csi-aws-com
2026-06-19T10:51:10.537586921Z I0619 10:51:10.537309       1 leaderelection.go:293] successfully renewed lease kube-system/external-resizer-ebs-csi-aws-com
2026-06-19T10:51:15.543990601Z I0619 10:51:15.543857       1 leaderelection.go:293] successfully renewed lease kube-system/external-resizer-ebs-csi-aws-com
2026-06-19T10:51:20.549518752Z I0619 10:51:20.549376       1 leaderelection.go:293] successfully renewed lease kube-system/external-resizer-ebs-csi-aws-com
2026-06-19T10:51:25.555166168Z I0619 10:51:25.555043       1 leaderelection.go:293] successfully renewed lease kube-system/external-resizer-ebs-csi-aws-com
2026-06-19T10:51:30.561334629Z I0619 10:51:30.561189       1 leaderelection.go:293] successfully renewed lease kube-system/external-resizer-ebs-csi-aws-com
2026-06-19T10:51:35.569337648Z I0619 10:51:35.569213       1 leaderelection.go:293] successfully renewed lease kube-system/external-resizer-ebs-csi-aws-com
2026-06-19T10:51:40.575116815Z I0619 10:51:40.574960       1 leaderelection.go:293] successfully renewed lease kube-system/external-resizer-ebs-csi-aws-com
2026-06-19T10:51:45.580485089Z I0619 10:51:45.580297       1 leaderelection.go:293] successfully renewed lease kube-system/external-resizer-ebs-csi-aws-com
2026-06-19T10:51:50.588566288Z I0619 10:51:50.587918       1 leaderelection.go:293] successfully renewed lease kube-system/external-resizer-ebs-csi-aws-com
2026-06-19T10:51:55.593663807Z I0619 10:51:55.593235       1 leaderelection.go:293] successfully renewed lease kube-system/external-resizer-ebs-csi-aws-com
2026-06-19T10:52:00.599665037Z I0619 10:52:00.599532       1 leaderelection.go:293] successfully renewed lease kube-system/external-resizer-ebs-csi-aws-com
2026-06-19T10:52:05.606403147Z I0619 10:52:05.606270       1 leaderelection.go:293] successfully renewed lease kube-system/external-resizer-ebs-csi-aws-com
2026-06-19T10:52:10.614606665Z I0619 10:52:10.614442       1 leaderelection.go:293] successfully renewed lease kube-system/external-resizer-ebs-csi-aws-com
2026-06-19T10:52:15.620932165Z I0619 10:52:15.620765       1 leaderelection.go:293] successfully renewed lease kube-system/external-resizer-ebs-csi-aws-com
2026-06-19T10:52:20.627172198Z I0619 10:52:20.627024       1 leaderelection.go:293] successfully renewed lease kube-system/external-resizer-ebs-csi-aws-com
2026-06-19T10:52:25.635039007Z I0619 10:52:25.634887       1 leaderelection.go:293] successfully renewed lease kube-system/external-resizer-ebs-csi-aws-com
2026-06-19T10:52:30.642686619Z I0619 10:52:30.642353       1 leaderelection.go:293] successfully renewed lease kube-system/external-resizer-ebs-csi-aws-com
2026-06-19T10:52:35.648391819Z I0619 10:52:35.648272       1 leaderelection.go:293] successfully renewed lease kube-system/external-resizer-ebs-csi-aws-com
2026-06-19T10:52:40.654175849Z I0619 10:52:40.654058       1 leaderelection.go:293] successfully renewed lease kube-system/external-resizer-ebs-csi-aws-com
2026-06-19T10:52:45.660365545Z I0619 10:52:45.660210       1 leaderelection.go:293] successfully renewed lease kube-system/external-resizer-ebs-csi-aws-com
2026-06-19T10:52:50.665592114Z I0619 10:52:50.665413       1 leaderelection.go:293] successfully renewed lease kube-system/external-resizer-ebs-csi-aws-com
2026-06-19T10:52:55.671294162Z I0619 10:52:55.671164       1 leaderelection.go:293] successfully renewed lease kube-system/external-resizer-ebs-csi-aws-com
2026-06-19T10:53:00.676860999Z I0619 10:53:00.676718       1 leaderelection.go:293] successfully renewed lease kube-system/external-resizer-ebs-csi-aws-com
2026-06-19T10:53:05.682652830Z I0619 10:53:05.682486       1 leaderelection.go:293] successfully renewed lease kube-system/external-resizer-ebs-csi-aws-com
2026-06-19T10:53:10.689146608Z I0619 10:53:10.688821       1 leaderelection.go:293] successfully renewed lease kube-system/external-resizer-ebs-csi-aws-com
2026-06-19T10:53:15.700634905Z I0619 10:53:15.699995       1 leaderelection.go:293] successfully renewed lease kube-system/external-resizer-ebs-csi-aws-com
2026-06-19T10:53:20.709363764Z I0619 10:53:20.709229       1 leaderelection.go:293] successfully renewed lease kube-system/external-resizer-ebs-csi-aws-com
2026-06-19T10:53:25.714451800Z I0619 10:53:25.714298       1 leaderelection.go:293] successfully renewed lease kube-system/external-resizer-ebs-csi-aws-com
2026-06-19T10:53:30.719386907Z I0619 10:53:30.719159       1 leaderelection.go:293] successfully renewed lease kube-system/external-resizer-ebs-csi-aws-com
2026-06-19T10:53:35.725349624Z I0619 10:53:35.725227       1 leaderelection.go:293] successfully renewed lease kube-system/external-resizer-ebs-csi-aws-com
2026-06-19T10:53:40.730812182Z I0619 10:53:40.730530       1 leaderelection.go:293] successfully renewed lease kube-system/external-resizer-ebs-csi-aws-com
2026-06-19T10:53:45.736435243Z I0619 10:53:45.736257       1 leaderelection.go:293] successfully renewed lease kube-system/external-resizer-ebs-csi-aws-com
2026-06-19T10:53:50.741681987Z I0619 10:53:50.741516       1 leaderelection.go:293] successfully renewed lease kube-system/external-resizer-ebs-csi-aws-com
2026-06-19T10:53:55.748353032Z I0619 10:53:55.748230       1 leaderelection.go:293] successfully renewed lease kube-system/external-resizer-ebs-csi-aws-com
2026-06-19T10:54:00.754051060Z I0619 10:54:00.753774       1 leaderelection.go:293] successfully renewed lease kube-system/external-resizer-ebs-csi-aws-com
2026-06-19T10:54:05.759723346Z I0619 10:54:05.759601       1 leaderelection.go:293] successfully renewed lease kube-system/external-resizer-ebs-csi-aws-com
2026-06-19T10:54:10.765814925Z I0619 10:54:10.765629       1 leaderelection.go:293] successfully renewed lease kube-system/external-resizer-ebs-csi-aws-com
2026-06-19T10:54:15.770734298Z I0619 10:54:15.770582       1 leaderelection.go:293] successfully renewed lease kube-system/external-resizer-ebs-csi-aws-com
2026-06-19T10:54:20.777381002Z I0619 10:54:20.777234       1 leaderelection.go:293] successfully renewed lease kube-system/external-resizer-ebs-csi-aws-com
2026-06-19T10:54:25.783379093Z I0619 10:54:25.783231       1 leaderelection.go:293] successfully renewed lease kube-system/external-resizer-ebs-csi-aws-com
2026-06-19T10:54:30.791297158Z I0619 10:54:30.791182       1 leaderelection.go:293] successfully renewed lease kube-system/external-resizer-ebs-csi-aws-com
2026-06-19T10:54:35.797736336Z I0619 10:54:35.797578       1 leaderelection.go:293] successfully renewed lease kube-system/external-resizer-ebs-csi-aws-com
2026-06-19T10:54:40.806862153Z I0619 10:54:40.806626       1 leaderelection.go:293] successfully renewed lease kube-system/external-resizer-ebs-csi-aws-com
2026-06-19T10:54:45.814190028Z I0619 10:54:45.813924       1 leaderelection.go:293] successfully renewed lease kube-system/external-resizer-ebs-csi-aws-com
2026-06-19T10:54:50.819775015Z I0619 10:54:50.819618       1 leaderelection.go:293] successfully renewed lease kube-system/external-resizer-ebs-csi-aws-com
2026-06-19T10:54:55.826040934Z I0619 10:54:55.825617       1 leaderelection.go:293] successfully renewed lease kube-system/external-resizer-ebs-csi-aws-com
2026-06-19T10:54:58.826520922Z I0619 10:54:58.826355       1 reflector.go:946] "Watch close" reflector="k8s.io/client-go/informers/factory.go:160" type="*v1.PersistentVolume" totalItems=10
2026-06-19T10:55:00.831477441Z I0619 10:55:00.831330       1 leaderelection.go:293] successfully renewed lease kube-system/external-resizer-ebs-csi-aws-com
2026-06-19T10:55:05.837115064Z I0619 10:55:05.836909       1 leaderelection.go:293] successfully renewed lease kube-system/external-resizer-ebs-csi-aws-com
2026-06-19T10:55:10.842924449Z I0619 10:55:10.842801       1 leaderelection.go:293] successfully renewed lease kube-system/external-resizer-ebs-csi-aws-com
2026-06-19T10:55:15.848336504Z I0619 10:55:15.848193       1 leaderelection.go:293] successfully renewed lease kube-system/external-resizer-ebs-csi-aws-com
2026-06-19T10:55:20.855967031Z I0619 10:55:20.855795       1 leaderelection.go:293] successfully renewed lease kube-system/external-resizer-ebs-csi-aws-com
2026-06-19T10:55:25.863609146Z I0619 10:55:25.863457       1 leaderelection.go:293] successfully renewed lease kube-system/external-resizer-ebs-csi-aws-com
2026-06-19T10:55:30.871463850Z I0619 10:55:30.871344       1 leaderelection.go:293] successfully renewed lease kube-system/external-resizer-ebs-csi-aws-com
2026-06-19T10:55:35.878036841Z I0619 10:55:35.877898       1 leaderelection.go:293] successfully renewed lease kube-system/external-resizer-ebs-csi-aws-com
2026-06-19T10:55:40.885223976Z I0619 10:55:40.884858       1 leaderelection.go:293] successfully renewed lease kube-system/external-resizer-ebs-csi-aws-com
2026-06-19T10:55:44.739404019Z I0619 10:55:44.739274       1 reflector.go:450] "Forcing resync" reflector="k8s.io/client-go/informers/factory.go:160"
2026-06-19T10:55:44.739501249Z I0619 10:55:44.739367       1 controller.go:327] "Started PVC processing for resize controller" key="kubentic-foresight/server-volume-vlogs-server-0"
2026-06-19T10:55:44.739509795Z I0619 10:55:44.739382       1 controller.go:375] "No need to resize PVC" PVC="kubentic-foresight/server-volume-vlogs-server-0"
2026-06-19T10:55:44.739515060Z I0619 10:55:44.739399       1 controller.go:327] "Started PVC processing for resize controller" key="kubentic-foresight/vmsingle-vmstack"
2026-06-19T10:55:44.739540219Z I0619 10:55:44.739407       1 controller.go:375] "No need to resize PVC" PVC="kubentic-foresight/vmsingle-vmstack"
2026-06-19T10:55:45.890464093Z I0619 10:55:45.890261       1 leaderelection.go:293] successfully renewed lease kube-system/external-resizer-ebs-csi-aws-com
2026-06-19T10:55:50.896325911Z I0619 10:55:50.895855       1 leaderelection.go:293] successfully renewed lease kube-system/external-resizer-ebs-csi-aws-com
2026-06-19T10:55:55.901755717Z I0619 10:55:55.901597       1 leaderelection.go:293] successfully renewed lease kube-system/external-resizer-ebs-csi-aws-com
2026-06-19T10:56:00.907670343Z I0619 10:56:00.907497       1 leaderelection.go:293] successfully renewed lease kube-system/external-resizer-ebs-csi-aws-com
2026-06-19T10:56:05.919413327Z I0619 10:56:05.919257       1 leaderelection.go:293] successfully renewed lease kube-system/external-resizer-ebs-csi-aws-com
2026-06-19T10:56:10.925410877Z I0619 10:56:10.925203       1 leaderelection.go:293] successfully renewed lease kube-system/external-resizer-ebs-csi-aws-com
2026-06-19T10:56:15.931190609Z I0619 10:56:15.931062       1 leaderelection.go:293] successfully renewed lease kube-system/external-resizer-ebs-csi-aws-com
2026-06-19T10:56:20.939441597Z I0619 10:56:20.939203       1 leaderelection.go:293] successfully renewed lease kube-system/external-resizer-ebs-csi-aws-com
2026-06-19T10:56:25.945196188Z I0619 10:56:25.944879       1 leaderelection.go:293] successfully renewed lease kube-system/external-resizer-ebs-csi-aws-com
2026-06-19T10:56:30.951016468Z I0619 10:56:30.950869       1 leaderelection.go:293] successfully renewed lease kube-system/external-resizer-ebs-csi-aws-com
2026-06-19T10:56:35.823310761Z I0619 10:56:35.823142       1 reflector.go:946] "Watch close" reflector="k8s.io/client-go/informers/factory.go:160" type="*v1.PersistentVolumeClaim" totalItems=9
2026-06-19T10:56:35.957432334Z I0619 10:56:35.957283       1 leaderelection.go:293] successfully renewed lease kube-system/external-resizer-ebs-csi-aws-com
2026-06-19T10:56:40.963120539Z I0619 10:56:40.962987       1 leaderelection.go:293] successfully renewed lease kube-system/external-resizer-ebs-csi-aws-com
2026-06-19T10:56:45.971510614Z I0619 10:56:45.971377       1 leaderelection.go:293] successfully renewed lease kube-system/external-resizer-ebs-csi-aws-com
2026-06-19T10:56:50.976915994Z I0619 10:56:50.976785       1 leaderelection.go:293] successfully renewed lease kube-system/external-resizer-ebs-csi-aws-com
2026-06-19T10:56:55.982636551Z I0619 10:56:55.982472       1 leaderelection.go:293] successfully renewed lease kube-system/external-resizer-ebs-csi-aws-com
2026-06-19T10:57:00.988297979Z I0619 10:57:00.988164       1 leaderelection.go:293] successfully renewed lease kube-system/external-resizer-ebs-csi-aws-com
2026-06-19T10:57:06.001230211Z I0619 10:57:06.000950       1 leaderelection.go:293] successfully renewed lease kube-system/external-resizer-ebs-csi-aws-com
2026-06-19T10:57:11.007454028Z I0619 10:57:11.007040       1 leaderelection.go:293] successfully renewed lease kube-system/external-resizer-ebs-csi-aws-com
2026-06-19T10:57:16.012616820Z I0619 10:57:16.012484       1 leaderelection.go:293] successfully renewed lease kube-system/external-resizer-ebs-csi-aws-com
2026-06-19T10:57:21.020520211Z I0619 10:57:21.020343       1 leaderelection.go:293] successfully renewed lease kube-system/external-resizer-ebs-csi-aws-com
2026-06-19T10:57:26.026249142Z I0619 10:57:26.026113       1 leaderelection.go:293] successfully renewed lease kube-system/external-resizer-ebs-csi-aws-com
2026-06-19T10:57:31.034633740Z I0619 10:57:31.034462       1 leaderelection.go:293] successfully renewed lease kube-system/external-resizer-ebs-csi-aws-com
2026-06-19T10:57:36.041660770Z I0619 10:57:36.041506       1 leaderelection.go:293] successfully renewed lease kube-system/external-resizer-ebs-csi-aws-com
2026-06-19T10:57:41.047412555Z I0619 10:57:41.047299       1 leaderelection.go:293] successfully renewed lease kube-system/external-resizer-ebs-csi-aws-com
2026-06-19T10:57:46.054666175Z I0619 10:57:46.054491       1 leaderelection.go:293] successfully renewed lease kube-system/external-resizer-ebs-csi-aws-com
2026-06-19T10:57:51.059417232Z I0619 10:57:51.059290       1 leaderelection.go:293] successfully renewed lease kube-system/external-resizer-ebs-csi-aws-com
2026-06-19T10:57:56.065373657Z I0619 10:57:56.064837       1 leaderelection.go:293] successfully renewed lease kube-system/external-resizer-ebs-csi-aws-com
2026-06-19T10:58:01.071100205Z I0619 10:58:01.070970       1 leaderelection.go:293] successfully renewed lease kube-system/external-resizer-ebs-csi-aws-com
2026-06-19T10:58:06.078388504Z I0619 10:58:06.078204       1 leaderelection.go:293] successfully renewed lease kube-system/external-resizer-ebs-csi-aws-com
2026-06-19T10:58:11.084398354Z I0619 10:58:11.084182       1 leaderelection.go:293] successfully renewed lease kube-system/external-resizer-ebs-csi-aws-com
2026-06-19T10:58:16.089804404Z I0619 10:58:16.089678       1 leaderelection.go:293] successfully renewed lease kube-system/external-resizer-ebs-csi-aws-com
2026-06-19T10:58:21.096173622Z I0619 10:58:21.096036       1 leaderelection.go:293] successfully renewed lease kube-system/external-resizer-ebs-csi-aws-com
2026-06-19T10:58:26.102510073Z I0619 10:58:26.102384       1 leaderelection.go:293] successfully renewed lease kube-system/external-resizer-ebs-csi-aws-com
2026-06-19T10:58:31.110881592Z I0619 10:58:31.110755       1 leaderelection.go:293] successfully renewed lease kube-system/external-resizer-ebs-csi-aws-com
2026-06-19T10:58:36.118708066Z I0619 10:58:36.118495       1 leaderelection.go:293] successfully renewed lease kube-system/external-resizer-ebs-csi-aws-com
2026-06-19T10:58:41.125151794Z I0619 10:58:41.124932       1 leaderelection.go:293] successfully renewed lease kube-system/external-resizer-ebs-csi-aws-com
2026-06-19T10:58:46.132393562Z I0619 10:58:46.132255       1 leaderelection.go:293] successfully renewed lease kube-system/external-resizer-ebs-csi-aws-com
2026-06-19T10:58:51.138986204Z I0619 10:58:51.138858       1 leaderelection.go:293] successfully renewed lease kube-system/external-resizer-ebs-csi-aws-com
2026-06-19T10:58:56.147902735Z I0619 10:58:56.147746       1 leaderelection.go:293] successfully renewed lease kube-system/external-resizer-ebs-csi-aws-com
2026-06-19T10:59:01.161795620Z I0619 10:59:01.161638       1 leaderelection.go:293] successfully renewed lease kube-system/external-resizer-ebs-csi-aws-com
2026-06-19T10:59:06.168433399Z I0619 10:59:06.168274       1 leaderelection.go:293] successfully renewed lease kube-system/external-resizer-ebs-csi-aws-com
2026-06-19T10:59:11.176001456Z I0619 10:59:11.175876       1 leaderelection.go:293] successfully renewed lease kube-system/external-resizer-ebs-csi-aws-com
2026-06-19T10:59:16.181907987Z I0619 10:59:16.181763       1 leaderelection.go:293] successfully renewed lease kube-system/external-resizer-ebs-csi-aws-com
2026-06-19T10:59:21.187255788Z I0619 10:59:21.187104       1 leaderelection.go:293] successfully renewed lease kube-system/external-resizer-ebs-csi-aws-com
2026-06-19T10:59:26.194386894Z I0619 10:59:26.194264       1 leaderelection.go:293] successfully renewed lease kube-system/external-resizer-ebs-csi-aws-com
2026-06-19T10:59:31.199977614Z I0619 10:59:31.199760       1 leaderelection.go:293] successfully renewed lease kube-system/external-resizer-ebs-csi-aws-com
2026-06-19T10:59:36.206243192Z I0619 10:59:36.206093       1 leaderelection.go:293] successfully renewed lease kube-system/external-resizer-ebs-csi-aws-com
2026-06-19T10:59:41.211193075Z I0619 10:59:41.211067       1 leaderelection.go:293] successfully renewed lease kube-system/external-resizer-ebs-csi-aws-com
2026-06-19T10:59:46.216323591Z I0619 10:59:46.216206       1 leaderelection.go:293] successfully renewed lease kube-system/external-resizer-ebs-csi-aws-com
2026-06-19T10:59:51.221743029Z I0619 10:59:51.221605       1 leaderelection.go:293] successfully renewed lease kube-system/external-resizer-ebs-csi-aws-com
2026-06-19T10:59:56.227874684Z I0619 10:59:56.227737       1 leaderelection.go:293] successfully renewed lease kube-system/external-resizer-ebs-csi-aws-com
2026-06-19T11:00:01.338910044Z I0619 11:00:01.336738       1 leaderelection.go:293] successfully renewed lease kube-system/external-resizer-ebs-csi-aws-com
2026-06-19T11:00:06.420317868Z I0619 11:00:06.420139       1 leaderelection.go:293] successfully renewed lease kube-system/external-resizer-ebs-csi-aws-com
2026-06-19T11:00:11.434165060Z I0619 11:00:11.433935       1 leaderelection.go:293] successfully renewed lease kube-system/external-resizer-ebs-csi-aws-com
2026-06-19T11:00:16.439789197Z I0619 11:00:16.439597       1 leaderelection.go:293] successfully renewed lease kube-system/external-resizer-ebs-csi-aws-com
2026-06-19T11:00:21.453638934Z I0619 11:00:21.453394       1 leaderelection.go:293] successfully renewed lease kube-system/external-resizer-ebs-csi-aws-com
2026-06-19T11:00:26.459327902Z I0619 11:00:26.459196       1 leaderelection.go:293] successfully renewed lease kube-system/external-resizer-ebs-csi-aws-com
2026-06-19T11:00:31.465260020Z I0619 11:00:31.465081       1 leaderelection.go:293] successfully renewed lease kube-system/external-resizer-ebs-csi-aws-com
2026-06-19T11:00:36.471294596Z I0619 11:00:36.471140       1 leaderelection.go:293] successfully renewed lease kube-system/external-resizer-ebs-csi-aws-com
2026-06-19T11:00:41.477199747Z I0619 11:00:41.476898       1 leaderelection.go:293] successfully renewed lease kube-system/external-resizer-ebs-csi-aws-com
2026-06-19T11:00:46.485484126Z I0619 11:00:46.485365       1 leaderelection.go:293] successfully renewed lease kube-system/external-resizer-ebs-csi-aws-com
2026-06-19T11:00:51.491644124Z I0619 11:00:51.491501       1 leaderelection.go:293] successfully renewed lease kube-system/external-resizer-ebs-csi-aws-com
2026-06-19T11:00:56.497591854Z I0619 11:00:56.497429       1 leaderelection.go:293] successfully renewed lease kube-system/external-resizer-ebs-csi-aws-com
2026-06-19T11:01:01.647302818Z I0619 11:01:01.647170       1 leaderelection.go:293] successfully renewed lease kube-system/external-resizer-ebs-csi-aws-com
2026-06-19T11:01:06.652583490Z I0619 11:01:06.652197       1 leaderelection.go:293] successfully renewed lease kube-system/external-resizer-ebs-csi-aws-com
2026-06-19T11:01:11.658117778Z I0619 11:01:11.657968       1 leaderelection.go:293] successfully renewed lease kube-system/external-resizer-ebs-csi-aws-com
2026-06-19T11:01:16.666226517Z I0619 11:01:16.665980       1 leaderelection.go:293] successfully renewed lease kube-system/external-resizer-ebs-csi-aws-com
2026-06-19T11:01:21.671903991Z I0619 11:01:21.671778       1 leaderelection.go:293] successfully renewed lease kube-system/external-resizer-ebs-csi-aws-com
2026-06-19T11:01:26.678209800Z I0619 11:01:26.678037       1 leaderelection.go:293] successfully renewed lease kube-system/external-resizer-ebs-csi-aws-com
2026-06-19T11:01:31.682823013Z I0619 11:01:31.682659       1 leaderelection.go:293] successfully renewed lease kube-system/external-resizer-ebs-csi-aws-com
2026-06-19T11:01:36.689312887Z I0619 11:01:36.689130       1 leaderelection.go:293] successfully renewed lease kube-system/external-resizer-ebs-csi-aws-com
2026-06-19T11:01:41.695660866Z I0619 11:01:41.695528       1 leaderelection.go:293] successfully renewed lease kube-system/external-resizer-ebs-csi-aws-com
2026-06-19T11:01:46.704160763Z I0619 11:01:46.704009       1 leaderelection.go:293] successfully renewed lease kube-system/external-resizer-ebs-csi-aws-com
2026-06-19T11:01:51.712001502Z I0619 11:01:51.711873       1 leaderelection.go:293] successfully renewed lease kube-system/external-resizer-ebs-csi-aws-com
2026-06-19T11:01:56.717959781Z I0619 11:01:56.717827       1 leaderelection.go:293] successfully renewed lease kube-system/external-resizer-ebs-csi-aws-com
2026-06-19T11:02:01.814847237Z I0619 11:02:01.814705       1 leaderelection.go:293] successfully renewed lease kube-system/external-resizer-ebs-csi-aws-com
2026-06-19T11:02:06.822425323Z I0619 11:02:06.822299       1 leaderelection.go:293] successfully renewed lease kube-system/external-resizer-ebs-csi-aws-com
2026-06-19T11:02:11.828458157Z I0619 11:02:11.828333       1 leaderelection.go:293] successfully renewed lease kube-system/external-resizer-ebs-csi-aws-com
2026-06-19T11:02:16.833638032Z I0619 11:02:16.833287       1 leaderelection.go:293] successfully renewed lease kube-system/external-resizer-ebs-csi-aws-com
2026-06-19T11:02:21.839671317Z I0619 11:02:21.839493       1 leaderelection.go:293] successfully renewed lease kube-system/external-resizer-ebs-csi-aws-com
2026-06-19T11:02:26.846841922Z I0619 11:02:26.846579       1 leaderelection.go:293] successfully renewed lease kube-system/external-resizer-ebs-csi-aws-com
2026-06-19T11:02:31.851483642Z I0619 11:02:31.851363       1 leaderelection.go:293] successfully renewed lease kube-system/external-resizer-ebs-csi-aws-com
2026-06-19T11:02:36.856864068Z I0619 11:02:36.856731       1 leaderelection.go:293] successfully renewed lease kube-system/external-resizer-ebs-csi-aws-com
2026-06-19T11:02:41.863007385Z I0619 11:02:41.862863       1 leaderelection.go:293] successfully renewed lease kube-system/external-resizer-ebs-csi-aws-com
2026-06-19T11:02:46.870538343Z I0619 11:02:46.870406       1 leaderelection.go:293] successfully renewed lease kube-system/external-resizer-ebs-csi-aws-com
2026-06-19T11:02:51.878728830Z I0619 11:02:51.878588       1 leaderelection.go:293] successfully renewed lease kube-system/external-resizer-ebs-csi-aws-com
2026-06-19T11:02:56.883569835Z I0619 11:02:56.883421       1 leaderelection.go:293] successfully renewed lease kube-system/external-resizer-ebs-csi-aws-com
2026-06-19T11:03:02.006043459Z I0619 11:03:02.005845       1 leaderelection.go:293] successfully renewed lease kube-system/external-resizer-ebs-csi-aws-com
2026-06-19T11:03:07.013085231Z I0619 11:03:07.012893       1 leaderelection.go:293] successfully renewed lease kube-system/external-resizer-ebs-csi-aws-com
2026-06-19T11:03:12.018305401Z I0619 11:03:12.018160       1 leaderelection.go:293] successfully renewed lease kube-system/external-resizer-ebs-csi-aws-com
2026-06-19T11:03:17.023577975Z I0619 11:03:17.023413       1 leaderelection.go:293] successfully renewed lease kube-system/external-resizer-ebs-csi-aws-com
2026-06-19T11:03:22.029732888Z I0619 11:03:22.029600       1 leaderelection.go:293] successfully renewed lease kube-system/external-resizer-ebs-csi-aws-com
2026-06-19T11:03:27.035269155Z I0619 11:03:27.034987       1 leaderelection.go:293] successfully renewed lease kube-system/external-resizer-ebs-csi-aws-com
2026-06-19T11:03:32.041249446Z I0619 11:03:32.041115       1 leaderelection.go:293] successfully renewed lease kube-system/external-resizer-ebs-csi-aws-com
2026-06-19T11:03:37.046898567Z I0619 11:03:37.046764       1 leaderelection.go:293] successfully renewed lease kube-system/external-resizer-ebs-csi-aws-com
2026-06-19T11:03:42.057617755Z I0619 11:03:42.057470       1 leaderelection.go:293] successfully renewed lease kube-system/external-resizer-ebs-csi-aws-com
2026-06-19T11:03:47.065504337Z I0619 11:03:47.065374       1 leaderelection.go:293] successfully renewed lease kube-system/external-resizer-ebs-csi-aws-com
2026-06-19T11:03:52.071622288Z I0619 11:03:52.071417       1 leaderelection.go:293] successfully renewed lease kube-system/external-resizer-ebs-csi-aws-com
2026-06-19T11:03:57.077997994Z I0619 11:03:57.077879       1 leaderelection.go:293] successfully renewed lease kube-system/external-resizer-ebs-csi-aws-com
2026-06-19T11:04:02.245040708Z I0619 11:04:02.244802       1 leaderelection.go:293] successfully renewed lease kube-system/external-resizer-ebs-csi-aws-com
2026-06-19T11:04:07.258284773Z I0619 11:04:07.257372       1 leaderelection.go:293] successfully renewed lease kube-system/external-resizer-ebs-csi-aws-com
2026-06-19T11:04:12.262788856Z I0619 11:04:12.262646       1 leaderelection.go:293] successfully renewed lease kube-system/external-resizer-ebs-csi-aws-com
2026-06-19T11:04:17.267960594Z I0619 11:04:17.267786       1 leaderelection.go:293] successfully renewed lease kube-system/external-resizer-ebs-csi-aws-com
2026-06-19T11:04:18.829355990Z I0619 11:04:18.828784       1 reflector.go:946] "Watch close" reflector="k8s.io/client-go/informers/factory.go:160" type="*v1.PersistentVolume" totalItems=10
2026-06-19T11:04:22.273885629Z I0619 11:04:22.273710       1 leaderelection.go:293] successfully renewed lease kube-system/external-resizer-ebs-csi-aws-com
2026-06-19T11:04:27.282396059Z I0619 11:04:27.281894       1 leaderelection.go:293] successfully renewed lease kube-system/external-resizer-ebs-csi-aws-com
2026-06-19T11:04:32.288021265Z I0619 11:04:32.287895       1 leaderelection.go:293] successfully renewed lease kube-system/external-resizer-ebs-csi-aws-com
2026-06-19T11:04:33.825319561Z I0619 11:04:33.825172       1 reflector.go:946] "Watch close" reflector="k8s.io/client-go/informers/factory.go:160" type="*v1.PersistentVolumeClaim" totalItems=8
2026-06-19T11:04:37.296839887Z I0619 11:04:37.296677       1 leaderelection.go:293] successfully renewed lease kube-system/external-resizer-ebs-csi-aws-com
2026-06-19T11:04:42.302721130Z I0619 11:04:42.302570       1 leaderelection.go:293] successfully renewed lease kube-system/external-resizer-ebs-csi-aws-com
2026-06-19T11:04:47.311331416Z I0619 11:04:47.311214       1 leaderelection.go:293] successfully renewed lease kube-system/external-resizer-ebs-csi-aws-com
2026-06-19T11:04:52.318617985Z I0619 11:04:52.318471       1 leaderelection.go:293] successfully renewed lease kube-system/external-resizer-ebs-csi-aws-com
2026-06-19T11:04:57.323772020Z I0619 11:04:57.323577       1 leaderelection.go:293] successfully renewed lease kube-system/external-resizer-ebs-csi-aws-com
2026-06-19T11:05:02.351780269Z I0619 11:05:02.351477       1 leaderelection.go:293] successfully renewed lease kube-system/external-resizer-ebs-csi-aws-com
2026-06-19T11:05:07.359948136Z I0619 11:05:07.359828       1 leaderelection.go:293] successfully renewed lease kube-system/external-resizer-ebs-csi-aws-com
2026-06-19T11:05:12.366140112Z I0619 11:05:12.366011       1 leaderelection.go:293] successfully renewed lease kube-system/external-resizer-ebs-csi-aws-com
2026-06-19T11:05:17.371942490Z I0619 11:05:17.371813       1 leaderelection.go:293] successfully renewed lease kube-system/external-resizer-ebs-csi-aws-com
2026-06-19T11:05:22.378634218Z I0619 11:05:22.378480       1 leaderelection.go:293] successfully renewed lease kube-system/external-resizer-ebs-csi-aws-com
2026-06-19T11:05:27.386822330Z I0619 11:05:27.386698       1 leaderelection.go:293] successfully renewed lease kube-system/external-resizer-ebs-csi-aws-com
2026-06-19T11:05:32.397131270Z I0619 11:05:32.396759       1 leaderelection.go:293] successfully renewed lease kube-system/external-resizer-ebs-csi-aws-com
2026-06-19T11:05:37.405718128Z I0619 11:05:37.405615       1 leaderelection.go:293] successfully renewed lease kube-system/external-resizer-ebs-csi-aws-com
2026-06-19T11:05:42.414129874Z I0619 11:05:42.413983       1 leaderelection.go:293] successfully renewed lease kube-system/external-resizer-ebs-csi-aws-com
2026-06-19T11:05:44.740573199Z I0619 11:05:44.740292       1 reflector.go:450] "Forcing resync" reflector="k8s.io/client-go/informers/factory.go:160"
2026-06-19T11:05:44.740621176Z I0619 11:05:44.740414       1 controller.go:327] "Started PVC processing for resize controller" key="kubentic-foresight/server-volume-vlogs-server-0"
2026-06-19T11:05:44.740626957Z I0619 11:05:44.740437       1 controller.go:375] "No need to resize PVC" PVC="kubentic-foresight/server-volume-vlogs-server-0"
2026-06-19T11:05:44.740630461Z I0619 11:05:44.740458       1 controller.go:327] "Started PVC processing for resize controller" key="kubentic-foresight/vmsingle-vmstack"
2026-06-19T11:05:44.740632839Z I0619 11:05:44.740467       1 controller.go:375] "No need to resize PVC" PVC="kubentic-foresight/vmsingle-vmstack"
2026-06-19T11:05:47.425780343Z I0619 11:05:47.425595       1 leaderelection.go:293] successfully renewed lease kube-system/external-resizer-ebs-csi-aws-com
2026-06-19T11:05:52.433329044Z I0619 11:05:52.433082       1 leaderelection.go:293] successfully renewed lease kube-system/external-resizer-ebs-csi-aws-com
2026-06-19T11:05:57.439476911Z I0619 11:05:57.439337       1 leaderelection.go:293] successfully renewed lease kube-system/external-resizer-ebs-csi-aws-com
2026-06-19T11:06:02.502898556Z I0619 11:06:02.499892       1 leaderelection.go:293] successfully renewed lease kube-system/external-resizer-ebs-csi-aws-com
2026-06-19T11:06:07.508688580Z I0619 11:06:07.508565       1 leaderelection.go:293] successfully renewed lease kube-system/external-resizer-ebs-csi-aws-com
2026-06-19T11:06:12.515156071Z I0619 11:06:12.515020       1 leaderelection.go:293] successfully renewed lease kube-system/external-resizer-ebs-csi-aws-com
2026-06-19T11:06:17.522025297Z I0619 11:06:17.520372       1 leaderelection.go:293] successfully renewed lease kube-system/external-resizer-ebs-csi-aws-com
2026-06-19T11:06:22.526938486Z I0619 11:06:22.526813       1 leaderelection.go:293] successfully renewed lease kube-system/external-resizer-ebs-csi-aws-com
2026-06-19T11:06:27.532083171Z I0619 11:06:27.531961       1 leaderelection.go:293] successfully renewed lease kube-system/external-resizer-ebs-csi-aws-com
2026-06-19T11:06:32.538232850Z I0619 11:06:32.538054       1 leaderelection.go:293] successfully renewed lease kube-system/external-resizer-ebs-csi-aws-com
2026-06-19T11:06:37.544067026Z I0619 11:06:37.543950       1 leaderelection.go:293] successfully renewed lease kube-system/external-resizer-ebs-csi-aws-com
2026-06-19T11:06:42.549391544Z I0619 11:06:42.549167       1 leaderelection.go:293] successfully renewed lease kube-system/external-resizer-ebs-csi-aws-com
2026-06-19T11:06:47.556650674Z I0619 11:06:47.556524       1 leaderelection.go:293] successfully renewed lease kube-system/external-resizer-ebs-csi-aws-com
2026-06-19T11:06:52.564020482Z I0619 11:06:52.563856       1 leaderelection.go:293] successfully renewed lease kube-system/external-resizer-ebs-csi-aws-com
2026-06-19T11:06:57.570052738Z I0619 11:06:57.569926       1 leaderelection.go:293] successfully renewed lease kube-system/external-resizer-ebs-csi-aws-com
2026-06-19T11:07:02.664713509Z I0619 11:07:02.664072       1 leaderelection.go:293] successfully renewed lease kube-system/external-resizer-ebs-csi-aws-com
2026-06-19T11:07:07.669614838Z I0619 11:07:07.669452       1 leaderelection.go:293] successfully renewed lease kube-system/external-resizer-ebs-csi-aws-com
2026-06-19T11:07:12.676062195Z I0619 11:07:12.675888       1 leaderelection.go:293] successfully renewed lease kube-system/external-resizer-ebs-csi-aws-com
2026-06-19T11:07:17.681496676Z I0619 11:07:17.681348       1 leaderelection.go:293] successfully renewed lease kube-system/external-resizer-ebs-csi-aws-com
2026-06-19T11:07:22.687491292Z I0619 11:07:22.687306       1 leaderelection.go:293] successfully renewed lease kube-system/external-resizer-ebs-csi-aws-com
2026-06-19T11:07:27.692572054Z I0619 11:07:27.692406       1 leaderelection.go:293] successfully renewed lease kube-system/external-resizer-ebs-csi-aws-com
2026-06-19T11:07:32.697663709Z I0619 11:07:32.697505       1 leaderelection.go:293] successfully renewed lease kube-system/external-resizer-ebs-csi-aws-com
2026-06-19T11:07:37.705578623Z I0619 11:07:37.705434       1 leaderelection.go:293] successfully renewed lease kube-system/external-resizer-ebs-csi-aws-com
2026-06-19T11:07:42.711423209Z I0619 11:07:42.711212       1 leaderelection.go:293] successfully renewed lease kube-system/external-resizer-ebs-csi-aws-com
2026-06-19T11:07:47.716934474Z I0619 11:07:47.716734       1 leaderelection.go:293] successfully renewed lease kube-system/external-resizer-ebs-csi-aws-com
2026-06-19T11:07:52.724192293Z I0619 11:07:52.724044       1 leaderelection.go:293] successfully renewed lease kube-system/external-resizer-ebs-csi-aws-com
2026-06-19T11:07:57.730183937Z I0619 11:07:57.730020       1 leaderelection.go:293] successfully renewed lease kube-system/external-resizer-ebs-csi-aws-com
2026-06-19T11:08:03.124466742Z I0619 11:08:03.122943       1 leaderelection.go:293] successfully renewed lease kube-system/external-resizer-ebs-csi-aws-com
2026-06-19T11:08:08.128530898Z I0619 11:08:08.128390       1 leaderelection.go:293] successfully renewed lease kube-system/external-resizer-ebs-csi-aws-com
2026-06-19T11:08:13.134705279Z I0619 11:08:13.134585       1 leaderelection.go:293] successfully renewed lease kube-system/external-resizer-ebs-csi-aws-com
2026-06-19T11:08:18.140442732Z I0619 11:08:18.140119       1 leaderelection.go:293] successfully renewed lease kube-system/external-resizer-ebs-csi-aws-com
2026-06-19T11:08:23.147338086Z I0619 11:08:23.147183       1 leaderelection.go:293] successfully renewed lease kube-system/external-resizer-ebs-csi-aws-com
2026-06-19T11:08:28.153420459Z I0619 11:08:28.153277       1 leaderelection.go:293] successfully renewed lease kube-system/external-resizer-ebs-csi-aws-com
2026-06-19T11:08:33.158479569Z I0619 11:08:33.158352       1 leaderelection.go:293] successfully renewed lease kube-system/external-resizer-ebs-csi-aws-com
2026-06-19T11:08:38.163452130Z I0619 11:08:38.163338       1 leaderelection.go:293] successfully renewed lease kube-system/external-resizer-ebs-csi-aws-com
2026-06-19T11:08:43.169813806Z I0619 11:08:43.169682       1 leaderelection.go:293] successfully renewed lease kube-system/external-resizer-ebs-csi-aws-com
2026-06-19T11:08:48.175648567Z I0619 11:08:48.175442       1 leaderelection.go:293] successfully renewed lease kube-system/external-resizer-ebs-csi-aws-com
2026-06-19T11:08:53.180643619Z I0619 11:08:53.180478       1 leaderelection.go:293] successfully renewed lease kube-system/external-resizer-ebs-csi-aws-com
2026-06-19T11:08:58.186084651Z I0619 11:08:58.185937       1 leaderelection.go:293] successfully renewed lease kube-system/external-resizer-ebs-csi-aws-com
2026-06-19T11:09:03.341844083Z I0619 11:09:03.341765       1 leaderelection.go:293] successfully renewed lease kube-system/external-resizer-ebs-csi-aws-com
2026-06-19T11:09:08.347848058Z I0619 11:09:08.347707       1 leaderelection.go:293] successfully renewed lease kube-system/external-resizer-ebs-csi-aws-com
2026-06-19T11:09:13.353906746Z I0619 11:09:13.353783       1 leaderelection.go:293] successfully renewed lease kube-system/external-resizer-ebs-csi-aws-com
2026-06-19T11:09:18.359355950Z I0619 11:09:18.359081       1 leaderelection.go:293] successfully renewed lease kube-system/external-resizer-ebs-csi-aws-com
2026-06-19T11:09:23.365064227Z I0619 11:09:23.364827       1 leaderelection.go:293] successfully renewed lease kube-system/external-resizer-ebs-csi-aws-com
2026-06-19T11:09:28.370765078Z I0619 11:09:28.370564       1 leaderelection.go:293] successfully renewed lease kube-system/external-resizer-ebs-csi-aws-com
2026-06-19T11:09:33.377290776Z I0619 11:09:33.376948       1 leaderelection.go:293] successfully renewed lease kube-system/external-resizer-ebs-csi-aws-com
2026-06-19T11:09:38.386682967Z I0619 11:09:38.386473       1 leaderelection.go:293] successfully renewed lease kube-system/external-resizer-ebs-csi-aws-com
2026-06-19T11:09:41.827270368Z I0619 11:09:41.827064       1 reflector.go:946] "Watch close" reflector="k8s.io/client-go/informers/factory.go:160" type="*v1.PersistentVolumeClaim" totalItems=6
2026-06-19T11:09:43.393290803Z I0619 11:09:43.393148       1 leaderelection.go:293] successfully renewed lease kube-system/external-resizer-ebs-csi-aws-com
2026-06-19T11:09:48.399268544Z I0619 11:09:48.399136       1 leaderelection.go:293] successfully renewed lease kube-system/external-resizer-ebs-csi-aws-com
2026-06-19T11:09:53.405127326Z I0619 11:09:53.404907       1 leaderelection.go:293] successfully renewed lease kube-system/external-resizer-ebs-csi-aws-com
2026-06-19T11:09:58.410912736Z I0619 11:09:58.410762       1 leaderelection.go:293] successfully renewed lease kube-system/external-resizer-ebs-csi-aws-com
2026-06-19T11:10:03.495947741Z I0619 11:10:03.495841       1 leaderelection.go:293] successfully renewed lease kube-system/external-resizer-ebs-csi-aws-com
2026-06-19T11:10:08.505380254Z I0619 11:10:08.504632       1 leaderelection.go:293] successfully renewed lease kube-system/external-resizer-ebs-csi-aws-com
2026-06-19T11:10:13.511369323Z I0619 11:10:13.511223       1 leaderelection.go:293] successfully renewed lease kube-system/external-resizer-ebs-csi-aws-com
2026-06-19T11:10:18.517421793Z I0619 11:10:18.517289       1 leaderelection.go:293] successfully renewed lease kube-system/external-resizer-ebs-csi-aws-com
2026-06-19T11:10:23.522408531Z I0619 11:10:23.522277       1 leaderelection.go:293] successfully renewed lease kube-system/external-resizer-ebs-csi-aws-com
2026-06-19T11:10:28.528386785Z I0619 11:10:28.528139       1 leaderelection.go:293] successfully renewed lease kube-system/external-resizer-ebs-csi-aws-com
2026-06-19T11:10:33.543852697Z I0619 11:10:33.543771       1 leaderelection.go:293] successfully renewed lease kube-system/external-resizer-ebs-csi-aws-com
2026-06-19T11:10:38.550716491Z I0619 11:10:38.550574       1 leaderelection.go:293] successfully renewed lease kube-system/external-resizer-ebs-csi-aws-com
2026-06-19T11:10:43.565288204Z I0619 11:10:43.565185       1 leaderelection.go:293] successfully renewed lease kube-system/external-resizer-ebs-csi-aws-com
2026-06-19T11:10:48.571339287Z I0619 11:10:48.571192       1 leaderelection.go:293] successfully renewed lease kube-system/external-resizer-ebs-csi-aws-com
2026-06-19T11:10:53.578150311Z I0619 11:10:53.578016       1 leaderelection.go:293] successfully renewed lease kube-system/external-resizer-ebs-csi-aws-com
2026-06-19T11:10:58.586431924Z I0619 11:10:58.586308       1 leaderelection.go:293] successfully renewed lease kube-system/external-resizer-ebs-csi-aws-com
2026-06-19T11:11:03.607699077Z I0619 11:11:03.607596       1 leaderelection.go:293] successfully renewed lease kube-system/external-resizer-ebs-csi-aws-com
2026-06-19T11:11:08.614130376Z I0619 11:11:08.614002       1 leaderelection.go:293] successfully renewed lease kube-system/external-resizer-ebs-csi-aws-com
2026-06-19T11:11:13.620524543Z I0619 11:11:13.620398       1 leaderelection.go:293] successfully renewed lease kube-system/external-resizer-ebs-csi-aws-com
2026-06-19T11:11:18.635753461Z I0619 11:11:18.635505       1 leaderelection.go:293] successfully renewed lease kube-system/external-resizer-ebs-csi-aws-com
2026-06-19T11:11:23.643228243Z I0619 11:11:23.643064       1 leaderelection.go:293] successfully renewed lease kube-system/external-resizer-ebs-csi-aws-com
2026-06-19T11:11:28.648895025Z I0619 11:11:28.648659       1 leaderelection.go:293] successfully renewed lease kube-system/external-resizer-ebs-csi-aws-com
2026-06-19T11:11:33.653627195Z I0619 11:11:33.653439       1 leaderelection.go:293] successfully renewed lease kube-system/external-resizer-ebs-csi-aws-com
2026-06-19T11:11:38.662824681Z I0619 11:11:38.662492       1 leaderelection.go:293] successfully renewed lease kube-system/external-resizer-ebs-csi-aws-com
2026-06-19T11:11:43.671294500Z I0619 11:11:43.671159       1 leaderelection.go:293] successfully renewed lease kube-system/external-resizer-ebs-csi-aws-com
2026-06-19T11:11:48.676833085Z I0619 11:11:48.676708       1 leaderelection.go:293] successfully renewed lease kube-system/external-resizer-ebs-csi-aws-com
2026-06-19T11:11:53.682159695Z I0619 11:11:53.681987       1 leaderelection.go:293] successfully renewed lease kube-system/external-resizer-ebs-csi-aws-com
2026-06-19T11:11:58.690699814Z I0619 11:11:58.690573       1 leaderelection.go:293] successfully renewed lease kube-system/external-resizer-ebs-csi-aws-com
2026-06-19T11:12:03.701194649Z I0619 11:12:03.701027       1 leaderelection.go:293] successfully renewed lease kube-system/external-resizer-ebs-csi-aws-com
2026-06-19T11:12:08.706827956Z I0619 11:12:08.706478       1 leaderelection.go:293] successfully renewed lease kube-system/external-resizer-ebs-csi-aws-com
2026-06-19T11:12:13.711646708Z I0619 11:12:13.711519       1 leaderelection.go:293] successfully renewed lease kube-system/external-resizer-ebs-csi-aws-com
2026-06-19T11:12:18.717254138Z I0619 11:12:18.716956       1 leaderelection.go:293] successfully renewed lease kube-system/external-resizer-ebs-csi-aws-com
2026-06-19T11:12:23.724650114Z I0619 11:12:23.724531       1 leaderelection.go:293] successfully renewed lease kube-system/external-resizer-ebs-csi-aws-com
2026-06-19T11:12:28.731558448Z I0619 11:12:28.731332       1 leaderelection.go:293] successfully renewed lease kube-system/external-resizer-ebs-csi-aws-com
2026-06-19T11:12:33.736847330Z I0619 11:12:33.736726       1 leaderelection.go:293] successfully renewed lease kube-system/external-resizer-ebs-csi-aws-com
2026-06-19T11:12:38.742003713Z I0619 11:12:38.741745       1 leaderelection.go:293] successfully renewed lease kube-system/external-resizer-ebs-csi-aws-com
2026-06-19T11:12:43.747972629Z I0619 11:12:43.747752       1 leaderelection.go:293] successfully renewed lease kube-system/external-resizer-ebs-csi-aws-com
2026-06-19T11:12:47.830696595Z I0619 11:12:47.830452       1 reflector.go:946] "Watch close" reflector="k8s.io/client-go/informers/factory.go:160" type="*v1.PersistentVolume" totalItems=10
2026-06-19T11:12:48.753624892Z I0619 11:12:48.753462       1 leaderelection.go:293] successfully renewed lease kube-system/external-resizer-ebs-csi-aws-com
2026-06-19T11:12:53.759348674Z I0619 11:12:53.759159       1 leaderelection.go:293] successfully renewed lease kube-system/external-resizer-ebs-csi-aws-com
2026-06-19T11:12:58.765225204Z I0619 11:12:58.764888       1 leaderelection.go:293] successfully renewed lease kube-system/external-resizer-ebs-csi-aws-com
2026-06-19T11:13:03.780722496Z I0619 11:13:03.780591       1 leaderelection.go:293] successfully renewed lease kube-system/external-resizer-ebs-csi-aws-com
2026-06-19T11:13:08.788102210Z I0619 11:13:08.787973       1 leaderelection.go:293] successfully renewed lease kube-system/external-resizer-ebs-csi-aws-com
2026-06-19T11:13:13.793694507Z I0619 11:13:13.793559       1 leaderelection.go:293] successfully renewed lease kube-system/external-resizer-ebs-csi-aws-com
2026-06-19T11:13:18.801321499Z I0619 11:13:18.801194       1 leaderelection.go:293] successfully renewed lease kube-system/external-resizer-ebs-csi-aws-com
2026-06-19T11:13:23.806163824Z I0619 11:13:23.806036       1 leaderelection.go:293] successfully renewed lease kube-system/external-resizer-ebs-csi-aws-com
2026-06-19T11:13:28.811272657Z I0619 11:13:28.811130       1 leaderelection.go:293] successfully renewed lease kube-system/external-resizer-ebs-csi-aws-com
2026-06-19T11:13:33.822319707Z I0619 11:13:33.822066       1 leaderelection.go:293] successfully renewed lease kube-system/external-resizer-ebs-csi-aws-com
2026-06-19T11:13:38.828426075Z I0619 11:13:38.827699       1 leaderelection.go:293] successfully renewed lease kube-system/external-resizer-ebs-csi-aws-com
2026-06-19T11:13:43.833591035Z I0619 11:13:43.833436       1 leaderelection.go:293] successfully renewed lease kube-system/external-resizer-ebs-csi-aws-com
2026-06-19T11:13:48.841647727Z I0619 11:13:48.841504       1 leaderelection.go:293] successfully renewed lease kube-system/external-resizer-ebs-csi-aws-com
2026-06-19T11:13:53.846831856Z I0619 11:13:53.846686       1 leaderelection.go:293] successfully renewed lease kube-system/external-resizer-ebs-csi-aws-com
2026-06-19T11:13:58.851689361Z I0619 11:13:58.851590       1 leaderelection.go:293] successfully renewed lease kube-system/external-resizer-ebs-csi-aws-com
2026-06-19T11:14:03.862833280Z I0619 11:14:03.862702       1 leaderelection.go:293] successfully renewed lease kube-system/external-resizer-ebs-csi-aws-com
2026-06-19T11:14:08.868427237Z I0619 11:14:08.868259       1 leaderelection.go:293] successfully renewed lease kube-system/external-resizer-ebs-csi-aws-com
2026-06-19T11:14:13.875842799Z I0619 11:14:13.875611       1 leaderelection.go:293] successfully renewed lease kube-system/external-resizer-ebs-csi-aws-com
2026-06-19T11:14:18.880740047Z I0619 11:14:18.880599       1 leaderelection.go:293] successfully renewed lease kube-system/external-resizer-ebs-csi-aws-com
2026-06-19T11:14:23.886619594Z I0619 11:14:23.886446       1 leaderelection.go:293] successfully renewed lease kube-system/external-resizer-ebs-csi-aws-com
2026-06-19T11:14:28.899494812Z I0619 11:14:28.899368       1 leaderelection.go:293] successfully renewed lease kube-system/external-resizer-ebs-csi-aws-com
2026-06-19T11:14:33.906102501Z I0619 11:14:33.905976       1 leaderelection.go:293] successfully renewed lease kube-system/external-resizer-ebs-csi-aws-com
2026-06-19T11:14:38.911875713Z I0619 11:14:38.911750       1 leaderelection.go:293] successfully renewed lease kube-system/external-resizer-ebs-csi-aws-com
2026-06-19T11:14:43.917787552Z I0619 11:14:43.917438       1 leaderelection.go:293] successfully renewed lease kube-system/external-resizer-ebs-csi-aws-com
2026-06-19T11:14:48.925715412Z I0619 11:14:48.925575       1 leaderelection.go:293] successfully renewed lease kube-system/external-resizer-ebs-csi-aws-com
2026-06-19T11:14:53.933193890Z I0619 11:14:53.932912       1 leaderelection.go:293] successfully renewed lease kube-system/external-resizer-ebs-csi-aws-com
2026-06-19T11:14:58.939160488Z I0619 11:14:58.939032       1 leaderelection.go:293] successfully renewed lease kube-system/external-resizer-ebs-csi-aws-com
2026-06-19T11:15:04.029527523Z I0619 11:15:04.029300       1 leaderelection.go:293] successfully renewed lease kube-system/external-resizer-ebs-csi-aws-com
2026-06-19T11:15:09.035972331Z I0619 11:15:09.035812       1 leaderelection.go:293] successfully renewed lease kube-system/external-resizer-ebs-csi-aws-com
2026-06-19T11:15:14.043622694Z I0619 11:15:14.042656       1 leaderelection.go:293] successfully renewed lease kube-system/external-resizer-ebs-csi-aws-com
2026-06-19T11:15:19.049415761Z I0619 11:15:19.049274       1 leaderelection.go:293] successfully renewed lease kube-system/external-resizer-ebs-csi-aws-com
2026-06-19T11:15:24.055845857Z I0619 11:15:24.055707       1 leaderelection.go:293] successfully renewed lease kube-system/external-resizer-ebs-csi-aws-com
2026-06-19T11:15:29.064254717Z I0619 11:15:29.063976       1 leaderelection.go:293] successfully renewed lease kube-system/external-resizer-ebs-csi-aws-com
2026-06-19T11:15:34.070451144Z I0619 11:15:34.070325       1 leaderelection.go:293] successfully renewed lease kube-system/external-resizer-ebs-csi-aws-com
2026-06-19T11:15:39.079228999Z I0619 11:15:39.079068       1 leaderelection.go:293] successfully renewed lease kube-system/external-resizer-ebs-csi-aws-com
2026-06-19T11:15:44.087608089Z I0619 11:15:44.087443       1 leaderelection.go:293] successfully renewed lease kube-system/external-resizer-ebs-csi-aws-com
2026-06-19T11:15:44.741653386Z I0619 11:15:44.741412       1 reflector.go:450] "Forcing resync" reflector="k8s.io/client-go/informers/factory.go:160"
2026-06-19T11:15:44.741967517Z I0619 11:15:44.741825       1 controller.go:327] "Started PVC processing for resize controller" key="kubentic-foresight/vmsingle-vmstack"
2026-06-19T11:15:44.741982820Z I0619 11:15:44.741869       1 controller.go:375] "No need to resize PVC" PVC="kubentic-foresight/vmsingle-vmstack"
2026-06-19T11:15:44.741986912Z I0619 11:15:44.741825       1 controller.go:327] "Started PVC processing for resize controller" key="kubentic-foresight/server-volume-vlogs-server-0"
2026-06-19T11:15:44.741993081Z I0619 11:15:44.741891       1 controller.go:375] "No need to resize PVC" PVC="kubentic-foresight/server-volume-vlogs-server-0"
2026-06-19T11:15:49.093175715Z I0619 11:15:49.092897       1 leaderelection.go:293] successfully renewed lease kube-system/external-resizer-ebs-csi-aws-com
2026-06-19T11:15:54.098730256Z I0619 11:15:54.098516       1 leaderelection.go:293] successfully renewed lease kube-system/external-resizer-ebs-csi-aws-com
2026-06-19T11:15:59.104196961Z I0619 11:15:59.104060       1 leaderelection.go:293] successfully renewed lease kube-system/external-resizer-ebs-csi-aws-com
2026-06-19T11:16:02.868341630Z I0619 11:16:02.839210       1 reflector.go:946] "Watch close" reflector="k8s.io/client-go/informers/factory.go:160" type="*v1.PersistentVolumeClaim" totalItems=8
2026-06-19T11:16:04.148756824Z I0619 11:16:04.137417       1 leaderelection.go:293] successfully renewed lease kube-system/external-resizer-ebs-csi-aws-com
2026-06-19T11:16:09.142959477Z I0619 11:16:09.142792       1 leaderelection.go:293] successfully renewed lease kube-system/external-resizer-ebs-csi-aws-com
2026-06-19T11:16:14.148205238Z I0619 11:16:14.147865       1 leaderelection.go:293] successfully renewed lease kube-system/external-resizer-ebs-csi-aws-com
2026-06-19T11:16:19.156110256Z I0619 11:16:19.155762       1 leaderelection.go:293] successfully renewed lease kube-system/external-resizer-ebs-csi-aws-com
2026-06-19T11:16:24.163294396Z I0619 11:16:24.163121       1 leaderelection.go:293] successfully renewed lease kube-system/external-resizer-ebs-csi-aws-com
2026-06-19T11:16:29.169195476Z I0619 11:16:29.168823       1 leaderelection.go:293] successfully renewed lease kube-system/external-resizer-ebs-csi-aws-com
2026-06-19T11:16:34.174306712Z I0619 11:16:34.173944       1 leaderelection.go:293] successfully renewed lease kube-system/external-resizer-ebs-csi-aws-com
2026-06-19T11:16:39.179269603Z I0619 11:16:39.179136       1 leaderelection.go:293] successfully renewed lease kube-system/external-resizer-ebs-csi-aws-com
2026-06-19T11:16:44.184721797Z I0619 11:16:44.184479       1 leaderelection.go:293] successfully renewed lease kube-system/external-resizer-ebs-csi-aws-com
2026-06-19T11:16:49.190956838Z I0619 11:16:49.190713       1 leaderelection.go:293] successfully renewed lease kube-system/external-resizer-ebs-csi-aws-com
2026-06-19T11:16:54.197759203Z I0619 11:16:54.197349       1 leaderelection.go:293] successfully renewed lease kube-system/external-resizer-ebs-csi-aws-com
2026-06-19T11:16:59.218053979Z I0619 11:16:59.217916       1 leaderelection.go:293] successfully renewed lease kube-system/external-resizer-ebs-csi-aws-com
2026-06-19T11:17:04.256824890Z I0619 11:17:04.251819       1 leaderelection.go:293] successfully renewed lease kube-system/external-resizer-ebs-csi-aws-com
2026-06-19T11:17:09.258823089Z I0619 11:17:09.258690       1 leaderelection.go:293] successfully renewed lease kube-system/external-resizer-ebs-csi-aws-com
2026-06-19T11:17:14.264600482Z I0619 11:17:14.264443       1 leaderelection.go:293] successfully renewed lease kube-system/external-resizer-ebs-csi-aws-com
2026-06-19T11:17:19.270617952Z I0619 11:17:19.270360       1 leaderelection.go:293] successfully renewed lease kube-system/external-resizer-ebs-csi-aws-com
2026-06-19T11:17:24.275800326Z I0619 11:17:24.275647       1 leaderelection.go:293] successfully renewed lease kube-system/external-resizer-ebs-csi-aws-com
2026-06-19T11:17:29.281505491Z I0619 11:17:29.281291       1 leaderelection.go:293] successfully renewed lease kube-system/external-resizer-ebs-csi-aws-com
2026-06-19T11:17:34.286031352Z I0619 11:17:34.285892       1 leaderelection.go:293] successfully renewed lease kube-system/external-resizer-ebs-csi-aws-com
2026-06-19T11:17:39.291589458Z I0619 11:17:39.291454       1 leaderelection.go:293] successfully renewed lease kube-system/external-resizer-ebs-csi-aws-com
2026-06-19T11:17:44.299187091Z I0619 11:17:44.299061       1 leaderelection.go:293] successfully renewed lease kube-system/external-resizer-ebs-csi-aws-com
2026-06-19T11:17:49.304902018Z I0619 11:17:49.304779       1 leaderelection.go:293] successfully renewed lease kube-system/external-resizer-ebs-csi-aws-com
2026-06-19T11:17:54.313073960Z I0619 11:17:54.312746       1 leaderelection.go:293] successfully renewed lease kube-system/external-resizer-ebs-csi-aws-com
2026-06-19T11:17:59.319061547Z I0619 11:17:59.318855       1 leaderelection.go:293] successfully renewed lease kube-system/external-resizer-ebs-csi-aws-com
2026-06-19T11:18:04.359775505Z I0619 11:18:04.359588       1 leaderelection.go:293] successfully renewed lease kube-system/external-resizer-ebs-csi-aws-com
2026-06-19T11:18:09.368822447Z I0619 11:18:09.368592       1 leaderelection.go:293] successfully renewed lease kube-system/external-resizer-ebs-csi-aws-com
2026-06-19T11:18:14.374419056Z I0619 11:18:14.374285       1 leaderelection.go:293] successfully renewed lease kube-system/external-resizer-ebs-csi-aws-com
2026-06-19T11:18:19.379480650Z I0619 11:18:19.379350       1 leaderelection.go:293] successfully renewed lease kube-system/external-resizer-ebs-csi-aws-com
2026-06-19T11:18:24.385226984Z I0619 11:18:24.384917       1 leaderelection.go:293] successfully renewed lease kube-system/external-resizer-ebs-csi-aws-com
2026-06-19T11:18:29.390669669Z I0619 11:18:29.390489       1 leaderelection.go:293] successfully renewed lease kube-system/external-resizer-ebs-csi-aws-com
2026-06-19T11:18:34.396402776Z I0619 11:18:34.396279       1 leaderelection.go:293] successfully renewed lease kube-system/external-resizer-ebs-csi-aws-com
2026-06-19T11:18:39.403163218Z I0619 11:18:39.403043       1 leaderelection.go:293] successfully renewed lease kube-system/external-resizer-ebs-csi-aws-com
2026-06-19T11:18:44.410095404Z I0619 11:18:44.409959       1 leaderelection.go:293] successfully renewed lease kube-system/external-resizer-ebs-csi-aws-com
2026-06-19T11:18:49.415471192Z I0619 11:18:49.415231       1 leaderelection.go:293] successfully renewed lease kube-system/external-resizer-ebs-csi-aws-com
2026-06-19T11:18:54.420656154Z I0619 11:18:54.420515       1 leaderelection.go:293] successfully renewed lease kube-system/external-resizer-ebs-csi-aws-com
2026-06-19T11:18:59.426730052Z I0619 11:18:59.426594       1 leaderelection.go:293] successfully renewed lease kube-system/external-resizer-ebs-csi-aws-com
2026-06-19T11:19:04.435801128Z I0619 11:19:04.435583       1 leaderelection.go:293] successfully renewed lease kube-system/external-resizer-ebs-csi-aws-com
2026-06-19T11:19:09.443890662Z I0619 11:19:09.443768       1 leaderelection.go:293] successfully renewed lease kube-system/external-resizer-ebs-csi-aws-com
2026-06-19T11:19:14.451359300Z I0619 11:19:14.451152       1 leaderelection.go:293] successfully renewed lease kube-system/external-resizer-ebs-csi-aws-com
2026-06-19T11:19:19.457451603Z I0619 11:19:19.457307       1 leaderelection.go:293] successfully renewed lease kube-system/external-resizer-ebs-csi-aws-com
2026-06-19T11:19:24.466899961Z I0619 11:19:24.466773       1 leaderelection.go:293] successfully renewed lease kube-system/external-resizer-ebs-csi-aws-com
2026-06-19T11:19:29.472671124Z I0619 11:19:29.472534       1 leaderelection.go:293] successfully renewed lease kube-system/external-resizer-ebs-csi-aws-com
2026-06-19T11:19:34.479059188Z I0619 11:19:34.478929       1 leaderelection.go:293] successfully renewed lease kube-system/external-resizer-ebs-csi-aws-com
2026-06-19T11:19:39.484607297Z I0619 11:19:39.484450       1 leaderelection.go:293] successfully renewed lease kube-system/external-resizer-ebs-csi-aws-com
2026-06-19T11:19:44.490935842Z I0619 11:19:44.490808       1 leaderelection.go:293] successfully renewed lease kube-system/external-resizer-ebs-csi-aws-com
2026-06-19T11:19:49.497487620Z I0619 11:19:49.496827       1 leaderelection.go:293] successfully renewed lease kube-system/external-resizer-ebs-csi-aws-com
2026-06-19T11:19:54.502604620Z I0619 11:19:54.502419       1 leaderelection.go:293] successfully renewed lease kube-system/external-resizer-ebs-csi-aws-com
2026-06-19T11:19:59.511886245Z I0619 11:19:59.511748       1 leaderelection.go:293] successfully renewed lease kube-system/external-resizer-ebs-csi-aws-com
2026-06-19T11:20:04.525458248Z I0619 11:20:04.524696       1 leaderelection.go:293] successfully renewed lease kube-system/external-resizer-ebs-csi-aws-com
2026-06-19T11:20:09.531571331Z I0619 11:20:09.531421       1 leaderelection.go:293] successfully renewed lease kube-system/external-resizer-ebs-csi-aws-com
2026-06-19T11:20:14.537432899Z I0619 11:20:14.537308       1 leaderelection.go:293] successfully renewed lease kube-system/external-resizer-ebs-csi-aws-com
2026-06-19T11:20:19.543193392Z I0619 11:20:19.543030       1 leaderelection.go:293] successfully renewed lease kube-system/external-resizer-ebs-csi-aws-com
2026-06-19T11:20:24.548537939Z I0619 11:20:24.548337       1 leaderelection.go:293] successfully renewed lease kube-system/external-resizer-ebs-csi-aws-com
2026-06-19T11:20:29.555496738Z I0619 11:20:29.555340       1 leaderelection.go:293] successfully renewed lease kube-system/external-resizer-ebs-csi-aws-com
2026-06-19T11:20:34.561906748Z I0619 11:20:34.561783       1 leaderelection.go:293] successfully renewed lease kube-system/external-resizer-ebs-csi-aws-com
2026-06-19T11:20:39.567276106Z I0619 11:20:39.567154       1 leaderelection.go:293] successfully renewed lease kube-system/external-resizer-ebs-csi-aws-com
2026-06-19T11:20:44.581017425Z I0619 11:20:44.580888       1 leaderelection.go:293] successfully renewed lease kube-system/external-resizer-ebs-csi-aws-com
2026-06-19T11:20:49.590143257Z I0619 11:20:49.589959       1 leaderelection.go:293] successfully renewed lease kube-system/external-resizer-ebs-csi-aws-com
2026-06-19T11:20:54.597392684Z I0619 11:20:54.597267       1 leaderelection.go:293] successfully renewed lease kube-system/external-resizer-ebs-csi-aws-com
2026-06-19T11:20:59.602860366Z I0619 11:20:59.602582       1 leaderelection.go:293] successfully renewed lease kube-system/external-resizer-ebs-csi-aws-com
2026-06-19T11:21:04.613135883Z I0619 11:21:04.612887       1 leaderelection.go:293] successfully renewed lease kube-system/external-resizer-ebs-csi-aws-com
2026-06-19T11:21:09.619098544Z I0619 11:21:09.618971       1 leaderelection.go:293] successfully renewed lease kube-system/external-resizer-ebs-csi-aws-com
2026-06-19T11:21:14.624376215Z I0619 11:21:14.624210       1 leaderelection.go:293] successfully renewed lease kube-system/external-resizer-ebs-csi-aws-com
2026-06-19T11:21:19.630787628Z I0619 11:21:19.630662       1 leaderelection.go:293] successfully renewed lease kube-system/external-resizer-ebs-csi-aws-com
2026-06-19T11:21:24.637695093Z I0619 11:21:24.637504       1 leaderelection.go:293] successfully renewed lease kube-system/external-resizer-ebs-csi-aws-com
2026-06-19T11:21:29.645713837Z I0619 11:21:29.645578       1 leaderelection.go:293] successfully renewed lease kube-system/external-resizer-ebs-csi-aws-com
2026-06-19T11:21:34.651673648Z I0619 11:21:34.651447       1 leaderelection.go:293] successfully renewed lease kube-system/external-resizer-ebs-csi-aws-com
2026-06-19T11:21:39.657677649Z I0619 11:21:39.657465       1 leaderelection.go:293] successfully renewed lease kube-system/external-resizer-ebs-csi-aws-com
2026-06-19T11:21:43.832304963Z I0619 11:21:43.832056       1 reflector.go:946] "Watch close" reflector="k8s.io/client-go/informers/factory.go:160" type="*v1.PersistentVolume" totalItems=10
2026-06-19T11:21:44.663759854Z I0619 11:21:44.663609       1 leaderelection.go:293] successfully renewed lease kube-system/external-resizer-ebs-csi-aws-com
2026-06-19T11:21:49.669498048Z I0619 11:21:49.669351       1 leaderelection.go:293] successfully renewed lease kube-system/external-resizer-ebs-csi-aws-com
2026-06-19T11:21:54.676406438Z I0619 11:21:54.676247       1 leaderelection.go:293] successfully renewed lease kube-system/external-resizer-ebs-csi-aws-com
2026-06-19T11:21:59.682584532Z I0619 11:21:59.682439       1 leaderelection.go:293] successfully renewed lease kube-system/external-resizer-ebs-csi-aws-com
2026-06-19T11:22:04.689167371Z I0619 11:22:04.688867       1 leaderelection.go:293] successfully renewed lease kube-system/external-resizer-ebs-csi-aws-com
2026-06-19T11:22:09.694762335Z I0619 11:22:09.694600       1 leaderelection.go:293] successfully renewed lease kube-system/external-resizer-ebs-csi-aws-com
2026-06-19T11:22:14.700281065Z I0619 11:22:14.700150       1 leaderelection.go:293] successfully renewed lease kube-system/external-resizer-ebs-csi-aws-com
2026-06-19T11:22:19.707629055Z I0619 11:22:19.707478       1 leaderelection.go:293] successfully renewed lease kube-system/external-resizer-ebs-csi-aws-com
2026-06-19T11:22:24.713186753Z I0619 11:22:24.712830       1 leaderelection.go:293] successfully renewed lease kube-system/external-resizer-ebs-csi-aws-com
2026-06-19T11:22:29.718082148Z I0619 11:22:29.717954       1 leaderelection.go:293] successfully renewed lease kube-system/external-resizer-ebs-csi-aws-com
2026-06-19T11:22:33.872433326Z I0619 11:22:33.872264       1 reflector.go:946] "Watch close" reflector="k8s.io/client-go/informers/factory.go:160" type="*v1.PersistentVolumeClaim" totalItems=8
2026-06-19T11:22:34.723624027Z I0619 11:22:34.723466       1 leaderelection.go:293] successfully renewed lease kube-system/external-resizer-ebs-csi-aws-com
2026-06-19T11:22:39.728775189Z I0619 11:22:39.728652       1 leaderelection.go:293] successfully renewed lease kube-system/external-resizer-ebs-csi-aws-com
2026-06-19T11:22:44.743113569Z I0619 11:22:44.742999       1 leaderelection.go:293] successfully renewed lease kube-system/external-resizer-ebs-csi-aws-com
2026-06-19T11:22:49.748511834Z I0619 11:22:49.748315       1 leaderelection.go:293] successfully renewed lease kube-system/external-resizer-ebs-csi-aws-com
2026-06-19T11:22:54.756709808Z I0619 11:22:54.756425       1 leaderelection.go:293] successfully renewed lease kube-system/external-resizer-ebs-csi-aws-com
2026-06-19T11:22:59.764417990Z I0619 11:22:59.764253       1 leaderelection.go:293] successfully renewed lease kube-system/external-resizer-ebs-csi-aws-com
2026-06-19T11:23:04.770753611Z I0619 11:23:04.770615       1 leaderelection.go:293] successfully renewed lease kube-system/external-resizer-ebs-csi-aws-com
2026-06-19T11:23:09.776810164Z I0619 11:23:09.776481       1 leaderelection.go:293] successfully renewed lease kube-system/external-resizer-ebs-csi-aws-com
2026-06-19T11:23:14.782847875Z I0619 11:23:14.782679       1 leaderelection.go:293] successfully renewed lease kube-system/external-resizer-ebs-csi-aws-com
2026-06-19T11:23:19.789442705Z I0619 11:23:19.789316       1 leaderelection.go:293] successfully renewed lease kube-system/external-resizer-ebs-csi-aws-com
2026-06-19T11:23:24.795857687Z I0619 11:23:24.795643       1 leaderelection.go:293] successfully renewed lease kube-system/external-resizer-ebs-csi-aws-com
2026-06-19T11:23:29.803281352Z I0619 11:23:29.803104       1 leaderelection.go:293] successfully renewed lease kube-system/external-resizer-ebs-csi-aws-com
2026-06-19T11:23:34.808833819Z I0619 11:23:34.808286       1 leaderelection.go:293] successfully renewed lease kube-system/external-resizer-ebs-csi-aws-com
2026-06-19T11:23:39.814954268Z I0619 11:23:39.814810       1 leaderelection.go:293] successfully renewed lease kube-system/external-resizer-ebs-csi-aws-com
2026-06-19T11:23:44.821153762Z I0619 11:23:44.820915       1 leaderelection.go:293] successfully renewed lease kube-system/external-resizer-ebs-csi-aws-com
2026-06-19T11:23:49.826329946Z I0619 11:23:49.826205       1 leaderelection.go:293] successfully renewed lease kube-system/external-resizer-ebs-csi-aws-com
2026-06-19T11:23:54.832593165Z I0619 11:23:54.832452       1 leaderelection.go:293] successfully renewed lease kube-system/external-resizer-ebs-csi-aws-com
2026-06-19T11:23:59.838622767Z I0619 11:23:59.838437       1 leaderelection.go:293] successfully renewed lease kube-system/external-resizer-ebs-csi-aws-com
2026-06-19T11:24:04.852373388Z I0619 11:24:04.852191       1 leaderelection.go:293] successfully renewed lease kube-system/external-resizer-ebs-csi-aws-com
2026-06-19T11:24:09.857642123Z I0619 11:24:09.857504       1 leaderelection.go:293] successfully renewed lease kube-system/external-resizer-ebs-csi-aws-com
2026-06-19T11:24:14.863413603Z I0619 11:24:14.863171       1 leaderelection.go:293] successfully renewed lease kube-system/external-resizer-ebs-csi-aws-com
2026-06-19T11:24:19.869437554Z I0619 11:24:19.869284       1 leaderelection.go:293] successfully renewed lease kube-system/external-resizer-ebs-csi-aws-com
2026-06-19T11:24:24.876818930Z I0619 11:24:24.876700       1 leaderelection.go:293] successfully renewed lease kube-system/external-resizer-ebs-csi-aws-com
2026-06-19T11:24:29.884352361Z I0619 11:24:29.884196       1 leaderelection.go:293] successfully renewed lease kube-system/external-resizer-ebs-csi-aws-com
2026-06-19T11:24:34.889898852Z I0619 11:24:34.889655       1 leaderelection.go:293] successfully renewed lease kube-system/external-resizer-ebs-csi-aws-com
2026-06-19T11:24:39.896936973Z I0619 11:24:39.896799       1 leaderelection.go:293] successfully renewed lease kube-system/external-resizer-ebs-csi-aws-com
2026-06-19T11:24:44.902472877Z I0619 11:24:44.902324       1 leaderelection.go:293] successfully renewed lease kube-system/external-resizer-ebs-csi-aws-com
2026-06-19T11:24:49.907649212Z I0619 11:24:49.907458       1 leaderelection.go:293] successfully renewed lease kube-system/external-resizer-ebs-csi-aws-com
2026-06-19T11:24:54.913390547Z I0619 11:24:54.913217       1 leaderelection.go:293] successfully renewed lease kube-system/external-resizer-ebs-csi-aws-com
2026-06-19T11:24:59.919862236Z I0619 11:24:59.919527       1 leaderelection.go:293] successfully renewed lease kube-system/external-resizer-ebs-csi-aws-com
2026-06-19T11:25:04.932652239Z I0619 11:25:04.932417       1 leaderelection.go:293] successfully renewed lease kube-system/external-resizer-ebs-csi-aws-com
2026-06-19T11:25:09.940461284Z I0619 11:25:09.940317       1 leaderelection.go:293] successfully renewed lease kube-system/external-resizer-ebs-csi-aws-com
2026-06-19T11:25:14.948219923Z I0619 11:25:14.948077       1 leaderelection.go:293] successfully renewed lease kube-system/external-resizer-ebs-csi-aws-com
2026-06-19T11:25:19.953670684Z I0619 11:25:19.953493       1 leaderelection.go:293] successfully renewed lease kube-system/external-resizer-ebs-csi-aws-com
2026-06-19T11:25:24.960398933Z I0619 11:25:24.960260       1 leaderelection.go:293] successfully renewed lease kube-system/external-resizer-ebs-csi-aws-com
2026-06-19T11:25:29.965598518Z I0619 11:25:29.965445       1 leaderelection.go:293] successfully renewed lease kube-system/external-resizer-ebs-csi-aws-com
2026-06-19T11:25:34.976496218Z I0619 11:25:34.976313       1 leaderelection.go:293] successfully renewed lease kube-system/external-resizer-ebs-csi-aws-com
2026-06-19T11:25:39.982860310Z I0619 11:25:39.982734       1 leaderelection.go:293] successfully renewed lease kube-system/external-resizer-ebs-csi-aws-com
2026-06-19T11:25:44.742211158Z I0619 11:25:44.741864       1 reflector.go:450] "Forcing resync" reflector="k8s.io/client-go/informers/factory.go:160"
2026-06-19T11:25:44.742237897Z I0619 11:25:44.742044       1 controller.go:327] "Started PVC processing for resize controller" key="kubentic-foresight/server-volume-vlogs-server-0"
2026-06-19T11:25:44.742242353Z I0619 11:25:44.742049       1 controller.go:327] "Started PVC processing for resize controller" key="kubentic-foresight/vmsingle-vmstack"
2026-06-19T11:25:44.742245900Z I0619 11:25:44.742061       1 controller.go:375] "No need to resize PVC" PVC="kubentic-foresight/server-volume-vlogs-server-0"
2026-06-19T11:25:44.742249426Z I0619 11:25:44.742063       1 controller.go:375] "No need to resize PVC" PVC="kubentic-foresight/vmsingle-vmstack"
2026-06-19T11:25:44.988335797Z I0619 11:25:44.988154       1 leaderelection.go:293] successfully renewed lease kube-system/external-resizer-ebs-csi-aws-com
2026-06-19T11:25:49.994080732Z I0619 11:25:49.993924       1 leaderelection.go:293] successfully renewed lease kube-system/external-resizer-ebs-csi-aws-com
2026-06-19T11:25:54.999951107Z I0619 11:25:54.999798       1 leaderelection.go:293] successfully renewed lease kube-system/external-resizer-ebs-csi-aws-com
2026-06-19T11:26:00.087161424Z I0619 11:26:00.081335       1 leaderelection.go:293] successfully renewed lease kube-system/external-resizer-ebs-csi-aws-com
2026-06-19T11:26:05.094600443Z I0619 11:26:05.094405       1 leaderelection.go:293] successfully renewed lease kube-system/external-resizer-ebs-csi-aws-com
2026-06-19T11:26:10.102173021Z I0619 11:26:10.101968       1 leaderelection.go:293] successfully renewed lease kube-system/external-resizer-ebs-csi-aws-com
2026-06-19T11:26:15.107578472Z I0619 11:26:15.107435       1 leaderelection.go:293] successfully renewed lease kube-system/external-resizer-ebs-csi-aws-com
2026-06-19T11:26:20.113664283Z I0619 11:26:20.113487       1 leaderelection.go:293] successfully renewed lease kube-system/external-resizer-ebs-csi-aws-com
2026-06-19T11:26:25.119512156Z I0619 11:26:25.119373       1 leaderelection.go:293] successfully renewed lease kube-system/external-resizer-ebs-csi-aws-com
2026-06-19T11:26:30.125203301Z I0619 11:26:30.124848       1 leaderelection.go:293] successfully renewed lease kube-system/external-resizer-ebs-csi-aws-com
2026-06-19T11:26:35.134725188Z I0619 11:26:35.134593       1 leaderelection.go:293] successfully renewed lease kube-system/external-resizer-ebs-csi-aws-com
2026-06-19T11:26:40.140602018Z I0619 11:26:40.140443       1 leaderelection.go:293] successfully renewed lease kube-system/external-resizer-ebs-csi-aws-com
2026-06-19T11:26:45.146399717Z I0619 11:26:45.146208       1 leaderelection.go:293] successfully renewed lease kube-system/external-resizer-ebs-csi-aws-com
2026-06-19T11:26:50.151459477Z I0619 11:26:50.151285       1 leaderelection.go:293] successfully renewed lease kube-system/external-resizer-ebs-csi-aws-com
2026-06-19T11:26:55.157419819Z I0619 11:26:55.157289       1 leaderelection.go:293] successfully renewed lease kube-system/external-resizer-ebs-csi-aws-com
2026-06-19T11:27:00.175038021Z I0619 11:27:00.174749       1 leaderelection.go:293] successfully renewed lease kube-system/external-resizer-ebs-csi-aws-com
2026-06-19T11:27:05.190174061Z I0619 11:27:05.190034       1 leaderelection.go:293] successfully renewed lease kube-system/external-resizer-ebs-csi-aws-com
2026-06-19T11:27:10.197203413Z I0619 11:27:10.196839       1 leaderelection.go:293] successfully renewed lease kube-system/external-resizer-ebs-csi-aws-com
2026-06-19T11:27:15.202963582Z I0619 11:27:15.202798       1 leaderelection.go:293] successfully renewed lease kube-system/external-resizer-ebs-csi-aws-com
2026-06-19T11:27:20.210521414Z I0619 11:27:20.210395       1 leaderelection.go:293] successfully renewed lease kube-system/external-resizer-ebs-csi-aws-com
2026-06-19T11:27:25.215676004Z I0619 11:27:25.215511       1 leaderelection.go:293] successfully renewed lease kube-system/external-resizer-ebs-csi-aws-com
2026-06-19T11:27:30.220867001Z I0619 11:27:30.220734       1 leaderelection.go:293] successfully renewed lease kube-system/external-resizer-ebs-csi-aws-com
2026-06-19T11:27:30.835127129Z I0619 11:27:30.834974       1 reflector.go:946] "Watch close" reflector="k8s.io/client-go/informers/factory.go:160" type="*v1.PersistentVolume" totalItems=7
2026-06-19T11:27:35.226108589Z I0619 11:27:35.225928       1 leaderelection.go:293] successfully renewed lease kube-system/external-resizer-ebs-csi-aws-com
2026-06-19T11:27:40.232038485Z I0619 11:27:40.231859       1 leaderelection.go:293] successfully renewed lease kube-system/external-resizer-ebs-csi-aws-com
2026-06-19T11:27:45.252914895Z I0619 11:27:45.252775       1 leaderelection.go:293] successfully renewed lease kube-system/external-resizer-ebs-csi-aws-com
2026-06-19T11:27:50.259193451Z I0619 11:27:50.259069       1 leaderelection.go:293] successfully renewed lease kube-system/external-resizer-ebs-csi-aws-com
2026-06-19T11:27:55.265477041Z I0619 11:27:55.265333       1 leaderelection.go:293] successfully renewed lease kube-system/external-resizer-ebs-csi-aws-com
2026-06-19T11:28:00.272720216Z I0619 11:28:00.272590       1 leaderelection.go:293] successfully renewed lease kube-system/external-resizer-ebs-csi-aws-com
2026-06-19T11:28:05.278400799Z I0619 11:28:05.278239       1 leaderelection.go:293] successfully renewed lease kube-system/external-resizer-ebs-csi-aws-com
2026-06-19T11:28:10.283470897Z I0619 11:28:10.283340       1 leaderelection.go:293] successfully renewed lease kube-system/external-resizer-ebs-csi-aws-com
2026-06-19T11:28:15.288771531Z I0619 11:28:15.288343       1 leaderelection.go:293] successfully renewed lease kube-system/external-resizer-ebs-csi-aws-com
2026-06-19T11:28:20.294689367Z I0619 11:28:20.294486       1 leaderelection.go:293] successfully renewed lease kube-system/external-resizer-ebs-csi-aws-com
2026-06-19T11:28:25.302811592Z I0619 11:28:25.302686       1 leaderelection.go:293] successfully renewed lease kube-system/external-resizer-ebs-csi-aws-com
2026-06-19T11:28:30.308582335Z I0619 11:28:30.308294       1 leaderelection.go:293] successfully renewed lease kube-system/external-resizer-ebs-csi-aws-com
2026-06-19T11:28:35.313616198Z I0619 11:28:35.313429       1 leaderelection.go:293] successfully renewed lease kube-system/external-resizer-ebs-csi-aws-com
2026-06-19T11:28:40.319083265Z I0619 11:28:40.318914       1 leaderelection.go:293] successfully renewed lease kube-system/external-resizer-ebs-csi-aws-com
2026-06-19T11:28:45.324731692Z I0619 11:28:45.324579       1 leaderelection.go:293] successfully renewed lease kube-system/external-resizer-ebs-csi-aws-com
2026-06-19T11:28:50.332468495Z I0619 11:28:50.332279       1 leaderelection.go:293] successfully renewed lease kube-system/external-resizer-ebs-csi-aws-com
2026-06-19T11:28:55.338587595Z I0619 11:28:55.338436       1 leaderelection.go:293] successfully renewed lease kube-system/external-resizer-ebs-csi-aws-com
2026-06-19T11:29:00.351972577Z I0619 11:29:00.351818       1 leaderelection.go:293] successfully renewed lease kube-system/external-resizer-ebs-csi-aws-com
2026-06-19T11:29:05.362471744Z I0619 11:29:05.361745       1 leaderelection.go:293] successfully renewed lease kube-system/external-resizer-ebs-csi-aws-com
2026-06-19T11:29:10.366961170Z I0619 11:29:10.366783       1 leaderelection.go:293] successfully renewed lease kube-system/external-resizer-ebs-csi-aws-com
2026-06-19T11:29:15.373381075Z I0619 11:29:15.373227       1 leaderelection.go:293] successfully renewed lease kube-system/external-resizer-ebs-csi-aws-com
2026-06-19T11:29:20.378389196Z I0619 11:29:20.378191       1 leaderelection.go:293] successfully renewed lease kube-system/external-resizer-ebs-csi-aws-com
2026-06-19T11:29:25.386093945Z I0619 11:29:25.385948       1 leaderelection.go:293] successfully renewed lease kube-system/external-resizer-ebs-csi-aws-com
2026-06-19T11:29:30.393664388Z I0619 11:29:30.393208       1 leaderelection.go:293] successfully renewed lease kube-system/external-resizer-ebs-csi-aws-com
2026-06-19T11:29:35.399663731Z I0619 11:29:35.399495       1 leaderelection.go:293] successfully renewed lease kube-system/external-resizer-ebs-csi-aws-com
2026-06-19T11:29:40.406067769Z I0619 11:29:40.405917       1 leaderelection.go:293] successfully renewed lease kube-system/external-resizer-ebs-csi-aws-com
2026-06-19T11:29:45.412031348Z I0619 11:29:45.411902       1 leaderelection.go:293] successfully renewed lease kube-system/external-resizer-ebs-csi-aws-com
2026-06-19T11:29:50.418694587Z I0619 11:29:50.418539       1 leaderelection.go:293] successfully renewed lease kube-system/external-resizer-ebs-csi-aws-com
2026-06-19T11:29:55.424628061Z I0619 11:29:55.424282       1 leaderelection.go:293] successfully renewed lease kube-system/external-resizer-ebs-csi-aws-com
2026-06-19T11:30:00.431184743Z I0619 11:30:00.431033       1 leaderelection.go:293] successfully renewed lease kube-system/external-resizer-ebs-csi-aws-com
2026-06-19T11:30:05.437711365Z I0619 11:30:05.437583       1 leaderelection.go:293] successfully renewed lease kube-system/external-resizer-ebs-csi-aws-com
2026-06-19T11:30:10.444511877Z I0619 11:30:10.444347       1 leaderelection.go:293] successfully renewed lease kube-system/external-resizer-ebs-csi-aws-com
2026-06-19T11:30:15.449810444Z I0619 11:30:15.449616       1 leaderelection.go:293] successfully renewed lease kube-system/external-resizer-ebs-csi-aws-com
2026-06-19T11:30:20.455683142Z I0619 11:30:20.455499       1 leaderelection.go:293] successfully renewed lease kube-system/external-resizer-ebs-csi-aws-com
2026-06-19T11:30:25.461601684Z I0619 11:30:25.461460       1 leaderelection.go:293] successfully renewed lease kube-system/external-resizer-ebs-csi-aws-com
2026-06-19T11:30:30.467140604Z I0619 11:30:30.467008       1 leaderelection.go:293] successfully renewed lease kube-system/external-resizer-ebs-csi-aws-com
2026-06-19T11:30:35.475366428Z I0619 11:30:35.475231       1 leaderelection.go:293] successfully renewed lease kube-system/external-resizer-ebs-csi-aws-com
2026-06-19T11:30:40.483234600Z I0619 11:30:40.483006       1 leaderelection.go:293] successfully renewed lease kube-system/external-resizer-ebs-csi-aws-com
2026-06-19T11:30:45.488539655Z I0619 11:30:45.488306       1 leaderelection.go:293] successfully renewed lease kube-system/external-resizer-ebs-csi-aws-com
2026-06-19T11:30:50.494581728Z I0619 11:30:50.493978       1 leaderelection.go:293] successfully renewed lease kube-system/external-resizer-ebs-csi-aws-com
2026-06-19T11:30:55.503787067Z I0619 11:30:55.503557       1 leaderelection.go:293] successfully renewed lease kube-system/external-resizer-ebs-csi-aws-com
2026-06-19T11:30:59.874936586Z I0619 11:30:59.874770       1 reflector.go:946] "Watch close" reflector="k8s.io/client-go/informers/factory.go:160" type="*v1.PersistentVolumeClaim" totalItems=10
2026-06-19T11:31:00.509454658Z I0619 11:31:00.509298       1 leaderelection.go:293] successfully renewed lease kube-system/external-resizer-ebs-csi-aws-com
2026-06-19T11:31:05.515430629Z I0619 11:31:05.515299       1 leaderelection.go:293] successfully renewed lease kube-system/external-resizer-ebs-csi-aws-com
2026-06-19T11:31:10.521533917Z I0619 11:31:10.521394       1 leaderelection.go:293] successfully renewed lease kube-system/external-resizer-ebs-csi-aws-com
2026-06-19T11:31:15.526725078Z I0619 11:31:15.526517       1 leaderelection.go:293] successfully renewed lease kube-system/external-resizer-ebs-csi-aws-com
2026-06-19T11:31:20.536683018Z I0619 11:31:20.536527       1 leaderelection.go:293] successfully renewed lease kube-system/external-resizer-ebs-csi-aws-com
2026-06-19T11:31:25.541722045Z I0619 11:31:25.541580       1 leaderelection.go:293] successfully renewed lease kube-system/external-resizer-ebs-csi-aws-com
2026-06-19T11:31:30.552829877Z I0619 11:31:30.552693       1 leaderelection.go:293] successfully renewed lease kube-system/external-resizer-ebs-csi-aws-com
2026-06-19T11:31:35.560660939Z I0619 11:31:35.560534       1 leaderelection.go:293] successfully renewed lease kube-system/external-resizer-ebs-csi-aws-com
2026-06-19T11:31:40.566274915Z I0619 11:31:40.566133       1 leaderelection.go:293] successfully renewed lease kube-system/external-resizer-ebs-csi-aws-com
2026-06-19T11:31:45.571892687Z I0619 11:31:45.571761       1 leaderelection.go:293] successfully renewed lease kube-system/external-resizer-ebs-csi-aws-com
2026-06-19T11:31:50.578485734Z I0619 11:31:50.578203       1 leaderelection.go:293] successfully renewed lease kube-system/external-resizer-ebs-csi-aws-com
2026-06-19T11:31:55.583873684Z I0619 11:31:55.583749       1 leaderelection.go:293] successfully renewed lease kube-system/external-resizer-ebs-csi-aws-com
2026-06-19T11:32:00.591912374Z I0619 11:32:00.591771       1 leaderelection.go:293] successfully renewed lease kube-system/external-resizer-ebs-csi-aws-com
2026-06-19T11:32:05.600770481Z I0619 11:32:05.600639       1 leaderelection.go:293] successfully renewed lease kube-system/external-resizer-ebs-csi-aws-com
2026-06-19T11:32:10.608308125Z I0619 11:32:10.608195       1 leaderelection.go:293] successfully renewed lease kube-system/external-resizer-ebs-csi-aws-com
2026-06-19T11:32:15.613732091Z I0619 11:32:15.613611       1 leaderelection.go:293] successfully renewed lease kube-system/external-resizer-ebs-csi-aws-com
2026-06-19T11:32:20.619173706Z I0619 11:32:20.618943       1 leaderelection.go:293] successfully renewed lease kube-system/external-resizer-ebs-csi-aws-com
2026-06-19T11:32:25.625328718Z I0619 11:32:25.625186       1 leaderelection.go:293] successfully renewed lease kube-system/external-resizer-ebs-csi-aws-com
2026-06-19T11:32:30.634786239Z I0619 11:32:30.634636       1 leaderelection.go:293] successfully renewed lease kube-system/external-resizer-ebs-csi-aws-com
2026-06-19T11:32:35.640537307Z I0619 11:32:35.640228       1 leaderelection.go:293] successfully renewed lease kube-system/external-resizer-ebs-csi-aws-com
2026-06-19T11:32:40.649145297Z I0619 11:32:40.648785       1 leaderelection.go:293] successfully renewed lease kube-system/external-resizer-ebs-csi-aws-com
2026-06-19T11:32:45.654811923Z I0619 11:32:45.654649       1 leaderelection.go:293] successfully renewed lease kube-system/external-resizer-ebs-csi-aws-com
2026-06-19T11:32:50.660852116Z I0619 11:32:50.660710       1 leaderelection.go:293] successfully renewed lease kube-system/external-resizer-ebs-csi-aws-com
2026-06-19T11:32:55.667140999Z I0619 11:32:55.667010       1 leaderelection.go:293] successfully renewed lease kube-system/external-resizer-ebs-csi-aws-com
2026-06-19T11:33:00.673761810Z I0619 11:33:00.673623       1 leaderelection.go:293] successfully renewed lease kube-system/external-resizer-ebs-csi-aws-com
2026-06-19T11:33:05.679655733Z I0619 11:33:05.679512       1 leaderelection.go:293] successfully renewed lease kube-system/external-resizer-ebs-csi-aws-com
2026-06-19T11:33:10.686299769Z I0619 11:33:10.686146       1 leaderelection.go:293] successfully renewed lease kube-system/external-resizer-ebs-csi-aws-com
2026-06-19T11:33:15.696874518Z I0619 11:33:15.696791       1 leaderelection.go:293] successfully renewed lease kube-system/external-resizer-ebs-csi-aws-com
2026-06-19T11:33:20.704623498Z I0619 11:33:20.704396       1 leaderelection.go:293] successfully renewed lease kube-system/external-resizer-ebs-csi-aws-com
2026-06-19T11:33:25.712382638Z I0619 11:33:25.712128       1 leaderelection.go:293] successfully renewed lease kube-system/external-resizer-ebs-csi-aws-com
2026-06-19T11:33:25.836742792Z I0619 11:33:25.836525       1 reflector.go:946] "Watch close" reflector="k8s.io/client-go/informers/factory.go:160" type="*v1.PersistentVolume" totalItems=7
2026-06-19T11:33:30.721023000Z I0619 11:33:30.720739       1 leaderelection.go:293] successfully renewed lease kube-system/external-resizer-ebs-csi-aws-com
2026-06-19T11:33:35.727049314Z I0619 11:33:35.726929       1 leaderelection.go:293] successfully renewed lease kube-system/external-resizer-ebs-csi-aws-com
2026-06-19T11:33:40.732170817Z I0619 11:33:40.732006       1 leaderelection.go:293] successfully renewed lease kube-system/external-resizer-ebs-csi-aws-com
2026-06-19T11:33:45.738438939Z I0619 11:33:45.738229       1 leaderelection.go:293] successfully renewed lease kube-system/external-resizer-ebs-csi-aws-com
2026-06-19T11:33:50.744865373Z I0619 11:33:50.744729       1 leaderelection.go:293] successfully renewed lease kube-system/external-resizer-ebs-csi-aws-com
2026-06-19T11:33:55.750109411Z I0619 11:33:55.749828       1 leaderelection.go:293] successfully renewed lease kube-system/external-resizer-ebs-csi-aws-com
2026-06-19T11:34:00.754825846Z I0619 11:34:00.754657       1 leaderelection.go:293] successfully renewed lease kube-system/external-resizer-ebs-csi-aws-com
2026-06-19T11:34:05.760350661Z I0619 11:34:05.760232       1 leaderelection.go:293] successfully renewed lease kube-system/external-resizer-ebs-csi-aws-com
2026-06-19T11:34:10.767662118Z I0619 11:34:10.767272       1 leaderelection.go:293] successfully renewed lease kube-system/external-resizer-ebs-csi-aws-com
2026-06-19T11:34:15.774880398Z I0619 11:34:15.774701       1 leaderelection.go:293] successfully renewed lease kube-system/external-resizer-ebs-csi-aws-com
2026-06-19T11:34:20.781587384Z I0619 11:34:20.781413       1 leaderelection.go:293] successfully renewed lease kube-system/external-resizer-ebs-csi-aws-com
2026-06-19T11:34:25.787074023Z I0619 11:34:25.786956       1 leaderelection.go:293] successfully renewed lease kube-system/external-resizer-ebs-csi-aws-com
2026-06-19T11:34:30.792660182Z I0619 11:34:30.792357       1 leaderelection.go:293] successfully renewed lease kube-system/external-resizer-ebs-csi-aws-com
2026-06-19T11:34:35.798019631Z I0619 11:34:35.797896       1 leaderelection.go:293] successfully renewed lease kube-system/external-resizer-ebs-csi-aws-com
2026-06-19T11:34:40.804802739Z I0619 11:34:40.804569       1 leaderelection.go:293] successfully renewed lease kube-system/external-resizer-ebs-csi-aws-com
2026-06-19T11:34:45.810574151Z I0619 11:34:45.810432       1 leaderelection.go:293] successfully renewed lease kube-system/external-resizer-ebs-csi-aws-com
2026-06-19T11:34:50.817986299Z I0619 11:34:50.817859       1 leaderelection.go:293] successfully renewed lease kube-system/external-resizer-ebs-csi-aws-com
2026-06-19T11:34:55.824524153Z I0619 11:34:55.824402       1 leaderelection.go:293] successfully renewed lease kube-system/external-resizer-ebs-csi-aws-com
2026-06-19T11:35:00.833179909Z I0619 11:35:00.832769       1 leaderelection.go:293] successfully renewed lease kube-system/external-resizer-ebs-csi-aws-com
2026-06-19T11:35:05.840371415Z I0619 11:35:05.840163       1 leaderelection.go:293] successfully renewed lease kube-system/external-resizer-ebs-csi-aws-com
2026-06-19T11:35:10.845968948Z I0619 11:35:10.845771       1 leaderelection.go:293] successfully renewed lease kube-system/external-resizer-ebs-csi-aws-com
2026-06-19T11:35:15.851250337Z I0619 11:35:15.851122       1 leaderelection.go:293] successfully renewed lease kube-system/external-resizer-ebs-csi-aws-com
2026-06-19T11:35:20.858783499Z I0619 11:35:20.858671       1 leaderelection.go:293] successfully renewed lease kube-system/external-resizer-ebs-csi-aws-com
2026-06-19T11:35:25.863831454Z I0619 11:35:25.863704       1 leaderelection.go:293] successfully renewed lease kube-system/external-resizer-ebs-csi-aws-com
2026-06-19T11:35:30.869375576Z I0619 11:35:30.869241       1 leaderelection.go:293] successfully renewed lease kube-system/external-resizer-ebs-csi-aws-com
2026-06-19T11:35:35.874833405Z I0619 11:35:35.874596       1 leaderelection.go:293] successfully renewed lease kube-system/external-resizer-ebs-csi-aws-com
2026-06-19T11:35:40.881202437Z I0619 11:35:40.881043       1 leaderelection.go:293] successfully renewed lease kube-system/external-resizer-ebs-csi-aws-com
2026-06-19T11:35:44.742860793Z I0619 11:35:44.742630       1 reflector.go:450] "Forcing resync" reflector="k8s.io/client-go/informers/factory.go:160"
2026-06-19T11:35:44.742924886Z I0619 11:35:44.742720       1 controller.go:327] "Started PVC processing for resize controller" key="kubentic-foresight/server-volume-vlogs-server-0"
2026-06-19T11:35:44.742932480Z I0619 11:35:44.742729       1 controller.go:327] "Started PVC processing for resize controller" key="kubentic-foresight/vmsingle-vmstack"
2026-06-19T11:35:44.742935326Z I0619 11:35:44.742738       1 controller.go:375] "No need to resize PVC" PVC="kubentic-foresight/server-volume-vlogs-server-0"
2026-06-19T11:35:44.742937858Z I0619 11:35:44.742742       1 controller.go:375] "No need to resize PVC" PVC="kubentic-foresight/vmsingle-vmstack"
2026-06-19T11:35:45.889448758Z I0619 11:35:45.889082       1 leaderelection.go:293] successfully renewed lease kube-system/external-resizer-ebs-csi-aws-com
2026-06-19T11:35:50.897191315Z I0619 11:35:50.896981       1 leaderelection.go:293] successfully renewed lease kube-system/external-resizer-ebs-csi-aws-com
2026-06-19T11:35:55.902659716Z I0619 11:35:55.902408       1 leaderelection.go:293] successfully renewed lease kube-system/external-resizer-ebs-csi-aws-com
2026-06-19T11:36:00.908623570Z I0619 11:36:00.908374       1 leaderelection.go:293] successfully renewed lease kube-system/external-resizer-ebs-csi-aws-com
2026-06-19T11:36:05.916759128Z I0619 11:36:05.916577       1 leaderelection.go:293] successfully renewed lease kube-system/external-resizer-ebs-csi-aws-com
2026-06-19T11:36:10.925686852Z I0619 11:36:10.925568       1 leaderelection.go:293] successfully renewed lease kube-system/external-resizer-ebs-csi-aws-com
2026-06-19T11:36:15.931782160Z I0619 11:36:15.931645       1 leaderelection.go:293] successfully renewed lease kube-system/external-resizer-ebs-csi-aws-com
2026-06-19T11:36:20.938732847Z I0619 11:36:20.938617       1 leaderelection.go:293] successfully renewed lease kube-system/external-resizer-ebs-csi-aws-com
2026-06-19T11:36:25.944317082Z I0619 11:36:25.944191       1 leaderelection.go:293] successfully renewed lease kube-system/external-resizer-ebs-csi-aws-com
2026-06-19T11:36:30.950591711Z I0619 11:36:30.950424       1 leaderelection.go:293] successfully renewed lease kube-system/external-resizer-ebs-csi-aws-com
2026-06-19T11:36:35.957377808Z I0619 11:36:35.957231       1 leaderelection.go:293] successfully renewed lease kube-system/external-resizer-ebs-csi-aws-com
2026-06-19T11:36:40.963113493Z I0619 11:36:40.962976       1 leaderelection.go:293] successfully renewed lease kube-system/external-resizer-ebs-csi-aws-com
2026-06-19T11:36:45.972188270Z I0619 11:36:45.970712       1 leaderelection.go:293] successfully renewed lease kube-system/external-resizer-ebs-csi-aws-com
2026-06-19T11:36:50.976490149Z I0619 11:36:50.976289       1 leaderelection.go:293] successfully renewed lease kube-system/external-resizer-ebs-csi-aws-com
2026-06-19T11:36:55.981976920Z I0619 11:36:55.981807       1 leaderelection.go:293] successfully renewed lease kube-system/external-resizer-ebs-csi-aws-com
2026-06-19T11:37:00.989892111Z I0619 11:37:00.989674       1 leaderelection.go:293] successfully renewed lease kube-system/external-resizer-ebs-csi-aws-com
2026-06-19T11:37:05.995362452Z I0619 11:37:05.995174       1 leaderelection.go:293] successfully renewed lease kube-system/external-resizer-ebs-csi-aws-com
2026-06-19T11:37:11.001570779Z I0619 11:37:11.001425       1 leaderelection.go:293] successfully renewed lease kube-system/external-resizer-ebs-csi-aws-com
2026-06-19T11:37:16.007646195Z I0619 11:37:16.007500       1 leaderelection.go:293] successfully renewed lease kube-system/external-resizer-ebs-csi-aws-com
2026-06-19T11:37:21.013220440Z I0619 11:37:21.013077       1 leaderelection.go:293] successfully renewed lease kube-system/external-resizer-ebs-csi-aws-com
2026-06-19T11:37:26.019250444Z I0619 11:37:26.019108       1 leaderelection.go:293] successfully renewed lease kube-system/external-resizer-ebs-csi-aws-com
2026-06-19T11:37:31.024488930Z I0619 11:37:31.024366       1 leaderelection.go:293] successfully renewed lease kube-system/external-resizer-ebs-csi-aws-com
2026-06-19T11:37:36.032048562Z I0619 11:37:36.031902       1 leaderelection.go:293] successfully renewed lease kube-system/external-resizer-ebs-csi-aws-com
2026-06-19T11:37:41.039803994Z I0619 11:37:41.039687       1 leaderelection.go:293] successfully renewed lease kube-system/external-resizer-ebs-csi-aws-com
2026-06-19T11:37:46.045598178Z I0619 11:37:46.045443       1 leaderelection.go:293] successfully renewed lease kube-system/external-resizer-ebs-csi-aws-com
2026-06-19T11:37:51.053255178Z I0619 11:37:51.053132       1 leaderelection.go:293] successfully renewed lease kube-system/external-resizer-ebs-csi-aws-com
2026-06-19T11:37:56.058188342Z I0619 11:37:56.058072       1 leaderelection.go:293] successfully renewed lease kube-system/external-resizer-ebs-csi-aws-com
2026-06-19T11:38:01.064101962Z I0619 11:38:01.063941       1 leaderelection.go:293] successfully renewed lease kube-system/external-resizer-ebs-csi-aws-com
2026-06-19T11:38:06.073228265Z I0619 11:38:06.072841       1 leaderelection.go:293] successfully renewed lease kube-system/external-resizer-ebs-csi-aws-com
2026-06-19T11:38:11.082615030Z I0619 11:38:11.082448       1 leaderelection.go:293] successfully renewed lease kube-system/external-resizer-ebs-csi-aws-com
2026-06-19T11:38:16.089573292Z I0619 11:38:16.089128       1 leaderelection.go:293] successfully renewed lease kube-system/external-resizer-ebs-csi-aws-com
2026-06-19T11:38:21.095359926Z I0619 11:38:21.095232       1 leaderelection.go:293] successfully renewed lease kube-system/external-resizer-ebs-csi-aws-com
2026-06-19T11:38:26.100488403Z I0619 11:38:26.100364       1 leaderelection.go:293] successfully renewed lease kube-system/external-resizer-ebs-csi-aws-com
2026-06-19T11:38:31.107639452Z I0619 11:38:31.107490       1 leaderelection.go:293] successfully renewed lease kube-system/external-resizer-ebs-csi-aws-com
2026-06-19T11:38:36.113511841Z I0619 11:38:36.113367       1 leaderelection.go:293] successfully renewed lease kube-system/external-resizer-ebs-csi-aws-com
2026-06-19T11:38:41.119851478Z I0619 11:38:41.119719       1 leaderelection.go:293] successfully renewed lease kube-system/external-resizer-ebs-csi-aws-com
2026-06-19T11:38:46.126232274Z I0619 11:38:46.126102       1 leaderelection.go:293] successfully renewed lease kube-system/external-resizer-ebs-csi-aws-com
2026-06-19T11:38:51.131577311Z I0619 11:38:51.131414       1 leaderelection.go:293] successfully renewed lease kube-system/external-resizer-ebs-csi-aws-com
2026-06-19T11:38:53.838521244Z I0619 11:38:53.838336       1 reflector.go:946] "Watch close" reflector="k8s.io/client-go/informers/factory.go:160" type="*v1.PersistentVolume" totalItems=7
2026-06-19T11:38:56.144525483Z I0619 11:38:56.144429       1 leaderelection.go:293] successfully renewed lease kube-system/external-resizer-ebs-csi-aws-com
2026-06-19T11:39:01.168557660Z I0619 11:39:01.168391       1 leaderelection.go:293] successfully renewed lease kube-system/external-resizer-ebs-csi-aws-com
2026-06-19T11:39:06.174426962Z I0619 11:39:06.174301       1 leaderelection.go:293] successfully renewed lease kube-system/external-resizer-ebs-csi-aws-com
2026-06-19T11:39:11.180146392Z I0619 11:39:11.180011       1 leaderelection.go:293] successfully renewed lease kube-system/external-resizer-ebs-csi-aws-com
2026-06-19T11:39:16.188262201Z I0619 11:39:16.188130       1 leaderelection.go:293] successfully renewed lease kube-system/external-resizer-ebs-csi-aws-com
2026-06-19T11:39:21.208168569Z I0619 11:39:21.208051       1 leaderelection.go:293] successfully renewed lease kube-system/external-resizer-ebs-csi-aws-com
2026-06-19T11:39:26.215642139Z I0619 11:39:26.215492       1 leaderelection.go:293] successfully renewed lease kube-system/external-resizer-ebs-csi-aws-com
2026-06-19T11:39:31.221435316Z I0619 11:39:31.221292       1 leaderelection.go:293] successfully renewed lease kube-system/external-resizer-ebs-csi-aws-com
2026-06-19T11:39:36.229118326Z I0619 11:39:36.228738       1 leaderelection.go:293] successfully renewed lease kube-system/external-resizer-ebs-csi-aws-com
2026-06-19T11:39:41.234269004Z I0619 11:39:41.234084       1 leaderelection.go:293] successfully renewed lease kube-system/external-resizer-ebs-csi-aws-com
2026-06-19T11:39:46.240296366Z I0619 11:39:46.240164       1 leaderelection.go:293] successfully renewed lease kube-system/external-resizer-ebs-csi-aws-com
2026-06-19T11:39:51.245607577Z I0619 11:39:51.245293       1 leaderelection.go:293] successfully renewed lease kube-system/external-resizer-ebs-csi-aws-com
2026-06-19T11:39:56.251068285Z I0619 11:39:56.250941       1 leaderelection.go:293] successfully renewed lease kube-system/external-resizer-ebs-csi-aws-com
2026-06-19T11:40:01.321493494Z I0619 11:40:01.321237       1 leaderelection.go:293] successfully renewed lease kube-system/external-resizer-ebs-csi-aws-com
2026-06-19T11:40:06.329668279Z I0619 11:40:06.329530       1 leaderelection.go:293] successfully renewed lease kube-system/external-resizer-ebs-csi-aws-com
2026-06-19T11:40:11.335847397Z I0619 11:40:11.335520       1 leaderelection.go:293] successfully renewed lease kube-system/external-resizer-ebs-csi-aws-com
2026-06-19T11:40:16.347141542Z I0619 11:40:16.346995       1 leaderelection.go:293] successfully renewed lease kube-system/external-resizer-ebs-csi-aws-com
2026-06-19T11:40:21.352722850Z I0619 11:40:21.352516       1 leaderelection.go:293] successfully renewed lease kube-system/external-resizer-ebs-csi-aws-com
2026-06-19T11:40:26.358285700Z I0619 11:40:26.358153       1 leaderelection.go:293] successfully renewed lease kube-system/external-resizer-ebs-csi-aws-com
2026-06-19T11:40:31.363471546Z I0619 11:40:31.363341       1 leaderelection.go:293] successfully renewed lease kube-system/external-resizer-ebs-csi-aws-com
2026-06-19T11:40:36.368711949Z I0619 11:40:36.368511       1 leaderelection.go:293] successfully renewed lease kube-system/external-resizer-ebs-csi-aws-com
2026-06-19T11:40:41.377203767Z I0619 11:40:41.376795       1 leaderelection.go:293] successfully renewed lease kube-system/external-resizer-ebs-csi-aws-com
2026-06-19T11:40:46.382949869Z I0619 11:40:46.382823       1 leaderelection.go:293] successfully renewed lease kube-system/external-resizer-ebs-csi-aws-com
2026-06-19T11:40:51.391060590Z I0619 11:40:51.390943       1 leaderelection.go:293] successfully renewed lease kube-system/external-resizer-ebs-csi-aws-com
2026-06-19T11:40:56.396364792Z I0619 11:40:56.396228       1 leaderelection.go:293] successfully renewed lease kube-system/external-resizer-ebs-csi-aws-com
2026-06-19T11:40:56.877173345Z I0619 11:40:56.876756       1 reflector.go:946] "Watch close" reflector="k8s.io/client-go/informers/factory.go:160" type="*v1.PersistentVolumeClaim" totalItems=10
2026-06-19T11:41:01.520882448Z I0619 11:41:01.520705       1 leaderelection.go:293] successfully renewed lease kube-system/external-resizer-ebs-csi-aws-com
2026-06-19T11:41:06.528681229Z I0619 11:41:06.528457       1 leaderelection.go:293] successfully renewed lease kube-system/external-resizer-ebs-csi-aws-com
2026-06-19T11:41:11.534174801Z I0619 11:41:11.534042       1 leaderelection.go:293] successfully renewed lease kube-system/external-resizer-ebs-csi-aws-com
2026-06-19T11:41:16.541564874Z I0619 11:41:16.541388       1 leaderelection.go:293] successfully renewed lease kube-system/external-resizer-ebs-csi-aws-com
2026-06-19T11:41:21.557786245Z I0619 11:41:21.556391       1 leaderelection.go:293] successfully renewed lease kube-system/external-resizer-ebs-csi-aws-com
2026-06-19T11:41:26.562885603Z I0619 11:41:26.562742       1 leaderelection.go:293] successfully renewed lease kube-system/external-resizer-ebs-csi-aws-com
2026-06-19T11:41:31.570310507Z I0619 11:41:31.570178       1 leaderelection.go:293] successfully renewed lease kube-system/external-resizer-ebs-csi-aws-com
2026-06-19T11:41:36.576525876Z I0619 11:41:36.576401       1 leaderelection.go:293] successfully renewed lease kube-system/external-resizer-ebs-csi-aws-com
2026-06-19T11:41:41.582338974Z I0619 11:41:41.582203       1 leaderelection.go:293] successfully renewed lease kube-system/external-resizer-ebs-csi-aws-com
2026-06-19T11:41:46.588079003Z I0619 11:41:46.587959       1 leaderelection.go:293] successfully renewed lease kube-system/external-resizer-ebs-csi-aws-com
2026-06-19T11:41:51.594155838Z I0619 11:41:51.594028       1 leaderelection.go:293] successfully renewed lease kube-system/external-resizer-ebs-csi-aws-com
2026-06-19T11:41:56.602442644Z I0619 11:41:56.602301       1 leaderelection.go:293] successfully renewed lease kube-system/external-resizer-ebs-csi-aws-com
2026-06-19T11:42:01.808993438Z I0619 11:42:01.808792       1 leaderelection.go:293] successfully renewed lease kube-system/external-resizer-ebs-csi-aws-com
2026-06-19T11:42:06.816357455Z I0619 11:42:06.816213       1 leaderelection.go:293] successfully renewed lease kube-system/external-resizer-ebs-csi-aws-com
2026-06-19T11:42:11.821977644Z I0619 11:42:11.821816       1 leaderelection.go:293] successfully renewed lease kube-system/external-resizer-ebs-csi-aws-com
2026-06-19T11:42:16.829697048Z I0619 11:42:16.829583       1 leaderelection.go:293] successfully renewed lease kube-system/external-resizer-ebs-csi-aws-com
2026-06-19T11:42:21.837870456Z I0619 11:42:21.837733       1 leaderelection.go:293] successfully renewed lease kube-system/external-resizer-ebs-csi-aws-com
2026-06-19T11:42:26.844123112Z I0619 11:42:26.843974       1 leaderelection.go:293] successfully renewed lease kube-system/external-resizer-ebs-csi-aws-com
2026-06-19T11:42:31.849376588Z I0619 11:42:31.849149       1 leaderelection.go:293] successfully renewed lease kube-system/external-resizer-ebs-csi-aws-com
2026-06-19T11:42:36.854361326Z I0619 11:42:36.854236       1 leaderelection.go:293] successfully renewed lease kube-system/external-resizer-ebs-csi-aws-com
2026-06-19T11:42:41.859756876Z I0619 11:42:41.859601       1 leaderelection.go:293] successfully renewed lease kube-system/external-resizer-ebs-csi-aws-com
2026-06-19T11:42:46.867526331Z I0619 11:42:46.867385       1 leaderelection.go:293] successfully renewed lease kube-system/external-resizer-ebs-csi-aws-com
2026-06-19T11:42:51.873214842Z I0619 11:42:51.873073       1 leaderelection.go:293] successfully renewed lease kube-system/external-resizer-ebs-csi-aws-com
2026-06-19T11:42:56.881985111Z I0619 11:42:56.881849       1 leaderelection.go:293] successfully renewed lease kube-system/external-resizer-ebs-csi-aws-com
2026-06-19T11:43:01.898882984Z I0619 11:43:01.898682       1 leaderelection.go:293] successfully renewed lease kube-system/external-resizer-ebs-csi-aws-com
2026-06-19T11:43:06.904492638Z I0619 11:43:06.904194       1 leaderelection.go:293] successfully renewed lease kube-system/external-resizer-ebs-csi-aws-com
2026-06-19T11:43:11.911235035Z I0619 11:43:11.911107       1 leaderelection.go:293] successfully renewed lease kube-system/external-resizer-ebs-csi-aws-com
2026-06-19T11:43:16.918009528Z I0619 11:43:16.917892       1 leaderelection.go:293] successfully renewed lease kube-system/external-resizer-ebs-csi-aws-com
2026-06-19T11:43:21.924030680Z I0619 11:43:21.923847       1 leaderelection.go:293] successfully renewed lease kube-system/external-resizer-ebs-csi-aws-com
2026-06-19T11:43:26.932051420Z I0619 11:43:26.931758       1 leaderelection.go:293] successfully renewed lease kube-system/external-resizer-ebs-csi-aws-com
2026-06-19T11:43:31.937797900Z I0619 11:43:31.937599       1 leaderelection.go:293] successfully renewed lease kube-system/external-resizer-ebs-csi-aws-com
2026-06-19T11:43:36.943397781Z I0619 11:43:36.943217       1 leaderelection.go:293] successfully renewed lease kube-system/external-resizer-ebs-csi-aws-com
2026-06-19T11:43:41.952373556Z I0619 11:43:41.952246       1 leaderelection.go:293] successfully renewed lease kube-system/external-resizer-ebs-csi-aws-com
2026-06-19T11:43:46.959516752Z I0619 11:43:46.959269       1 leaderelection.go:293] successfully renewed lease kube-system/external-resizer-ebs-csi-aws-com
2026-06-19T11:43:51.965306625Z I0619 11:43:51.965010       1 leaderelection.go:293] successfully renewed lease kube-system/external-resizer-ebs-csi-aws-com
2026-06-19T11:43:56.841098013Z I0619 11:43:56.840773       1 reflector.go:946] "Watch close" reflector="k8s.io/client-go/informers/factory.go:160" type="*v1.PersistentVolume" totalItems=5
2026-06-19T11:43:56.970580526Z I0619 11:43:56.970425       1 leaderelection.go:293] successfully renewed lease kube-system/external-resizer-ebs-csi-aws-com
2026-06-19T11:44:02.038461679Z I0619 11:44:02.038084       1 leaderelection.go:293] successfully renewed lease kube-system/external-resizer-ebs-csi-aws-com
2026-06-19T11:44:07.047499653Z I0619 11:44:07.047376       1 leaderelection.go:293] successfully renewed lease kube-system/external-resizer-ebs-csi-aws-com
2026-06-19T11:44:12.054333344Z I0619 11:44:12.054153       1 leaderelection.go:293] successfully renewed lease kube-system/external-resizer-ebs-csi-aws-com
2026-06-19T11:44:17.059957154Z I0619 11:44:17.059820       1 leaderelection.go:293] successfully renewed lease kube-system/external-resizer-ebs-csi-aws-com
2026-06-19T11:44:22.066182187Z I0619 11:44:22.066021       1 leaderelection.go:293] successfully renewed lease kube-system/external-resizer-ebs-csi-aws-com
2026-06-19T11:44:27.072335708Z I0619 11:44:27.072162       1 leaderelection.go:293] successfully renewed lease kube-system/external-resizer-ebs-csi-aws-com
2026-06-19T11:44:32.078901046Z I0619 11:44:32.078778       1 leaderelection.go:293] successfully renewed lease kube-system/external-resizer-ebs-csi-aws-com
2026-06-19T11:44:37.084246315Z I0619 11:44:37.084028       1 leaderelection.go:293] successfully renewed lease kube-system/external-resizer-ebs-csi-aws-com
2026-06-19T11:44:42.102013223Z I0619 11:44:42.101885       1 leaderelection.go:293] successfully renewed lease kube-system/external-resizer-ebs-csi-aws-com
2026-06-19T11:44:47.108463043Z I0619 11:44:47.108340       1 leaderelection.go:293] successfully renewed lease kube-system/external-resizer-ebs-csi-aws-com
2026-06-19T11:44:52.114519947Z I0619 11:44:52.114346       1 leaderelection.go:293] successfully renewed lease kube-system/external-resizer-ebs-csi-aws-com
2026-06-19T11:44:57.123398554Z I0619 11:44:57.123213       1 leaderelection.go:293] successfully renewed lease kube-system/external-resizer-ebs-csi-aws-com
2026-06-19T11:45:02.131515471Z I0619 11:45:02.130742       1 leaderelection.go:293] successfully renewed lease kube-system/external-resizer-ebs-csi-aws-com
2026-06-19T11:45:07.137732588Z I0619 11:45:07.137518       1 leaderelection.go:293] successfully renewed lease kube-system/external-resizer-ebs-csi-aws-com
2026-06-19T11:45:12.145573997Z I0619 11:45:12.145340       1 leaderelection.go:293] successfully renewed lease kube-system/external-resizer-ebs-csi-aws-com
2026-06-19T11:45:17.153910004Z I0619 11:45:17.153785       1 leaderelection.go:293] successfully renewed lease kube-system/external-resizer-ebs-csi-aws-com
2026-06-19T11:45:22.160391353Z I0619 11:45:22.160177       1 leaderelection.go:293] successfully renewed lease kube-system/external-resizer-ebs-csi-aws-com
2026-06-19T11:45:27.166361361Z I0619 11:45:27.166187       1 leaderelection.go:293] successfully renewed lease kube-system/external-resizer-ebs-csi-aws-com
2026-06-19T11:45:32.170933641Z I0619 11:45:32.170799       1 leaderelection.go:293] successfully renewed lease kube-system/external-resizer-ebs-csi-aws-com
2026-06-19T11:45:37.176512961Z I0619 11:45:37.176380       1 leaderelection.go:293] successfully renewed lease kube-system/external-resizer-ebs-csi-aws-com
2026-06-19T11:45:42.183185712Z I0619 11:45:42.183021       1 leaderelection.go:293] successfully renewed lease kube-system/external-resizer-ebs-csi-aws-com
2026-06-19T11:45:44.743888182Z I0619 11:45:44.743600       1 reflector.go:450] "Forcing resync" reflector="k8s.io/client-go/informers/factory.go:160"
2026-06-19T11:45:44.744333411Z I0619 11:45:44.744204       1 controller.go:327] "Started PVC processing for resize controller" key="kubentic-foresight/server-volume-vlogs-server-0"
2026-06-19T11:45:44.744571701Z I0619 11:45:44.744462       1 controller.go:375] "No need to resize PVC" PVC="kubentic-foresight/server-volume-vlogs-server-0"
2026-06-19T11:45:44.744586121Z I0619 11:45:44.744225       1 controller.go:327] "Started PVC processing for resize controller" key="kubentic-foresight/vmsingle-vmstack"
2026-06-19T11:45:44.744588848Z I0619 11:45:44.744498       1 controller.go:375] "No need to resize PVC" PVC="kubentic-foresight/vmsingle-vmstack"
2026-06-19T11:45:47.189505320Z I0619 11:45:47.189362       1 leaderelection.go:293] successfully renewed lease kube-system/external-resizer-ebs-csi-aws-com
2026-06-19T11:45:52.194724380Z I0619 11:45:52.194609       1 leaderelection.go:293] successfully renewed lease kube-system/external-resizer-ebs-csi-aws-com
2026-06-19T11:45:57.200444905Z I0619 11:45:57.200088       1 leaderelection.go:293] successfully renewed lease kube-system/external-resizer-ebs-csi-aws-com
2026-06-19T11:46:02.583841694Z I0619 11:46:02.583656       1 leaderelection.go:293] successfully renewed lease kube-system/external-resizer-ebs-csi-aws-com
2026-06-19T11:46:07.591202123Z I0619 11:46:07.590912       1 leaderelection.go:293] successfully renewed lease kube-system/external-resizer-ebs-csi-aws-com
2026-06-19T11:46:12.607166137Z I0619 11:46:12.605894       1 leaderelection.go:293] successfully renewed lease kube-system/external-resizer-ebs-csi-aws-com
2026-06-19T11:46:17.612236158Z I0619 11:46:17.612093       1 leaderelection.go:293] successfully renewed lease kube-system/external-resizer-ebs-csi-aws-com
2026-06-19T11:46:22.621921162Z I0619 11:46:22.621759       1 leaderelection.go:293] successfully renewed lease kube-system/external-resizer-ebs-csi-aws-com
2026-06-19T11:46:27.629975481Z I0619 11:46:27.629779       1 leaderelection.go:293] successfully renewed lease kube-system/external-resizer-ebs-csi-aws-com
2026-06-19T11:46:32.636014464Z I0619 11:46:32.635885       1 leaderelection.go:293] successfully renewed lease kube-system/external-resizer-ebs-csi-aws-com
2026-06-19T11:46:37.641607550Z I0619 11:46:37.641452       1 leaderelection.go:293] successfully renewed lease kube-system/external-resizer-ebs-csi-aws-com
2026-06-19T11:46:42.646746770Z I0619 11:46:42.646417       1 leaderelection.go:293] successfully renewed lease kube-system/external-resizer-ebs-csi-aws-com
2026-06-19T11:46:47.651395929Z I0619 11:46:47.651076       1 leaderelection.go:293] successfully renewed lease kube-system/external-resizer-ebs-csi-aws-com
2026-06-19T11:46:52.657911343Z I0619 11:46:52.657788       1 leaderelection.go:293] successfully renewed lease kube-system/external-resizer-ebs-csi-aws-com
2026-06-19T11:46:57.663499541Z I0619 11:46:57.663331       1 leaderelection.go:293] successfully renewed lease kube-system/external-resizer-ebs-csi-aws-com
2026-06-19T11:47:03.054934201Z I0619 11:47:03.054804       1 leaderelection.go:293] successfully renewed lease kube-system/external-resizer-ebs-csi-aws-com
2026-06-19T11:47:08.064738756Z I0619 11:47:08.064615       1 leaderelection.go:293] successfully renewed lease kube-system/external-resizer-ebs-csi-aws-com
2026-06-19T11:47:13.074951283Z I0619 11:47:13.074814       1 leaderelection.go:293] successfully renewed lease kube-system/external-resizer-ebs-csi-aws-com
2026-06-19T11:47:18.080582507Z I0619 11:47:18.080343       1 leaderelection.go:293] successfully renewed lease kube-system/external-resizer-ebs-csi-aws-com
2026-06-19T11:47:23.085885423Z I0619 11:47:23.085733       1 leaderelection.go:293] successfully renewed lease kube-system/external-resizer-ebs-csi-aws-com
2026-06-19T11:47:28.091973526Z I0619 11:47:28.091843       1 leaderelection.go:293] successfully renewed lease kube-system/external-resizer-ebs-csi-aws-com
2026-06-19T11:47:33.098335557Z I0619 11:47:33.097987       1 leaderelection.go:293] successfully renewed lease kube-system/external-resizer-ebs-csi-aws-com
2026-06-19T11:47:38.103447418Z I0619 11:47:38.103304       1 leaderelection.go:293] successfully renewed lease kube-system/external-resizer-ebs-csi-aws-com
2026-06-19T11:47:43.112074205Z I0619 11:47:43.111951       1 leaderelection.go:293] successfully renewed lease kube-system/external-resizer-ebs-csi-aws-com
2026-06-19T11:47:48.117868469Z I0619 11:47:48.117710       1 leaderelection.go:293] successfully renewed lease kube-system/external-resizer-ebs-csi-aws-com
2026-06-19T11:47:53.122844152Z I0619 11:47:53.122712       1 leaderelection.go:293] successfully renewed lease kube-system/external-resizer-ebs-csi-aws-com
2026-06-19T11:47:58.131407104Z I0619 11:47:58.131097       1 leaderelection.go:293] successfully renewed lease kube-system/external-resizer-ebs-csi-aws-com
2026-06-19T11:48:03.144779502Z I0619 11:48:03.144404       1 leaderelection.go:293] successfully renewed lease kube-system/external-resizer-ebs-csi-aws-com
2026-06-19T11:48:08.149621032Z I0619 11:48:08.149397       1 leaderelection.go:293] successfully renewed lease kube-system/external-resizer-ebs-csi-aws-com
2026-06-19T11:48:13.155098560Z I0619 11:48:13.154868       1 leaderelection.go:293] successfully renewed lease kube-system/external-resizer-ebs-csi-aws-com
2026-06-19T11:48:18.160561865Z I0619 11:48:18.160305       1 leaderelection.go:293] successfully renewed lease kube-system/external-resizer-ebs-csi-aws-com
2026-06-19T11:48:23.169666159Z I0619 11:48:23.169530       1 leaderelection.go:293] successfully renewed lease kube-system/external-resizer-ebs-csi-aws-com
2026-06-19T11:48:28.175317510Z I0619 11:48:28.175155       1 leaderelection.go:293] successfully renewed lease kube-system/external-resizer-ebs-csi-aws-com
2026-06-19T11:48:33.181237094Z I0619 11:48:33.180846       1 leaderelection.go:293] successfully renewed lease kube-system/external-resizer-ebs-csi-aws-com
2026-06-19T11:48:38.187443412Z I0619 11:48:38.187298       1 leaderelection.go:293] successfully renewed lease kube-system/external-resizer-ebs-csi-aws-com
2026-06-19T11:48:43.193757612Z I0619 11:48:43.193594       1 leaderelection.go:293] successfully renewed lease kube-system/external-resizer-ebs-csi-aws-com
2026-06-19T11:48:48.201813032Z I0619 11:48:48.201691       1 leaderelection.go:293] successfully renewed lease kube-system/external-resizer-ebs-csi-aws-com
2026-06-19T11:48:53.207614106Z I0619 11:48:53.207467       1 leaderelection.go:293] successfully renewed lease kube-system/external-resizer-ebs-csi-aws-com
2026-06-19T11:48:58.215189427Z I0619 11:48:58.215066       1 leaderelection.go:293] successfully renewed lease kube-system/external-resizer-ebs-csi-aws-com
2026-06-19T11:49:03.244742433Z I0619 11:49:03.244583       1 leaderelection.go:293] successfully renewed lease kube-system/external-resizer-ebs-csi-aws-com
2026-06-19T11:49:08.251953463Z I0619 11:49:08.251809       1 leaderelection.go:293] successfully renewed lease kube-system/external-resizer-ebs-csi-aws-com
2026-06-19T11:49:13.257452198Z I0619 11:49:13.257242       1 leaderelection.go:293] successfully renewed lease kube-system/external-resizer-ebs-csi-aws-com
2026-06-19T11:49:16.879159306Z I0619 11:49:16.879002       1 reflector.go:946] "Watch close" reflector="k8s.io/client-go/informers/factory.go:160" type="*v1.PersistentVolumeClaim" totalItems=9
2026-06-19T11:49:18.262660838Z I0619 11:49:18.262500       1 leaderelection.go:293] successfully renewed lease kube-system/external-resizer-ebs-csi-aws-com
2026-06-19T11:49:23.268632257Z I0619 11:49:23.268470       1 leaderelection.go:293] successfully renewed lease kube-system/external-resizer-ebs-csi-aws-com
2026-06-19T11:49:28.274954006Z I0619 11:49:28.274830       1 leaderelection.go:293] successfully renewed lease kube-system/external-resizer-ebs-csi-aws-com
2026-06-19T11:49:33.281195829Z I0619 11:49:33.280860       1 leaderelection.go:293] successfully renewed lease kube-system/external-resizer-ebs-csi-aws-com
2026-06-19T11:49:38.288693844Z I0619 11:49:38.288302       1 leaderelection.go:293] successfully renewed lease kube-system/external-resizer-ebs-csi-aws-com
2026-06-19T11:49:43.293802750Z I0619 11:49:43.293645       1 leaderelection.go:293] successfully renewed lease kube-system/external-resizer-ebs-csi-aws-com
2026-06-19T11:49:48.299274402Z I0619 11:49:48.298864       1 leaderelection.go:293] successfully renewed lease kube-system/external-resizer-ebs-csi-aws-com
2026-06-19T11:49:53.305610954Z I0619 11:49:53.305463       1 leaderelection.go:293] successfully renewed lease kube-system/external-resizer-ebs-csi-aws-com
2026-06-19T11:49:58.310523774Z I0619 11:49:58.310400       1 leaderelection.go:293] successfully renewed lease kube-system/external-resizer-ebs-csi-aws-com
2026-06-19T11:50:03.356511218Z I0619 11:50:03.356273       1 leaderelection.go:293] successfully renewed lease kube-system/external-resizer-ebs-csi-aws-com
2026-06-19T11:50:08.366574508Z I0619 11:50:08.366406       1 leaderelection.go:293] successfully renewed lease kube-system/external-resizer-ebs-csi-aws-com
2026-06-19T11:50:13.372609163Z I0619 11:50:13.372445       1 leaderelection.go:293] successfully renewed lease kube-system/external-resizer-ebs-csi-aws-com
2026-06-19T11:50:18.379045534Z I0619 11:50:18.378902       1 leaderelection.go:293] successfully renewed lease kube-system/external-resizer-ebs-csi-aws-com
2026-06-19T11:50:23.385280176Z I0619 11:50:23.385106       1 leaderelection.go:293] successfully renewed lease kube-system/external-resizer-ebs-csi-aws-com
2026-06-19T11:50:28.391261438Z I0619 11:50:28.391102       1 leaderelection.go:293] successfully renewed lease kube-system/external-resizer-ebs-csi-aws-com
2026-06-19T11:50:33.397828811Z I0619 11:50:33.397662       1 leaderelection.go:293] successfully renewed lease kube-system/external-resizer-ebs-csi-aws-com
2026-06-19T11:50:38.403938306Z I0619 11:50:38.403741       1 leaderelection.go:293] successfully renewed lease kube-system/external-resizer-ebs-csi-aws-com
2026-06-19T11:50:43.410506919Z I0619 11:50:43.410383       1 leaderelection.go:293] successfully renewed lease kube-system/external-resizer-ebs-csi-aws-com
2026-06-19T11:50:48.416518306Z I0619 11:50:48.416372       1 leaderelection.go:293] successfully renewed lease kube-system/external-resizer-ebs-csi-aws-com
2026-06-19T11:50:53.421873426Z I0619 11:50:53.421743       1 leaderelection.go:293] successfully renewed lease kube-system/external-resizer-ebs-csi-aws-com
2026-06-19T11:50:58.427569974Z I0619 11:50:58.427254       1 leaderelection.go:293] successfully renewed lease kube-system/external-resizer-ebs-csi-aws-com
2026-06-19T11:51:03.503112340Z I0619 11:51:03.502974       1 leaderelection.go:293] successfully renewed lease kube-system/external-resizer-ebs-csi-aws-com
2026-06-19T11:51:08.511893769Z I0619 11:51:08.511776       1 leaderelection.go:293] successfully renewed lease kube-system/external-resizer-ebs-csi-aws-com
2026-06-19T11:51:13.517758934Z I0619 11:51:13.517615       1 leaderelection.go:293] successfully renewed lease kube-system/external-resizer-ebs-csi-aws-com
2026-06-19T11:51:17.844227567Z I0619 11:51:17.843938       1 reflector.go:946] "Watch close" reflector="k8s.io/client-go/informers/factory.go:160" type="*v1.PersistentVolume" totalItems=8
2026-06-19T11:51:18.525634002Z I0619 11:51:18.525469       1 leaderelection.go:293] successfully renewed lease kube-system/external-resizer-ebs-csi-aws-com
2026-06-19T11:51:23.531735322Z I0619 11:51:23.531573       1 leaderelection.go:293] successfully renewed lease kube-system/external-resizer-ebs-csi-aws-com
2026-06-19T11:51:28.539126962Z I0619 11:51:28.538882       1 leaderelection.go:293] successfully renewed lease kube-system/external-resizer-ebs-csi-aws-com
2026-06-19T11:51:33.546707812Z I0619 11:51:33.546542       1 leaderelection.go:293] successfully renewed lease kube-system/external-resizer-ebs-csi-aws-com
2026-06-19T11:51:38.552405408Z I0619 11:51:38.552147       1 leaderelection.go:293] successfully renewed lease kube-system/external-resizer-ebs-csi-aws-com
2026-06-19T11:51:43.558234399Z I0619 11:51:43.558104       1 leaderelection.go:293] successfully renewed lease kube-system/external-resizer-ebs-csi-aws-com
2026-06-19T11:51:48.564433501Z I0619 11:51:48.564308       1 leaderelection.go:293] successfully renewed lease kube-system/external-resizer-ebs-csi-aws-com
2026-06-19T11:51:53.570298835Z I0619 11:51:53.570160       1 leaderelection.go:293] successfully renewed lease kube-system/external-resizer-ebs-csi-aws-com
2026-06-19T11:51:58.577921756Z I0619 11:51:58.577731       1 leaderelection.go:293] successfully renewed lease kube-system/external-resizer-ebs-csi-aws-com
2026-06-19T11:52:03.594959060Z I0619 11:52:03.594190       1 leaderelection.go:293] successfully renewed lease kube-system/external-resizer-ebs-csi-aws-com
2026-06-19T11:52:08.601361581Z I0619 11:52:08.601228       1 leaderelection.go:293] successfully renewed lease kube-system/external-resizer-ebs-csi-aws-com
2026-06-19T11:52:13.608688169Z I0619 11:52:13.608517       1 leaderelection.go:293] successfully renewed lease kube-system/external-resizer-ebs-csi-aws-com
2026-06-19T11:52:18.614084271Z I0619 11:52:18.613836       1 leaderelection.go:293] successfully renewed lease kube-system/external-resizer-ebs-csi-aws-com
2026-06-19T11:52:23.619896381Z I0619 11:52:23.619760       1 leaderelection.go:293] successfully renewed lease kube-system/external-resizer-ebs-csi-aws-com
2026-06-19T11:52:28.625502781Z I0619 11:52:28.625376       1 leaderelection.go:293] successfully renewed lease kube-system/external-resizer-ebs-csi-aws-com
2026-06-19T11:52:33.636767919Z I0619 11:52:33.636650       1 leaderelection.go:293] successfully renewed lease kube-system/external-resizer-ebs-csi-aws-com
2026-06-19T11:52:38.643611179Z I0619 11:52:38.643424       1 leaderelection.go:293] successfully renewed lease kube-system/external-resizer-ebs-csi-aws-com
2026-06-19T11:52:43.648835758Z I0619 11:52:43.648715       1 leaderelection.go:293] successfully renewed lease kube-system/external-resizer-ebs-csi-aws-com
2026-06-19T11:52:48.656399191Z I0619 11:52:48.656262       1 leaderelection.go:293] successfully renewed lease kube-system/external-resizer-ebs-csi-aws-com
2026-06-19T11:52:53.662482578Z I0619 11:52:53.662320       1 leaderelection.go:293] successfully renewed lease kube-system/external-resizer-ebs-csi-aws-com
2026-06-19T11:52:58.668692885Z I0619 11:52:58.668565       1 leaderelection.go:293] successfully renewed lease kube-system/external-resizer-ebs-csi-aws-com
2026-06-19T11:53:03.686470216Z I0619 11:53:03.686180       1 leaderelection.go:293] successfully renewed lease kube-system/external-resizer-ebs-csi-aws-com
2026-06-19T11:53:08.697169037Z I0619 11:53:08.696712       1 leaderelection.go:293] successfully renewed lease kube-system/external-resizer-ebs-csi-aws-com
2026-06-19T11:53:13.704141679Z I0619 11:53:13.703890       1 leaderelection.go:293] successfully renewed lease kube-system/external-resizer-ebs-csi-aws-com
2026-06-19T11:53:18.710224309Z I0619 11:53:18.710075       1 leaderelection.go:293] successfully renewed lease kube-system/external-resizer-ebs-csi-aws-com
2026-06-19T11:53:23.716653647Z I0619 11:53:23.716478       1 leaderelection.go:293] successfully renewed lease kube-system/external-resizer-ebs-csi-aws-com
2026-06-19T11:53:28.737030216Z I0619 11:53:28.736852       1 leaderelection.go:293] successfully renewed lease kube-system/external-resizer-ebs-csi-aws-com
2026-06-19T11:53:33.744620391Z I0619 11:53:33.744417       1 leaderelection.go:293] successfully renewed lease kube-system/external-resizer-ebs-csi-aws-com
2026-06-19T11:53:38.753860984Z I0619 11:53:38.753707       1 leaderelection.go:293] successfully renewed lease kube-system/external-resizer-ebs-csi-aws-com
2026-06-19T11:53:43.759819767Z I0619 11:53:43.759690       1 leaderelection.go:293] successfully renewed lease kube-system/external-resizer-ebs-csi-aws-com
2026-06-19T11:53:48.765820116Z I0619 11:53:48.765492       1 leaderelection.go:293] successfully renewed lease kube-system/external-resizer-ebs-csi-aws-com
2026-06-19T11:53:53.770761867Z I0619 11:53:53.770569       1 leaderelection.go:293] successfully renewed lease kube-system/external-resizer-ebs-csi-aws-com
2026-06-19T11:53:58.776147084Z I0619 11:53:58.776015       1 leaderelection.go:293] successfully renewed lease kube-system/external-resizer-ebs-csi-aws-com
2026-06-19T11:54:03.842915012Z I0619 11:54:03.842692       1 leaderelection.go:293] successfully renewed lease kube-system/external-resizer-ebs-csi-aws-com
2026-06-19T11:54:08.859006367Z I0619 11:54:08.858873       1 leaderelection.go:293] successfully renewed lease kube-system/external-resizer-ebs-csi-aws-com
2026-06-19T11:54:13.864746277Z I0619 11:54:13.864618       1 leaderelection.go:293] successfully renewed lease kube-system/external-resizer-ebs-csi-aws-com
2026-06-19T11:54:18.870236022Z I0619 11:54:18.870103       1 leaderelection.go:293] successfully renewed lease kube-system/external-resizer-ebs-csi-aws-com
2026-06-19T11:54:23.876501345Z I0619 11:54:23.876359       1 leaderelection.go:293] successfully renewed lease kube-system/external-resizer-ebs-csi-aws-com
2026-06-19T11:54:28.882991604Z I0619 11:54:28.882807       1 leaderelection.go:293] successfully renewed lease kube-system/external-resizer-ebs-csi-aws-com
2026-06-19T11:54:33.890232087Z I0619 11:54:33.890076       1 leaderelection.go:293] successfully renewed lease kube-system/external-resizer-ebs-csi-aws-com
2026-06-19T11:54:38.897426075Z I0619 11:54:38.897301       1 leaderelection.go:293] successfully renewed lease kube-system/external-resizer-ebs-csi-aws-com
2026-06-19T11:54:43.903067043Z I0619 11:54:43.902942       1 leaderelection.go:293] successfully renewed lease kube-system/external-resizer-ebs-csi-aws-com
2026-06-19T11:54:48.908714139Z I0619 11:54:48.908593       1 leaderelection.go:293] successfully renewed lease kube-system/external-resizer-ebs-csi-aws-com
2026-06-19T11:54:53.914670262Z I0619 11:54:53.914509       1 leaderelection.go:293] successfully renewed lease kube-system/external-resizer-ebs-csi-aws-com
2026-06-19T11:54:58.920149456Z I0619 11:54:58.920024       1 leaderelection.go:293] successfully renewed lease kube-system/external-resizer-ebs-csi-aws-com
2026-06-19T11:55:03.931516867Z I0619 11:55:03.930619       1 leaderelection.go:293] successfully renewed lease kube-system/external-resizer-ebs-csi-aws-com
2026-06-19T11:55:08.938091113Z I0619 11:55:08.937950       1 leaderelection.go:293] successfully renewed lease kube-system/external-resizer-ebs-csi-aws-com
2026-06-19T11:55:13.943322512Z I0619 11:55:13.943126       1 leaderelection.go:293] successfully renewed lease kube-system/external-resizer-ebs-csi-aws-com
2026-06-19T11:55:18.948793974Z I0619 11:55:18.948667       1 leaderelection.go:293] successfully renewed lease kube-system/external-resizer-ebs-csi-aws-com
2026-06-19T11:55:23.954763277Z I0619 11:55:23.954609       1 leaderelection.go:293] successfully renewed lease kube-system/external-resizer-ebs-csi-aws-com
2026-06-19T11:55:28.962857281Z I0619 11:55:28.962724       1 leaderelection.go:293] successfully renewed lease kube-system/external-resizer-ebs-csi-aws-com
2026-06-19T11:55:33.967928139Z I0619 11:55:33.967797       1 leaderelection.go:293] successfully renewed lease kube-system/external-resizer-ebs-csi-aws-com
2026-06-19T11:55:38.974728076Z I0619 11:55:38.974591       1 leaderelection.go:293] successfully renewed lease kube-system/external-resizer-ebs-csi-aws-com
2026-06-19T11:55:42.881600419Z I0619 11:55:42.881384       1 reflector.go:946] "Watch close" reflector="k8s.io/client-go/informers/factory.go:160" type="*v1.PersistentVolumeClaim" totalItems=13
2026-06-19T11:55:43.979915952Z I0619 11:55:43.979759       1 leaderelection.go:293] successfully renewed lease kube-system/external-resizer-ebs-csi-aws-com
2026-06-19T11:55:44.744924861Z I0619 11:55:44.744792       1 reflector.go:450] "Forcing resync" reflector="k8s.io/client-go/informers/factory.go:160"
2026-06-19T11:55:48.985305303Z I0619 11:55:48.985171       1 leaderelection.go:293] successfully renewed lease kube-system/external-resizer-ebs-csi-aws-com
2026-06-19T11:55:53.990040283Z I0619 11:55:53.989762       1 leaderelection.go:293] successfully renewed lease kube-system/external-resizer-ebs-csi-aws-com
2026-06-19T11:55:58.995664131Z I0619 11:55:58.995508       1 leaderelection.go:293] successfully renewed lease kube-system/external-resizer-ebs-csi-aws-com
2026-06-19T11:56:04.014006755Z I0619 11:56:04.013852       1 leaderelection.go:293] successfully renewed lease kube-system/external-resizer-ebs-csi-aws-com
2026-06-19T11:56:09.019882506Z I0619 11:56:09.019648       1 leaderelection.go:293] successfully renewed lease kube-system/external-resizer-ebs-csi-aws-com
2026-06-19T11:56:14.025343287Z I0619 11:56:14.025175       1 leaderelection.go:293] successfully renewed lease kube-system/external-resizer-ebs-csi-aws-com
2026-06-19T11:56:19.031326254Z I0619 11:56:19.031140       1 leaderelection.go:293] successfully renewed lease kube-system/external-resizer-ebs-csi-aws-com
2026-06-19T11:56:24.039599181Z I0619 11:56:24.039434       1 leaderelection.go:293] successfully renewed lease kube-system/external-resizer-ebs-csi-aws-com
2026-06-19T11:56:29.047245857Z I0619 11:56:29.047087       1 leaderelection.go:293] successfully renewed lease kube-system/external-resizer-ebs-csi-aws-com
2026-06-19T11:56:34.054879523Z I0619 11:56:34.054757       1 leaderelection.go:293] successfully renewed lease kube-system/external-resizer-ebs-csi-aws-com
2026-06-19T11:56:39.060648229Z I0619 11:56:39.060516       1 leaderelection.go:293] successfully renewed lease kube-system/external-resizer-ebs-csi-aws-com
2026-06-19T11:56:44.066528521Z I0619 11:56:44.066335       1 leaderelection.go:293] successfully renewed lease kube-system/external-resizer-ebs-csi-aws-com
2026-06-19T11:56:49.071324534Z I0619 11:56:49.071212       1 leaderelection.go:293] successfully renewed lease kube-system/external-resizer-ebs-csi-aws-com
2026-06-19T11:56:54.076255838Z I0619 11:56:54.076036       1 leaderelection.go:293] successfully renewed lease kube-system/external-resizer-ebs-csi-aws-com
2026-06-19T11:56:59.084379704Z I0619 11:56:59.084242       1 leaderelection.go:293] successfully renewed lease kube-system/external-resizer-ebs-csi-aws-com
2026-06-19T11:57:04.135738406Z I0619 11:57:04.135508       1 leaderelection.go:293] successfully renewed lease kube-system/external-resizer-ebs-csi-aws-com
2026-06-19T11:57:09.141776411Z I0619 11:57:09.141643       1 leaderelection.go:293] successfully renewed lease kube-system/external-resizer-ebs-csi-aws-com
2026-06-19T11:57:14.149074662Z I0619 11:57:14.148814       1 leaderelection.go:293] successfully renewed lease kube-system/external-resizer-ebs-csi-aws-com
2026-06-19T11:57:19.154774090Z I0619 11:57:19.154605       1 leaderelection.go:293] successfully renewed lease kube-system/external-resizer-ebs-csi-aws-com
2026-06-19T11:57:24.163774500Z I0619 11:57:24.163591       1 leaderelection.go:293] successfully renewed lease kube-system/external-resizer-ebs-csi-aws-com
2026-06-19T11:57:29.171472633Z I0619 11:57:29.171347       1 leaderelection.go:293] successfully renewed lease kube-system/external-resizer-ebs-csi-aws-com
2026-06-19T11:57:34.177661948Z I0619 11:57:34.177496       1 leaderelection.go:293] successfully renewed lease kube-system/external-resizer-ebs-csi-aws-com
2026-06-19T11:57:39.182808481Z I0619 11:57:39.182654       1 leaderelection.go:293] successfully renewed lease kube-system/external-resizer-ebs-csi-aws-com
2026-06-19T11:57:44.189319051Z I0619 11:57:44.189171       1 leaderelection.go:293] successfully renewed lease kube-system/external-resizer-ebs-csi-aws-com
2026-06-19T11:57:49.194938535Z I0619 11:57:49.194584       1 leaderelection.go:293] successfully renewed lease kube-system/external-resizer-ebs-csi-aws-com
2026-06-19T11:57:54.201587132Z I0619 11:57:54.201427       1 leaderelection.go:293] successfully renewed lease kube-system/external-resizer-ebs-csi-aws-com
2026-06-19T11:57:59.209089348Z I0619 11:57:59.208744       1 leaderelection.go:293] successfully renewed lease kube-system/external-resizer-ebs-csi-aws-com
2026-06-19T11:58:04.237502385Z I0619 11:58:04.237310       1 leaderelection.go:293] successfully renewed lease kube-system/external-resizer-ebs-csi-aws-com
2026-06-19T11:58:09.243117050Z I0619 11:58:09.242991       1 leaderelection.go:293] successfully renewed lease kube-system/external-resizer-ebs-csi-aws-com
2026-06-19T11:58:14.249201040Z I0619 11:58:14.248954       1 leaderelection.go:293] successfully renewed lease kube-system/external-resizer-ebs-csi-aws-com
2026-06-19T11:58:19.256647393Z I0619 11:58:19.256486       1 leaderelection.go:293] successfully renewed lease kube-system/external-resizer-ebs-csi-aws-com
2026-06-19T11:58:24.262326321Z I0619 11:58:24.262182       1 leaderelection.go:293] successfully renewed lease kube-system/external-resizer-ebs-csi-aws-com
2026-06-19T11:58:29.270232704Z I0619 11:58:29.270054       1 leaderelection.go:293] successfully renewed lease kube-system/external-resizer-ebs-csi-aws-com
2026-06-19T11:58:34.275193978Z I0619 11:58:34.275079       1 leaderelection.go:293] successfully renewed lease kube-system/external-resizer-ebs-csi-aws-com
2026-06-19T11:58:39.280484629Z I0619 11:58:39.280357       1 leaderelection.go:293] successfully renewed lease kube-system/external-resizer-ebs-csi-aws-com
2026-06-19T11:58:44.287837962Z I0619 11:58:44.287700       1 leaderelection.go:293] successfully renewed lease kube-system/external-resizer-ebs-csi-aws-com
2026-06-19T11:58:49.295466946Z I0619 11:58:49.295304       1 leaderelection.go:293] successfully renewed lease kube-system/external-resizer-ebs-csi-aws-com
2026-06-19T11:58:54.303731962Z I0619 11:58:54.303597       1 leaderelection.go:293] successfully renewed lease kube-system/external-resizer-ebs-csi-aws-com
2026-06-19T11:58:59.309451644Z I0619 11:58:59.309329       1 leaderelection.go:293] successfully renewed lease kube-system/external-resizer-ebs-csi-aws-com
2026-06-19T11:59:04.316158349Z I0619 11:59:04.316005       1 leaderelection.go:293] successfully renewed lease kube-system/external-resizer-ebs-csi-aws-com
2026-06-19T11:59:09.485623963Z I0619 11:59:09.485456       1 leaderelection.go:293] successfully renewed lease kube-system/external-resizer-ebs-csi-aws-com
2026-06-19T11:59:14.494030215Z I0619 11:59:14.493901       1 leaderelection.go:293] successfully renewed lease kube-system/external-resizer-ebs-csi-aws-com
2026-06-19T11:59:19.500128484Z I0619 11:59:19.499997       1 leaderelection.go:293] successfully renewed lease kube-system/external-resizer-ebs-csi-aws-com
2026-06-19T11:59:24.507798771Z I0619 11:59:24.507516       1 leaderelection.go:293] successfully renewed lease kube-system/external-resizer-ebs-csi-aws-com
2026-06-19T11:59:29.513372223Z I0619 11:59:29.513243       1 leaderelection.go:293] successfully renewed lease kube-system/external-resizer-ebs-csi-aws-com
2026-06-19T11:59:34.518597805Z I0619 11:59:34.518452       1 leaderelection.go:293] successfully renewed lease kube-system/external-resizer-ebs-csi-aws-com
2026-06-19T11:59:39.524452179Z I0619 11:59:39.524313       1 leaderelection.go:293] successfully renewed lease kube-system/external-resizer-ebs-csi-aws-com
2026-06-19T11:59:44.529576925Z I0619 11:59:44.529382       1 leaderelection.go:293] successfully renewed lease kube-system/external-resizer-ebs-csi-aws-com
2026-06-19T11:59:49.537646246Z I0619 11:59:49.537446       1 leaderelection.go:293] successfully renewed lease kube-system/external-resizer-ebs-csi-aws-com
2026-06-19T11:59:54.542994610Z I0619 11:59:54.542860       1 leaderelection.go:293] successfully renewed lease kube-system/external-resizer-ebs-csi-aws-com
2026-06-19T11:59:59.553425590Z I0619 11:59:59.553268       1 leaderelection.go:293] successfully renewed lease kube-system/external-resizer-ebs-csi-aws-com
2026-06-19T12:00:04.577504858Z I0619 12:00:04.577216       1 leaderelection.go:293] successfully renewed lease kube-system/external-resizer-ebs-csi-aws-com
2026-06-19T12:00:09.613245090Z I0619 12:00:09.612728       1 leaderelection.go:293] successfully renewed lease kube-system/external-resizer-ebs-csi-aws-com
2026-06-19T12:00:14.622327717Z I0619 12:00:14.622068       1 leaderelection.go:293] successfully renewed lease kube-system/external-resizer-ebs-csi-aws-com
2026-06-19T12:00:19.628030591Z I0619 12:00:19.627910       1 leaderelection.go:293] successfully renewed lease kube-system/external-resizer-ebs-csi-aws-com
2026-06-19T12:00:24.633715182Z I0619 12:00:24.633594       1 leaderelection.go:293] successfully renewed lease kube-system/external-resizer-ebs-csi-aws-com
2026-06-19T12:00:29.639227562Z I0619 12:00:29.639061       1 leaderelection.go:293] successfully renewed lease kube-system/external-resizer-ebs-csi-aws-com
2026-06-19T12:00:34.649436471Z I0619 12:00:34.649293       1 leaderelection.go:293] successfully renewed lease kube-system/external-resizer-ebs-csi-aws-com
2026-06-19T12:00:39.655710148Z I0619 12:00:39.655475       1 leaderelection.go:293] successfully renewed lease kube-system/external-resizer-ebs-csi-aws-com
2026-06-19T12:00:44.661501366Z I0619 12:00:44.661354       1 leaderelection.go:293] successfully renewed lease kube-system/external-resizer-ebs-csi-aws-com
2026-06-19T12:00:49.666785950Z I0619 12:00:49.666646       1 leaderelection.go:293] successfully renewed lease kube-system/external-resizer-ebs-csi-aws-com
2026-06-19T12:00:54.671839517Z I0619 12:00:54.671717       1 leaderelection.go:293] successfully renewed lease kube-system/external-resizer-ebs-csi-aws-com
2026-06-19T12:00:59.677199524Z I0619 12:00:59.676953       1 leaderelection.go:293] successfully renewed lease kube-system/external-resizer-ebs-csi-aws-com
2026-06-19T12:01:04.704717965Z I0619 12:01:04.704616       1 leaderelection.go:293] successfully renewed lease kube-system/external-resizer-ebs-csi-aws-com
2026-06-19T12:01:04.846328247Z I0619 12:01:04.846199       1 reflector.go:946] "Watch close" reflector="k8s.io/client-go/informers/factory.go:160" type="*v1.PersistentVolume" totalItems=21
2026-06-19T12:01:09.710623568Z I0619 12:01:09.710440       1 leaderelection.go:293] successfully renewed lease kube-system/external-resizer-ebs-csi-aws-com
2026-06-19T12:01:14.717653327Z I0619 12:01:14.717492       1 leaderelection.go:293] successfully renewed lease kube-system/external-resizer-ebs-csi-aws-com
2026-06-19T12:01:19.725313225Z I0619 12:01:19.724936       1 leaderelection.go:293] successfully renewed lease kube-system/external-resizer-ebs-csi-aws-com
2026-06-19T12:01:24.731512116Z I0619 12:01:24.731354       1 leaderelection.go:293] successfully renewed lease kube-system/external-resizer-ebs-csi-aws-com
2026-06-19T12:01:29.739066871Z I0619 12:01:29.738947       1 leaderelection.go:293] successfully renewed lease kube-system/external-resizer-ebs-csi-aws-com
2026-06-19T12:01:34.746943133Z I0619 12:01:34.746819       1 leaderelection.go:293] successfully renewed lease kube-system/external-resizer-ebs-csi-aws-com
2026-06-19T12:01:39.752938926Z I0619 12:01:39.752817       1 leaderelection.go:293] successfully renewed lease kube-system/external-resizer-ebs-csi-aws-com
2026-06-19T12:01:44.758446818Z I0619 12:01:44.758218       1 leaderelection.go:293] successfully renewed lease kube-system/external-resizer-ebs-csi-aws-com
2026-06-19T12:01:49.764146991Z I0619 12:01:49.763989       1 leaderelection.go:293] successfully renewed lease kube-system/external-resizer-ebs-csi-aws-com
2026-06-19T12:01:54.770050578Z I0619 12:01:54.769930       1 leaderelection.go:293] successfully renewed lease kube-system/external-resizer-ebs-csi-aws-com
2026-06-19T12:01:59.775309461Z I0619 12:01:59.775186       1 leaderelection.go:293] successfully renewed lease kube-system/external-resizer-ebs-csi-aws-com
2026-06-19T12:02:04.781721378Z I0619 12:02:04.781582       1 leaderelection.go:293] successfully renewed lease kube-system/external-resizer-ebs-csi-aws-com
2026-06-19T12:02:09.787725407Z I0619 12:02:09.787601       1 leaderelection.go:293] successfully renewed lease kube-system/external-resizer-ebs-csi-aws-com
2026-06-19T12:02:14.793362799Z I0619 12:02:14.793213       1 leaderelection.go:293] successfully renewed lease kube-system/external-resizer-ebs-csi-aws-com
2026-06-19T12:02:19.801424944Z I0619 12:02:19.801304       1 leaderelection.go:293] successfully renewed lease kube-system/external-resizer-ebs-csi-aws-com
2026-06-19T12:02:24.807323041Z I0619 12:02:24.807181       1 leaderelection.go:293] successfully renewed lease kube-system/external-resizer-ebs-csi-aws-com
2026-06-19T12:02:29.812363416Z I0619 12:02:29.812179       1 leaderelection.go:293] successfully renewed lease kube-system/external-resizer-ebs-csi-aws-com
2026-06-19T12:02:34.817805938Z I0619 12:02:34.817692       1 leaderelection.go:293] successfully renewed lease kube-system/external-resizer-ebs-csi-aws-com
2026-06-19T12:02:39.823627807Z I0619 12:02:39.823469       1 leaderelection.go:293] successfully renewed lease kube-system/external-resizer-ebs-csi-aws-com
2026-06-19T12:02:44.831123597Z I0619 12:02:44.831006       1 leaderelection.go:293] successfully renewed lease kube-system/external-resizer-ebs-csi-aws-com
2026-06-19T12:02:49.836178289Z I0619 12:02:49.836044       1 leaderelection.go:293] successfully renewed lease kube-system/external-resizer-ebs-csi-aws-com
2026-06-19T12:02:54.842490651Z I0619 12:02:54.842364       1 leaderelection.go:293] successfully renewed lease kube-system/external-resizer-ebs-csi-aws-com
2026-06-19T12:02:59.848362514Z I0619 12:02:59.848234       1 leaderelection.go:293] successfully renewed lease kube-system/external-resizer-ebs-csi-aws-com
2026-06-19T12:03:04.853978540Z I0619 12:03:04.853831       1 leaderelection.go:293] successfully renewed lease kube-system/external-resizer-ebs-csi-aws-com
2026-06-19T12:03:09.859419567Z I0619 12:03:09.859268       1 leaderelection.go:293] successfully renewed lease kube-system/external-resizer-ebs-csi-aws-com
2026-06-19T12:03:14.867195837Z I0619 12:03:14.866733       1 leaderelection.go:293] successfully renewed lease kube-system/external-resizer-ebs-csi-aws-com
2026-06-19T12:03:19.875313938Z I0619 12:03:19.875194       1 leaderelection.go:293] successfully renewed lease kube-system/external-resizer-ebs-csi-aws-com
2026-06-19T12:03:24.881651522Z I0619 12:03:24.881505       1 leaderelection.go:293] successfully renewed lease kube-system/external-resizer-ebs-csi-aws-com
2026-06-19T12:03:29.888696724Z I0619 12:03:29.887718       1 leaderelection.go:293] successfully renewed lease kube-system/external-resizer-ebs-csi-aws-com
2026-06-19T12:03:34.894087851Z I0619 12:03:34.893957       1 leaderelection.go:293] successfully renewed lease kube-system/external-resizer-ebs-csi-aws-com
2026-06-19T12:03:39.899521078Z I0619 12:03:39.899385       1 leaderelection.go:293] successfully renewed lease kube-system/external-resizer-ebs-csi-aws-com
2026-06-19T12:03:44.904329087Z I0619 12:03:44.904206       1 leaderelection.go:293] successfully renewed lease kube-system/external-resizer-ebs-csi-aws-com
2026-06-19T12:03:49.911713087Z I0619 12:03:49.911578       1 leaderelection.go:293] successfully renewed lease kube-system/external-resizer-ebs-csi-aws-com
2026-06-19T12:03:54.916582550Z I0619 12:03:54.916407       1 leaderelection.go:293] successfully renewed lease kube-system/external-resizer-ebs-csi-aws-com
2026-06-19T12:03:59.923471821Z I0619 12:03:59.923339       1 leaderelection.go:293] successfully renewed lease kube-system/external-resizer-ebs-csi-aws-com
2026-06-19T12:04:04.932838154Z I0619 12:04:04.932639       1 leaderelection.go:293] successfully renewed lease kube-system/external-resizer-ebs-csi-aws-com
2026-06-19T12:04:09.941374524Z I0619 12:04:09.941245       1 leaderelection.go:293] successfully renewed lease kube-system/external-resizer-ebs-csi-aws-com
2026-06-19T12:04:14.947160139Z I0619 12:04:14.947067       1 leaderelection.go:293] successfully renewed lease kube-system/external-resizer-ebs-csi-aws-com
2026-06-19T12:04:19.953873838Z I0619 12:04:19.953710       1 leaderelection.go:293] successfully renewed lease kube-system/external-resizer-ebs-csi-aws-com
2026-06-19T12:04:24.959630415Z I0619 12:04:24.959434       1 leaderelection.go:293] successfully renewed lease kube-system/external-resizer-ebs-csi-aws-com
2026-06-19T12:04:29.965468856Z I0619 12:04:29.965313       1 leaderelection.go:293] successfully renewed lease kube-system/external-resizer-ebs-csi-aws-com
2026-06-19T12:04:34.971198747Z I0619 12:04:34.971081       1 leaderelection.go:293] successfully renewed lease kube-system/external-resizer-ebs-csi-aws-com
2026-06-19T12:04:39.977039059Z I0619 12:04:39.976820       1 leaderelection.go:293] successfully renewed lease kube-system/external-resizer-ebs-csi-aws-com
2026-06-19T12:04:44.982238076Z I0619 12:04:44.982087       1 leaderelection.go:293] successfully renewed lease kube-system/external-resizer-ebs-csi-aws-com
2026-06-19T12:04:49.990312469Z I0619 12:04:49.990190       1 leaderelection.go:293] successfully renewed lease kube-system/external-resizer-ebs-csi-aws-com
2026-06-19T12:04:54.997957500Z I0619 12:04:54.997809       1 leaderelection.go:293] successfully renewed lease kube-system/external-resizer-ebs-csi-aws-com
2026-06-19T12:04:59.883423082Z I0619 12:04:59.883278       1 reflector.go:946] "Watch close" reflector="k8s.io/client-go/informers/factory.go:160" type="*v1.PersistentVolumeClaim" totalItems=11
2026-06-19T12:05:00.028162666Z I0619 12:05:00.027996       1 leaderelection.go:293] successfully renewed lease kube-system/external-resizer-ebs-csi-aws-com
2026-06-19T12:05:05.049068427Z I0619 12:05:05.048912       1 leaderelection.go:293] successfully renewed lease kube-system/external-resizer-ebs-csi-aws-com
2026-06-19T12:05:10.054720379Z I0619 12:05:10.054598       1 leaderelection.go:293] successfully renewed lease kube-system/external-resizer-ebs-csi-aws-com
2026-06-19T12:05:15.060482155Z I0619 12:05:15.060357       1 leaderelection.go:293] successfully renewed lease kube-system/external-resizer-ebs-csi-aws-com
2026-06-19T12:05:20.066617265Z I0619 12:05:20.066479       1 leaderelection.go:293] successfully renewed lease kube-system/external-resizer-ebs-csi-aws-com
2026-06-19T12:05:25.071768273Z I0619 12:05:25.071645       1 leaderelection.go:293] successfully renewed lease kube-system/external-resizer-ebs-csi-aws-com
2026-06-19T12:05:30.080352775Z I0619 12:05:30.080224       1 leaderelection.go:293] successfully renewed lease kube-system/external-resizer-ebs-csi-aws-com
2026-06-19T12:05:35.086524594Z I0619 12:05:35.086366       1 leaderelection.go:293] successfully renewed lease kube-system/external-resizer-ebs-csi-aws-com
2026-06-19T12:05:40.091414083Z I0619 12:05:40.091295       1 leaderelection.go:293] successfully renewed lease kube-system/external-resizer-ebs-csi-aws-com
2026-06-19T12:05:44.745278086Z I0619 12:05:44.745137       1 reflector.go:450] "Forcing resync" reflector="k8s.io/client-go/informers/factory.go:160"
2026-06-19T12:05:45.096720106Z I0619 12:05:45.096510       1 leaderelection.go:293] successfully renewed lease kube-system/external-resizer-ebs-csi-aws-com
2026-06-19T12:05:50.102146472Z I0619 12:05:50.102005       1 leaderelection.go:293] successfully renewed lease kube-system/external-resizer-ebs-csi-aws-com
2026-06-19T12:05:55.109608085Z I0619 12:05:55.109458       1 leaderelection.go:293] successfully renewed lease kube-system/external-resizer-ebs-csi-aws-com
2026-06-19T12:06:00.131521124Z I0619 12:06:00.131109       1 leaderelection.go:293] successfully renewed lease kube-system/external-resizer-ebs-csi-aws-com
2026-06-19T12:06:05.137618391Z I0619 12:06:05.137171       1 leaderelection.go:293] successfully renewed lease kube-system/external-resizer-ebs-csi-aws-com
2026-06-19T12:06:10.145948673Z I0619 12:06:10.145811       1 leaderelection.go:293] successfully renewed lease kube-system/external-resizer-ebs-csi-aws-com
2026-06-19T12:06:15.151481704Z I0619 12:06:15.151324       1 leaderelection.go:293] successfully renewed lease kube-system/external-resizer-ebs-csi-aws-com
2026-06-19T12:06:20.157418459Z I0619 12:06:20.157293       1 leaderelection.go:293] successfully renewed lease kube-system/external-resizer-ebs-csi-aws-com
2026-06-19T12:06:25.162997318Z I0619 12:06:25.162867       1 leaderelection.go:293] successfully renewed lease kube-system/external-resizer-ebs-csi-aws-com
2026-06-19T12:06:30.168080144Z I0619 12:06:30.167959       1 leaderelection.go:293] successfully renewed lease kube-system/external-resizer-ebs-csi-aws-com
2026-06-19T12:06:35.173946692Z I0619 12:06:35.173731       1 leaderelection.go:293] successfully renewed lease kube-system/external-resizer-ebs-csi-aws-com
2026-06-19T12:06:40.179614034Z I0619 12:06:40.179462       1 leaderelection.go:293] successfully renewed lease kube-system/external-resizer-ebs-csi-aws-com
2026-06-19T12:06:45.186529022Z I0619 12:06:45.186395       1 leaderelection.go:293] successfully renewed lease kube-system/external-resizer-ebs-csi-aws-com
2026-06-19T12:06:50.191791202Z I0619 12:06:50.191665       1 leaderelection.go:293] successfully renewed lease kube-system/external-resizer-ebs-csi-aws-com
2026-06-19T12:06:55.196537394Z I0619 12:06:55.196359       1 leaderelection.go:293] successfully renewed lease kube-system/external-resizer-ebs-csi-aws-com
2026-06-19T12:07:00.201878943Z I0619 12:07:00.201692       1 leaderelection.go:293] successfully renewed lease kube-system/external-resizer-ebs-csi-aws-com
2026-06-19T12:07:05.209947014Z I0619 12:07:05.209779       1 leaderelection.go:293] successfully renewed lease kube-system/external-resizer-ebs-csi-aws-com
2026-06-19T12:07:10.215198105Z I0619 12:07:10.215056       1 leaderelection.go:293] successfully renewed lease kube-system/external-resizer-ebs-csi-aws-com
2026-06-19T12:07:15.221449323Z I0619 12:07:15.221320       1 leaderelection.go:293] successfully renewed lease kube-system/external-resizer-ebs-csi-aws-com
2026-06-19T12:07:20.227697153Z I0619 12:07:20.227569       1 leaderelection.go:293] successfully renewed lease kube-system/external-resizer-ebs-csi-aws-com
2026-06-19T12:07:25.233935815Z I0619 12:07:25.233793       1 leaderelection.go:293] successfully renewed lease kube-system/external-resizer-ebs-csi-aws-com
2026-06-19T12:07:30.239050772Z I0619 12:07:30.238863       1 leaderelection.go:293] successfully renewed lease kube-system/external-resizer-ebs-csi-aws-com
2026-06-19T12:07:35.245394251Z I0619 12:07:35.245256       1 leaderelection.go:293] successfully renewed lease kube-system/external-resizer-ebs-csi-aws-com
2026-06-19T12:07:40.253926665Z I0619 12:07:40.253779       1 leaderelection.go:293] successfully renewed lease kube-system/external-resizer-ebs-csi-aws-com
2026-06-19T12:07:45.259227184Z I0619 12:07:45.259103       1 leaderelection.go:293] successfully renewed lease kube-system/external-resizer-ebs-csi-aws-com
2026-06-19T12:07:50.264231714Z I0619 12:07:50.264054       1 leaderelection.go:293] successfully renewed lease kube-system/external-resizer-ebs-csi-aws-com
2026-06-19T12:07:55.270342443Z I0619 12:07:55.270216       1 leaderelection.go:293] successfully renewed lease kube-system/external-resizer-ebs-csi-aws-com
2026-06-19T12:08:00.282998977Z I0619 12:08:00.282791       1 leaderelection.go:293] successfully renewed lease kube-system/external-resizer-ebs-csi-aws-com
2026-06-19T12:08:05.288674121Z I0619 12:08:05.288005       1 leaderelection.go:293] successfully renewed lease kube-system/external-resizer-ebs-csi-aws-com
2026-06-19T12:08:07.849255907Z I0619 12:08:07.849077       1 reflector.go:946] "Watch close" reflector="k8s.io/client-go/informers/factory.go:160" type="*v1.PersistentVolume" totalItems=7
2026-06-19T12:08:10.293831421Z I0619 12:08:10.293685       1 leaderelection.go:293] successfully renewed lease kube-system/external-resizer-ebs-csi-aws-com
2026-06-19T12:08:15.301889977Z I0619 12:08:15.301724       1 leaderelection.go:293] successfully renewed lease kube-system/external-resizer-ebs-csi-aws-com
2026-06-19T12:08:20.307125012Z I0619 12:08:20.306984       1 leaderelection.go:293] successfully renewed lease kube-system/external-resizer-ebs-csi-aws-com
2026-06-19T12:08:25.311797761Z I0619 12:08:25.311650       1 leaderelection.go:293] successfully renewed lease kube-system/external-resizer-ebs-csi-aws-com
2026-06-19T12:08:30.317932820Z I0619 12:08:30.317768       1 leaderelection.go:293] successfully renewed lease kube-system/external-resizer-ebs-csi-aws-com
2026-06-19T12:08:35.324199574Z I0619 12:08:35.324065       1 leaderelection.go:293] successfully renewed lease kube-system/external-resizer-ebs-csi-aws-com
2026-06-19T12:08:40.330567079Z I0619 12:08:40.330376       1 leaderelection.go:293] successfully renewed lease kube-system/external-resizer-ebs-csi-aws-com
2026-06-19T12:08:45.336650258Z I0619 12:08:45.336507       1 leaderelection.go:293] successfully renewed lease kube-system/external-resizer-ebs-csi-aws-com
2026-06-19T12:08:50.342270261Z I0619 12:08:50.342115       1 leaderelection.go:293] successfully renewed lease kube-system/external-resizer-ebs-csi-aws-com
2026-06-19T12:08:55.349783109Z I0619 12:08:55.349636       1 leaderelection.go:293] successfully renewed lease kube-system/external-resizer-ebs-csi-aws-com
2026-06-19T12:09:00.355561312Z I0619 12:09:00.355393       1 leaderelection.go:293] successfully renewed lease kube-system/external-resizer-ebs-csi-aws-com
2026-06-19T12:09:05.362862703Z I0619 12:09:05.362701       1 leaderelection.go:293] successfully renewed lease kube-system/external-resizer-ebs-csi-aws-com
2026-06-19T12:09:10.369058528Z I0619 12:09:10.368814       1 leaderelection.go:293] successfully renewed lease kube-system/external-resizer-ebs-csi-aws-com
2026-06-19T12:09:15.376266076Z I0619 12:09:15.376125       1 leaderelection.go:293] successfully renewed lease kube-system/external-resizer-ebs-csi-aws-com
2026-06-19T12:09:20.384317054Z I0619 12:09:20.384200       1 leaderelection.go:293] successfully renewed lease kube-system/external-resizer-ebs-csi-aws-com
2026-06-19T12:09:25.392793051Z I0619 12:09:25.392404       1 leaderelection.go:293] successfully renewed lease kube-system/external-resizer-ebs-csi-aws-com
2026-06-19T12:09:28.570408737Z I0619 12:09:28.570238       1 controller.go:327] "Started PVC processing for resize controller" key="kubentic-foresight/server-volume-vlogs-server-0"
2026-06-19T12:09:28.570455484Z I0619 12:09:28.570265       1 controller.go:350] "PV bound to PVC is not created yet" PVC="kubentic-foresight/server-volume-vlogs-server-0"
2026-06-19T12:09:30.398493166Z I0619 12:09:30.398180       1 leaderelection.go:293] successfully renewed lease kube-system/external-resizer-ebs-csi-aws-com
2026-06-19T12:09:30.839130787Z I0619 12:09:30.838960       1 controller.go:327] "Started PVC processing for resize controller" key="kubentic-foresight/server-volume-vlogs-server-0"
2026-06-19T12:09:30.839157541Z I0619 12:09:30.838990       1 controller.go:375] "No need to resize PVC" PVC="kubentic-foresight/server-volume-vlogs-server-0"
2026-06-19T12:09:32.180444760Z I0619 12:09:32.180206       1 controller.go:327] "Started PVC processing for resize controller" key="kubentic-foresight/vmsingle-vmstack"
2026-06-19T12:09:32.180677403Z I0619 12:09:32.180234       1 controller.go:350] "PV bound to PVC is not created yet" PVC="kubentic-foresight/vmsingle-vmstack"
2026-06-19T12:09:34.477437532Z I0619 12:09:34.476916       1 controller.go:327] "Started PVC processing for resize controller" key="kubentic-foresight/vmsingle-vmstack"
2026-06-19T12:09:34.477669459Z I0619 12:09:34.477575       1 controller.go:375] "No need to resize PVC" PVC="kubentic-foresight/vmsingle-vmstack"
2026-06-19T12:09:35.413258817Z I0619 12:09:35.411745       1 leaderelection.go:293] successfully renewed lease kube-system/external-resizer-ebs-csi-aws-com
2026-06-19T12:09:40.419904647Z I0619 12:09:40.419768       1 leaderelection.go:293] successfully renewed lease kube-system/external-resizer-ebs-csi-aws-com
2026-06-19T12:09:45.425118629Z I0619 12:09:45.424868       1 leaderelection.go:293] successfully renewed lease kube-system/external-resizer-ebs-csi-aws-com
2026-06-19T12:09:50.430658614Z I0619 12:09:50.430446       1 leaderelection.go:293] successfully renewed lease kube-system/external-resizer-ebs-csi-aws-com
2026-06-19T12:09:55.436317306Z I0619 12:09:55.436199       1 leaderelection.go:293] successfully renewed lease kube-system/external-resizer-ebs-csi-aws-com
2026-06-19T12:10:00.442387192Z I0619 12:10:00.442071       1 leaderelection.go:293] successfully renewed lease kube-system/external-resizer-ebs-csi-aws-com
2026-06-19T12:10:05.452312010Z I0619 12:10:05.452095       1 leaderelection.go:293] successfully renewed lease kube-system/external-resizer-ebs-csi-aws-com
2026-06-19T12:10:10.457579707Z I0619 12:10:10.457280       1 leaderelection.go:293] successfully renewed lease kube-system/external-resizer-ebs-csi-aws-com
2026-06-19T12:10:15.462740800Z I0619 12:10:15.462618       1 leaderelection.go:293] successfully renewed lease kube-system/external-resizer-ebs-csi-aws-com
2026-06-19T12:10:19.885395596Z I0619 12:10:19.884887       1 reflector.go:946] "Watch close" reflector="k8s.io/client-go/informers/factory.go:160" type="*v1.PersistentVolumeClaim" totalItems=17
2026-06-19T12:10:20.475798538Z I0619 12:10:20.475559       1 leaderelection.go:293] successfully renewed lease kube-system/external-resizer-ebs-csi-aws-com
2026-06-19T12:10:25.481313742Z I0619 12:10:25.481185       1 leaderelection.go:293] successfully renewed lease kube-system/external-resizer-ebs-csi-aws-com
2026-06-19T12:10:30.487087402Z I0619 12:10:30.486919       1 leaderelection.go:293] successfully renewed lease kube-system/external-resizer-ebs-csi-aws-com
2026-06-19T12:10:35.495403852Z I0619 12:10:35.495194       1 leaderelection.go:293] successfully renewed lease kube-system/external-resizer-ebs-csi-aws-com
2026-06-19T12:10:40.503207595Z I0619 12:10:40.503066       1 leaderelection.go:293] successfully renewed lease kube-system/external-resizer-ebs-csi-aws-com
2026-06-19T12:10:45.508468767Z I0619 12:10:45.508222       1 leaderelection.go:293] successfully renewed lease kube-system/external-resizer-ebs-csi-aws-com
2026-06-19T12:10:50.514264188Z I0619 12:10:50.514130       1 leaderelection.go:293] successfully renewed lease kube-system/external-resizer-ebs-csi-aws-com
2026-06-19T12:10:55.520114771Z I0619 12:10:55.519983       1 leaderelection.go:293] successfully renewed lease kube-system/external-resizer-ebs-csi-aws-com
2026-06-19T12:11:00.526843523Z I0619 12:11:00.526713       1 leaderelection.go:293] successfully renewed lease kube-system/external-resizer-ebs-csi-aws-com
2026-06-19T12:11:05.537994692Z I0619 12:11:05.537697       1 leaderelection.go:293] successfully renewed lease kube-system/external-resizer-ebs-csi-aws-com
2026-06-19T12:11:10.542964726Z I0619 12:11:10.542831       1 leaderelection.go:293] successfully renewed lease kube-system/external-resizer-ebs-csi-aws-com
2026-06-19T12:11:15.548808660Z I0619 12:11:15.548645       1 leaderelection.go:293] successfully renewed lease kube-system/external-resizer-ebs-csi-aws-com
2026-06-19T12:11:20.557844566Z I0619 12:11:20.557702       1 leaderelection.go:293] successfully renewed lease kube-system/external-resizer-ebs-csi-aws-com
2026-06-19T12:11:25.563145689Z I0619 12:11:25.562957       1 leaderelection.go:293] successfully renewed lease kube-system/external-resizer-ebs-csi-aws-com
2026-06-19T12:11:30.571448088Z I0619 12:11:30.571217       1 leaderelection.go:293] successfully renewed lease kube-system/external-resizer-ebs-csi-aws-com
2026-06-19T12:11:35.579162638Z I0619 12:11:35.578822       1 leaderelection.go:293] successfully renewed lease kube-system/external-resizer-ebs-csi-aws-com
2026-06-19T12:11:40.585361809Z I0619 12:11:40.585220       1 leaderelection.go:293] successfully renewed lease kube-system/external-resizer-ebs-csi-aws-com
2026-06-19T12:11:45.590735631Z I0619 12:11:45.590612       1 leaderelection.go:293] successfully renewed lease kube-system/external-resizer-ebs-csi-aws-com
2026-06-19T12:11:50.596613370Z I0619 12:11:50.596367       1 leaderelection.go:293] successfully renewed lease kube-system/external-resizer-ebs-csi-aws-com
2026-06-19T12:11:55.601871679Z I0619 12:11:55.601731       1 leaderelection.go:293] successfully renewed lease kube-system/external-resizer-ebs-csi-aws-com
2026-06-19T12:12:00.607656310Z I0619 12:12:00.607521       1 leaderelection.go:293] successfully renewed lease kube-system/external-resizer-ebs-csi-aws-com
2026-06-19T12:12:05.614259760Z I0619 12:12:05.614133       1 leaderelection.go:293] successfully renewed lease kube-system/external-resizer-ebs-csi-aws-com
2026-06-19T12:12:10.620850063Z I0619 12:12:10.620725       1 leaderelection.go:293] successfully renewed lease kube-system/external-resizer-ebs-csi-aws-com
2026-06-19T12:12:15.626980870Z I0619 12:12:15.626853       1 leaderelection.go:293] successfully renewed lease kube-system/external-resizer-ebs-csi-aws-com
2026-06-19T12:12:20.632895816Z I0619 12:12:20.632763       1 leaderelection.go:293] successfully renewed lease kube-system/external-resizer-ebs-csi-aws-com
2026-06-19T12:12:25.638767815Z I0619 12:12:25.638528       1 leaderelection.go:293] successfully renewed lease kube-system/external-resizer-ebs-csi-aws-com
2026-06-19T12:12:30.644508258Z I0619 12:12:30.644386       1 leaderelection.go:293] successfully renewed lease kube-system/external-resizer-ebs-csi-aws-com
2026-06-19T12:12:35.652281394Z I0619 12:12:35.652146       1 leaderelection.go:293] successfully renewed lease kube-system/external-resizer-ebs-csi-aws-com
2026-06-19T12:12:40.658029364Z I0619 12:12:40.657830       1 leaderelection.go:293] successfully renewed lease kube-system/external-resizer-ebs-csi-aws-com
2026-06-19T12:12:45.663483540Z I0619 12:12:45.663315       1 leaderelection.go:293] successfully renewed lease kube-system/external-resizer-ebs-csi-aws-com
2026-06-19T12:12:50.671584229Z I0619 12:12:50.671323       1 leaderelection.go:293] successfully renewed lease kube-system/external-resizer-ebs-csi-aws-com
2026-06-19T12:12:55.676936513Z I0619 12:12:55.676799       1 leaderelection.go:293] successfully renewed lease kube-system/external-resizer-ebs-csi-aws-com
2026-06-19T12:13:00.684738903Z I0619 12:13:00.684617       1 leaderelection.go:293] successfully renewed lease kube-system/external-resizer-ebs-csi-aws-com
2026-06-19T12:13:05.690754580Z I0619 12:13:05.690483       1 leaderelection.go:293] successfully renewed lease kube-system/external-resizer-ebs-csi-aws-com
2026-06-19T12:13:10.696167209Z I0619 12:13:10.695969       1 leaderelection.go:293] successfully renewed lease kube-system/external-resizer-ebs-csi-aws-com
2026-06-19T12:13:15.703492607Z I0619 12:13:15.703339       1 leaderelection.go:293] successfully renewed lease kube-system/external-resizer-ebs-csi-aws-com
2026-06-19T12:13:20.709976564Z I0619 12:13:20.709848       1 leaderelection.go:293] successfully renewed lease kube-system/external-resizer-ebs-csi-aws-com
2026-06-19T12:13:25.716301310Z I0619 12:13:25.716170       1 leaderelection.go:293] successfully renewed lease kube-system/external-resizer-ebs-csi-aws-com
2026-06-19T12:13:30.722301372Z I0619 12:13:30.722166       1 leaderelection.go:293] successfully renewed lease kube-system/external-resizer-ebs-csi-aws-com
2026-06-19T12:13:35.728889232Z I0619 12:13:35.728752       1 leaderelection.go:293] successfully renewed lease kube-system/external-resizer-ebs-csi-aws-com
2026-06-19T12:13:40.736180518Z I0619 12:13:40.736048       1 leaderelection.go:293] successfully renewed lease kube-system/external-resizer-ebs-csi-aws-com
2026-06-19T12:13:45.741895941Z I0619 12:13:45.741760       1 leaderelection.go:293] successfully renewed lease kube-system/external-resizer-ebs-csi-aws-com
2026-06-19T12:13:50.747328823Z I0619 12:13:50.747104       1 leaderelection.go:293] successfully renewed lease kube-system/external-resizer-ebs-csi-aws-com
2026-06-19T12:13:55.751865365Z I0619 12:13:55.751730       1 leaderelection.go:293] successfully renewed lease kube-system/external-resizer-ebs-csi-aws-com
2026-06-19T12:13:57.851741209Z I0619 12:13:57.851470       1 reflector.go:946] "Watch close" reflector="k8s.io/client-go/informers/factory.go:160" type="*v1.PersistentVolume" totalItems=13
2026-06-19T12:14:00.758144507Z I0619 12:14:00.758013       1 leaderelection.go:293] successfully renewed lease kube-system/external-resizer-ebs-csi-aws-com
2026-06-19T12:14:05.764395555Z I0619 12:14:05.764276       1 leaderelection.go:293] successfully renewed lease kube-system/external-resizer-ebs-csi-aws-com
2026-06-19T12:14:10.770527930Z I0619 12:14:10.770282       1 leaderelection.go:293] successfully renewed lease kube-system/external-resizer-ebs-csi-aws-com
2026-06-19T12:14:15.778637542Z I0619 12:14:15.778139       1 leaderelection.go:293] successfully renewed lease kube-system/external-resizer-ebs-csi-aws-com
2026-06-19T12:14:20.784099280Z I0619 12:14:20.783835       1 leaderelection.go:293] successfully renewed lease kube-system/external-resizer-ebs-csi-aws-com
2026-06-19T12:14:25.790852178Z I0619 12:14:25.790712       1 leaderelection.go:293] successfully renewed lease kube-system/external-resizer-ebs-csi-aws-com
2026-06-19T12:14:30.796816872Z I0619 12:14:30.796444       1 leaderelection.go:293] successfully renewed lease kube-system/external-resizer-ebs-csi-aws-com
2026-06-19T12:14:35.804162612Z I0619 12:14:35.804022       1 leaderelection.go:293] successfully renewed lease kube-system/external-resizer-ebs-csi-aws-com
2026-06-19T12:14:40.809771960Z I0619 12:14:40.809662       1 leaderelection.go:293] successfully renewed lease kube-system/external-resizer-ebs-csi-aws-com
2026-06-19T12:14:45.815336446Z I0619 12:14:45.815155       1 leaderelection.go:293] successfully renewed lease kube-system/external-resizer-ebs-csi-aws-com
2026-06-19T12:14:50.820749552Z I0619 12:14:50.820618       1 leaderelection.go:293] successfully renewed lease kube-system/external-resizer-ebs-csi-aws-com
2026-06-19T12:14:55.826763668Z I0619 12:14:55.826637       1 leaderelection.go:293] successfully renewed lease kube-system/external-resizer-ebs-csi-aws-com
2026-06-19T12:15:00.831854267Z I0619 12:15:00.831639       1 leaderelection.go:293] successfully renewed lease kube-system/external-resizer-ebs-csi-aws-com
2026-06-19T12:15:05.838352898Z I0619 12:15:05.838207       1 leaderelection.go:293] successfully renewed lease kube-system/external-resizer-ebs-csi-aws-com
2026-06-19T12:15:10.844226186Z I0619 12:15:10.844069       1 leaderelection.go:293] successfully renewed lease kube-system/external-resizer-ebs-csi-aws-com
2026-06-19T12:15:15.851574506Z I0619 12:15:15.851430       1 leaderelection.go:293] successfully renewed lease kube-system/external-resizer-ebs-csi-aws-com
2026-06-19T12:15:20.856882944Z I0619 12:15:20.856745       1 leaderelection.go:293] successfully renewed lease kube-system/external-resizer-ebs-csi-aws-com
2026-06-19T12:15:25.862937165Z I0619 12:15:25.862802       1 leaderelection.go:293] successfully renewed lease kube-system/external-resizer-ebs-csi-aws-com
2026-06-19T12:15:30.869288606Z I0619 12:15:30.869155       1 leaderelection.go:293] successfully renewed lease kube-system/external-resizer-ebs-csi-aws-com
2026-06-19T12:15:35.875195527Z I0619 12:15:35.875077       1 leaderelection.go:293] successfully renewed lease kube-system/external-resizer-ebs-csi-aws-com
2026-06-19T12:15:40.881593983Z I0619 12:15:40.881457       1 leaderelection.go:293] successfully renewed lease kube-system/external-resizer-ebs-csi-aws-com
2026-06-19T12:15:44.746083832Z I0619 12:15:44.745852       1 reflector.go:450] "Forcing resync" reflector="k8s.io/client-go/informers/factory.go:160"
2026-06-19T12:15:44.746114538Z I0619 12:15:44.745994       1 controller.go:327] "Started PVC processing for resize controller" key="kubentic-foresight/vmsingle-vmstack"
2026-06-19T12:15:44.746127732Z I0619 12:15:44.746082       1 controller.go:375] "No need to resize PVC" PVC="kubentic-foresight/vmsingle-vmstack"
2026-06-19T12:15:44.746219940Z I0619 12:15:44.745994       1 controller.go:327] "Started PVC processing for resize controller" key="kubentic-foresight/server-volume-vlogs-server-0"
2026-06-19T12:15:44.746334015Z I0619 12:15:44.746267       1 controller.go:375] "No need to resize PVC" PVC="kubentic-foresight/server-volume-vlogs-server-0"
2026-06-19T12:15:45.887267442Z I0619 12:15:45.887044       1 leaderelection.go:293] successfully renewed lease kube-system/external-resizer-ebs-csi-aws-com
2026-06-19T12:15:50.892678108Z I0619 12:15:50.892520       1 leaderelection.go:293] successfully renewed lease kube-system/external-resizer-ebs-csi-aws-com
2026-06-19T12:15:55.898524126Z I0619 12:15:55.898409       1 leaderelection.go:293] successfully renewed lease kube-system/external-resizer-ebs-csi-aws-com
2026-06-19T12:16:00.904114750Z I0619 12:16:00.903952       1 leaderelection.go:293] successfully renewed lease kube-system/external-resizer-ebs-csi-aws-com
2026-06-19T12:16:05.911142958Z I0619 12:16:05.911017       1 leaderelection.go:293] successfully renewed lease kube-system/external-resizer-ebs-csi-aws-com
2026-06-19T12:16:10.923084141Z I0619 12:16:10.922919       1 leaderelection.go:293] successfully renewed lease kube-system/external-resizer-ebs-csi-aws-com
2026-06-19T12:16:15.930806743Z I0619 12:16:15.930634       1 leaderelection.go:293] successfully renewed lease kube-system/external-resizer-ebs-csi-aws-com
2026-06-19T12:16:20.938581002Z I0619 12:16:20.938419       1 leaderelection.go:293] successfully renewed lease kube-system/external-resizer-ebs-csi-aws-com
2026-06-19T12:16:25.944006607Z I0619 12:16:25.943739       1 leaderelection.go:293] successfully renewed lease kube-system/external-resizer-ebs-csi-aws-com
2026-06-19T12:16:30.949770560Z I0619 12:16:30.949622       1 leaderelection.go:293] successfully renewed lease kube-system/external-resizer-ebs-csi-aws-com
2026-06-19T12:16:35.962813950Z I0619 12:16:35.962350       1 leaderelection.go:293] successfully renewed lease kube-system/external-resizer-ebs-csi-aws-com
2026-06-19T12:16:40.967962386Z I0619 12:16:40.967642       1 leaderelection.go:293] successfully renewed lease kube-system/external-resizer-ebs-csi-aws-com
2026-06-19T12:16:45.973475791Z I0619 12:16:45.973348       1 leaderelection.go:293] successfully renewed lease kube-system/external-resizer-ebs-csi-aws-com
2026-06-19T12:16:50.981581880Z I0619 12:16:50.981437       1 leaderelection.go:293] successfully renewed lease kube-system/external-resizer-ebs-csi-aws-com
2026-06-19T12:16:55.989600532Z I0619 12:16:55.989442       1 leaderelection.go:293] successfully renewed lease kube-system/external-resizer-ebs-csi-aws-com
2026-06-19T12:17:00.995463421Z I0619 12:17:00.995323       1 leaderelection.go:293] successfully renewed lease kube-system/external-resizer-ebs-csi-aws-com
2026-06-19T12:17:04.887216021Z I0619 12:17:04.886820       1 reflector.go:946] "Watch close" reflector="k8s.io/client-go/informers/factory.go:160" type="*v1.PersistentVolumeClaim" totalItems=8
2026-06-19T12:17:06.019443700Z I0619 12:17:06.018587       1 leaderelection.go:293] successfully renewed lease kube-system/external-resizer-ebs-csi-aws-com
2026-06-19T12:17:11.024875427Z I0619 12:17:11.024732       1 leaderelection.go:293] successfully renewed lease kube-system/external-resizer-ebs-csi-aws-com
2026-06-19T12:17:16.031196824Z I0619 12:17:16.031022       1 leaderelection.go:293] successfully renewed lease kube-system/external-resizer-ebs-csi-aws-com
2026-06-19T12:17:21.037358393Z I0619 12:17:21.037226       1 leaderelection.go:293] successfully renewed lease kube-system/external-resizer-ebs-csi-aws-com
2026-06-19T12:17:26.042937838Z I0619 12:17:26.042786       1 leaderelection.go:293] successfully renewed lease kube-system/external-resizer-ebs-csi-aws-com
2026-06-19T12:17:31.048640357Z I0619 12:17:31.048480       1 leaderelection.go:293] successfully renewed lease kube-system/external-resizer-ebs-csi-aws-com
2026-06-19T12:17:36.054242213Z I0619 12:17:36.054091       1 leaderelection.go:293] successfully renewed lease kube-system/external-resizer-ebs-csi-aws-com
2026-06-19T12:17:41.061630466Z I0619 12:17:41.061456       1 leaderelection.go:293] successfully renewed lease kube-system/external-resizer-ebs-csi-aws-com
2026-06-19T12:17:46.069775664Z I0619 12:17:46.069574       1 leaderelection.go:293] successfully renewed lease kube-system/external-resizer-ebs-csi-aws-com
2026-06-19T12:17:51.075435045Z I0619 12:17:51.075290       1 leaderelection.go:293] successfully renewed lease kube-system/external-resizer-ebs-csi-aws-com
2026-06-19T12:17:56.080877055Z I0619 12:17:56.080749       1 leaderelection.go:293] successfully renewed lease kube-system/external-resizer-ebs-csi-aws-com
2026-06-19T12:18:01.089267428Z I0619 12:18:01.088921       1 leaderelection.go:293] successfully renewed lease kube-system/external-resizer-ebs-csi-aws-com
2026-06-19T12:18:06.096110139Z I0619 12:18:06.095973       1 leaderelection.go:293] successfully renewed lease kube-system/external-resizer-ebs-csi-aws-com
2026-06-19T12:18:11.103110508Z I0619 12:18:11.102983       1 leaderelection.go:293] successfully renewed lease kube-system/external-resizer-ebs-csi-aws-com
2026-06-19T12:18:16.109198808Z I0619 12:18:16.108497       1 leaderelection.go:293] successfully renewed lease kube-system/external-resizer-ebs-csi-aws-com
2026-06-19T12:18:21.114611618Z I0619 12:18:21.114339       1 leaderelection.go:293] successfully renewed lease kube-system/external-resizer-ebs-csi-aws-com
2026-06-19T12:18:26.123429638Z I0619 12:18:26.123292       1 leaderelection.go:293] successfully renewed lease kube-system/external-resizer-ebs-csi-aws-com
2026-06-19T12:18:31.129828137Z I0619 12:18:31.129689       1 leaderelection.go:293] successfully renewed lease kube-system/external-resizer-ebs-csi-aws-com
2026-06-19T12:18:36.136658638Z I0619 12:18:36.136499       1 leaderelection.go:293] successfully renewed lease kube-system/external-resizer-ebs-csi-aws-com
2026-06-19T12:18:41.147335882Z I0619 12:18:41.147162       1 leaderelection.go:293] successfully renewed lease kube-system/external-resizer-ebs-csi-aws-com
2026-06-19T12:18:46.153485351Z I0619 12:18:46.153355       1 leaderelection.go:293] successfully renewed lease kube-system/external-resizer-ebs-csi-aws-com
2026-06-19T12:18:51.165085326Z I0619 12:18:51.164996       1 leaderelection.go:293] successfully renewed lease kube-system/external-resizer-ebs-csi-aws-com
2026-06-19T12:18:56.171052423Z I0619 12:18:56.170875       1 leaderelection.go:293] successfully renewed lease kube-system/external-resizer-ebs-csi-aws-com
2026-06-19T12:19:01.176895114Z I0619 12:19:01.176770       1 leaderelection.go:293] successfully renewed lease kube-system/external-resizer-ebs-csi-aws-com
2026-06-19T12:19:06.184335302Z I0619 12:19:06.184193       1 leaderelection.go:293] successfully renewed lease kube-system/external-resizer-ebs-csi-aws-com
2026-06-19T12:19:11.191686787Z I0619 12:19:11.191427       1 leaderelection.go:293] successfully renewed lease kube-system/external-resizer-ebs-csi-aws-com
2026-06-19T12:19:16.197774252Z I0619 12:19:16.197637       1 leaderelection.go:293] successfully renewed lease kube-system/external-resizer-ebs-csi-aws-com
2026-06-19T12:19:21.203568935Z I0619 12:19:21.203406       1 leaderelection.go:293] successfully renewed lease kube-system/external-resizer-ebs-csi-aws-com
2026-06-19T12:19:26.209798053Z I0619 12:19:26.209615       1 leaderelection.go:293] successfully renewed lease kube-system/external-resizer-ebs-csi-aws-com
2026-06-19T12:19:31.215751171Z I0619 12:19:31.215610       1 leaderelection.go:293] successfully renewed lease kube-system/external-resizer-ebs-csi-aws-com
2026-06-19T12:19:36.221749409Z I0619 12:19:36.221616       1 leaderelection.go:293] successfully renewed lease kube-system/external-resizer-ebs-csi-aws-com
2026-06-19T12:19:41.231678713Z I0619 12:19:41.231520       1 leaderelection.go:293] successfully renewed lease kube-system/external-resizer-ebs-csi-aws-com
2026-06-19T12:19:46.239967384Z I0619 12:19:46.239837       1 leaderelection.go:293] successfully renewed lease kube-system/external-resizer-ebs-csi-aws-com
2026-06-19T12:19:51.246030420Z I0619 12:19:51.245779       1 leaderelection.go:293] successfully renewed lease kube-system/external-resizer-ebs-csi-aws-com
2026-06-19T12:19:56.251521738Z I0619 12:19:56.251392       1 leaderelection.go:293] successfully renewed lease kube-system/external-resizer-ebs-csi-aws-com
2026-06-19T12:20:01.297581678Z I0619 12:20:01.296603       1 leaderelection.go:293] successfully renewed lease kube-system/external-resizer-ebs-csi-aws-com
2026-06-19T12:20:06.303778681Z I0619 12:20:06.303629       1 leaderelection.go:293] successfully renewed lease kube-system/external-resizer-ebs-csi-aws-com
2026-06-19T12:20:11.309204936Z I0619 12:20:11.308884       1 leaderelection.go:293] successfully renewed lease kube-system/external-resizer-ebs-csi-aws-com
2026-06-19T12:20:16.314780154Z I0619 12:20:16.314646       1 leaderelection.go:293] successfully renewed lease kube-system/external-resizer-ebs-csi-aws-com
2026-06-19T12:20:21.320078993Z I0619 12:20:21.319873       1 leaderelection.go:293] successfully renewed lease kube-system/external-resizer-ebs-csi-aws-com
2026-06-19T12:20:26.326256649Z I0619 12:20:26.326103       1 leaderelection.go:293] successfully renewed lease kube-system/external-resizer-ebs-csi-aws-com
2026-06-19T12:20:31.334333516Z I0619 12:20:31.334206       1 leaderelection.go:293] successfully renewed lease kube-system/external-resizer-ebs-csi-aws-com
2026-06-19T12:20:36.339954786Z I0619 12:20:36.339823       1 leaderelection.go:293] successfully renewed lease kube-system/external-resizer-ebs-csi-aws-com
2026-06-19T12:20:41.345710205Z I0619 12:20:41.345566       1 leaderelection.go:293] successfully renewed lease kube-system/external-resizer-ebs-csi-aws-com
2026-06-19T12:20:46.353719084Z I0619 12:20:46.353522       1 leaderelection.go:293] successfully renewed lease kube-system/external-resizer-ebs-csi-aws-com
2026-06-19T12:20:51.360022739Z I0619 12:20:51.359879       1 leaderelection.go:293] successfully renewed lease kube-system/external-resizer-ebs-csi-aws-com
2026-06-19T12:20:56.364748211Z I0619 12:20:56.364593       1 leaderelection.go:293] successfully renewed lease kube-system/external-resizer-ebs-csi-aws-com
2026-06-19T12:21:01.410391805Z I0619 12:21:01.400846       1 leaderelection.go:293] successfully renewed lease kube-system/external-resizer-ebs-csi-aws-com
2026-06-19T12:21:06.408632727Z I0619 12:21:06.408438       1 leaderelection.go:293] successfully renewed lease kube-system/external-resizer-ebs-csi-aws-com
2026-06-19T12:21:11.416303665Z I0619 12:21:11.416186       1 leaderelection.go:293] successfully renewed lease kube-system/external-resizer-ebs-csi-aws-com
2026-06-19T12:21:16.422284771Z I0619 12:21:16.422159       1 leaderelection.go:293] successfully renewed lease kube-system/external-resizer-ebs-csi-aws-com
2026-06-19T12:21:21.429204661Z I0619 12:21:21.428890       1 leaderelection.go:293] successfully renewed lease kube-system/external-resizer-ebs-csi-aws-com
2026-06-19T12:21:26.437598988Z I0619 12:21:26.437452       1 leaderelection.go:293] successfully renewed lease kube-system/external-resizer-ebs-csi-aws-com
2026-06-19T12:21:31.445434703Z I0619 12:21:31.445304       1 leaderelection.go:293] successfully renewed lease kube-system/external-resizer-ebs-csi-aws-com
2026-06-19T12:21:31.853691481Z I0619 12:21:31.853472       1 reflector.go:946] "Watch close" reflector="k8s.io/client-go/informers/factory.go:160" type="*v1.PersistentVolume" totalItems=9
2026-06-19T12:21:36.451359682Z I0619 12:21:36.451232       1 leaderelection.go:293] successfully renewed lease kube-system/external-resizer-ebs-csi-aws-com
2026-06-19T12:21:41.456843024Z I0619 12:21:41.456620       1 leaderelection.go:293] successfully renewed lease kube-system/external-resizer-ebs-csi-aws-com
2026-06-19T12:21:46.461936483Z I0619 12:21:46.461806       1 leaderelection.go:293] successfully renewed lease kube-system/external-resizer-ebs-csi-aws-com
2026-06-19T12:21:51.467312551Z I0619 12:21:51.467118       1 leaderelection.go:293] successfully renewed lease kube-system/external-resizer-ebs-csi-aws-com
2026-06-19T12:21:56.473651519Z I0619 12:21:56.473481       1 leaderelection.go:293] successfully renewed lease kube-system/external-resizer-ebs-csi-aws-com
2026-06-19T12:22:01.522154867Z I0619 12:22:01.521884       1 leaderelection.go:293] successfully renewed lease kube-system/external-resizer-ebs-csi-aws-com
2026-06-19T12:22:06.528032835Z I0619 12:22:06.527887       1 leaderelection.go:293] successfully renewed lease kube-system/external-resizer-ebs-csi-aws-com
2026-06-19T12:22:11.533904587Z I0619 12:22:11.533772       1 leaderelection.go:293] successfully renewed lease kube-system/external-resizer-ebs-csi-aws-com
2026-06-19T12:22:16.541722160Z I0619 12:22:16.541568       1 leaderelection.go:293] successfully renewed lease kube-system/external-resizer-ebs-csi-aws-com
2026-06-19T12:22:21.547158834Z I0619 12:22:21.547007       1 leaderelection.go:293] successfully renewed lease kube-system/external-resizer-ebs-csi-aws-com
2026-06-19T12:22:26.552494947Z I0619 12:22:26.552351       1 leaderelection.go:293] successfully renewed lease kube-system/external-resizer-ebs-csi-aws-com
2026-06-19T12:22:31.557872388Z I0619 12:22:31.557720       1 leaderelection.go:293] successfully renewed lease kube-system/external-resizer-ebs-csi-aws-com
2026-06-19T12:22:36.563630100Z I0619 12:22:36.563488       1 leaderelection.go:293] successfully renewed lease kube-system/external-resizer-ebs-csi-aws-com
2026-06-19T12:22:41.569645099Z I0619 12:22:41.569424       1 leaderelection.go:293] successfully renewed lease kube-system/external-resizer-ebs-csi-aws-com
2026-06-19T12:22:46.576771217Z I0619 12:22:46.574780       1 leaderelection.go:293] successfully renewed lease kube-system/external-resizer-ebs-csi-aws-com
2026-06-19T12:22:51.579497254Z I0619 12:22:51.579345       1 leaderelection.go:293] successfully renewed lease kube-system/external-resizer-ebs-csi-aws-com
2026-06-19T12:22:56.587416510Z I0619 12:22:56.587291       1 leaderelection.go:293] successfully renewed lease kube-system/external-resizer-ebs-csi-aws-com
2026-06-19T12:23:01.612207963Z I0619 12:23:01.610996       1 leaderelection.go:293] successfully renewed lease kube-system/external-resizer-ebs-csi-aws-com
2026-06-19T12:23:06.620061129Z I0619 12:23:06.619709       1 leaderelection.go:293] successfully renewed lease kube-system/external-resizer-ebs-csi-aws-com
2026-06-19T12:23:11.628219077Z I0619 12:23:11.628074       1 leaderelection.go:293] successfully renewed lease kube-system/external-resizer-ebs-csi-aws-com
2026-06-19T12:23:16.634290341Z I0619 12:23:16.634085       1 leaderelection.go:293] successfully renewed lease kube-system/external-resizer-ebs-csi-aws-com
2026-06-19T12:23:21.639615196Z I0619 12:23:21.639461       1 leaderelection.go:293] successfully renewed lease kube-system/external-resizer-ebs-csi-aws-com
2026-06-19T12:23:26.645782274Z I0619 12:23:26.645656       1 leaderelection.go:293] successfully renewed lease kube-system/external-resizer-ebs-csi-aws-com
2026-06-19T12:23:31.651389784Z I0619 12:23:31.651248       1 leaderelection.go:293] successfully renewed lease kube-system/external-resizer-ebs-csi-aws-com
2026-06-19T12:23:36.657742711Z I0619 12:23:36.657520       1 leaderelection.go:293] successfully renewed lease kube-system/external-resizer-ebs-csi-aws-com
2026-06-19T12:23:41.664860525Z I0619 12:23:41.664737       1 leaderelection.go:293] successfully renewed lease kube-system/external-resizer-ebs-csi-aws-com
2026-06-19T12:23:46.672273258Z I0619 12:23:46.672148       1 leaderelection.go:293] successfully renewed lease kube-system/external-resizer-ebs-csi-aws-com
2026-06-19T12:23:51.680876570Z I0619 12:23:51.680731       1 leaderelection.go:293] successfully renewed lease kube-system/external-resizer-ebs-csi-aws-com
2026-06-19T12:23:56.688591463Z I0619 12:23:56.688249       1 leaderelection.go:293] successfully renewed lease kube-system/external-resizer-ebs-csi-aws-com
2026-06-19T12:24:01.710735167Z I0619 12:24:01.710602       1 leaderelection.go:293] successfully renewed lease kube-system/external-resizer-ebs-csi-aws-com
2026-06-19T12:24:06.723642756Z I0619 12:24:06.723498       1 leaderelection.go:293] successfully renewed lease kube-system/external-resizer-ebs-csi-aws-com
2026-06-19T12:24:11.731246321Z I0619 12:24:11.731055       1 leaderelection.go:293] successfully renewed lease kube-system/external-resizer-ebs-csi-aws-com
2026-06-19T12:24:16.736678723Z I0619 12:24:16.736470       1 leaderelection.go:293] successfully renewed lease kube-system/external-resizer-ebs-csi-aws-com
2026-06-19T12:24:21.742538204Z I0619 12:24:21.742425       1 leaderelection.go:293] successfully renewed lease kube-system/external-resizer-ebs-csi-aws-com
2026-06-19T12:24:26.748259843Z I0619 12:24:26.748094       1 leaderelection.go:293] successfully renewed lease kube-system/external-resizer-ebs-csi-aws-com
2026-06-19T12:24:31.753312709Z I0619 12:24:31.753103       1 leaderelection.go:293] successfully renewed lease kube-system/external-resizer-ebs-csi-aws-com
2026-06-19T12:24:36.758434435Z I0619 12:24:36.758272       1 leaderelection.go:293] successfully renewed lease kube-system/external-resizer-ebs-csi-aws-com
2026-06-19T12:24:39.889441871Z I0619 12:24:39.889269       1 reflector.go:946] "Watch close" reflector="k8s.io/client-go/informers/factory.go:160" type="*v1.PersistentVolumeClaim" totalItems=9
2026-06-19T12:24:41.766255557Z I0619 12:24:41.766137       1 leaderelection.go:293] successfully renewed lease kube-system/external-resizer-ebs-csi-aws-com
2026-06-19T12:24:46.772638976Z I0619 12:24:46.772473       1 leaderelection.go:293] successfully renewed lease kube-system/external-resizer-ebs-csi-aws-com
2026-06-19T12:24:51.778334206Z I0619 12:24:51.778195       1 leaderelection.go:293] successfully renewed lease kube-system/external-resizer-ebs-csi-aws-com
2026-06-19T12:24:56.783183896Z I0619 12:24:56.783038       1 leaderelection.go:293] successfully renewed lease kube-system/external-resizer-ebs-csi-aws-com
2026-06-19T12:25:01.802677643Z I0619 12:25:01.802323       1 leaderelection.go:293] successfully renewed lease kube-system/external-resizer-ebs-csi-aws-com
2026-06-19T12:25:06.809376661Z I0619 12:25:06.809231       1 leaderelection.go:293] successfully renewed lease kube-system/external-resizer-ebs-csi-aws-com
2026-06-19T12:25:11.814908274Z I0619 12:25:11.814625       1 leaderelection.go:293] successfully renewed lease kube-system/external-resizer-ebs-csi-aws-com
2026-06-19T12:25:16.820460525Z I0619 12:25:16.820312       1 leaderelection.go:293] successfully renewed lease kube-system/external-resizer-ebs-csi-aws-com
2026-06-19T12:25:21.828784943Z I0619 12:25:21.828643       1 leaderelection.go:293] successfully renewed lease kube-system/external-resizer-ebs-csi-aws-com
2026-06-19T12:25:26.836328264Z I0619 12:25:26.836196       1 leaderelection.go:293] successfully renewed lease kube-system/external-resizer-ebs-csi-aws-com
2026-06-19T12:25:31.847778726Z I0619 12:25:31.847565       1 leaderelection.go:293] successfully renewed lease kube-system/external-resizer-ebs-csi-aws-com
2026-06-19T12:25:36.853256188Z I0619 12:25:36.852938       1 leaderelection.go:293] successfully renewed lease kube-system/external-resizer-ebs-csi-aws-com
2026-06-19T12:25:41.859359910Z I0619 12:25:41.858646       1 leaderelection.go:293] successfully renewed lease kube-system/external-resizer-ebs-csi-aws-com
2026-06-19T12:25:44.746704509Z I0619 12:25:44.746539       1 reflector.go:450] "Forcing resync" reflector="k8s.io/client-go/informers/factory.go:160"
2026-06-19T12:25:44.746794108Z I0619 12:25:44.746659       1 controller.go:327] "Started PVC processing for resize controller" key="kubentic-foresight/server-volume-vlogs-server-0"
2026-06-19T12:25:44.746801497Z I0619 12:25:44.746674       1 controller.go:375] "No need to resize PVC" PVC="kubentic-foresight/server-volume-vlogs-server-0"
2026-06-19T12:25:44.746805972Z I0619 12:25:44.746689       1 controller.go:327] "Started PVC processing for resize controller" key="kubentic-foresight/vmsingle-vmstack"
2026-06-19T12:25:44.746809684Z I0619 12:25:44.746698       1 controller.go:375] "No need to resize PVC" PVC="kubentic-foresight/vmsingle-vmstack"
2026-06-19T12:25:46.864594362Z I0619 12:25:46.864430       1 leaderelection.go:293] successfully renewed lease kube-system/external-resizer-ebs-csi-aws-com
2026-06-19T12:25:51.870019702Z I0619 12:25:51.869871       1 leaderelection.go:293] successfully renewed lease kube-system/external-resizer-ebs-csi-aws-com
2026-06-19T12:25:56.875979739Z I0619 12:25:56.875846       1 leaderelection.go:293] successfully renewed lease kube-system/external-resizer-ebs-csi-aws-com
2026-06-19T12:26:01.961910131Z I0619 12:26:01.952834       1 leaderelection.go:293] successfully renewed lease kube-system/external-resizer-ebs-csi-aws-com
2026-06-19T12:26:06.970445576Z I0619 12:26:06.970229       1 leaderelection.go:293] successfully renewed lease kube-system/external-resizer-ebs-csi-aws-com
2026-06-19T12:26:11.976601532Z I0619 12:26:11.976461       1 leaderelection.go:293] successfully renewed lease kube-system/external-resizer-ebs-csi-aws-com
2026-06-19T12:26:16.983853996Z I0619 12:26:16.983722       1 leaderelection.go:293] successfully renewed lease kube-system/external-resizer-ebs-csi-aws-com
2026-06-19T12:26:21.990684042Z I0619 12:26:21.990537       1 leaderelection.go:293] successfully renewed lease kube-system/external-resizer-ebs-csi-aws-com
2026-06-19T12:26:26.998216899Z I0619 12:26:26.997996       1 leaderelection.go:293] successfully renewed lease kube-system/external-resizer-ebs-csi-aws-com
2026-06-19T12:26:32.003782332Z I0619 12:26:32.003636       1 leaderelection.go:293] successfully renewed lease kube-system/external-resizer-ebs-csi-aws-com
2026-06-19T12:26:37.009391165Z I0619 12:26:37.009247       1 leaderelection.go:293] successfully renewed lease kube-system/external-resizer-ebs-csi-aws-com
2026-06-19T12:26:42.015878730Z I0619 12:26:42.015644       1 leaderelection.go:293] successfully renewed lease kube-system/external-resizer-ebs-csi-aws-com
2026-06-19T12:26:47.020865762Z I0619 12:26:47.020731       1 leaderelection.go:293] successfully renewed lease kube-system/external-resizer-ebs-csi-aws-com
2026-06-19T12:26:52.027007391Z I0619 12:26:52.026655       1 leaderelection.go:293] successfully renewed lease kube-system/external-resizer-ebs-csi-aws-com
2026-06-19T12:26:57.034292220Z I0619 12:26:57.032678       1 leaderelection.go:293] successfully renewed lease kube-system/external-resizer-ebs-csi-aws-com
2026-06-19T12:27:02.074161923Z I0619 12:27:02.074008       1 leaderelection.go:293] successfully renewed lease kube-system/external-resizer-ebs-csi-aws-com
2026-06-19T12:27:07.083818690Z I0619 12:27:07.083679       1 leaderelection.go:293] successfully renewed lease kube-system/external-resizer-ebs-csi-aws-com
2026-06-19T12:27:12.089835209Z I0619 12:27:12.089695       1 leaderelection.go:293] successfully renewed lease kube-system/external-resizer-ebs-csi-aws-com
2026-06-19T12:27:17.097516281Z I0619 12:27:17.097369       1 leaderelection.go:293] successfully renewed lease kube-system/external-resizer-ebs-csi-aws-com
2026-06-19T12:27:22.103212902Z I0619 12:27:22.103061       1 leaderelection.go:293] successfully renewed lease kube-system/external-resizer-ebs-csi-aws-com
2026-06-19T12:27:27.109160685Z I0619 12:27:27.108874       1 leaderelection.go:293] successfully renewed lease kube-system/external-resizer-ebs-csi-aws-com
2026-06-19T12:27:32.117315998Z I0619 12:27:32.117136       1 leaderelection.go:293] successfully renewed lease kube-system/external-resizer-ebs-csi-aws-com
2026-06-19T12:27:37.122558138Z I0619 12:27:37.122392       1 leaderelection.go:293] successfully renewed lease kube-system/external-resizer-ebs-csi-aws-com
2026-06-19T12:27:42.130814271Z I0619 12:27:42.130449       1 leaderelection.go:293] successfully renewed lease kube-system/external-resizer-ebs-csi-aws-com
2026-06-19T12:27:47.137664594Z I0619 12:27:47.137483       1 leaderelection.go:293] successfully renewed lease kube-system/external-resizer-ebs-csi-aws-com
2026-06-19T12:27:52.143011518Z I0619 12:27:52.142885       1 leaderelection.go:293] successfully renewed lease kube-system/external-resizer-ebs-csi-aws-com
2026-06-19T12:27:57.147981913Z I0619 12:27:57.147821       1 leaderelection.go:293] successfully renewed lease kube-system/external-resizer-ebs-csi-aws-com
2026-06-19T12:28:02.197931187Z I0619 12:28:02.197775       1 leaderelection.go:293] successfully renewed lease kube-system/external-resizer-ebs-csi-aws-com
2026-06-19T12:28:07.203738153Z I0619 12:28:07.203585       1 leaderelection.go:293] successfully renewed lease kube-system/external-resizer-ebs-csi-aws-com
2026-06-19T12:28:12.209542195Z I0619 12:28:12.209411       1 leaderelection.go:293] successfully renewed lease kube-system/external-resizer-ebs-csi-aws-com
2026-06-19T12:28:17.220287345Z I0619 12:28:17.220086       1 leaderelection.go:293] successfully renewed lease kube-system/external-resizer-ebs-csi-aws-com
2026-06-19T12:28:22.226366499Z I0619 12:28:22.226215       1 leaderelection.go:293] successfully renewed lease kube-system/external-resizer-ebs-csi-aws-com
2026-06-19T12:28:27.231714242Z I0619 12:28:27.231510       1 leaderelection.go:293] successfully renewed lease kube-system/external-resizer-ebs-csi-aws-com
2026-06-19T12:28:32.238006836Z I0619 12:28:32.237876       1 leaderelection.go:293] successfully renewed lease kube-system/external-resizer-ebs-csi-aws-com
2026-06-19T12:28:37.245542184Z I0619 12:28:37.245442       1 leaderelection.go:293] successfully renewed lease kube-system/external-resizer-ebs-csi-aws-com
2026-06-19T12:28:42.253420530Z I0619 12:28:42.253286       1 leaderelection.go:293] successfully renewed lease kube-system/external-resizer-ebs-csi-aws-com
2026-06-19T12:28:47.259128360Z I0619 12:28:47.258991       1 leaderelection.go:293] successfully renewed lease kube-system/external-resizer-ebs-csi-aws-com
2026-06-19T12:28:52.264678723Z I0619 12:28:52.264538       1 leaderelection.go:293] successfully renewed lease kube-system/external-resizer-ebs-csi-aws-com
2026-06-19T12:28:57.273495950Z I0619 12:28:57.272879       1 leaderelection.go:293] successfully renewed lease kube-system/external-resizer-ebs-csi-aws-com
2026-06-19T12:29:02.458518704Z I0619 12:29:02.458262       1 leaderelection.go:293] successfully renewed lease kube-system/external-resizer-ebs-csi-aws-com
2026-06-19T12:29:07.465464135Z I0619 12:29:07.465332       1 leaderelection.go:293] successfully renewed lease kube-system/external-resizer-ebs-csi-aws-com
2026-06-19T12:29:12.471462835Z I0619 12:29:12.471343       1 leaderelection.go:293] successfully renewed lease kube-system/external-resizer-ebs-csi-aws-com
2026-06-19T12:29:17.477410073Z I0619 12:29:17.477247       1 leaderelection.go:293] successfully renewed lease kube-system/external-resizer-ebs-csi-aws-com
2026-06-19T12:29:22.486858573Z I0619 12:29:22.486660       1 leaderelection.go:293] successfully renewed lease kube-system/external-resizer-ebs-csi-aws-com
2026-06-19T12:29:27.492885705Z I0619 12:29:27.492734       1 leaderelection.go:293] successfully renewed lease kube-system/external-resizer-ebs-csi-aws-com
2026-06-19T12:29:32.500456868Z I0619 12:29:32.500330       1 leaderelection.go:293] successfully renewed lease kube-system/external-resizer-ebs-csi-aws-com
2026-06-19T12:29:35.856119792Z I0619 12:29:35.855976       1 reflector.go:946] "Watch close" reflector="k8s.io/client-go/informers/factory.go:160" type="*v1.PersistentVolume" totalItems=10
2026-06-19T12:29:37.508250141Z I0619 12:29:37.508121       1 leaderelection.go:293] successfully renewed lease kube-system/external-resizer-ebs-csi-aws-com
2026-06-19T12:29:42.516368440Z I0619 12:29:42.516242       1 leaderelection.go:293] successfully renewed lease kube-system/external-resizer-ebs-csi-aws-com
2026-06-19T12:29:47.522038046Z I0619 12:29:47.521912       1 leaderelection.go:293] successfully renewed lease kube-system/external-resizer-ebs-csi-aws-com
2026-06-19T12:29:52.528655080Z I0619 12:29:52.528496       1 leaderelection.go:293] successfully renewed lease kube-system/external-resizer-ebs-csi-aws-com
2026-06-19T12:29:57.533714148Z I0619 12:29:57.533594       1 leaderelection.go:293] successfully renewed lease kube-system/external-resizer-ebs-csi-aws-com
2026-06-19T12:30:02.550474016Z I0619 12:30:02.550177       1 leaderelection.go:293] successfully renewed lease kube-system/external-resizer-ebs-csi-aws-com
2026-06-19T12:30:07.556576622Z I0619 12:30:07.556236       1 leaderelection.go:293] successfully renewed lease kube-system/external-resizer-ebs-csi-aws-com
2026-06-19T12:30:12.563969494Z I0619 12:30:12.563831       1 leaderelection.go:293] successfully renewed lease kube-system/external-resizer-ebs-csi-aws-com
2026-06-19T12:30:17.569916228Z I0619 12:30:17.569748       1 leaderelection.go:293] successfully renewed lease kube-system/external-resizer-ebs-csi-aws-com
2026-06-19T12:30:22.575413456Z I0619 12:30:22.575276       1 leaderelection.go:293] successfully renewed lease kube-system/external-resizer-ebs-csi-aws-com
2026-06-19T12:30:27.581958184Z I0619 12:30:27.581835       1 leaderelection.go:293] successfully renewed lease kube-system/external-resizer-ebs-csi-aws-com
2026-06-19T12:30:32.587354690Z I0619 12:30:32.587234       1 leaderelection.go:293] successfully renewed lease kube-system/external-resizer-ebs-csi-aws-com
2026-06-19T12:30:37.593243289Z I0619 12:30:37.592585       1 leaderelection.go:293] successfully renewed lease kube-system/external-resizer-ebs-csi-aws-com
2026-06-19T12:30:42.598307063Z I0619 12:30:42.598173       1 leaderelection.go:293] successfully renewed lease kube-system/external-resizer-ebs-csi-aws-com
2026-06-19T12:30:47.603233186Z I0619 12:30:47.603090       1 leaderelection.go:293] successfully renewed lease kube-system/external-resizer-ebs-csi-aws-com
2026-06-19T12:30:52.611222627Z I0619 12:30:52.611084       1 leaderelection.go:293] successfully renewed lease kube-system/external-resizer-ebs-csi-aws-com
2026-06-19T12:30:57.618164891Z I0619 12:30:57.618049       1 leaderelection.go:293] successfully renewed lease kube-system/external-resizer-ebs-csi-aws-com
2026-06-19T12:31:02.654957772Z I0619 12:31:02.652406       1 leaderelection.go:293] successfully renewed lease kube-system/external-resizer-ebs-csi-aws-com
2026-06-19T12:31:07.660620369Z I0619 12:31:07.660310       1 leaderelection.go:293] successfully renewed lease kube-system/external-resizer-ebs-csi-aws-com
2026-06-19T12:31:12.666556583Z I0619 12:31:12.666285       1 leaderelection.go:293] successfully renewed lease kube-system/external-resizer-ebs-csi-aws-com
2026-06-19T12:31:17.672909878Z I0619 12:31:17.672749       1 leaderelection.go:293] successfully renewed lease kube-system/external-resizer-ebs-csi-aws-com
2026-06-19T12:31:22.678891463Z I0619 12:31:22.678656       1 leaderelection.go:293] successfully renewed lease kube-system/external-resizer-ebs-csi-aws-com
2026-06-19T12:31:27.685839870Z I0619 12:31:27.685710       1 leaderelection.go:293] successfully renewed lease kube-system/external-resizer-ebs-csi-aws-com
2026-06-19T12:31:32.694504629Z I0619 12:31:32.694371       1 leaderelection.go:293] successfully renewed lease kube-system/external-resizer-ebs-csi-aws-com
2026-06-19T12:31:37.700737696Z I0619 12:31:37.700616       1 leaderelection.go:293] successfully renewed lease kube-system/external-resizer-ebs-csi-aws-com
2026-06-19T12:31:42.708611801Z I0619 12:31:42.708423       1 leaderelection.go:293] successfully renewed lease kube-system/external-resizer-ebs-csi-aws-com
2026-06-19T12:31:47.713758008Z I0619 12:31:47.713620       1 leaderelection.go:293] successfully renewed lease kube-system/external-resizer-ebs-csi-aws-com
2026-06-19T12:31:52.718615631Z I0619 12:31:52.718462       1 leaderelection.go:293] successfully renewed lease kube-system/external-resizer-ebs-csi-aws-com
2026-06-19T12:31:57.724030570Z I0619 12:31:57.723897       1 leaderelection.go:293] successfully renewed lease kube-system/external-resizer-ebs-csi-aws-com
2026-06-19T12:32:02.789249769Z I0619 12:32:02.785595       1 leaderelection.go:293] successfully renewed lease kube-system/external-resizer-ebs-csi-aws-com
2026-06-19T12:32:07.795125436Z I0619 12:32:07.794832       1 leaderelection.go:293] successfully renewed lease kube-system/external-resizer-ebs-csi-aws-com
2026-06-19T12:32:12.802287181Z I0619 12:32:12.801457       1 leaderelection.go:293] successfully renewed lease kube-system/external-resizer-ebs-csi-aws-com
2026-06-19T12:32:17.810406266Z I0619 12:32:17.810254       1 leaderelection.go:293] successfully renewed lease kube-system/external-resizer-ebs-csi-aws-com
2026-06-19T12:32:22.815540404Z I0619 12:32:22.815415       1 leaderelection.go:293] successfully renewed lease kube-system/external-resizer-ebs-csi-aws-com
2026-06-19T12:32:27.821538907Z I0619 12:32:27.821406       1 leaderelection.go:293] successfully renewed lease kube-system/external-resizer-ebs-csi-aws-com
2026-06-19T12:32:32.827227209Z I0619 12:32:32.827094       1 leaderelection.go:293] successfully renewed lease kube-system/external-resizer-ebs-csi-aws-com
2026-06-19T12:32:37.834331805Z I0619 12:32:37.834139       1 leaderelection.go:293] successfully renewed lease kube-system/external-resizer-ebs-csi-aws-com
2026-06-19T12:32:42.841760383Z I0619 12:32:42.841498       1 leaderelection.go:293] successfully renewed lease kube-system/external-resizer-ebs-csi-aws-com
2026-06-19T12:32:47.846765074Z I0619 12:32:47.846463       1 leaderelection.go:293] successfully renewed lease kube-system/external-resizer-ebs-csi-aws-com
2026-06-19T12:32:52.855193254Z I0619 12:32:52.855063       1 leaderelection.go:293] successfully renewed lease kube-system/external-resizer-ebs-csi-aws-com
2026-06-19T12:32:57.863034754Z I0619 12:32:57.862874       1 leaderelection.go:293] successfully renewed lease kube-system/external-resizer-ebs-csi-aws-com
2026-06-19T12:33:02.937782569Z I0619 12:33:02.937178       1 leaderelection.go:293] successfully renewed lease kube-system/external-resizer-ebs-csi-aws-com
2026-06-19T12:33:07.977106327Z I0619 12:33:07.976917       1 leaderelection.go:293] successfully renewed lease kube-system/external-resizer-ebs-csi-aws-com
2026-06-19T12:33:12.985847343Z I0619 12:33:12.985719       1 leaderelection.go:293] successfully renewed lease kube-system/external-resizer-ebs-csi-aws-com
2026-06-19T12:33:17.990674860Z I0619 12:33:17.990513       1 leaderelection.go:293] successfully renewed lease kube-system/external-resizer-ebs-csi-aws-com
2026-06-19T12:33:22.996642259Z I0619 12:33:22.996455       1 leaderelection.go:293] successfully renewed lease kube-system/external-resizer-ebs-csi-aws-com
2026-06-19T12:33:28.001433750Z I0619 12:33:28.001309       1 leaderelection.go:293] successfully renewed lease kube-system/external-resizer-ebs-csi-aws-com
2026-06-19T12:33:28.891881935Z I0619 12:33:28.891678       1 reflector.go:946] "Watch close" reflector="k8s.io/client-go/informers/factory.go:160" type="*v1.PersistentVolumeClaim" totalItems=10
2026-06-19T12:33:33.007487195Z I0619 12:33:33.007302       1 leaderelection.go:293] successfully renewed lease kube-system/external-resizer-ebs-csi-aws-com
2026-06-19T12:33:38.013681944Z I0619 12:33:38.013428       1 leaderelection.go:293] successfully renewed lease kube-system/external-resizer-ebs-csi-aws-com
2026-06-19T12:33:43.021459223Z I0619 12:33:43.021315       1 leaderelection.go:293] successfully renewed lease kube-system/external-resizer-ebs-csi-aws-com
2026-06-19T12:33:48.027153897Z I0619 12:33:48.027008       1 leaderelection.go:293] successfully renewed lease kube-system/external-resizer-ebs-csi-aws-com
2026-06-19T12:33:53.032621688Z I0619 12:33:53.032433       1 leaderelection.go:293] successfully renewed lease kube-system/external-resizer-ebs-csi-aws-com
2026-06-19T12:33:58.041197831Z I0619 12:33:58.040841       1 leaderelection.go:293] successfully renewed lease kube-system/external-resizer-ebs-csi-aws-com
2026-06-19T12:34:03.170844721Z I0619 12:34:03.170706       1 leaderelection.go:293] successfully renewed lease kube-system/external-resizer-ebs-csi-aws-com
2026-06-19T12:34:08.178605067Z I0619 12:34:08.178434       1 leaderelection.go:293] successfully renewed lease kube-system/external-resizer-ebs-csi-aws-com
2026-06-19T12:34:13.183686599Z I0619 12:34:13.183499       1 leaderelection.go:293] successfully renewed lease kube-system/external-resizer-ebs-csi-aws-com
2026-06-19T12:34:18.190490097Z I0619 12:34:18.190190       1 leaderelection.go:293] successfully renewed lease kube-system/external-resizer-ebs-csi-aws-com
2026-06-19T12:34:23.196573082Z I0619 12:34:23.196346       1 leaderelection.go:293] successfully renewed lease kube-system/external-resizer-ebs-csi-aws-com
2026-06-19T12:34:28.202088307Z I0619 12:34:28.201969       1 leaderelection.go:293] successfully renewed lease kube-system/external-resizer-ebs-csi-aws-com
2026-06-19T12:34:33.207833902Z I0619 12:34:33.207709       1 leaderelection.go:293] successfully renewed lease kube-system/external-resizer-ebs-csi-aws-com
2026-06-19T12:34:38.213623470Z I0619 12:34:38.213425       1 leaderelection.go:293] successfully renewed lease kube-system/external-resizer-ebs-csi-aws-com
2026-06-19T12:34:43.221793451Z I0619 12:34:43.221476       1 leaderelection.go:293] successfully renewed lease kube-system/external-resizer-ebs-csi-aws-com
2026-06-19T12:34:46.858295058Z I0619 12:34:46.858171       1 reflector.go:946] "Watch close" reflector="k8s.io/client-go/informers/factory.go:160" type="*v1.PersistentVolume" totalItems=7
2026-06-19T12:34:48.227395123Z I0619 12:34:48.227269       1 leaderelection.go:293] successfully renewed lease kube-system/external-resizer-ebs-csi-aws-com
2026-06-19T12:34:53.234861873Z I0619 12:34:53.234499       1 leaderelection.go:293] successfully renewed lease kube-system/external-resizer-ebs-csi-aws-com
2026-06-19T12:34:58.243493872Z I0619 12:34:58.243367       1 leaderelection.go:293] successfully renewed lease kube-system/external-resizer-ebs-csi-aws-com
2026-06-19T12:35:03.329334917Z I0619 12:35:03.329142       1 leaderelection.go:293] successfully renewed lease kube-system/external-resizer-ebs-csi-aws-com
2026-06-19T12:35:08.335721618Z I0619 12:35:08.335359       1 leaderelection.go:293] successfully renewed lease kube-system/external-resizer-ebs-csi-aws-com
2026-06-19T12:35:13.341122868Z I0619 12:35:13.340768       1 leaderelection.go:293] successfully renewed lease kube-system/external-resizer-ebs-csi-aws-com
2026-06-19T12:35:18.347099868Z I0619 12:35:18.346960       1 leaderelection.go:293] successfully renewed lease kube-system/external-resizer-ebs-csi-aws-com
2026-06-19T12:35:23.352023112Z I0619 12:35:23.351903       1 leaderelection.go:293] successfully renewed lease kube-system/external-resizer-ebs-csi-aws-com
2026-06-19T12:35:28.359902415Z I0619 12:35:28.359765       1 leaderelection.go:293] successfully renewed lease kube-system/external-resizer-ebs-csi-aws-com
2026-06-19T12:35:33.367329470Z I0619 12:35:33.367171       1 leaderelection.go:293] successfully renewed lease kube-system/external-resizer-ebs-csi-aws-com
2026-06-19T12:35:38.372897590Z I0619 12:35:38.372781       1 leaderelection.go:293] successfully renewed lease kube-system/external-resizer-ebs-csi-aws-com
2026-06-19T12:35:43.379501221Z I0619 12:35:43.378788       1 leaderelection.go:293] successfully renewed lease kube-system/external-resizer-ebs-csi-aws-com
2026-06-19T12:35:44.747777581Z I0619 12:35:44.747640       1 reflector.go:450] "Forcing resync" reflector="k8s.io/client-go/informers/factory.go:160"
2026-06-19T12:35:44.747966747Z I0619 12:35:44.747871       1 controller.go:327] "Started PVC processing for resize controller" key="kubentic-foresight/server-volume-vlogs-server-0"
2026-06-19T12:35:44.748044576Z I0619 12:35:44.747928       1 controller.go:327] "Started PVC processing for resize controller" key="kubentic-foresight/vmsingle-vmstack"
2026-06-19T12:35:44.748053149Z I0619 12:35:44.747950       1 controller.go:375] "No need to resize PVC" PVC="kubentic-foresight/vmsingle-vmstack"
2026-06-19T12:35:44.748057400Z I0619 12:35:44.747929       1 controller.go:375] "No need to resize PVC" PVC="kubentic-foresight/server-volume-vlogs-server-0"
2026-06-19T12:35:48.386099467Z I0619 12:35:48.385925       1 leaderelection.go:293] successfully renewed lease kube-system/external-resizer-ebs-csi-aws-com
2026-06-19T12:35:53.391229818Z I0619 12:35:53.391118       1 leaderelection.go:293] successfully renewed lease kube-system/external-resizer-ebs-csi-aws-com
2026-06-19T12:35:58.397468724Z I0619 12:35:58.397313       1 leaderelection.go:293] successfully renewed lease kube-system/external-resizer-ebs-csi-aws-com
2026-06-19T12:36:03.411645197Z I0619 12:36:03.411446       1 leaderelection.go:293] successfully renewed lease kube-system/external-resizer-ebs-csi-aws-com
2026-06-19T12:36:08.419027093Z I0619 12:36:08.418719       1 leaderelection.go:293] successfully renewed lease kube-system/external-resizer-ebs-csi-aws-com
2026-06-19T12:36:13.427059848Z I0619 12:36:13.426824       1 leaderelection.go:293] successfully renewed lease kube-system/external-resizer-ebs-csi-aws-com
2026-06-19T12:36:18.436216948Z I0619 12:36:18.435840       1 leaderelection.go:293] successfully renewed lease kube-system/external-resizer-ebs-csi-aws-com
2026-06-19T12:36:23.441868127Z I0619 12:36:23.441747       1 leaderelection.go:293] successfully renewed lease kube-system/external-resizer-ebs-csi-aws-com
2026-06-19T12:36:28.449637906Z I0619 12:36:28.449465       1 leaderelection.go:293] successfully renewed lease kube-system/external-resizer-ebs-csi-aws-com
2026-06-19T12:36:33.454832748Z I0619 12:36:33.454637       1 leaderelection.go:293] successfully renewed lease kube-system/external-resizer-ebs-csi-aws-com
2026-06-19T12:36:38.460522616Z I0619 12:36:38.460361       1 leaderelection.go:293] successfully renewed lease kube-system/external-resizer-ebs-csi-aws-com
2026-06-19T12:36:43.467329541Z I0619 12:36:43.467188       1 leaderelection.go:293] successfully renewed lease kube-system/external-resizer-ebs-csi-aws-com
2026-06-19T12:36:48.472862248Z I0619 12:36:48.472721       1 leaderelection.go:293] successfully renewed lease kube-system/external-resizer-ebs-csi-aws-com
2026-06-19T12:36:53.478654851Z I0619 12:36:53.478522       1 leaderelection.go:293] successfully renewed lease kube-system/external-resizer-ebs-csi-aws-com
2026-06-19T12:36:58.483975694Z I0619 12:36:58.483654       1 leaderelection.go:293] successfully renewed lease kube-system/external-resizer-ebs-csi-aws-com
2026-06-19T12:37:03.521515287Z I0619 12:37:03.518083       1 leaderelection.go:293] successfully renewed lease kube-system/external-resizer-ebs-csi-aws-com
2026-06-19T12:37:08.527222150Z I0619 12:37:08.527042       1 leaderelection.go:293] successfully renewed lease kube-system/external-resizer-ebs-csi-aws-com
2026-06-19T12:37:13.534664812Z I0619 12:37:13.534507       1 leaderelection.go:293] successfully renewed lease kube-system/external-resizer-ebs-csi-aws-com
2026-06-19T12:37:18.541211666Z I0619 12:37:18.540525       1 leaderelection.go:293] successfully renewed lease kube-system/external-resizer-ebs-csi-aws-com
2026-06-19T12:37:23.546310634Z I0619 12:37:23.546159       1 leaderelection.go:293] successfully renewed lease kube-system/external-resizer-ebs-csi-aws-com
2026-06-19T12:37:28.554299298Z I0619 12:37:28.554170       1 leaderelection.go:293] successfully renewed lease kube-system/external-resizer-ebs-csi-aws-com
2026-06-19T12:37:33.559663150Z I0619 12:37:33.559451       1 leaderelection.go:293] successfully renewed lease kube-system/external-resizer-ebs-csi-aws-com
2026-06-19T12:37:38.566466433Z I0619 12:37:38.566343       1 leaderelection.go:293] successfully renewed lease kube-system/external-resizer-ebs-csi-aws-com
2026-06-19T12:37:43.572234578Z I0619 12:37:43.572030       1 leaderelection.go:293] successfully renewed lease kube-system/external-resizer-ebs-csi-aws-com
2026-06-19T12:37:48.578132169Z I0619 12:37:48.577972       1 leaderelection.go:293] successfully renewed lease kube-system/external-resizer-ebs-csi-aws-com
2026-06-19T12:37:53.583877163Z I0619 12:37:53.583686       1 leaderelection.go:293] successfully renewed lease kube-system/external-resizer-ebs-csi-aws-com
2026-06-19T12:37:58.589526369Z I0619 12:37:58.589394       1 leaderelection.go:293] successfully renewed lease kube-system/external-resizer-ebs-csi-aws-com
2026-06-19T12:38:03.625481475Z I0619 12:38:03.625288       1 leaderelection.go:293] successfully renewed lease kube-system/external-resizer-ebs-csi-aws-com
2026-06-19T12:38:08.631282028Z I0619 12:38:08.631123       1 leaderelection.go:293] successfully renewed lease kube-system/external-resizer-ebs-csi-aws-com
2026-06-19T12:38:13.638823327Z I0619 12:38:13.638666       1 leaderelection.go:293] successfully renewed lease kube-system/external-resizer-ebs-csi-aws-com
2026-06-19T12:38:18.644288617Z I0619 12:38:18.644149       1 leaderelection.go:293] successfully renewed lease kube-system/external-resizer-ebs-csi-aws-com
2026-06-19T12:38:23.653599390Z I0619 12:38:23.653442       1 leaderelection.go:293] successfully renewed lease kube-system/external-resizer-ebs-csi-aws-com
2026-06-19T12:38:28.663267077Z I0619 12:38:28.662283       1 leaderelection.go:293] successfully renewed lease kube-system/external-resizer-ebs-csi-aws-com
2026-06-19T12:38:33.668351340Z I0619 12:38:33.668223       1 leaderelection.go:293] successfully renewed lease kube-system/external-resizer-ebs-csi-aws-com
2026-06-19T12:38:38.673979546Z I0619 12:38:38.673808       1 leaderelection.go:293] successfully renewed lease kube-system/external-resizer-ebs-csi-aws-com
2026-06-19T12:38:43.680797648Z I0619 12:38:43.680669       1 leaderelection.go:293] successfully renewed lease kube-system/external-resizer-ebs-csi-aws-com
2026-06-19T12:38:48.687090911Z I0619 12:38:48.686829       1 leaderelection.go:293] successfully renewed lease kube-system/external-resizer-ebs-csi-aws-com
2026-06-19T12:38:53.694014735Z I0619 12:38:53.693832       1 leaderelection.go:293] successfully renewed lease kube-system/external-resizer-ebs-csi-aws-com
2026-06-19T12:38:58.705032704Z I0619 12:38:58.704858       1 leaderelection.go:293] successfully renewed lease kube-system/external-resizer-ebs-csi-aws-com
2026-06-19T12:39:03.741021968Z I0619 12:39:03.740859       1 leaderelection.go:293] successfully renewed lease kube-system/external-resizer-ebs-csi-aws-com
2026-06-19T12:39:08.747452715Z I0619 12:39:08.747292       1 leaderelection.go:293] successfully renewed lease kube-system/external-resizer-ebs-csi-aws-com
2026-06-19T12:39:13.758087457Z I0619 12:39:13.757986       1 leaderelection.go:293] successfully renewed lease kube-system/external-resizer-ebs-csi-aws-com
2026-06-19T12:39:18.766119036Z I0619 12:39:18.766011       1 leaderelection.go:293] successfully renewed lease kube-system/external-resizer-ebs-csi-aws-com
2026-06-19T12:39:23.773315343Z I0619 12:39:23.773187       1 leaderelection.go:293] successfully renewed lease kube-system/external-resizer-ebs-csi-aws-com
2026-06-19T12:39:28.796582520Z I0619 12:39:28.795937       1 leaderelection.go:293] successfully renewed lease kube-system/external-resizer-ebs-csi-aws-com
2026-06-19T12:39:33.803343804Z I0619 12:39:33.803307       1 leaderelection.go:293] successfully renewed lease kube-system/external-resizer-ebs-csi-aws-com
2026-06-19T12:39:38.813606705Z I0619 12:39:38.813310       1 leaderelection.go:293] successfully renewed lease kube-system/external-resizer-ebs-csi-aws-com
2026-06-19T12:39:43.820320619Z I0619 12:39:43.820138       1 leaderelection.go:293] successfully renewed lease kube-system/external-resizer-ebs-csi-aws-com
2026-06-19T12:39:48.828055686Z I0619 12:39:48.827826       1 leaderelection.go:293] successfully renewed lease kube-system/external-resizer-ebs-csi-aws-com
2026-06-19T12:39:53.837756571Z I0619 12:39:53.837584       1 leaderelection.go:293] successfully renewed lease kube-system/external-resizer-ebs-csi-aws-com
2026-06-19T12:39:58.845314730Z I0619 12:39:58.845123       1 leaderelection.go:293] successfully renewed lease kube-system/external-resizer-ebs-csi-aws-com
2026-06-19T12:40:03.868048473Z I0619 12:40:03.867576       1 leaderelection.go:293] successfully renewed lease kube-system/external-resizer-ebs-csi-aws-com
2026-06-19T12:40:08.875620514Z I0619 12:40:08.875451       1 leaderelection.go:293] successfully renewed lease kube-system/external-resizer-ebs-csi-aws-com
2026-06-19T12:40:13.883882740Z I0619 12:40:13.883734       1 leaderelection.go:293] successfully renewed lease kube-system/external-resizer-ebs-csi-aws-com
2026-06-19T12:40:18.890200439Z I0619 12:40:18.890075       1 leaderelection.go:293] successfully renewed lease kube-system/external-resizer-ebs-csi-aws-com
2026-06-19T12:40:23.896774510Z I0619 12:40:23.896205       1 leaderelection.go:293] successfully renewed lease kube-system/external-resizer-ebs-csi-aws-com
2026-06-19T12:40:28.904368286Z I0619 12:40:28.904087       1 leaderelection.go:293] successfully renewed lease kube-system/external-resizer-ebs-csi-aws-com
2026-06-19T12:40:33.910572197Z I0619 12:40:33.910410       1 leaderelection.go:293] successfully renewed lease kube-system/external-resizer-ebs-csi-aws-com
2026-06-19T12:40:38.916168867Z I0619 12:40:38.916027       1 leaderelection.go:293] successfully renewed lease kube-system/external-resizer-ebs-csi-aws-com
2026-06-19T12:40:43.921669723Z I0619 12:40:43.921498       1 leaderelection.go:293] successfully renewed lease kube-system/external-resizer-ebs-csi-aws-com
2026-06-19T12:40:48.927722630Z I0619 12:40:48.927608       1 leaderelection.go:293] successfully renewed lease kube-system/external-resizer-ebs-csi-aws-com
2026-06-19T12:40:53.933587611Z I0619 12:40:53.933449       1 leaderelection.go:293] successfully renewed lease kube-system/external-resizer-ebs-csi-aws-com
2026-06-19T12:40:58.940151890Z I0619 12:40:58.940033       1 leaderelection.go:293] successfully renewed lease kube-system/external-resizer-ebs-csi-aws-com
2026-06-19T12:41:03.956613223Z I0619 12:41:03.956442       1 leaderelection.go:293] successfully renewed lease kube-system/external-resizer-ebs-csi-aws-com
2026-06-19T12:41:08.967440127Z I0619 12:41:08.967332       1 leaderelection.go:293] successfully renewed lease kube-system/external-resizer-ebs-csi-aws-com
2026-06-19T12:41:13.973586978Z I0619 12:41:13.973408       1 leaderelection.go:293] successfully renewed lease kube-system/external-resizer-ebs-csi-aws-com
2026-06-19T12:41:18.979605956Z I0619 12:41:18.979435       1 leaderelection.go:293] successfully renewed lease kube-system/external-resizer-ebs-csi-aws-com
2026-06-19T12:41:23.986365401Z I0619 12:41:23.986231       1 leaderelection.go:293] successfully renewed lease kube-system/external-resizer-ebs-csi-aws-com
2026-06-19T12:41:28.992091593Z I0619 12:41:28.991961       1 leaderelection.go:293] successfully renewed lease kube-system/external-resizer-ebs-csi-aws-com
2026-06-19T12:41:33.998813338Z I0619 12:41:33.998633       1 leaderelection.go:293] successfully renewed lease kube-system/external-resizer-ebs-csi-aws-com
2026-06-19T12:41:39.005863338Z I0619 12:41:39.005373       1 leaderelection.go:293] successfully renewed lease kube-system/external-resizer-ebs-csi-aws-com
2026-06-19T12:41:44.012194822Z I0619 12:41:44.012043       1 leaderelection.go:293] successfully renewed lease kube-system/external-resizer-ebs-csi-aws-com
2026-06-19T12:41:49.019039023Z I0619 12:41:49.018896       1 leaderelection.go:293] successfully renewed lease kube-system/external-resizer-ebs-csi-aws-com
2026-06-19T12:41:54.029811075Z I0619 12:41:54.029656       1 leaderelection.go:293] successfully renewed lease kube-system/external-resizer-ebs-csi-aws-com
2026-06-19T12:41:59.036361194Z I0619 12:41:59.036236       1 leaderelection.go:293] successfully renewed lease kube-system/external-resizer-ebs-csi-aws-com
2026-06-19T12:42:04.271752310Z I0619 12:42:04.270346       1 leaderelection.go:293] successfully renewed lease kube-system/external-resizer-ebs-csi-aws-com
2026-06-19T12:42:09.289069954Z I0619 12:42:09.288776       1 leaderelection.go:293] successfully renewed lease kube-system/external-resizer-ebs-csi-aws-com
2026-06-19T12:42:14.294460509Z I0619 12:42:14.294326       1 leaderelection.go:293] successfully renewed lease kube-system/external-resizer-ebs-csi-aws-com
2026-06-19T12:42:19.300306093Z I0619 12:42:19.300026       1 leaderelection.go:293] successfully renewed lease kube-system/external-resizer-ebs-csi-aws-com
2026-06-19T12:42:24.306447884Z I0619 12:42:24.306316       1 leaderelection.go:293] successfully renewed lease kube-system/external-resizer-ebs-csi-aws-com
2026-06-19T12:42:29.312718268Z I0619 12:42:29.312591       1 leaderelection.go:293] successfully renewed lease kube-system/external-resizer-ebs-csi-aws-com
2026-06-19T12:42:34.319064192Z I0619 12:42:34.318936       1 leaderelection.go:293] successfully renewed lease kube-system/external-resizer-ebs-csi-aws-com
2026-06-19T12:42:39.325900949Z I0619 12:42:39.325769       1 leaderelection.go:293] successfully renewed lease kube-system/external-resizer-ebs-csi-aws-com
2026-06-19T12:42:44.331211884Z I0619 12:42:44.331085       1 leaderelection.go:293] successfully renewed lease kube-system/external-resizer-ebs-csi-aws-com
2026-06-19T12:42:47.864249773Z I0619 12:42:47.864045       1 reflector.go:946] "Watch close" reflector="k8s.io/client-go/informers/factory.go:160" type="*v1.PersistentVolume" totalItems=9
2026-06-19T12:42:49.337099527Z I0619 12:42:49.336803       1 leaderelection.go:293] successfully renewed lease kube-system/external-resizer-ebs-csi-aws-com
2026-06-19T12:42:54.342300894Z I0619 12:42:54.342173       1 leaderelection.go:293] successfully renewed lease kube-system/external-resizer-ebs-csi-aws-com
2026-06-19T12:42:59.347582893Z I0619 12:42:59.347431       1 leaderelection.go:293] successfully renewed lease kube-system/external-resizer-ebs-csi-aws-com
2026-06-19T12:43:04.356403977Z I0619 12:43:04.356227       1 leaderelection.go:293] successfully renewed lease kube-system/external-resizer-ebs-csi-aws-com
2026-06-19T12:43:09.362831219Z I0619 12:43:09.362633       1 leaderelection.go:293] successfully renewed lease kube-system/external-resizer-ebs-csi-aws-com
2026-06-19T12:43:14.368355860Z I0619 12:43:14.368167       1 leaderelection.go:293] successfully renewed lease kube-system/external-resizer-ebs-csi-aws-com
2026-06-19T12:43:17.893957762Z I0619 12:43:17.893599       1 reflector.go:946] "Watch close" reflector="k8s.io/client-go/informers/factory.go:160" type="*v1.PersistentVolumeClaim" totalItems=11
2026-06-19T12:43:19.376691998Z I0619 12:43:19.376426       1 leaderelection.go:293] successfully renewed lease kube-system/external-resizer-ebs-csi-aws-com
2026-06-19T12:43:24.383328216Z I0619 12:43:24.383142       1 leaderelection.go:293] successfully renewed lease kube-system/external-resizer-ebs-csi-aws-com
2026-06-19T12:43:29.389762521Z I0619 12:43:29.389625       1 leaderelection.go:293] successfully renewed lease kube-system/external-resizer-ebs-csi-aws-com
2026-06-19T12:43:34.397405608Z I0619 12:43:34.397271       1 leaderelection.go:293] successfully renewed lease kube-system/external-resizer-ebs-csi-aws-com
2026-06-19T12:43:39.402967489Z I0619 12:43:39.402827       1 leaderelection.go:293] successfully renewed lease kube-system/external-resizer-ebs-csi-aws-com
2026-06-19T12:43:44.409283887Z I0619 12:43:44.409154       1 leaderelection.go:293] successfully renewed lease kube-system/external-resizer-ebs-csi-aws-com
2026-06-19T12:43:49.415109121Z I0619 12:43:49.414932       1 leaderelection.go:293] successfully renewed lease kube-system/external-resizer-ebs-csi-aws-com
2026-06-19T12:43:54.422530250Z I0619 12:43:54.422394       1 leaderelection.go:293] successfully renewed lease kube-system/external-resizer-ebs-csi-aws-com
2026-06-19T12:43:59.427744054Z I0619 12:43:59.427561       1 leaderelection.go:293] successfully renewed lease kube-system/external-resizer-ebs-csi-aws-com
2026-06-19T12:44:04.434112041Z I0619 12:44:04.433997       1 leaderelection.go:293] successfully renewed lease kube-system/external-resizer-ebs-csi-aws-com
2026-06-19T12:44:09.439525520Z I0619 12:44:09.439401       1 leaderelection.go:293] successfully renewed lease kube-system/external-resizer-ebs-csi-aws-com
2026-06-19T12:44:14.445237745Z I0619 12:44:14.445105       1 leaderelection.go:293] successfully renewed lease kube-system/external-resizer-ebs-csi-aws-com
2026-06-19T12:44:19.453336204Z I0619 12:44:19.453164       1 leaderelection.go:293] successfully renewed lease kube-system/external-resizer-ebs-csi-aws-com
2026-06-19T12:44:24.462289498Z I0619 12:44:24.462146       1 leaderelection.go:293] successfully renewed lease kube-system/external-resizer-ebs-csi-aws-com
2026-06-19T12:44:29.471040594Z I0619 12:44:29.470905       1 leaderelection.go:293] successfully renewed lease kube-system/external-resizer-ebs-csi-aws-com
2026-06-19T12:44:34.476595510Z I0619 12:44:34.476440       1 leaderelection.go:293] successfully renewed lease kube-system/external-resizer-ebs-csi-aws-com
2026-06-19T12:44:39.482205352Z I0619 12:44:39.482080       1 leaderelection.go:293] successfully renewed lease kube-system/external-resizer-ebs-csi-aws-com
2026-06-19T12:44:44.487458578Z I0619 12:44:44.487331       1 leaderelection.go:293] successfully renewed lease kube-system/external-resizer-ebs-csi-aws-com
2026-06-19T12:44:49.493404955Z I0619 12:44:49.493254       1 leaderelection.go:293] successfully renewed lease kube-system/external-resizer-ebs-csi-aws-com
2026-06-19T12:44:54.499217109Z I0619 12:44:54.499105       1 leaderelection.go:293] successfully renewed lease kube-system/external-resizer-ebs-csi-aws-com
2026-06-19T12:44:59.507509311Z I0619 12:44:59.507378       1 leaderelection.go:293] successfully renewed lease kube-system/external-resizer-ebs-csi-aws-com
2026-06-19T12:45:04.522914598Z I0619 12:45:04.522376       1 leaderelection.go:293] successfully renewed lease kube-system/external-resizer-ebs-csi-aws-com
2026-06-19T12:45:09.527830975Z I0619 12:45:09.527685       1 leaderelection.go:293] successfully renewed lease kube-system/external-resizer-ebs-csi-aws-com
2026-06-19T12:45:14.533864507Z I0619 12:45:14.533743       1 leaderelection.go:293] successfully renewed lease kube-system/external-resizer-ebs-csi-aws-com
2026-06-19T12:45:19.540189759Z I0619 12:45:19.540063       1 leaderelection.go:293] successfully renewed lease kube-system/external-resizer-ebs-csi-aws-com
2026-06-19T12:45:24.545498671Z I0619 12:45:24.545328       1 leaderelection.go:293] successfully renewed lease kube-system/external-resizer-ebs-csi-aws-com
2026-06-19T12:45:29.552713133Z I0619 12:45:29.552317       1 leaderelection.go:293] successfully renewed lease kube-system/external-resizer-ebs-csi-aws-com
2026-06-19T12:45:34.557714808Z I0619 12:45:34.557584       1 leaderelection.go:293] successfully renewed lease kube-system/external-resizer-ebs-csi-aws-com
2026-06-19T12:45:39.563624466Z I0619 12:45:39.563475       1 leaderelection.go:293] successfully renewed lease kube-system/external-resizer-ebs-csi-aws-com
2026-06-19T12:45:44.570190114Z I0619 12:45:44.570063       1 leaderelection.go:293] successfully renewed lease kube-system/external-resizer-ebs-csi-aws-com
2026-06-19T12:45:44.747891106Z I0619 12:45:44.747728       1 reflector.go:450] "Forcing resync" reflector="k8s.io/client-go/informers/factory.go:160"
2026-06-19T12:45:49.576000607Z I0619 12:45:49.575872       1 leaderelection.go:293] successfully renewed lease kube-system/external-resizer-ebs-csi-aws-com
2026-06-19T12:45:54.580947918Z I0619 12:45:54.580763       1 leaderelection.go:293] successfully renewed lease kube-system/external-resizer-ebs-csi-aws-com
2026-06-19T12:45:59.587207823Z I0619 12:45:59.587076       1 leaderelection.go:293] successfully renewed lease kube-system/external-resizer-ebs-csi-aws-com
2026-06-19T12:46:04.610913842Z I0619 12:46:04.610653       1 leaderelection.go:293] successfully renewed lease kube-system/external-resizer-ebs-csi-aws-com
2026-06-19T12:46:09.616687957Z I0619 12:46:09.616571       1 leaderelection.go:293] successfully renewed lease kube-system/external-resizer-ebs-csi-aws-com
2026-06-19T12:46:14.627963712Z I0619 12:46:14.627799       1 leaderelection.go:293] successfully renewed lease kube-system/external-resizer-ebs-csi-aws-com
2026-06-19T12:46:19.634647894Z I0619 12:46:19.634492       1 leaderelection.go:293] successfully renewed lease kube-system/external-resizer-ebs-csi-aws-com
2026-06-19T12:46:24.641947981Z I0619 12:46:24.641824       1 leaderelection.go:293] successfully renewed lease kube-system/external-resizer-ebs-csi-aws-com
2026-06-19T12:46:29.653784177Z I0619 12:46:29.653415       1 leaderelection.go:293] successfully renewed lease kube-system/external-resizer-ebs-csi-aws-com
2026-06-19T12:46:34.658130032Z I0619 12:46:34.658009       1 leaderelection.go:293] successfully renewed lease kube-system/external-resizer-ebs-csi-aws-com
2026-06-19T12:46:39.668956604Z I0619 12:46:39.668729       1 leaderelection.go:293] successfully renewed lease kube-system/external-resizer-ebs-csi-aws-com
2026-06-19T12:46:44.677120176Z I0619 12:46:44.676756       1 leaderelection.go:293] successfully renewed lease kube-system/external-resizer-ebs-csi-aws-com
2026-06-19T12:46:49.685881534Z I0619 12:46:49.685643       1 leaderelection.go:293] successfully renewed lease kube-system/external-resizer-ebs-csi-aws-com
2026-06-19T12:46:54.692534573Z I0619 12:46:54.692377       1 leaderelection.go:293] successfully renewed lease kube-system/external-resizer-ebs-csi-aws-com
2026-06-19T12:46:59.699278797Z I0619 12:46:59.699156       1 leaderelection.go:293] successfully renewed lease kube-system/external-resizer-ebs-csi-aws-com
2026-06-19T12:47:04.712793898Z I0619 12:47:04.712637       1 leaderelection.go:293] successfully renewed lease kube-system/external-resizer-ebs-csi-aws-com
2026-06-19T12:47:06.938399242Z I0619 12:47:06.937644       1 controller.go:327] "Started PVC processing for resize controller" key="kubentic-foresight/server-volume-vlogs-server-0"
2026-06-19T12:47:06.941402614Z I0619 12:47:06.938422       1 controller.go:350] "PV bound to PVC is not created yet" PVC="kubentic-foresight/server-volume-vlogs-server-0"
2026-06-19T12:47:09.222138457Z I0619 12:47:09.221983       1 controller.go:327] "Started PVC processing for resize controller" key="kubentic-foresight/vmsingle-vmstack"
2026-06-19T12:47:09.222177028Z I0619 12:47:09.222091       1 controller.go:350] "PV bound to PVC is not created yet" PVC="kubentic-foresight/vmsingle-vmstack"
2026-06-19T12:47:09.325450989Z I0619 12:47:09.325267       1 controller.go:327] "Started PVC processing for resize controller" key="kubentic-foresight/server-volume-vlogs-server-0"
2026-06-19T12:47:09.325504525Z I0619 12:47:09.325377       1 controller.go:375] "No need to resize PVC" PVC="kubentic-foresight/server-volume-vlogs-server-0"
2026-06-19T12:47:09.719876026Z I0619 12:47:09.719727       1 leaderelection.go:293] successfully renewed lease kube-system/external-resizer-ebs-csi-aws-com
2026-06-19T12:47:14.727996173Z I0619 12:47:14.727866       1 leaderelection.go:293] successfully renewed lease kube-system/external-resizer-ebs-csi-aws-com
2026-06-19T12:47:16.480965257Z I0619 12:47:16.480722       1 controller.go:327] "Started PVC processing for resize controller" key="kubentic-foresight/vmsingle-vmstack"
2026-06-19T12:47:16.481088318Z I0619 12:47:16.480927       1 controller.go:375] "No need to resize PVC" PVC="kubentic-foresight/vmsingle-vmstack"
2026-06-19T12:47:19.733878615Z I0619 12:47:19.733746       1 leaderelection.go:293] successfully renewed lease kube-system/external-resizer-ebs-csi-aws-com
2026-06-19T12:47:24.741674259Z I0619 12:47:24.741455       1 leaderelection.go:293] successfully renewed lease kube-system/external-resizer-ebs-csi-aws-com
2026-06-19T12:47:29.747741683Z I0619 12:47:29.747618       1 leaderelection.go:293] successfully renewed lease kube-system/external-resizer-ebs-csi-aws-com
2026-06-19T12:47:34.753443120Z I0619 12:47:34.753318       1 leaderelection.go:293] successfully renewed lease kube-system/external-resizer-ebs-csi-aws-com
2026-06-19T12:47:39.759004792Z I0619 12:47:39.758878       1 leaderelection.go:293] successfully renewed lease kube-system/external-resizer-ebs-csi-aws-com
2026-06-19T12:47:44.764654864Z I0619 12:47:44.764495       1 leaderelection.go:293] successfully renewed lease kube-system/external-resizer-ebs-csi-aws-com
2026-06-19T12:47:49.772926047Z I0619 12:47:49.772590       1 leaderelection.go:293] successfully renewed lease kube-system/external-resizer-ebs-csi-aws-com
2026-06-19T12:47:54.778773618Z I0619 12:47:54.778608       1 leaderelection.go:293] successfully renewed lease kube-system/external-resizer-ebs-csi-aws-com
2026-06-19T12:47:59.786080377Z I0619 12:47:59.785940       1 leaderelection.go:293] successfully renewed lease kube-system/external-resizer-ebs-csi-aws-com
2026-06-19T12:48:04.814515713Z I0619 12:48:04.813338       1 leaderelection.go:293] successfully renewed lease kube-system/external-resizer-ebs-csi-aws-com
2026-06-19T12:48:09.819763152Z I0619 12:48:09.819619       1 leaderelection.go:293] successfully renewed lease kube-system/external-resizer-ebs-csi-aws-com
2026-06-19T12:48:14.825397563Z I0619 12:48:14.825268       1 leaderelection.go:293] successfully renewed lease kube-system/external-resizer-ebs-csi-aws-com
2026-06-19T12:48:19.830966849Z I0619 12:48:19.830831       1 leaderelection.go:293] successfully renewed lease kube-system/external-resizer-ebs-csi-aws-com
2026-06-19T12:48:24.836669091Z I0619 12:48:24.836492       1 leaderelection.go:293] successfully renewed lease kube-system/external-resizer-ebs-csi-aws-com
2026-06-19T12:48:29.843971741Z I0619 12:48:29.843689       1 leaderelection.go:293] successfully renewed lease kube-system/external-resizer-ebs-csi-aws-com
2026-06-19T12:48:34.851666454Z I0619 12:48:34.851499       1 leaderelection.go:293] successfully renewed lease kube-system/external-resizer-ebs-csi-aws-com
2026-06-19T12:48:39.857510689Z I0619 12:48:39.857379       1 leaderelection.go:293] successfully renewed lease kube-system/external-resizer-ebs-csi-aws-com
2026-06-19T12:48:44.863299641Z I0619 12:48:44.863087       1 leaderelection.go:293] successfully renewed lease kube-system/external-resizer-ebs-csi-aws-com
2026-06-19T12:48:49.869271841Z I0619 12:48:49.869156       1 leaderelection.go:293] successfully renewed lease kube-system/external-resizer-ebs-csi-aws-com
2026-06-19T12:48:54.875618999Z I0619 12:48:54.875441       1 leaderelection.go:293] successfully renewed lease kube-system/external-resizer-ebs-csi-aws-com
2026-06-19T12:48:59.882165146Z I0619 12:48:59.881991       1 leaderelection.go:293] successfully renewed lease kube-system/external-resizer-ebs-csi-aws-com
2026-06-19T12:49:04.905340220Z I0619 12:49:04.905212       1 leaderelection.go:293] successfully renewed lease kube-system/external-resizer-ebs-csi-aws-com
2026-06-19T12:49:09.913257835Z I0619 12:49:09.913117       1 leaderelection.go:293] successfully renewed lease kube-system/external-resizer-ebs-csi-aws-com
2026-06-19T12:49:14.919493558Z I0619 12:49:14.919265       1 leaderelection.go:293] successfully renewed lease kube-system/external-resizer-ebs-csi-aws-com
2026-06-19T12:49:19.924640728Z I0619 12:49:19.924373       1 leaderelection.go:293] successfully renewed lease kube-system/external-resizer-ebs-csi-aws-com
2026-06-19T12:49:24.931683905Z I0619 12:49:24.931488       1 leaderelection.go:293] successfully renewed lease kube-system/external-resizer-ebs-csi-aws-com
2026-06-19T12:49:29.937170039Z I0619 12:49:29.937033       1 leaderelection.go:293] successfully renewed lease kube-system/external-resizer-ebs-csi-aws-com
2026-06-19T12:49:34.943139191Z I0619 12:49:34.942803       1 leaderelection.go:293] successfully renewed lease kube-system/external-resizer-ebs-csi-aws-com
2026-06-19T12:49:39.948366769Z I0619 12:49:39.948233       1 leaderelection.go:293] successfully renewed lease kube-system/external-resizer-ebs-csi-aws-com
2026-06-19T12:49:44.954526485Z I0619 12:49:44.954409       1 leaderelection.go:293] successfully renewed lease kube-system/external-resizer-ebs-csi-aws-com
2026-06-19T12:49:49.964542199Z I0619 12:49:49.964388       1 leaderelection.go:293] successfully renewed lease kube-system/external-resizer-ebs-csi-aws-com
2026-06-19T12:49:54.970397732Z I0619 12:49:54.970270       1 leaderelection.go:293] successfully renewed lease kube-system/external-resizer-ebs-csi-aws-com
2026-06-19T12:49:59.976395929Z I0619 12:49:59.976266       1 leaderelection.go:293] successfully renewed lease kube-system/external-resizer-ebs-csi-aws-com
2026-06-19T12:50:04.983179276Z I0619 12:50:04.983053       1 leaderelection.go:293] successfully renewed lease kube-system/external-resizer-ebs-csi-aws-com
2026-06-19T12:50:09.989231792Z I0619 12:50:09.988934       1 leaderelection.go:293] successfully renewed lease kube-system/external-resizer-ebs-csi-aws-com
2026-06-19T12:50:14.995221169Z I0619 12:50:14.995060       1 leaderelection.go:293] successfully renewed lease kube-system/external-resizer-ebs-csi-aws-com
2026-06-19T12:50:20.001064432Z I0619 12:50:20.000918       1 leaderelection.go:293] successfully renewed lease kube-system/external-resizer-ebs-csi-aws-com
2026-06-19T12:50:25.008105416Z I0619 12:50:25.007992       1 leaderelection.go:293] successfully renewed lease kube-system/external-resizer-ebs-csi-aws-com
2026-06-19T12:50:29.895633423Z I0619 12:50:29.895456       1 reflector.go:946] "Watch close" reflector="k8s.io/client-go/informers/factory.go:160" type="*v1.PersistentVolumeClaim" totalItems=23
2026-06-19T12:50:30.016043851Z I0619 12:50:30.015928       1 leaderelection.go:293] successfully renewed lease kube-system/external-resizer-ebs-csi-aws-com
2026-06-19T12:50:35.021938204Z I0619 12:50:35.021812       1 leaderelection.go:293] successfully renewed lease kube-system/external-resizer-ebs-csi-aws-com
2026-06-19T12:50:40.027647261Z I0619 12:50:40.027518       1 leaderelection.go:293] successfully renewed lease kube-system/external-resizer-ebs-csi-aws-com
2026-06-19T12:50:45.033312569Z I0619 12:50:45.033182       1 leaderelection.go:293] successfully renewed lease kube-system/external-resizer-ebs-csi-aws-com
2026-06-19T12:50:50.039810966Z I0619 12:50:50.039665       1 leaderelection.go:293] successfully renewed lease kube-system/external-resizer-ebs-csi-aws-com
2026-06-19T12:50:53.867555811Z I0619 12:50:53.867375       1 reflector.go:946] "Watch close" reflector="k8s.io/client-go/informers/factory.go:160" type="*v1.PersistentVolume" totalItems=25
2026-06-19T12:50:55.046705531Z I0619 12:50:55.046514       1 leaderelection.go:293] successfully renewed lease kube-system/external-resizer-ebs-csi-aws-com
2026-06-19T12:51:00.060802829Z I0619 12:51:00.059488       1 leaderelection.go:293] successfully renewed lease kube-system/external-resizer-ebs-csi-aws-com
2026-06-19T12:51:05.067299386Z I0619 12:51:05.067173       1 leaderelection.go:293] successfully renewed lease kube-system/external-resizer-ebs-csi-aws-com
2026-06-19T12:51:10.075199243Z I0619 12:51:10.074807       1 leaderelection.go:293] successfully renewed lease kube-system/external-resizer-ebs-csi-aws-com
2026-06-19T12:51:15.080490414Z I0619 12:51:15.080353       1 leaderelection.go:293] successfully renewed lease kube-system/external-resizer-ebs-csi-aws-com
2026-06-19T12:51:20.087937046Z I0619 12:51:20.087821       1 leaderelection.go:293] successfully renewed lease kube-system/external-resizer-ebs-csi-aws-com
2026-06-19T12:51:25.093986951Z I0619 12:51:25.093762       1 leaderelection.go:293] successfully renewed lease kube-system/external-resizer-ebs-csi-aws-com
2026-06-19T12:51:30.103275543Z I0619 12:51:30.103151       1 leaderelection.go:293] successfully renewed lease kube-system/external-resizer-ebs-csi-aws-com
2026-06-19T12:51:35.108613990Z I0619 12:51:35.108474       1 leaderelection.go:293] successfully renewed lease kube-system/external-resizer-ebs-csi-aws-com
2026-06-19T12:51:40.115133689Z I0619 12:51:40.114854       1 leaderelection.go:293] successfully renewed lease kube-system/external-resizer-ebs-csi-aws-com
2026-06-19T12:51:45.123371201Z I0619 12:51:45.123241       1 leaderelection.go:293] successfully renewed lease kube-system/external-resizer-ebs-csi-aws-com
2026-06-19T12:51:50.129922112Z I0619 12:51:50.129804       1 leaderelection.go:293] successfully renewed lease kube-system/external-resizer-ebs-csi-aws-com
2026-06-19T12:51:55.137366732Z I0619 12:51:55.137134       1 leaderelection.go:293] successfully renewed lease kube-system/external-resizer-ebs-csi-aws-com
2026-06-19T12:52:00.151481968Z I0619 12:52:00.151357       1 leaderelection.go:293] successfully renewed lease kube-system/external-resizer-ebs-csi-aws-com
2026-06-19T12:52:05.158180768Z I0619 12:52:05.158041       1 leaderelection.go:293] successfully renewed lease kube-system/external-resizer-ebs-csi-aws-com
2026-06-19T12:52:10.164142898Z I0619 12:52:10.164003       1 leaderelection.go:293] successfully renewed lease kube-system/external-resizer-ebs-csi-aws-com
2026-06-19T12:52:15.169663181Z I0619 12:52:15.169488       1 leaderelection.go:293] successfully renewed lease kube-system/external-resizer-ebs-csi-aws-com
2026-06-19T12:52:20.175912685Z I0619 12:52:20.175797       1 leaderelection.go:293] successfully renewed lease kube-system/external-resizer-ebs-csi-aws-com
2026-06-19T12:52:25.183837846Z I0619 12:52:25.183701       1 leaderelection.go:293] successfully renewed lease kube-system/external-resizer-ebs-csi-aws-com
2026-06-19T12:52:30.190124969Z I0619 12:52:30.189983       1 leaderelection.go:293] successfully renewed lease kube-system/external-resizer-ebs-csi-aws-com
2026-06-19T12:52:35.195261775Z I0619 12:52:35.195144       1 leaderelection.go:293] successfully renewed lease kube-system/external-resizer-ebs-csi-aws-com
2026-06-19T12:52:40.201275840Z I0619 12:52:40.201160       1 leaderelection.go:293] successfully renewed lease kube-system/external-resizer-ebs-csi-aws-com
2026-06-19T12:52:45.207029612Z I0619 12:52:45.206831       1 leaderelection.go:293] successfully renewed lease kube-system/external-resizer-ebs-csi-aws-com
2026-06-19T12:52:50.213444389Z I0619 12:52:50.213294       1 leaderelection.go:293] successfully renewed lease kube-system/external-resizer-ebs-csi-aws-com
2026-06-19T12:52:55.218614620Z I0619 12:52:55.218452       1 leaderelection.go:293] successfully renewed lease kube-system/external-resizer-ebs-csi-aws-com
2026-06-19T12:53:00.224850283Z I0619 12:53:00.224720       1 leaderelection.go:293] successfully renewed lease kube-system/external-resizer-ebs-csi-aws-com
2026-06-19T12:53:05.235639666Z I0619 12:53:05.235047       1 leaderelection.go:293] successfully renewed lease kube-system/external-resizer-ebs-csi-aws-com
2026-06-19T12:53:10.243792501Z I0619 12:53:10.243657       1 leaderelection.go:293] successfully renewed lease kube-system/external-resizer-ebs-csi-aws-com
2026-06-19T12:53:15.249812077Z I0619 12:53:15.249494       1 leaderelection.go:293] successfully renewed lease kube-system/external-resizer-ebs-csi-aws-com
2026-06-19T12:53:20.255323441Z I0619 12:53:20.255173       1 leaderelection.go:293] successfully renewed lease kube-system/external-resizer-ebs-csi-aws-com
2026-06-19T12:53:25.261671368Z I0619 12:53:25.261529       1 leaderelection.go:293] successfully renewed lease kube-system/external-resizer-ebs-csi-aws-com
2026-06-19T12:53:30.269935836Z I0619 12:53:30.269792       1 leaderelection.go:293] successfully renewed lease kube-system/external-resizer-ebs-csi-aws-com
2026-06-19T12:53:35.276449046Z I0619 12:53:35.276215       1 leaderelection.go:293] successfully renewed lease kube-system/external-resizer-ebs-csi-aws-com
2026-06-19T12:53:40.281989045Z I0619 12:53:40.281859       1 leaderelection.go:293] successfully renewed lease kube-system/external-resizer-ebs-csi-aws-com
2026-06-19T12:53:45.290660709Z I0619 12:53:45.290496       1 leaderelection.go:293] successfully renewed lease kube-system/external-resizer-ebs-csi-aws-com
2026-06-19T12:53:50.297141543Z I0619 12:53:50.296746       1 leaderelection.go:293] successfully renewed lease kube-system/external-resizer-ebs-csi-aws-com
2026-06-19T12:53:55.304445741Z I0619 12:53:55.304019       1 leaderelection.go:293] successfully renewed lease kube-system/external-resizer-ebs-csi-aws-com
2026-06-19T12:54:00.311448846Z I0619 12:54:00.311308       1 leaderelection.go:293] successfully renewed lease kube-system/external-resizer-ebs-csi-aws-com
2026-06-19T12:54:05.319240723Z I0619 12:54:05.319124       1 leaderelection.go:293] successfully renewed lease kube-system/external-resizer-ebs-csi-aws-com
2026-06-19T12:54:10.325731822Z I0619 12:54:10.325585       1 leaderelection.go:293] successfully renewed lease kube-system/external-resizer-ebs-csi-aws-com
2026-06-19T12:54:15.333403419Z I0619 12:54:15.333277       1 leaderelection.go:293] successfully renewed lease kube-system/external-resizer-ebs-csi-aws-com
2026-06-19T12:54:20.340750811Z I0619 12:54:20.340613       1 leaderelection.go:293] successfully renewed lease kube-system/external-resizer-ebs-csi-aws-com
2026-06-19T12:54:25.347354435Z I0619 12:54:25.347216       1 leaderelection.go:293] successfully renewed lease kube-system/external-resizer-ebs-csi-aws-com
2026-06-19T12:54:30.354777902Z I0619 12:54:30.354638       1 leaderelection.go:293] successfully renewed lease kube-system/external-resizer-ebs-csi-aws-com
2026-06-19T12:54:35.360329997Z I0619 12:54:35.360196       1 leaderelection.go:293] successfully renewed lease kube-system/external-resizer-ebs-csi-aws-com
2026-06-19T12:54:40.369501919Z I0619 12:54:40.369372       1 leaderelection.go:293] successfully renewed lease kube-system/external-resizer-ebs-csi-aws-com
2026-06-19T12:54:45.375616024Z I0619 12:54:45.375403       1 leaderelection.go:293] successfully renewed lease kube-system/external-resizer-ebs-csi-aws-com
2026-06-19T12:54:50.381094474Z I0619 12:54:50.380764       1 leaderelection.go:293] successfully renewed lease kube-system/external-resizer-ebs-csi-aws-com
2026-06-19T12:54:55.387040093Z I0619 12:54:55.386898       1 leaderelection.go:293] successfully renewed lease kube-system/external-resizer-ebs-csi-aws-com
2026-06-19T12:55:00.394525558Z I0619 12:55:00.394405       1 leaderelection.go:293] successfully renewed lease kube-system/external-resizer-ebs-csi-aws-com
2026-06-19T12:55:05.403893344Z I0619 12:55:05.403763       1 leaderelection.go:293] successfully renewed lease kube-system/external-resizer-ebs-csi-aws-com
2026-06-19T12:55:10.409692523Z I0619 12:55:10.409469       1 leaderelection.go:293] successfully renewed lease kube-system/external-resizer-ebs-csi-aws-com
2026-06-19T12:55:15.415062574Z I0619 12:55:15.414793       1 leaderelection.go:293] successfully renewed lease kube-system/external-resizer-ebs-csi-aws-com
2026-06-19T12:55:20.421321671Z I0619 12:55:20.421144       1 leaderelection.go:293] successfully renewed lease kube-system/external-resizer-ebs-csi-aws-com
2026-06-19T12:55:25.427484809Z I0619 12:55:25.427356       1 leaderelection.go:293] successfully renewed lease kube-system/external-resizer-ebs-csi-aws-com
2026-06-19T12:55:30.433261500Z I0619 12:55:30.433124       1 leaderelection.go:293] successfully renewed lease kube-system/external-resizer-ebs-csi-aws-com
2026-06-19T12:55:35.438605321Z I0619 12:55:35.438450       1 leaderelection.go:293] successfully renewed lease kube-system/external-resizer-ebs-csi-aws-com
2026-06-19T12:55:40.445338181Z I0619 12:55:40.444174       1 leaderelection.go:293] successfully renewed lease kube-system/external-resizer-ebs-csi-aws-com
2026-06-19T12:55:44.749099792Z I0619 12:55:44.748728       1 reflector.go:450] "Forcing resync" reflector="k8s.io/client-go/informers/factory.go:160"
2026-06-19T12:55:44.749130952Z I0619 12:55:44.749014       1 controller.go:327] "Started PVC processing for resize controller" key="kubentic-foresight/server-volume-vlogs-server-0"
2026-06-19T12:55:44.749204477Z I0619 12:55:44.749089       1 controller.go:375] "No need to resize PVC" PVC="kubentic-foresight/server-volume-vlogs-server-0"
2026-06-19T12:55:44.749208738Z I0619 12:55:44.749048       1 controller.go:327] "Started PVC processing for resize controller" key="kubentic-foresight/vmsingle-vmstack"
2026-06-19T12:55:44.749211336Z I0619 12:55:44.749112       1 controller.go:375] "No need to resize PVC" PVC="kubentic-foresight/vmsingle-vmstack"
2026-06-19T12:55:45.449967428Z I0619 12:55:45.449840       1 leaderelection.go:293] successfully renewed lease kube-system/external-resizer-ebs-csi-aws-com
2026-06-19T12:55:50.456567920Z I0619 12:55:50.456410       1 leaderelection.go:293] successfully renewed lease kube-system/external-resizer-ebs-csi-aws-com
2026-06-19T12:55:55.464449060Z I0619 12:55:55.464271       1 leaderelection.go:293] successfully renewed lease kube-system/external-resizer-ebs-csi-aws-com
2026-06-19T12:56:00.470284229Z I0619 12:56:00.470155       1 leaderelection.go:293] successfully renewed lease kube-system/external-resizer-ebs-csi-aws-com
2026-06-19T12:56:03.871024973Z I0619 12:56:03.870428       1 reflector.go:946] "Watch close" reflector="k8s.io/client-go/informers/factory.go:160" type="*v1.PersistentVolume" totalItems=5
2026-06-19T12:56:05.494892436Z I0619 12:56:05.494701       1 leaderelection.go:293] successfully renewed lease kube-system/external-resizer-ebs-csi-aws-com
2026-06-19T12:56:10.501575328Z I0619 12:56:10.501431       1 leaderelection.go:293] successfully renewed lease kube-system/external-resizer-ebs-csi-aws-com
2026-06-19T12:56:15.507458095Z I0619 12:56:15.507325       1 leaderelection.go:293] successfully renewed lease kube-system/external-resizer-ebs-csi-aws-com
2026-06-19T12:56:20.515761252Z I0619 12:56:20.515489       1 leaderelection.go:293] successfully renewed lease kube-system/external-resizer-ebs-csi-aws-com
2026-06-19T12:56:25.526962433Z I0619 12:56:25.526822       1 leaderelection.go:293] successfully renewed lease kube-system/external-resizer-ebs-csi-aws-com
2026-06-19T12:56:30.532715677Z I0619 12:56:30.532563       1 leaderelection.go:293] successfully renewed lease kube-system/external-resizer-ebs-csi-aws-com
2026-06-19T12:56:35.540136361Z I0619 12:56:35.539992       1 leaderelection.go:293] successfully renewed lease kube-system/external-resizer-ebs-csi-aws-com
2026-06-19T12:56:40.546755082Z I0619 12:56:40.546636       1 leaderelection.go:293] successfully renewed lease kube-system/external-resizer-ebs-csi-aws-com
2026-06-19T12:56:45.555560657Z I0619 12:56:45.555260       1 leaderelection.go:293] successfully renewed lease kube-system/external-resizer-ebs-csi-aws-com
2026-06-19T12:56:50.563003152Z I0619 12:56:50.562771       1 leaderelection.go:293] successfully renewed lease kube-system/external-resizer-ebs-csi-aws-com
2026-06-19T12:56:55.570808481Z I0619 12:56:55.570094       1 leaderelection.go:293] successfully renewed lease kube-system/external-resizer-ebs-csi-aws-com
2026-06-19T12:57:00.578939305Z I0619 12:57:00.578792       1 leaderelection.go:293] successfully renewed lease kube-system/external-resizer-ebs-csi-aws-com
2026-06-19T12:57:05.585618975Z I0619 12:57:05.585453       1 leaderelection.go:293] successfully renewed lease kube-system/external-resizer-ebs-csi-aws-com
2026-06-19T12:57:10.591394009Z I0619 12:57:10.591204       1 leaderelection.go:293] successfully renewed lease kube-system/external-resizer-ebs-csi-aws-com
2026-06-19T12:57:15.596660973Z I0619 12:57:15.596513       1 leaderelection.go:293] successfully renewed lease kube-system/external-resizer-ebs-csi-aws-com
2026-06-19T12:57:20.606233598Z I0619 12:57:20.606113       1 leaderelection.go:293] successfully renewed lease kube-system/external-resizer-ebs-csi-aws-com
2026-06-19T12:57:25.614272289Z I0619 12:57:25.614073       1 leaderelection.go:293] successfully renewed lease kube-system/external-resizer-ebs-csi-aws-com
2026-06-19T12:57:30.620490472Z I0619 12:57:30.620360       1 leaderelection.go:293] successfully renewed lease kube-system/external-resizer-ebs-csi-aws-com
