2026-06-19T12:47:09.034460323Z logger=settings t=2026-06-19T12:47:09.034233652Z level=info msg="Starting Grafana" version=13.0.1 commit=a100054f branch=release-13.0.1 compiled=2026-04-17T01:07:39Z
2026-06-19T12:47:09.035581253Z logger=settings t=2026-06-19T12:47:09.035463527Z level=info msg="Unified migration configs enforced" storage_type=unified target=[all]
2026-06-19T12:47:09.035622900Z logger=settings t=2026-06-19T12:47:09.035588947Z level=info msg="Enforcing mode 5 for resource in unified storage" resource=dashboards.dashboard.grafana.app
2026-06-19T12:47:09.035907930Z logger=settings t=2026-06-19T12:47:09.035826342Z level=info msg="Enforcing mode 5 for resource in unified storage" resource=playlists.playlist.grafana.app
2026-06-19T12:47:09.035990451Z logger=settings t=2026-06-19T12:47:09.035913862Z level=info msg="Enforcing mode 5 for resource in unified storage" resource=folders.folder.grafana.app
2026-06-19T12:47:09.036225291Z logger=settings t=2026-06-19T12:47:09.036160834Z level=info msg="Config loaded from" file=/usr/share/grafana/conf/defaults.ini
2026-06-19T12:47:09.036332982Z logger=settings t=2026-06-19T12:47:09.036252961Z level=info msg="Config loaded from" file=/etc/grafana/grafana.ini
2026-06-19T12:47:09.036523958Z logger=settings t=2026-06-19T12:47:09.036410384Z level=info msg="Config overridden from command line" arg="default.paths.data=/var/lib/grafana/"
2026-06-19T12:47:09.036637351Z logger=settings t=2026-06-19T12:47:09.036517484Z level=info msg="Config overridden from command line" arg="default.paths.logs=/var/log/grafana"
2026-06-19T12:47:09.036719108Z logger=settings t=2026-06-19T12:47:09.03668433Z level=info msg="Config overridden from command line" arg="default.paths.plugins=/var/lib/grafana/plugins"
2026-06-19T12:47:09.036833778Z logger=settings t=2026-06-19T12:47:09.036768758Z level=info msg="Config overridden from command line" arg="default.paths.provisioning=/etc/grafana/provisioning"
2026-06-19T12:47:09.036940184Z logger=settings t=2026-06-19T12:47:09.036888682Z level=info msg="Config overridden from command line" arg="default.log.mode=console"
2026-06-19T12:47:09.036982971Z logger=settings t=2026-06-19T12:47:09.036953996Z level=info msg="Config overridden from Environment variable" var="GF_PATHS_DATA=/var/lib/grafana/"
2026-06-19T12:47:09.037072797Z logger=settings t=2026-06-19T12:47:09.036985888Z level=info msg="Config overridden from Environment variable" var="GF_PATHS_LOGS=/var/log/grafana"
2026-06-19T12:47:09.037131003Z logger=settings t=2026-06-19T12:47:09.037059516Z level=info msg="Config overridden from Environment variable" var="GF_PATHS_PLUGINS=/var/lib/grafana/plugins"
2026-06-19T12:47:09.037209788Z logger=settings t=2026-06-19T12:47:09.037152145Z level=info msg="Config overridden from Environment variable" var="GF_PATHS_PROVISIONING=/etc/grafana/provisioning"
2026-06-19T12:47:09.037218745Z logger=settings t=2026-06-19T12:47:09.037182956Z level=info msg="Config overridden from Environment variable" var="GF_SECURITY_ADMIN_USER=admin"
2026-06-19T12:47:09.037271431Z logger=settings t=2026-06-19T12:47:09.03723899Z level=info msg="Config overridden from Environment variable" var="GF_SECURITY_ADMIN_PASSWORD=*********"
2026-06-19T12:47:09.037405695Z logger=settings t=2026-06-19T12:47:09.037320697Z level=info msg="Config overridden from Environment variable" var="GF_UNIFIED_STORAGE_INDEX_PATH=/var/lib/grafana-search/bleve"
2026-06-19T12:47:09.037502036Z logger=settings t=2026-06-19T12:47:09.037428626Z level=info msg="Config overridden from Environment variable" var="GF_PATHS_HOME=/usr/share/grafana"
2026-06-19T12:47:09.037620496Z logger=settings t=2026-06-19T12:47:09.03752153Z level=info msg="Config overridden from Environment variable" var="GF_PATHS_CONFIG=/etc/grafana/grafana.ini"
2026-06-19T12:47:09.037711659Z logger=settings t=2026-06-19T12:47:09.037640873Z level=info msg=Target target=[all]
2026-06-19T12:47:09.037823234Z logger=settings t=2026-06-19T12:47:09.03775157Z level=info msg="Path Home" path=/usr/share/grafana
2026-06-19T12:47:09.037882841Z logger=settings t=2026-06-19T12:47:09.037847939Z level=info msg="Path Data" path=/var/lib/grafana/
2026-06-19T12:47:09.037963443Z logger=settings t=2026-06-19T12:47:09.037910709Z level=info msg="Path Logs" path=/var/log/grafana
2026-06-19T12:47:09.038048905Z logger=settings t=2026-06-19T12:47:09.037999548Z level=info msg="Path Plugins" path="[/var/lib/grafana/plugins /usr/share/grafana/data/plugins-bundled]"
2026-06-19T12:47:09.038115096Z logger=settings t=2026-06-19T12:47:09.038074941Z level=info msg="Path Provisioning" path=/etc/grafana/provisioning
2026-06-19T12:47:09.038192946Z logger=settings t=2026-06-19T12:47:09.038145122Z level=info msg="App mode production"
2026-06-19T12:47:09.039894989Z logger=featuremgmt t=2026-06-19T12:47:09.039769303Z level=info msg=FeatureToggles alertRuleRestore=true alertingBulkActionsInUI=true alertingImportYAMLUI=true alertingListViewV2=true alertingListViewV2PreviewToggle=true alertingMigrationUI=true alertingNavigationV2=true alertingNotificationsStepMode=true alertingQueryAndExpressionsStepMode=true alertingRulePermanentlyDelete=true alertingRuleRecoverDeleted=true alertingRuleVersionHistoryRestore=true alertingSaveStateCompressed=true alertingUIOptimizeReducer=true alertingUIUseBackendFilters=true alertingUIUseFullyCompatBackendFilters=true alertingUseNewSimplifiedRoutingHashAlgorithm=true annotationPermissionUpdate=true awsAsyncQueryCaching=true awsDatasourcesTempCredentials=true azureMonitorEnableUserAuth=true azureMonitorPrometheusExemplars=true azureResourcePickerUpdates=true cloudWatchCrossAccountQuerying=true cloudWatchNewLabelParsing=true cloudWatchRoundUpEndTime=true dashboardDefaultLayoutSelector=true dashboardNewLayouts=true dashboardScene=true dashgpt=true enableSCIM=true externalVizSuggestions=true feedbackButton=true grafanaAdvisor=true grafanaAssistantInProfilesDrilldown=true grafanaconThemes=true improvedExternalSessionHandling=true improvedExternalSessionHandlingSAML=true influxdbBackendMigration=true logsPanelControls=true lokiLabelNamesQueryApi=true lokiQuerySplitting=true multiPropsVariables=true newLogsPanel=true newPanelPadding=true newTimeRangeZoomShortcuts=true newUnconfiguredPanel=true newVizSuggestions=true onlyStoreActionSets=true preventPanelChromeOverflow=true prometheusAzureOverrideAudience=true prometheusTypeMigration=true provisioning=true provisioningFolderMetadata=true publicDashboardsScene=true rememberUserOrgForSso=true renderAuthJWT=true restoreDashboards=true restrictedPluginApis=true sharingDashboardImage=true splashScreen=true timeRangePan=true useSessionStorageForRedirection=true
2026-06-19T12:47:09.040050390Z logger=sqlstore t=2026-06-19T12:47:09.039992337Z level=info msg="Connecting to DB" dbtype=sqlite3
2026-06-19T12:47:09.040106588Z logger=sqlstore t=2026-06-19T12:47:09.040076647Z level=info msg="Using SQLite driver" driver=modernc.org/sqlite
2026-06-19T12:47:09.040216276Z logger=sqlstore t=2026-06-19T12:47:09.04016402Z level=info msg="Creating SQLite database file" path=/var/lib/grafana/grafana.db
2026-06-19T12:47:09.042733862Z logger=migrator t=2026-06-19T12:47:09.042612465Z level=info msg="Locking database"
2026-06-19T12:47:09.042904869Z logger=migrator t=2026-06-19T12:47:09.042827886Z level=info msg="Starting DB migrations"
2026-06-19T12:47:09.043873767Z logger=migrator t=2026-06-19T12:47:09.043767306Z level=info msg="Executing migration" id="create migration_log table"
2026-06-19T12:47:09.044668635Z logger=migrator t=2026-06-19T12:47:09.044517826Z level=info msg="Migration successfully executed" id="create migration_log table" duration=749.351µs
2026-06-19T12:47:09.057070332Z logger=migrator t=2026-06-19T12:47:09.056866408Z level=info msg="Executing migration" id="create user table"
2026-06-19T12:47:09.058135221Z logger=migrator t=2026-06-19T12:47:09.057980977Z level=info msg="Migration successfully executed" id="create user table" duration=1.11478ms
2026-06-19T12:47:09.067835326Z logger=migrator t=2026-06-19T12:47:09.067642762Z level=info msg="Executing migration" id="add unique index user.login"
2026-06-19T12:47:09.069279284Z logger=migrator t=2026-06-19T12:47:09.069122604Z level=info msg="Migration successfully executed" id="add unique index user.login" duration=1.48222ms
2026-06-19T12:47:09.081292933Z logger=migrator t=2026-06-19T12:47:09.081062967Z level=info msg="Executing migration" id="add unique index user.email"
2026-06-19T12:47:09.082178986Z logger=migrator t=2026-06-19T12:47:09.0820288Z level=info msg="Migration successfully executed" id="add unique index user.email" duration=956.186µs
2026-06-19T12:47:09.095424099Z logger=migrator t=2026-06-19T12:47:09.095227717Z level=info msg="Executing migration" id="drop index UQE_user_login - v1"
2026-06-19T12:47:09.096534504Z logger=migrator t=2026-06-19T12:47:09.096359685Z level=info msg="Migration successfully executed" id="drop index UQE_user_login - v1" duration=1.133468ms
2026-06-19T12:47:09.122608326Z logger=migrator t=2026-06-19T12:47:09.122098504Z level=info msg="Executing migration" id="drop index UQE_user_email - v1"
2026-06-19T12:47:09.126114519Z logger=migrator t=2026-06-19T12:47:09.125876172Z level=info msg="Migration successfully executed" id="drop index UQE_user_email - v1" duration=3.772636ms
2026-06-19T12:47:09.157749736Z logger=migrator t=2026-06-19T12:47:09.157601678Z level=info msg="Executing migration" id="Rename table user to user_v1 - v1"
2026-06-19T12:47:09.159209026Z logger=migrator t=2026-06-19T12:47:09.159020485Z level=info msg="Migration successfully executed" id="Rename table user to user_v1 - v1" duration=1.419766ms
2026-06-19T12:47:09.170663155Z logger=migrator t=2026-06-19T12:47:09.169459398Z level=info msg="Executing migration" id="create user table v2"
2026-06-19T12:47:09.171842746Z logger=migrator t=2026-06-19T12:47:09.171634858Z level=info msg="Migration successfully executed" id="create user table v2" duration=2.166855ms
2026-06-19T12:47:09.183419813Z logger=migrator t=2026-06-19T12:47:09.183191386Z level=info msg="Executing migration" id="create index UQE_user_login - v2"
2026-06-19T12:47:09.185783569Z logger=migrator t=2026-06-19T12:47:09.185642491Z level=info msg="Migration successfully executed" id="create index UQE_user_login - v2" duration=2.451951ms
2026-06-19T12:47:09.195558873Z logger=migrator t=2026-06-19T12:47:09.195391477Z level=info msg="Executing migration" id="create index UQE_user_email - v2"
2026-06-19T12:47:09.197154296Z logger=migrator t=2026-06-19T12:47:09.197004645Z level=info msg="Migration successfully executed" id="create index UQE_user_email - v2" duration=1.614337ms
2026-06-19T12:47:09.209788402Z logger=migrator t=2026-06-19T12:47:09.209615106Z level=info msg="Executing migration" id="copy data_source v1 to v2"
2026-06-19T12:47:09.210377925Z logger=migrator t=2026-06-19T12:47:09.210270081Z level=info msg="Migration successfully executed" id="copy data_source v1 to v2" duration=655.732µs
2026-06-19T12:47:09.222729484Z logger=migrator t=2026-06-19T12:47:09.222537482Z level=info msg="Executing migration" id="Drop old table user_v1"
2026-06-19T12:47:09.223379281Z logger=migrator t=2026-06-19T12:47:09.223261833Z level=info msg="Migration successfully executed" id="Drop old table user_v1" duration=723.602µs
2026-06-19T12:47:09.237767061Z logger=migrator t=2026-06-19T12:47:09.237626182Z level=info msg="Executing migration" id="Add column help_flags1 to user table"
2026-06-19T12:47:09.242770850Z logger=migrator t=2026-06-19T12:47:09.242618251Z level=info msg="Migration successfully executed" id="Add column help_flags1 to user table" duration=5.005338ms
2026-06-19T12:47:09.252793337Z logger=migrator t=2026-06-19T12:47:09.25265424Z level=info msg="Executing migration" id="Update user table charset"
2026-06-19T12:47:09.252999102Z logger=migrator t=2026-06-19T12:47:09.252873229Z level=info msg="Migration successfully executed" id="Update user table charset" duration=220.365µs
2026-06-19T12:47:09.262729959Z logger=migrator t=2026-06-19T12:47:09.262593202Z level=info msg="Executing migration" id="Add last_seen_at column to user"
2026-06-19T12:47:09.265248297Z logger=migrator t=2026-06-19T12:47:09.265113019Z level=info msg="Migration successfully executed" id="Add last_seen_at column to user" duration=2.520704ms
2026-06-19T12:47:09.276797929Z logger=migrator t=2026-06-19T12:47:09.276640438Z level=info msg="Executing migration" id="Add missing user data"
2026-06-19T12:47:09.277946102Z logger=migrator t=2026-06-19T12:47:09.277860158Z level=info msg="Migration successfully executed" id="Add missing user data" duration=1.220625ms
2026-06-19T12:47:09.290852576Z logger=migrator t=2026-06-19T12:47:09.290703409Z level=info msg="Executing migration" id="Add is_disabled column to user"
2026-06-19T12:47:09.291801223Z logger=migrator t=2026-06-19T12:47:09.291693317Z level=info msg="Migration successfully executed" id="Add is_disabled column to user" duration=990.96µs
2026-06-19T12:47:09.304813238Z logger=migrator t=2026-06-19T12:47:09.304669731Z level=info msg="Executing migration" id="Add index user.login/user.email"
2026-06-19T12:47:09.306428292Z logger=migrator t=2026-06-19T12:47:09.305939703Z level=info msg="Migration successfully executed" id="Add index user.login/user.email" duration=1.283069ms
2026-06-19T12:47:09.321793160Z logger=migrator t=2026-06-19T12:47:09.321649809Z level=info msg="Executing migration" id="Add is_service_account column to user"
2026-06-19T12:47:09.322786258Z logger=migrator t=2026-06-19T12:47:09.322664584Z level=info msg="Migration successfully executed" id="Add is_service_account column to user" duration=1.015607ms
2026-06-19T12:47:09.333818753Z logger=migrator t=2026-06-19T12:47:09.333665529Z level=info msg="Executing migration" id="Update is_service_account column to nullable"
2026-06-19T12:47:09.336903693Z logger=migrator t=2026-06-19T12:47:09.336763176Z level=info msg="Migration successfully executed" id="Update is_service_account column to nullable" duration=3.095787ms
2026-06-19T12:47:09.348979767Z logger=migrator t=2026-06-19T12:47:09.348819293Z level=info msg="Executing migration" id="Add uid column to user"
2026-06-19T12:47:09.350169612Z logger=migrator t=2026-06-19T12:47:09.350050472Z level=info msg="Migration successfully executed" id="Add uid column to user" duration=1.237032ms
2026-06-19T12:47:09.361655797Z logger=migrator t=2026-06-19T12:47:09.36151778Z level=info msg="Executing migration" id="Update uid column values for users"
2026-06-19T12:47:09.361907767Z logger=migrator t=2026-06-19T12:47:09.361822833Z level=info msg="Migration successfully executed" id="Update uid column values for users" duration=337.26µs
2026-06-19T12:47:09.373713566Z logger=migrator t=2026-06-19T12:47:09.373553429Z level=info msg="Executing migration" id="Make sure users uid are set"
2026-06-19T12:47:09.374096890Z logger=migrator t=2026-06-19T12:47:09.374002274Z level=info msg="Migration successfully executed" id="Make sure users uid are set" duration=450.962µs
2026-06-19T12:47:09.386733817Z logger=migrator t=2026-06-19T12:47:09.386578854Z level=info msg="Executing migration" id="Add unique index user_uid"
2026-06-19T12:47:09.387424024Z logger=migrator t=2026-06-19T12:47:09.387244525Z level=info msg="Migration successfully executed" id="Add unique index user_uid" duration=666.94µs
2026-06-19T12:47:09.400206787Z logger=migrator t=2026-06-19T12:47:09.400045293Z level=info msg="Executing migration" id="Add is_provisioned column to user"
2026-06-19T12:47:09.401601434Z logger=migrator t=2026-06-19T12:47:09.40141654Z level=info msg="Migration successfully executed" id="Add is_provisioned column to user" duration=1.385748ms
2026-06-19T12:47:09.413822624Z logger=migrator t=2026-06-19T12:47:09.413640533Z level=info msg="Executing migration" id="update login field with orgid to allow for multiple service accounts with same name across orgs"
2026-06-19T12:47:09.414309926Z logger=migrator t=2026-06-19T12:47:09.414146403Z level=info msg="Migration successfully executed" id="update login field with orgid to allow for multiple service accounts with same name across orgs" duration=506.797µs
2026-06-19T12:47:09.430187243Z logger=migrator t=2026-06-19T12:47:09.430003276Z level=info msg="Executing migration" id="update service accounts login field orgid to appear only once"
2026-06-19T12:47:09.435560500Z logger=migrator t=2026-06-19T12:47:09.435353878Z level=info msg="Migration successfully executed" id="update service accounts login field orgid to appear only once" duration=5.348764ms
2026-06-19T12:47:09.460925931Z logger=migrator t=2026-06-19T12:47:09.460476494Z level=info msg="Executing migration" id="update login and email fields to lowercase"
2026-06-19T12:47:09.466871048Z logger=migrator t=2026-06-19T12:47:09.46669755Z level=info msg="Migration successfully executed" id="update login and email fields to lowercase" duration=6.230997ms
2026-06-19T12:47:09.483653769Z logger=migrator t=2026-06-19T12:47:09.483451222Z level=info msg="Executing migration" id="update login and email fields to lowercase2"
2026-06-19T12:47:09.486510259Z logger=migrator t=2026-06-19T12:47:09.48633024Z level=info msg="Migration successfully executed" id="update login and email fields to lowercase2" duration=2.880093ms
2026-06-19T12:47:09.499453891Z logger=migrator t=2026-06-19T12:47:09.499266309Z level=info msg="Executing migration" id="Add index on user.is_service_account and user.last_seen_at"
2026-06-19T12:47:09.501303703Z logger=migrator t=2026-06-19T12:47:09.501122019Z level=info msg="Migration successfully executed" id="Add index on user.is_service_account and user.last_seen_at" duration=1.857481ms
2026-06-19T12:47:09.513990144Z logger=migrator t=2026-06-19T12:47:09.513794729Z level=info msg="Executing migration" id="Expand user.uid length to 190"
2026-06-19T12:47:09.515016553Z logger=migrator t=2026-06-19T12:47:09.514834249Z level=info msg="Migration successfully executed" id="Expand user.uid length to 190" duration=1.042314ms
2026-06-19T12:47:09.528714254Z logger=migrator t=2026-06-19T12:47:09.528470848Z level=info msg="Executing migration" id="Prefix SCIM uid for provisioned users"
2026-06-19T12:47:09.528937071Z logger=migrator t=2026-06-19T12:47:09.528828384Z level=info msg="Migration successfully executed" id="Prefix SCIM uid for provisioned users" duration=358.665µs
2026-06-19T12:47:09.539458917Z logger=migrator t=2026-06-19T12:47:09.539289366Z level=info msg="Executing migration" id="create temp user table v1-7"
2026-06-19T12:47:09.540273568Z logger=migrator t=2026-06-19T12:47:09.540042729Z level=info msg="Migration successfully executed" id="create temp user table v1-7" duration=754.106µs
2026-06-19T12:47:09.550162409Z logger=migrator t=2026-06-19T12:47:09.550036696Z level=info msg="Executing migration" id="create index IDX_temp_user_email - v1-7"
2026-06-19T12:47:09.550790981Z logger=migrator t=2026-06-19T12:47:09.55066994Z level=info msg="Migration successfully executed" id="create index IDX_temp_user_email - v1-7" duration=634.132µs
2026-06-19T12:47:09.560695105Z logger=migrator t=2026-06-19T12:47:09.560457144Z level=info msg="Executing migration" id="create index IDX_temp_user_org_id - v1-7"
2026-06-19T12:47:09.561254124Z logger=migrator t=2026-06-19T12:47:09.5611207Z level=info msg="Migration successfully executed" id="create index IDX_temp_user_org_id - v1-7" duration=664.974µs
2026-06-19T12:47:09.571318526Z logger=migrator t=2026-06-19T12:47:09.571113777Z level=info msg="Executing migration" id="create index IDX_temp_user_code - v1-7"
2026-06-19T12:47:09.572049973Z logger=migrator t=2026-06-19T12:47:09.571883862Z level=info msg="Migration successfully executed" id="create index IDX_temp_user_code - v1-7" duration=770.876µs
2026-06-19T12:47:09.581916197Z logger=migrator t=2026-06-19T12:47:09.58172142Z level=info msg="Executing migration" id="create index IDX_temp_user_status - v1-7"
2026-06-19T12:47:09.582510204Z logger=migrator t=2026-06-19T12:47:09.582359572Z level=info msg="Migration successfully executed" id="create index IDX_temp_user_status - v1-7" duration=639.116µs
2026-06-19T12:47:09.593226813Z logger=migrator t=2026-06-19T12:47:09.593047292Z level=info msg="Executing migration" id="Update temp_user table charset"
2026-06-19T12:47:09.593252680Z logger=migrator t=2026-06-19T12:47:09.59313294Z level=info msg="Migration successfully executed" id="Update temp_user table charset" duration=74.166µs
2026-06-19T12:47:09.603167630Z logger=migrator t=2026-06-19T12:47:09.603003766Z level=info msg="Executing migration" id="drop index IDX_temp_user_email - v1"
2026-06-19T12:47:09.604595532Z logger=migrator t=2026-06-19T12:47:09.604423211Z level=info msg="Migration successfully executed" id="drop index IDX_temp_user_email - v1" duration=1.393566ms
2026-06-19T12:47:09.615873421Z logger=migrator t=2026-06-19T12:47:09.61569869Z level=info msg="Executing migration" id="drop index IDX_temp_user_org_id - v1"
2026-06-19T12:47:09.616443641Z logger=migrator t=2026-06-19T12:47:09.61628292Z level=info msg="Migration successfully executed" id="drop index IDX_temp_user_org_id - v1" duration=586.191µs
2026-06-19T12:47:09.627154576Z logger=migrator t=2026-06-19T12:47:09.62694397Z level=info msg="Executing migration" id="drop index IDX_temp_user_code - v1"
2026-06-19T12:47:09.628523817Z logger=migrator t=2026-06-19T12:47:09.628329779Z level=info msg="Migration successfully executed" id="drop index IDX_temp_user_code - v1" duration=1.386733ms
2026-06-19T12:47:09.639467931Z logger=migrator t=2026-06-19T12:47:09.639287267Z level=info msg="Executing migration" id="drop index IDX_temp_user_status - v1"
2026-06-19T12:47:09.640135167Z logger=migrator t=2026-06-19T12:47:09.639983417Z level=info msg="Migration successfully executed" id="drop index IDX_temp_user_status - v1" duration=697.709µs
2026-06-19T12:47:09.650819354Z logger=migrator t=2026-06-19T12:47:09.650653265Z level=info msg="Executing migration" id="Rename table temp_user to temp_user_tmp_qwerty - v1"
2026-06-19T12:47:09.653711877Z logger=migrator t=2026-06-19T12:47:09.653533288Z level=info msg="Migration successfully executed" id="Rename table temp_user to temp_user_tmp_qwerty - v1" duration=2.877762ms
2026-06-19T12:47:09.666939819Z logger=migrator t=2026-06-19T12:47:09.666769071Z level=info msg="Executing migration" id="create temp_user v2"
2026-06-19T12:47:09.667756814Z logger=migrator t=2026-06-19T12:47:09.667577864Z level=info msg="Migration successfully executed" id="create temp_user v2" duration=809.633µs
2026-06-19T12:47:09.677255037Z logger=migrator t=2026-06-19T12:47:09.677039451Z level=info msg="Executing migration" id="create index IDX_temp_user_email - v2"
2026-06-19T12:47:09.678120883Z logger=migrator t=2026-06-19T12:47:09.678007283Z level=info msg="Migration successfully executed" id="create index IDX_temp_user_email - v2" duration=969.05µs
2026-06-19T12:47:09.692423803Z logger=migrator t=2026-06-19T12:47:09.692342908Z level=info msg="Executing migration" id="create index IDX_temp_user_org_id - v2"
2026-06-19T12:47:09.693379531Z logger=migrator t=2026-06-19T12:47:09.693297625Z level=info msg="Migration successfully executed" id="create index IDX_temp_user_org_id - v2" duration=954.313µs
2026-06-19T12:47:09.711257376Z logger=migrator t=2026-06-19T12:47:09.711127863Z level=info msg="Executing migration" id="create index IDX_temp_user_code - v2"
2026-06-19T12:47:09.711921014Z logger=migrator t=2026-06-19T12:47:09.711833959Z level=info msg="Migration successfully executed" id="create index IDX_temp_user_code - v2" duration=707.769µs
2026-06-19T12:47:09.736965545Z logger=migrator t=2026-06-19T12:47:09.736775903Z level=info msg="Executing migration" id="create index IDX_temp_user_status - v2"
2026-06-19T12:47:09.737420155Z logger=migrator t=2026-06-19T12:47:09.7372732Z level=info msg="Migration successfully executed" id="create index IDX_temp_user_status - v2" duration=498.479µs
2026-06-19T12:47:09.770834229Z logger=migrator t=2026-06-19T12:47:09.768848724Z level=info msg="Executing migration" id="copy temp_user v1 to v2"
2026-06-19T12:47:09.770892972Z logger=migrator t=2026-06-19T12:47:09.769206246Z level=info msg="Migration successfully executed" id="copy temp_user v1 to v2" duration=359.039µs
2026-06-19T12:47:09.785442434Z logger=migrator t=2026-06-19T12:47:09.784787768Z level=info msg="Executing migration" id="drop temp_user_tmp_qwerty"
2026-06-19T12:47:09.785457579Z logger=migrator t=2026-06-19T12:47:09.78521697Z level=info msg="Migration successfully executed" id="drop temp_user_tmp_qwerty" duration=429.749µs
2026-06-19T12:47:09.796458406Z logger=migrator t=2026-06-19T12:47:09.796088066Z level=info msg="Executing migration" id="Set created for temp users that will otherwise prematurely expire"
2026-06-19T12:47:09.796631930Z logger=migrator t=2026-06-19T12:47:09.796522148Z level=info msg="Migration successfully executed" id="Set created for temp users that will otherwise prematurely expire" duration=433.32µs
2026-06-19T12:47:09.818926672Z logger=migrator t=2026-06-19T12:47:09.81874357Z level=info msg="Executing migration" id="create star table"
2026-06-19T12:47:09.819370608Z logger=migrator t=2026-06-19T12:47:09.819232443Z level=info msg="Migration successfully executed" id="create star table" duration=489.495µs
2026-06-19T12:47:09.845549157Z logger=migrator t=2026-06-19T12:47:09.843656334Z level=info msg="Executing migration" id="add unique index star.user_id_dashboard_id"
2026-06-19T12:47:09.845610364Z logger=migrator t=2026-06-19T12:47:09.844288772Z level=info msg="Migration successfully executed" id="add unique index star.user_id_dashboard_id" duration=633.495µs
2026-06-19T12:47:09.873910087Z logger=migrator t=2026-06-19T12:47:09.872932408Z level=info msg="Executing migration" id="Add column dashboard_uid in star"
2026-06-19T12:47:09.875193351Z logger=migrator t=2026-06-19T12:47:09.875014858Z level=info msg="Migration successfully executed" id="Add column dashboard_uid in star" duration=2.083542ms
2026-06-19T12:47:09.900619916Z logger=migrator t=2026-06-19T12:47:09.899739394Z level=info msg="Executing migration" id="Add column org_id in star"
2026-06-19T12:47:09.901096320Z logger=migrator t=2026-06-19T12:47:09.900996322Z level=info msg="Migration successfully executed" id="Add column org_id in star" duration=1.257658ms
2026-06-19T12:47:09.910564904Z logger=migrator t=2026-06-19T12:47:09.910421098Z level=info msg="Executing migration" id="Add column updated in star"
2026-06-19T12:47:09.912712901Z logger=migrator t=2026-06-19T12:47:09.911317059Z level=info msg="Migration successfully executed" id="Add column updated in star" duration=905.427µs
2026-06-19T12:47:09.922527013Z logger=migrator t=2026-06-19T12:47:09.922389559Z level=info msg="Executing migration" id="add index in star table on dashboard_uid, org_id and user_id columns"
2026-06-19T12:47:09.923079768Z logger=migrator t=2026-06-19T12:47:09.922961841Z level=info msg="Migration successfully executed" id="add index in star table on dashboard_uid, org_id and user_id columns" duration=574.097µs
2026-06-19T12:47:09.937155034Z logger=migrator t=2026-06-19T12:47:09.937039146Z level=info msg="Executing migration" id="create org table v1"
2026-06-19T12:47:09.937864383Z logger=migrator t=2026-06-19T12:47:09.937759085Z level=info msg="Migration successfully executed" id="create org table v1" duration=720.387µs
2026-06-19T12:47:09.950419194Z logger=migrator t=2026-06-19T12:47:09.950252939Z level=info msg="Executing migration" id="create index UQE_org_name - v1"
2026-06-19T12:47:09.951155515Z logger=migrator t=2026-06-19T12:47:09.951039417Z level=info msg="Migration successfully executed" id="create index UQE_org_name - v1" duration=788.365µs
2026-06-19T12:47:09.961008278Z logger=migrator t=2026-06-19T12:47:09.960859452Z level=info msg="Executing migration" id="create org_user table v1"
2026-06-19T12:47:09.961707961Z logger=migrator t=2026-06-19T12:47:09.961596164Z level=info msg="Migration successfully executed" id="create org_user table v1" duration=738.01µs
2026-06-19T12:47:09.972974088Z logger=migrator t=2026-06-19T12:47:09.972800165Z level=info msg="Executing migration" id="create index IDX_org_user_org_id - v1"
2026-06-19T12:47:09.973811745Z logger=migrator t=2026-06-19T12:47:09.973700713Z level=info msg="Migration successfully executed" id="create index IDX_org_user_org_id - v1" duration=902.467µs
2026-06-19T12:47:09.983750288Z logger=migrator t=2026-06-19T12:47:09.98357803Z level=info msg="Executing migration" id="create index UQE_org_user_org_id_user_id - v1"
2026-06-19T12:47:09.984605367Z logger=migrator t=2026-06-19T12:47:09.984448114Z level=info msg="Migration successfully executed" id="create index UQE_org_user_org_id_user_id - v1" duration=871.766µs
2026-06-19T12:47:09.996724876Z logger=migrator t=2026-06-19T12:47:09.996598428Z level=info msg="Executing migration" id="create index IDX_org_user_user_id - v1"
2026-06-19T12:47:09.997648189Z logger=migrator t=2026-06-19T12:47:09.997564644Z level=info msg="Migration successfully executed" id="create index IDX_org_user_user_id - v1" duration=968.001µs
2026-06-19T12:47:10.011250335Z logger=migrator t=2026-06-19T12:47:10.011116527Z level=info msg="Executing migration" id="Update org table charset"
2026-06-19T12:47:10.011429758Z logger=migrator t=2026-06-19T12:47:10.011352179Z level=info msg="Migration successfully executed" id="Update org table charset" duration=238.854µs
2026-06-19T12:47:10.021049585Z logger=migrator t=2026-06-19T12:47:10.02088863Z level=info msg="Executing migration" id="Update org_user table charset"
2026-06-19T12:47:10.021224765Z logger=migrator t=2026-06-19T12:47:10.021146959Z level=info msg="Migration successfully executed" id="Update org_user table charset" duration=261.711µs
2026-06-19T12:47:10.030852981Z logger=migrator t=2026-06-19T12:47:10.030693735Z level=info msg="Executing migration" id="Migrate all Read Only Viewers to Viewers"
2026-06-19T12:47:10.031232098Z logger=migrator t=2026-06-19T12:47:10.031119476Z level=info msg="Migration successfully executed" id="Migrate all Read Only Viewers to Viewers" duration=427.913µs
2026-06-19T12:47:10.040879533Z logger=migrator t=2026-06-19T12:47:10.040737233Z level=info msg="Executing migration" id="create dashboard table"
2026-06-19T12:47:10.041569283Z logger=migrator t=2026-06-19T12:47:10.041455952Z level=info msg="Migration successfully executed" id="create dashboard table" duration=720.509µs
2026-06-19T12:47:10.052171541Z logger=migrator t=2026-06-19T12:47:10.05201053Z level=info msg="Executing migration" id="add index dashboard.account_id"
2026-06-19T12:47:10.053030219Z logger=migrator t=2026-06-19T12:47:10.052909613Z level=info msg="Migration successfully executed" id="add index dashboard.account_id" duration=899.586µs
2026-06-19T12:47:10.062766624Z logger=migrator t=2026-06-19T12:47:10.06258076Z level=info msg="Executing migration" id="add unique index dashboard_account_id_slug"
2026-06-19T12:47:10.063742052Z logger=migrator t=2026-06-19T12:47:10.063609298Z level=info msg="Migration successfully executed" id="add unique index dashboard_account_id_slug" duration=1.029411ms
2026-06-19T12:47:10.073598266Z logger=migrator t=2026-06-19T12:47:10.073410448Z level=info msg="Executing migration" id="create dashboard_tag table"
2026-06-19T12:47:10.074401573Z logger=migrator t=2026-06-19T12:47:10.07430463Z level=info msg="Migration successfully executed" id="create dashboard_tag table" duration=894.962µs
2026-06-19T12:47:10.084314628Z logger=migrator t=2026-06-19T12:47:10.084155822Z level=info msg="Executing migration" id="add unique index dashboard_tag.dasboard_id_term"
2026-06-19T12:47:10.085178087Z logger=migrator t=2026-06-19T12:47:10.085061045Z level=info msg="Migration successfully executed" id="add unique index dashboard_tag.dasboard_id_term" duration=897.513µs
2026-06-19T12:47:10.094959268Z logger=migrator t=2026-06-19T12:47:10.094798882Z level=info msg="Executing migration" id="drop index UQE_dashboard_tag_dashboard_id_term - v1"
2026-06-19T12:47:10.095750052Z logger=migrator t=2026-06-19T12:47:10.095627986Z level=info msg="Migration successfully executed" id="drop index UQE_dashboard_tag_dashboard_id_term - v1" duration=830.852µs
2026-06-19T12:47:10.105517757Z logger=migrator t=2026-06-19T12:47:10.105349576Z level=info msg="Executing migration" id="Rename table dashboard to dashboard_v1 - v1"
2026-06-19T12:47:10.107651924Z logger=migrator t=2026-06-19T12:47:10.10747734Z level=info msg="Migration successfully executed" id="Rename table dashboard to dashboard_v1 - v1" duration=2.127001ms
2026-06-19T12:47:10.117202657Z logger=migrator t=2026-06-19T12:47:10.117049752Z level=info msg="Executing migration" id="create dashboard v2"
2026-06-19T12:47:10.117940131Z logger=migrator t=2026-06-19T12:47:10.117827872Z level=info msg="Migration successfully executed" id="create dashboard v2" duration=779.773µs
2026-06-19T12:47:10.128402253Z logger=migrator t=2026-06-19T12:47:10.128259565Z level=info msg="Executing migration" id="create index IDX_dashboard_org_id - v2"
2026-06-19T12:47:10.129349601Z logger=migrator t=2026-06-19T12:47:10.129226498Z level=info msg="Migration successfully executed" id="create index IDX_dashboard_org_id - v2" duration=968.683µs
2026-06-19T12:47:10.141843428Z logger=migrator t=2026-06-19T12:47:10.141696223Z level=info msg="Executing migration" id="create index UQE_dashboard_org_id_slug - v2"
2026-06-19T12:47:10.142563316Z logger=migrator t=2026-06-19T12:47:10.142435671Z level=info msg="Migration successfully executed" id="create index UQE_dashboard_org_id_slug - v2" duration=741.499µs
2026-06-19T12:47:10.151309562Z logger=migrator t=2026-06-19T12:47:10.151144068Z level=info msg="Executing migration" id="copy dashboard v1 to v2"
2026-06-19T12:47:10.151804870Z logger=migrator t=2026-06-19T12:47:10.151699208Z level=info msg="Migration successfully executed" id="copy dashboard v1 to v2" duration=556.326µs
2026-06-19T12:47:10.161509409Z logger=migrator t=2026-06-19T12:47:10.161350911Z level=info msg="Executing migration" id="drop table dashboard_v1"
2026-06-19T12:47:10.162126878Z logger=migrator t=2026-06-19T12:47:10.162017762Z level=info msg="Migration successfully executed" id="drop table dashboard_v1" duration=667.612µs
2026-06-19T12:47:10.172476613Z logger=migrator t=2026-06-19T12:47:10.17232551Z level=info msg="Executing migration" id="alter dashboard.data to mediumtext v1"
2026-06-19T12:47:10.172645305Z logger=migrator t=2026-06-19T12:47:10.172568457Z level=info msg="Migration successfully executed" id="alter dashboard.data to mediumtext v1" duration=244.86µs
2026-06-19T12:47:10.182765016Z logger=migrator t=2026-06-19T12:47:10.182617574Z level=info msg="Executing migration" id="Add column updated_by in dashboard - v2"
2026-06-19T12:47:10.184005802Z logger=migrator t=2026-06-19T12:47:10.18388868Z level=info msg="Migration successfully executed" id="Add column updated_by in dashboard - v2" duration=1.271988ms
2026-06-19T12:47:10.193085267Z logger=migrator t=2026-06-19T12:47:10.192941481Z level=info msg="Executing migration" id="Add column created_by in dashboard - v2"
2026-06-19T12:47:10.194231999Z logger=migrator t=2026-06-19T12:47:10.194134252Z level=info msg="Migration successfully executed" id="Add column created_by in dashboard - v2" duration=1.193901ms
2026-06-19T12:47:10.205970376Z logger=migrator t=2026-06-19T12:47:10.205813109Z level=info msg="Executing migration" id="Add column gnetId in dashboard"
2026-06-19T12:47:10.207441116Z logger=migrator t=2026-06-19T12:47:10.207301535Z level=info msg="Migration successfully executed" id="Add column gnetId in dashboard" duration=1.472336ms
2026-06-19T12:47:10.218586953Z logger=migrator t=2026-06-19T12:47:10.21843273Z level=info msg="Executing migration" id="Add index for gnetId in dashboard"
2026-06-19T12:47:10.219284462Z logger=migrator t=2026-06-19T12:47:10.219200147Z level=info msg="Migration successfully executed" id="Add index for gnetId in dashboard" duration=776.942µs
2026-06-19T12:47:10.229788089Z logger=migrator t=2026-06-19T12:47:10.229642691Z level=info msg="Executing migration" id="Add column plugin_id in dashboard"
2026-06-19T12:47:10.231021935Z logger=migrator t=2026-06-19T12:47:10.230895086Z level=info msg="Migration successfully executed" id="Add column plugin_id in dashboard" duration=1.24047ms
2026-06-19T12:47:10.240947525Z logger=migrator t=2026-06-19T12:47:10.240800472Z level=info msg="Executing migration" id="Add index for plugin_id in dashboard"
2026-06-19T12:47:10.241663158Z logger=migrator t=2026-06-19T12:47:10.241554079Z level=info msg="Migration successfully executed" id="Add index for plugin_id in dashboard" duration=754.576µs
2026-06-19T12:47:10.251644817Z logger=migrator t=2026-06-19T12:47:10.251502492Z level=info msg="Executing migration" id="Add index for dashboard_id in dashboard_tag"
2026-06-19T12:47:10.252348563Z logger=migrator t=2026-06-19T12:47:10.252235664Z level=info msg="Migration successfully executed" id="Add index for dashboard_id in dashboard_tag" duration=750.159µs
2026-06-19T12:47:10.262754818Z logger=migrator t=2026-06-19T12:47:10.262601146Z level=info msg="Executing migration" id="Update dashboard table charset"
2026-06-19T12:47:10.262950184Z logger=migrator t=2026-06-19T12:47:10.262850507Z level=info msg="Migration successfully executed" id="Update dashboard table charset" duration=267.807µs
2026-06-19T12:47:10.272646538Z logger=migrator t=2026-06-19T12:47:10.272468692Z level=info msg="Executing migration" id="Update dashboard_tag table charset"
2026-06-19T12:47:10.272814969Z logger=migrator t=2026-06-19T12:47:10.272739557Z level=info msg="Migration successfully executed" id="Update dashboard_tag table charset" duration=274.182µs
2026-06-19T12:47:10.282679444Z logger=migrator t=2026-06-19T12:47:10.282531829Z level=info msg="Executing migration" id="Add column folder_id in dashboard"
2026-06-19T12:47:10.283884380Z logger=migrator t=2026-06-19T12:47:10.283752567Z level=info msg="Migration successfully executed" id="Add column folder_id in dashboard" duration=1.221031ms
2026-06-19T12:47:10.293847113Z logger=migrator t=2026-06-19T12:47:10.293690421Z level=info msg="Executing migration" id="Add column isFolder in dashboard"
2026-06-19T12:47:10.295392345Z logger=migrator t=2026-06-19T12:47:10.295247574Z level=info msg="Migration successfully executed" id="Add column isFolder in dashboard" duration=1.557887ms
2026-06-19T12:47:10.306884372Z logger=migrator t=2026-06-19T12:47:10.306738879Z level=info msg="Executing migration" id="Add column has_acl in dashboard"
2026-06-19T12:47:10.308130094Z logger=migrator t=2026-06-19T12:47:10.308000883Z level=info msg="Migration successfully executed" id="Add column has_acl in dashboard" duration=1.250236ms
2026-06-19T12:47:10.317857103Z logger=migrator t=2026-06-19T12:47:10.317712199Z level=info msg="Executing migration" id="Add column uid in dashboard"
2026-06-19T12:47:10.319066673Z logger=migrator t=2026-06-19T12:47:10.318952103Z level=info msg="Migration successfully executed" id="Add column uid in dashboard" duration=1.240995ms
2026-06-19T12:47:10.328715153Z logger=migrator t=2026-06-19T12:47:10.328568668Z level=info msg="Executing migration" id="Update uid column values in dashboard"
2026-06-19T12:47:10.329047220Z logger=migrator t=2026-06-19T12:47:10.328948096Z level=info msg="Migration successfully executed" id="Update uid column values in dashboard" duration=381.976µs
2026-06-19T12:47:10.338321303Z logger=migrator t=2026-06-19T12:47:10.338184118Z level=info msg="Executing migration" id="Add unique index dashboard_org_id_uid"
2026-06-19T12:47:10.339249274Z logger=migrator t=2026-06-19T12:47:10.339128526Z level=info msg="Migration successfully executed" id="Add unique index dashboard_org_id_uid" duration=945.975µs
2026-06-19T12:47:10.349615542Z logger=migrator t=2026-06-19T12:47:10.349471094Z level=info msg="Executing migration" id="Remove unique index org_id_slug"
2026-06-19T12:47:10.350219116Z logger=migrator t=2026-06-19T12:47:10.350111527Z level=info msg="Migration successfully executed" id="Remove unique index org_id_slug" duration=642.082µs
2026-06-19T12:47:10.359888897Z logger=migrator t=2026-06-19T12:47:10.359751411Z level=info msg="Executing migration" id="Update dashboard title length"
2026-06-19T12:47:10.360041645Z logger=migrator t=2026-06-19T12:47:10.359967196Z level=info msg="Migration successfully executed" id="Update dashboard title length" duration=217.541µs
2026-06-19T12:47:10.369833739Z logger=migrator t=2026-06-19T12:47:10.369687402Z level=info msg="Executing migration" id="Add unique index for dashboard_org_id_title_folder_id"
2026-06-19T12:47:10.370709419Z logger=migrator t=2026-06-19T12:47:10.370594904Z level=info msg="Migration successfully executed" id="Add unique index for dashboard_org_id_title_folder_id" duration=909.11µs
2026-06-19T12:47:10.381530006Z logger=migrator t=2026-06-19T12:47:10.381351952Z level=info msg="Executing migration" id="create dashboard_provisioning"
2026-06-19T12:47:10.383153012Z logger=migrator t=2026-06-19T12:47:10.383017575Z level=info msg="Migration successfully executed" id="create dashboard_provisioning" duration=1.675009ms
2026-06-19T12:47:10.395929360Z logger=migrator t=2026-06-19T12:47:10.395749353Z level=info msg="Executing migration" id="Rename table dashboard_provisioning to dashboard_provisioning_tmp_qwerty - v1"
2026-06-19T12:47:10.398820834Z logger=migrator t=2026-06-19T12:47:10.398668055Z level=info msg="Migration successfully executed" id="Rename table dashboard_provisioning to dashboard_provisioning_tmp_qwerty - v1" duration=2.914799ms
2026-06-19T12:47:10.410831771Z logger=migrator t=2026-06-19T12:47:10.410683483Z level=info msg="Executing migration" id="create dashboard_provisioning v2"
2026-06-19T12:47:10.411512502Z logger=migrator t=2026-06-19T12:47:10.411373015Z level=info msg="Migration successfully executed" id="create dashboard_provisioning v2" duration=679.473µs
2026-06-19T12:47:10.421380936Z logger=migrator t=2026-06-19T12:47:10.421234654Z level=info msg="Executing migration" id="create index IDX_dashboard_provisioning_dashboard_id - v2"
2026-06-19T12:47:10.422326892Z logger=migrator t=2026-06-19T12:47:10.422207221Z level=info msg="Migration successfully executed" id="create index IDX_dashboard_provisioning_dashboard_id - v2" duration=973.909µs
2026-06-19T12:47:10.433814067Z logger=migrator t=2026-06-19T12:47:10.433665476Z level=info msg="Executing migration" id="create index IDX_dashboard_provisioning_dashboard_id_name - v2"
2026-06-19T12:47:10.434551000Z logger=migrator t=2026-06-19T12:47:10.434430612Z level=info msg="Migration successfully executed" id="create index IDX_dashboard_provisioning_dashboard_id_name - v2" duration=765.554µs
2026-06-19T12:47:10.444601939Z logger=migrator t=2026-06-19T12:47:10.444424581Z level=info msg="Executing migration" id="copy dashboard_provisioning v1 to v2"
2026-06-19T12:47:10.445076237Z logger=migrator t=2026-06-19T12:47:10.444970088Z level=info msg="Migration successfully executed" id="copy dashboard_provisioning v1 to v2" duration=546.287µs
2026-06-19T12:47:10.454463020Z logger=migrator t=2026-06-19T12:47:10.454314526Z level=info msg="Executing migration" id="drop dashboard_provisioning_tmp_qwerty"
2026-06-19T12:47:10.455221665Z logger=migrator t=2026-06-19T12:47:10.455081291Z level=info msg="Migration successfully executed" id="drop dashboard_provisioning_tmp_qwerty" duration=767.437µs
2026-06-19T12:47:10.465900309Z logger=migrator t=2026-06-19T12:47:10.465752797Z level=info msg="Executing migration" id="Add check_sum column"
2026-06-19T12:47:10.467167488Z logger=migrator t=2026-06-19T12:47:10.467030225Z level=info msg="Migration successfully executed" id="Add check_sum column" duration=1.278383ms
2026-06-19T12:47:10.477809529Z logger=migrator t=2026-06-19T12:47:10.47765629Z level=info msg="Executing migration" id="Add index for dashboard_title"
2026-06-19T12:47:10.478542350Z logger=migrator t=2026-06-19T12:47:10.478418391Z level=info msg="Migration successfully executed" id="Add index for dashboard_title" duration=750.928µs
2026-06-19T12:47:10.489004429Z logger=migrator t=2026-06-19T12:47:10.488843993Z level=info msg="Executing migration" id="delete tags for deleted dashboards"
2026-06-19T12:47:10.489376158Z logger=migrator t=2026-06-19T12:47:10.489261445Z level=info msg="Migration successfully executed" id="delete tags for deleted dashboards" duration=419.175µs
2026-06-19T12:47:10.499890291Z logger=migrator t=2026-06-19T12:47:10.499703846Z level=info msg="Executing migration" id="delete stars for deleted dashboards"
2026-06-19T12:47:10.500224861Z logger=migrator t=2026-06-19T12:47:10.500123658Z level=info msg="Migration successfully executed" id="delete stars for deleted dashboards" duration=421.327µs
2026-06-19T12:47:10.511883650Z logger=migrator t=2026-06-19T12:47:10.51172316Z level=info msg="Executing migration" id="Add index for dashboard_is_folder"
2026-06-19T12:47:10.514242238Z logger=migrator t=2026-06-19T12:47:10.514085198Z level=info msg="Migration successfully executed" id="Add index for dashboard_is_folder" duration=2.362761ms
2026-06-19T12:47:10.525876974Z logger=migrator t=2026-06-19T12:47:10.525728129Z level=info msg="Executing migration" id="Add isPublic for dashboard"
2026-06-19T12:47:10.527603060Z logger=migrator t=2026-06-19T12:47:10.527446514Z level=info msg="Migration successfully executed" id="Add isPublic for dashboard" duration=1.719969ms
2026-06-19T12:47:10.539567824Z logger=migrator t=2026-06-19T12:47:10.539395345Z level=info msg="Executing migration" id="Add deleted for dashboard"
2026-06-19T12:47:10.541939714Z logger=migrator t=2026-06-19T12:47:10.54178634Z level=info msg="Migration successfully executed" id="Add deleted for dashboard" duration=2.389762ms
2026-06-19T12:47:10.553935422Z logger=migrator t=2026-06-19T12:47:10.55376905Z level=info msg="Executing migration" id="Add index for deleted"
2026-06-19T12:47:10.554627256Z logger=migrator t=2026-06-19T12:47:10.554469456Z level=info msg="Migration successfully executed" id="Add index for deleted" duration=701.742µs
2026-06-19T12:47:10.565854285Z logger=migrator t=2026-06-19T12:47:10.565710496Z level=info msg="Executing migration" id="Add column dashboard_uid in dashboard_tag"
2026-06-19T12:47:10.567016746Z logger=migrator t=2026-06-19T12:47:10.566883054Z level=info msg="Migration successfully executed" id="Add column dashboard_uid in dashboard_tag" duration=1.173154ms
2026-06-19T12:47:10.576477145Z logger=migrator t=2026-06-19T12:47:10.576328622Z level=info msg="Executing migration" id="Add column org_id in dashboard_tag"
2026-06-19T12:47:10.579844648Z logger=migrator t=2026-06-19T12:47:10.579689602Z level=info msg="Migration successfully executed" id="Add column org_id in dashboard_tag" duration=3.376595ms
2026-06-19T12:47:10.589625710Z logger=migrator t=2026-06-19T12:47:10.58946279Z level=info msg="Executing migration" id="Add missing dashboard_uid and org_id to dashboard_tag"
2026-06-19T12:47:10.590055007Z logger=migrator t=2026-06-19T12:47:10.589950598Z level=info msg="Migration successfully executed" id="Add missing dashboard_uid and org_id to dashboard_tag" duration=489.931µs
2026-06-19T12:47:10.600638345Z logger=migrator t=2026-06-19T12:47:10.600462923Z level=info msg="Executing migration" id="Add apiVersion for dashboard"
2026-06-19T12:47:10.601932287Z logger=migrator t=2026-06-19T12:47:10.601814888Z level=info msg="Migration successfully executed" id="Add apiVersion for dashboard" duration=1.353437ms
2026-06-19T12:47:10.614807833Z logger=migrator t=2026-06-19T12:47:10.614658756Z level=info msg="Executing migration" id="Add index for dashboard_uid on dashboard_tag table"
2026-06-19T12:47:10.615580885Z logger=migrator t=2026-06-19T12:47:10.615447893Z level=info msg="Migration successfully executed" id="Add index for dashboard_uid on dashboard_tag table" duration=797.564µs
2026-06-19T12:47:10.626968312Z logger=migrator t=2026-06-19T12:47:10.626820455Z level=info msg="Executing migration" id="Add missing dashboard_uid and org_id to star"
2026-06-19T12:47:10.627396975Z logger=migrator t=2026-06-19T12:47:10.627289215Z level=info msg="Migration successfully executed" id="Add missing dashboard_uid and org_id to star" duration=470.718µs
2026-06-19T12:47:10.641420910Z logger=migrator t=2026-06-19T12:47:10.641262167Z level=info msg="Executing migration" id="create data_source table"
2026-06-19T12:47:10.642142543Z logger=migrator t=2026-06-19T12:47:10.642026577Z level=info msg="Migration successfully executed" id="create data_source table" duration=766.591µs
2026-06-19T12:47:10.653070637Z logger=migrator t=2026-06-19T12:47:10.652887726Z level=info msg="Executing migration" id="add index data_source.account_id"
2026-06-19T12:47:10.654097181Z logger=migrator t=2026-06-19T12:47:10.653975417Z level=info msg="Migration successfully executed" id="add index data_source.account_id" duration=1.088187ms
2026-06-19T12:47:10.663827316Z logger=migrator t=2026-06-19T12:47:10.663674584Z level=info msg="Executing migration" id="add unique index data_source.account_id_name"
2026-06-19T12:47:10.664558049Z logger=migrator t=2026-06-19T12:47:10.664424254Z level=info msg="Migration successfully executed" id="add unique index data_source.account_id_name" duration=751.262µs
2026-06-19T12:47:10.675808445Z logger=migrator t=2026-06-19T12:47:10.675647527Z level=info msg="Executing migration" id="drop index IDX_data_source_account_id - v1"
2026-06-19T12:47:10.676464544Z logger=migrator t=2026-06-19T12:47:10.676363661Z level=info msg="Migration successfully executed" id="drop index IDX_data_source_account_id - v1" duration=717.369µs
2026-06-19T12:47:10.687360815Z logger=migrator t=2026-06-19T12:47:10.687213734Z level=info msg="Executing migration" id="drop index UQE_data_source_account_id_name - v1"
2026-06-19T12:47:10.689509219Z logger=migrator t=2026-06-19T12:47:10.689347323Z level=info msg="Migration successfully executed" id="drop index UQE_data_source_account_id_name - v1" duration=2.149271ms
2026-06-19T12:47:10.703574841Z logger=migrator t=2026-06-19T12:47:10.703392837Z level=info msg="Executing migration" id="Rename table data_source to data_source_v1 - v1"
2026-06-19T12:47:10.709280960Z logger=migrator t=2026-06-19T12:47:10.709127196Z level=info msg="Migration successfully executed" id="Rename table data_source to data_source_v1 - v1" duration=5.733769ms
2026-06-19T12:47:10.721767451Z logger=migrator t=2026-06-19T12:47:10.721595406Z level=info msg="Executing migration" id="create data_source table v2"
2026-06-19T12:47:10.722564351Z logger=migrator t=2026-06-19T12:47:10.722436015Z level=info msg="Migration successfully executed" id="create data_source table v2" duration=841.644µs
2026-06-19T12:47:10.738286155Z logger=migrator t=2026-06-19T12:47:10.738124103Z level=info msg="Executing migration" id="create index IDX_data_source_org_id - v2"
2026-06-19T12:47:10.739246298Z logger=migrator t=2026-06-19T12:47:10.739121485Z level=info msg="Migration successfully executed" id="create index IDX_data_source_org_id - v2" duration=999.705µs
2026-06-19T12:47:10.750249151Z logger=migrator t=2026-06-19T12:47:10.750092636Z level=info msg="Executing migration" id="create index UQE_data_source_org_id_name - v2"
2026-06-19T12:47:10.751193501Z logger=migrator t=2026-06-19T12:47:10.751067476Z level=info msg="Migration successfully executed" id="create index UQE_data_source_org_id_name - v2" duration=976.398µs
2026-06-19T12:47:10.763425001Z logger=migrator t=2026-06-19T12:47:10.763266258Z level=info msg="Executing migration" id="Drop old table data_source_v1 #2"
2026-06-19T12:47:10.765861127Z logger=migrator t=2026-06-19T12:47:10.765717674Z level=info msg="Migration successfully executed" id="Drop old table data_source_v1 #2" duration=2.47677ms
2026-06-19T12:47:10.775864158Z logger=migrator t=2026-06-19T12:47:10.775718079Z level=info msg="Executing migration" id="Add column with_credentials"
2026-06-19T12:47:10.778911459Z logger=migrator t=2026-06-19T12:47:10.7787926Z level=info msg="Migration successfully executed" id="Add column with_credentials" duration=1.76554ms
2026-06-19T12:47:10.791928939Z logger=migrator t=2026-06-19T12:47:10.791728554Z level=info msg="Executing migration" id="Add secure json data column"
2026-06-19T12:47:10.793755506Z logger=migrator t=2026-06-19T12:47:10.793592145Z level=info msg="Migration successfully executed" id="Add secure json data column" duration=1.846169ms
2026-06-19T12:47:10.804972018Z logger=migrator t=2026-06-19T12:47:10.804801133Z level=info msg="Executing migration" id="Update data_source table charset"
2026-06-19T12:47:10.805195220Z logger=migrator t=2026-06-19T12:47:10.805070216Z level=info msg="Migration successfully executed" id="Update data_source table charset" duration=272.034µs
2026-06-19T12:47:10.816809381Z logger=migrator t=2026-06-19T12:47:10.816678726Z level=info msg="Executing migration" id="Update initial version to 1"
2026-06-19T12:47:10.817205980Z logger=migrator t=2026-06-19T12:47:10.817088918Z level=info msg="Migration successfully executed" id="Update initial version to 1" duration=411.388µs
2026-06-19T12:47:10.827674870Z logger=migrator t=2026-06-19T12:47:10.827474937Z level=info msg="Executing migration" id="Add read_only data column"
2026-06-19T12:47:10.829162840Z logger=migrator t=2026-06-19T12:47:10.829016928Z level=info msg="Migration successfully executed" id="Add read_only data column" duration=1.543359ms
2026-06-19T12:47:10.839755065Z logger=migrator t=2026-06-19T12:47:10.839540032Z level=info msg="Executing migration" id="Migrate logging ds to loki ds"
2026-06-19T12:47:10.840130562Z logger=migrator t=2026-06-19T12:47:10.840034285Z level=info msg="Migration successfully executed" id="Migrate logging ds to loki ds" duration=486.375µs
2026-06-19T12:47:10.850880406Z logger=migrator t=2026-06-19T12:47:10.850709344Z level=info msg="Executing migration" id="Update json_data with nulls"
2026-06-19T12:47:10.851311987Z logger=migrator t=2026-06-19T12:47:10.8511859Z level=info msg="Migration successfully executed" id="Update json_data with nulls" duration=478.451µs
2026-06-19T12:47:10.861747580Z logger=migrator t=2026-06-19T12:47:10.861598689Z level=info msg="Executing migration" id="Add uid column"
2026-06-19T12:47:10.863138603Z logger=migrator t=2026-06-19T12:47:10.862973919Z level=info msg="Migration successfully executed" id="Add uid column" duration=1.376612ms
2026-06-19T12:47:10.873842625Z logger=migrator t=2026-06-19T12:47:10.873679212Z level=info msg="Executing migration" id="Update uid value"
2026-06-19T12:47:10.874224856Z logger=migrator t=2026-06-19T12:47:10.874139269Z level=info msg="Migration successfully executed" id="Update uid value" duration=452.86µs
2026-06-19T12:47:10.885504946Z logger=migrator t=2026-06-19T12:47:10.885357487Z level=info msg="Executing migration" id="Add unique index datasource_org_id_uid"
2026-06-19T12:47:10.886537387Z logger=migrator t=2026-06-19T12:47:10.886378384Z level=info msg="Migration successfully executed" id="Add unique index datasource_org_id_uid" duration=1.022785ms
2026-06-19T12:47:10.896520569Z logger=migrator t=2026-06-19T12:47:10.896343423Z level=info msg="Executing migration" id="add unique index datasource_org_id_is_default"
2026-06-19T12:47:10.897267653Z logger=migrator t=2026-06-19T12:47:10.897117144Z level=info msg="Migration successfully executed" id="add unique index datasource_org_id_is_default" duration=775.443µs
2026-06-19T12:47:10.907916260Z logger=migrator t=2026-06-19T12:47:10.907759391Z level=info msg="Executing migration" id="Add is_prunable column"
2026-06-19T12:47:10.909388418Z logger=migrator t=2026-06-19T12:47:10.909216899Z level=info msg="Migration successfully executed" id="Add is_prunable column" duration=1.458561ms
2026-06-19T12:47:10.920872788Z logger=migrator t=2026-06-19T12:47:10.92074484Z level=info msg="Executing migration" id="Add api_version column"
2026-06-19T12:47:10.922580763Z logger=migrator t=2026-06-19T12:47:10.922428759Z level=info msg="Migration successfully executed" id="Add api_version column" duration=1.685661ms
2026-06-19T12:47:10.933617490Z logger=migrator t=2026-06-19T12:47:10.933447748Z level=info msg="Executing migration" id="Update secure_json_data column to MediumText"
2026-06-19T12:47:10.933834517Z logger=migrator t=2026-06-19T12:47:10.933695165Z level=info msg="Migration successfully executed" id="Update secure_json_data column to MediumText" duration=249.747µs
2026-06-19T12:47:10.950784672Z logger=migrator t=2026-06-19T12:47:10.950626573Z level=info msg="Executing migration" id="Update json_data column to MediumText"
2026-06-19T12:47:10.950949178Z logger=migrator t=2026-06-19T12:47:10.950880619Z level=info msg="Migration successfully executed" id="Update json_data column to MediumText" duration=257.26µs
2026-06-19T12:47:10.961864102Z logger=migrator t=2026-06-19T12:47:10.961700173Z level=info msg="Executing migration" id="create api_key table"
2026-06-19T12:47:10.962472313Z logger=migrator t=2026-06-19T12:47:10.962354389Z level=info msg="Migration successfully executed" id="create api_key table" duration=655.144µs
2026-06-19T12:47:10.972241042Z logger=migrator t=2026-06-19T12:47:10.972072074Z level=info msg="Executing migration" id="add index api_key.account_id"
2026-06-19T12:47:10.973034012Z logger=migrator t=2026-06-19T12:47:10.972917478Z level=info msg="Migration successfully executed" id="add index api_key.account_id" duration=860.672µs
2026-06-19T12:47:10.982841438Z logger=migrator t=2026-06-19T12:47:10.982689307Z level=info msg="Executing migration" id="add index api_key.key"
2026-06-19T12:47:10.983566658Z logger=migrator t=2026-06-19T12:47:10.983443804Z level=info msg="Migration successfully executed" id="add index api_key.key" duration=756.183µs
2026-06-19T12:47:10.993894452Z logger=migrator t=2026-06-19T12:47:10.993736375Z level=info msg="Executing migration" id="add index api_key.account_id_name"
2026-06-19T12:47:10.994668496Z logger=migrator t=2026-06-19T12:47:10.994556381Z level=info msg="Migration successfully executed" id="add index api_key.account_id_name" duration=821.663µs
2026-06-19T12:47:11.004879957Z logger=migrator t=2026-06-19T12:47:11.004718079Z level=info msg="Executing migration" id="drop index IDX_api_key_account_id - v1"
2026-06-19T12:47:11.005592527Z logger=migrator t=2026-06-19T12:47:11.005458689Z level=info msg="Migration successfully executed" id="drop index IDX_api_key_account_id - v1" duration=742.065µs
2026-06-19T12:47:11.015417595Z logger=migrator t=2026-06-19T12:47:11.015261985Z level=info msg="Executing migration" id="drop index UQE_api_key_key - v1"
2026-06-19T12:47:11.016075797Z logger=migrator t=2026-06-19T12:47:11.015969899Z level=info msg="Migration successfully executed" id="drop index UQE_api_key_key - v1" duration=710.372µs
2026-06-19T12:47:11.025641940Z logger=migrator t=2026-06-19T12:47:11.025465632Z level=info msg="Executing migration" id="drop index UQE_api_key_account_id_name - v1"
2026-06-19T12:47:11.026315143Z logger=migrator t=2026-06-19T12:47:11.026207186Z level=info msg="Migration successfully executed" id="drop index UQE_api_key_account_id_name - v1" duration=743.53µs
2026-06-19T12:47:11.036904167Z logger=migrator t=2026-06-19T12:47:11.036738406Z level=info msg="Executing migration" id="Rename table api_key to api_key_v1 - v1"
2026-06-19T12:47:11.039685836Z logger=migrator t=2026-06-19T12:47:11.03951771Z level=info msg="Migration successfully executed" id="Rename table api_key to api_key_v1 - v1" duration=2.791679ms
2026-06-19T12:47:11.050827914Z logger=migrator t=2026-06-19T12:47:11.050659184Z level=info msg="Executing migration" id="create api_key table v2"
2026-06-19T12:47:11.051469622Z logger=migrator t=2026-06-19T12:47:11.051354608Z level=info msg="Migration successfully executed" id="create api_key table v2" duration=696.133µs
2026-06-19T12:47:11.061070523Z logger=migrator t=2026-06-19T12:47:11.060917031Z level=info msg="Executing migration" id="create index IDX_api_key_org_id - v2"
2026-06-19T12:47:11.061805892Z logger=migrator t=2026-06-19T12:47:11.061683756Z level=info msg="Migration successfully executed" id="create index IDX_api_key_org_id - v2" duration=767.604µs
2026-06-19T12:47:11.071405229Z logger=migrator t=2026-06-19T12:47:11.071245183Z level=info msg="Executing migration" id="create index UQE_api_key_key - v2"
2026-06-19T12:47:11.072161752Z logger=migrator t=2026-06-19T12:47:11.072048149Z level=info msg="Migration successfully executed" id="create index UQE_api_key_key - v2" duration=804.686µs
2026-06-19T12:47:11.082824517Z logger=migrator t=2026-06-19T12:47:11.082668979Z level=info msg="Executing migration" id="create index UQE_api_key_org_id_name - v2"
2026-06-19T12:47:11.083505445Z logger=migrator t=2026-06-19T12:47:11.083393878Z level=info msg="Migration successfully executed" id="create index UQE_api_key_org_id_name - v2" duration=726.875µs
2026-06-19T12:47:11.093945512Z logger=migrator t=2026-06-19T12:47:11.093792971Z level=info msg="Executing migration" id="copy api_key v1 to v2"
2026-06-19T12:47:11.094378887Z logger=migrator t=2026-06-19T12:47:11.094273478Z level=info msg="Migration successfully executed" id="copy api_key v1 to v2" duration=481.584µs
2026-06-19T12:47:11.106950509Z logger=migrator t=2026-06-19T12:47:11.106791949Z level=info msg="Executing migration" id="Drop old table api_key_v1"
2026-06-19T12:47:11.107642280Z logger=migrator t=2026-06-19T12:47:11.107525856Z level=info msg="Migration successfully executed" id="Drop old table api_key_v1" duration=735.372µs
2026-06-19T12:47:11.117223934Z logger=migrator t=2026-06-19T12:47:11.117070274Z level=info msg="Executing migration" id="Update api_key table charset"
2026-06-19T12:47:11.117395558Z logger=migrator t=2026-06-19T12:47:11.117316952Z level=info msg="Migration successfully executed" id="Update api_key table charset" duration=249.968µs
2026-06-19T12:47:11.127244505Z logger=migrator t=2026-06-19T12:47:11.127089949Z level=info msg="Executing migration" id="Add expires to api_key table"
2026-06-19T12:47:11.128765523Z logger=migrator t=2026-06-19T12:47:11.128612673Z level=info msg="Migration successfully executed" id="Add expires to api_key table" duration=1.523629ms
2026-06-19T12:47:11.138071961Z logger=migrator t=2026-06-19T12:47:11.137925164Z level=info msg="Executing migration" id="Add service account foreign key"
2026-06-19T12:47:11.139543811Z logger=migrator t=2026-06-19T12:47:11.13943129Z level=info msg="Migration successfully executed" id="Add service account foreign key" duration=1.506306ms
2026-06-19T12:47:11.149449222Z logger=migrator t=2026-06-19T12:47:11.149299858Z level=info msg="Executing migration" id="set service account foreign key to nil if 0"
2026-06-19T12:47:11.149856949Z logger=migrator t=2026-06-19T12:47:11.149746375Z level=info msg="Migration successfully executed" id="set service account foreign key to nil if 0" duration=448.221µs
2026-06-19T12:47:11.159888963Z logger=migrator t=2026-06-19T12:47:11.159736864Z level=info msg="Executing migration" id="Add last_used_at to api_key table"
2026-06-19T12:47:11.161334963Z logger=migrator t=2026-06-19T12:47:11.161200436Z level=info msg="Migration successfully executed" id="Add last_used_at to api_key table" duration=1.464048ms
2026-06-19T12:47:11.174863177Z logger=migrator t=2026-06-19T12:47:11.174708495Z level=info msg="Executing migration" id="Add is_revoked column to api_key table"
2026-06-19T12:47:11.179407195Z logger=migrator t=2026-06-19T12:47:11.179239862Z level=info msg="Migration successfully executed" id="Add is_revoked column to api_key table" duration=4.531081ms
2026-06-19T12:47:11.191707927Z logger=migrator t=2026-06-19T12:47:11.191544653Z level=info msg="Executing migration" id="create dashboard_snapshot table v4"
2026-06-19T12:47:11.192362356Z logger=migrator t=2026-06-19T12:47:11.192241154Z level=info msg="Migration successfully executed" id="create dashboard_snapshot table v4" duration=699.036µs
2026-06-19T12:47:11.203749023Z logger=migrator t=2026-06-19T12:47:11.203603083Z level=info msg="Executing migration" id="drop table dashboard_snapshot_v4 #1"
2026-06-19T12:47:11.204469144Z logger=migrator t=2026-06-19T12:47:11.204347857Z level=info msg="Migration successfully executed" id="drop table dashboard_snapshot_v4 #1" duration=745.087µs
2026-06-19T12:47:11.216723196Z logger=migrator t=2026-06-19T12:47:11.21655522Z level=info msg="Executing migration" id="create dashboard_snapshot table v5 #2"
2026-06-19T12:47:11.217424662Z logger=migrator t=2026-06-19T12:47:11.217301642Z level=info msg="Migration successfully executed" id="create dashboard_snapshot table v5 #2" duration=748.924µs
2026-06-19T12:47:11.230687996Z logger=migrator t=2026-06-19T12:47:11.228882735Z level=info msg="Executing migration" id="create index UQE_dashboard_snapshot_key - v5"
2026-06-19T12:47:11.231594715Z logger=migrator t=2026-06-19T12:47:11.231454514Z level=info msg="Migration successfully executed" id="create index UQE_dashboard_snapshot_key - v5" duration=2.573245ms
2026-06-19T12:47:11.242912827Z logger=migrator t=2026-06-19T12:47:11.242753665Z level=info msg="Executing migration" id="create index UQE_dashboard_snapshot_delete_key - v5"
2026-06-19T12:47:11.244304878Z logger=migrator t=2026-06-19T12:47:11.244162473Z level=info msg="Migration successfully executed" id="create index UQE_dashboard_snapshot_delete_key - v5" duration=1.410576ms
2026-06-19T12:47:11.256409625Z logger=migrator t=2026-06-19T12:47:11.256248143Z level=info msg="Executing migration" id="create index IDX_dashboard_snapshot_user_id - v5"
2026-06-19T12:47:11.257615489Z logger=migrator t=2026-06-19T12:47:11.257477514Z level=info msg="Migration successfully executed" id="create index IDX_dashboard_snapshot_user_id - v5" duration=1.230445ms
2026-06-19T12:47:11.271695641Z logger=migrator t=2026-06-19T12:47:11.271538954Z level=info msg="Executing migration" id="alter dashboard_snapshot to mediumtext v2"
2026-06-19T12:47:11.271878492Z logger=migrator t=2026-06-19T12:47:11.27179989Z level=info msg="Migration successfully executed" id="alter dashboard_snapshot to mediumtext v2" duration=264.584µs
2026-06-19T12:47:11.282362794Z logger=migrator t=2026-06-19T12:47:11.282209717Z level=info msg="Executing migration" id="Update dashboard_snapshot table charset"
2026-06-19T12:47:11.282599351Z logger=migrator t=2026-06-19T12:47:11.2825172Z level=info msg="Migration successfully executed" id="Update dashboard_snapshot table charset" duration=310.514µs
2026-06-19T12:47:11.292839985Z logger=migrator t=2026-06-19T12:47:11.292626763Z level=info msg="Executing migration" id="Add column external_delete_url to dashboard_snapshots table"
2026-06-19T12:47:11.294187549Z logger=migrator t=2026-06-19T12:47:11.294054396Z level=info msg="Migration successfully executed" id="Add column external_delete_url to dashboard_snapshots table" duration=1.429445ms
2026-06-19T12:47:11.305266183Z logger=migrator t=2026-06-19T12:47:11.305130055Z level=info msg="Executing migration" id="Add encrypted dashboard json column"
2026-06-19T12:47:11.307859056Z logger=migrator t=2026-06-19T12:47:11.307738607Z level=info msg="Migration successfully executed" id="Add encrypted dashboard json column" duration=2.609202ms
2026-06-19T12:47:11.318556554Z logger=migrator t=2026-06-19T12:47:11.318351439Z level=info msg="Executing migration" id="Change dashboard_encrypted column to MEDIUMBLOB"
2026-06-19T12:47:11.318700908Z logger=migrator t=2026-06-19T12:47:11.318629686Z level=info msg="Migration successfully executed" id="Change dashboard_encrypted column to MEDIUMBLOB" duration=280.6µs
2026-06-19T12:47:11.330092934Z logger=migrator t=2026-06-19T12:47:11.329937554Z level=info msg="Executing migration" id="create quota table v1"
2026-06-19T12:47:11.330868778Z logger=migrator t=2026-06-19T12:47:11.330746236Z level=info msg="Migration successfully executed" id="create quota table v1" duration=818.439µs
2026-06-19T12:47:11.342791234Z logger=migrator t=2026-06-19T12:47:11.342646104Z level=info msg="Executing migration" id="create index UQE_quota_org_id_user_id_target - v1"
2026-06-19T12:47:11.343460765Z logger=migrator t=2026-06-19T12:47:11.343350726Z level=info msg="Migration successfully executed" id="create index UQE_quota_org_id_user_id_target - v1" duration=706.141µs
2026-06-19T12:47:11.355138341Z logger=migrator t=2026-06-19T12:47:11.35495667Z level=info msg="Executing migration" id="Update quota table charset"
2026-06-19T12:47:11.355335962Z logger=migrator t=2026-06-19T12:47:11.355258746Z level=info msg="Migration successfully executed" id="Update quota table charset" duration=304.352µs
2026-06-19T12:47:11.367300996Z logger=migrator t=2026-06-19T12:47:11.367140637Z level=info msg="Executing migration" id="create plugin_setting table"
2026-06-19T12:47:11.367959899Z logger=migrator t=2026-06-19T12:47:11.367843895Z level=info msg="Migration successfully executed" id="create plugin_setting table" duration=704.408µs
2026-06-19T12:47:11.379067276Z logger=migrator t=2026-06-19T12:47:11.378901319Z level=info msg="Executing migration" id="create index UQE_plugin_setting_org_id_plugin_id - v1"
2026-06-19T12:47:11.379796991Z logger=migrator t=2026-06-19T12:47:11.379684103Z level=info msg="Migration successfully executed" id="create index UQE_plugin_setting_org_id_plugin_id - v1" duration=797.72µs
2026-06-19T12:47:11.392205622Z logger=migrator t=2026-06-19T12:47:11.392054617Z level=info msg="Executing migration" id="Add column plugin_version to plugin_settings"
2026-06-19T12:47:11.394690670Z logger=migrator t=2026-06-19T12:47:11.394559147Z level=info msg="Migration successfully executed" id="Add column plugin_version to plugin_settings" duration=2.504619ms
2026-06-19T12:47:11.406754797Z logger=migrator t=2026-06-19T12:47:11.406596579Z level=info msg="Executing migration" id="Update plugin_setting table charset"
2026-06-19T12:47:11.406971900Z logger=migrator t=2026-06-19T12:47:11.406872122Z level=info msg="Migration successfully executed" id="Update plugin_setting table charset" duration=257.744µs
2026-06-19T12:47:11.418919859Z logger=migrator t=2026-06-19T12:47:11.418762194Z level=info msg="Executing migration" id="update NULL org_id to 1"
2026-06-19T12:47:11.419290149Z logger=migrator t=2026-06-19T12:47:11.419193575Z level=info msg="Migration successfully executed" id="update NULL org_id to 1" duration=433.074µs
2026-06-19T12:47:11.429754590Z logger=migrator t=2026-06-19T12:47:11.429595917Z level=info msg="Executing migration" id="make org_id NOT NULL and DEFAULT VALUE 1"
2026-06-19T12:47:11.434621773Z logger=migrator t=2026-06-19T12:47:11.434453762Z level=info msg="Migration successfully executed" id="make org_id NOT NULL and DEFAULT VALUE 1" duration=4.843869ms
2026-06-19T12:47:11.446954417Z logger=migrator t=2026-06-19T12:47:11.44680044Z level=info msg="Executing migration" id="create session table"
2026-06-19T12:47:11.448755440Z logger=migrator t=2026-06-19T12:47:11.448611351Z level=info msg="Migration successfully executed" id="create session table" duration=1.809719ms
2026-06-19T12:47:11.459792898Z logger=migrator t=2026-06-19T12:47:11.459640196Z level=info msg="Executing migration" id="drop preferences table v2"
2026-06-19T12:47:11.460051285Z logger=migrator t=2026-06-19T12:47:11.4599638Z level=info msg="Migration successfully executed" id="drop preferences table v2" duration=325.892µs
2026-06-19T12:47:11.470729376Z logger=migrator t=2026-06-19T12:47:11.470583968Z level=info msg="Executing migration" id="drop preferences table v3"
2026-06-19T12:47:11.471031644Z logger=migrator t=2026-06-19T12:47:11.470934303Z level=info msg="Migration successfully executed" id="drop preferences table v3" duration=352.655µs
2026-06-19T12:47:11.480831987Z logger=migrator t=2026-06-19T12:47:11.480674597Z level=info msg="Executing migration" id="create preferences table v3"
2026-06-19T12:47:11.481458683Z logger=migrator t=2026-06-19T12:47:11.481347139Z level=info msg="Migration successfully executed" id="create preferences table v3" duration=674.132µs
2026-06-19T12:47:11.494513782Z logger=migrator t=2026-06-19T12:47:11.494341993Z level=info msg="Executing migration" id="Update preferences table charset"
2026-06-19T12:47:11.494700862Z logger=migrator t=2026-06-19T12:47:11.49461804Z level=info msg="Migration successfully executed" id="Update preferences table charset" duration=278.912µs
2026-06-19T12:47:11.507270157Z logger=migrator t=2026-06-19T12:47:11.507118112Z level=info msg="Executing migration" id="Add column team_id in preferences"
2026-06-19T12:47:11.510569606Z logger=migrator t=2026-06-19T12:47:11.510408593Z level=info msg="Migration successfully executed" id="Add column team_id in preferences" duration=3.289755ms
2026-06-19T12:47:11.522706246Z logger=migrator t=2026-06-19T12:47:11.522545841Z level=info msg="Executing migration" id="Update team_id column values in preferences"
2026-06-19T12:47:11.523096101Z logger=migrator t=2026-06-19T12:47:11.522985686Z level=info msg="Migration successfully executed" id="Update team_id column values in preferences" duration=2.312581ms
2026-06-19T12:47:11.532863213Z logger=migrator t=2026-06-19T12:47:11.532714657Z level=info msg="Executing migration" id="Add column week_start in preferences"
2026-06-19T12:47:11.534441354Z logger=migrator t=2026-06-19T12:47:11.534317978Z level=info msg="Migration successfully executed" id="Add column week_start in preferences" duration=1.603301ms
2026-06-19T12:47:11.544800746Z logger=migrator t=2026-06-19T12:47:11.544640805Z level=info msg="Executing migration" id="Add column preferences.json_data"
2026-06-19T12:47:11.546332306Z logger=migrator t=2026-06-19T12:47:11.546200515Z level=info msg="Migration successfully executed" id="Add column preferences.json_data" duration=1.56068ms
2026-06-19T12:47:11.556934758Z logger=migrator t=2026-06-19T12:47:11.556787961Z level=info msg="Executing migration" id="alter preferences.json_data to mediumtext v1"
2026-06-19T12:47:11.557063710Z logger=migrator t=2026-06-19T12:47:11.557005684Z level=info msg="Migration successfully executed" id="alter preferences.json_data to mediumtext v1" duration=220.242µs
2026-06-19T12:47:11.567880885Z logger=migrator t=2026-06-19T12:47:11.567725708Z level=info msg="Executing migration" id="Add preferences index org_id"
2026-06-19T12:47:11.568676340Z logger=migrator t=2026-06-19T12:47:11.568560286Z level=info msg="Migration successfully executed" id="Add preferences index org_id" duration=836.362µs
2026-06-19T12:47:11.578948808Z logger=migrator t=2026-06-19T12:47:11.578755352Z level=info msg="Executing migration" id="Add preferences index user_id"
2026-06-19T12:47:11.581043274Z logger=migrator t=2026-06-19T12:47:11.580902019Z level=info msg="Migration successfully executed" id="Add preferences index user_id" duration=2.147636ms
2026-06-19T12:47:11.592823153Z logger=migrator t=2026-06-19T12:47:11.59265926Z level=info msg="Executing migration" id="Add home_dashboard_uid column to preferences table"
2026-06-19T12:47:11.596950009Z logger=migrator t=2026-06-19T12:47:11.596787148Z level=info msg="Migration successfully executed" id="Add home_dashboard_uid column to preferences table" duration=4.127213ms
2026-06-19T12:47:11.607355051Z logger=migrator t=2026-06-19T12:47:11.607201174Z level=info msg="Executing migration" id="Add missing dashboard_uid to preferences table"
2026-06-19T12:47:11.608936028Z logger=migrator t=2026-06-19T12:47:11.607793394Z level=info msg="Migration successfully executed" id="Add missing dashboard_uid to preferences table" duration=594.69µs
2026-06-19T12:47:11.619907114Z logger=migrator t=2026-06-19T12:47:11.61974746Z level=info msg="Executing migration" id="create alert table v1"
2026-06-19T12:47:11.620968336Z logger=migrator t=2026-06-19T12:47:11.620842291Z level=info msg="Migration successfully executed" id="create alert table v1" duration=1.095485ms
2026-06-19T12:47:11.635702449Z logger=migrator t=2026-06-19T12:47:11.63554494Z level=info msg="Executing migration" id="add index alert org_id & id "
2026-06-19T12:47:11.636417061Z logger=migrator t=2026-06-19T12:47:11.636305258Z level=info msg="Migration successfully executed" id="add index alert org_id & id " duration=762.831µs
2026-06-19T12:47:11.646947212Z logger=migrator t=2026-06-19T12:47:11.646787117Z level=info msg="Executing migration" id="add index alert state"
2026-06-19T12:47:11.647649940Z logger=migrator t=2026-06-19T12:47:11.647543499Z level=info msg="Migration successfully executed" id="add index alert state" duration=769.904µs
2026-06-19T12:47:11.658950947Z logger=migrator t=2026-06-19T12:47:11.658823665Z level=info msg="Executing migration" id="add index alert dashboard_id"
2026-06-19T12:47:11.659697047Z logger=migrator t=2026-06-19T12:47:11.659577836Z level=info msg="Migration successfully executed" id="add index alert dashboard_id" duration=754.945µs
2026-06-19T12:47:11.668832317Z logger=migrator t=2026-06-19T12:47:11.668716119Z level=info msg="Executing migration" id="Create alert_rule_tag table v1"
2026-06-19T12:47:11.669444981Z logger=migrator t=2026-06-19T12:47:11.669344956Z level=info msg="Migration successfully executed" id="Create alert_rule_tag table v1" duration=629.644µs
2026-06-19T12:47:11.682298533Z logger=migrator t=2026-06-19T12:47:11.681520176Z level=info msg="Executing migration" id="Add unique index alert_rule_tag.alert_id_tag_id"
2026-06-19T12:47:11.683708353Z logger=migrator t=2026-06-19T12:47:11.683587328Z level=info msg="Migration successfully executed" id="Add unique index alert_rule_tag.alert_id_tag_id" duration=2.068073ms
2026-06-19T12:47:11.693626601Z logger=migrator t=2026-06-19T12:47:11.693478615Z level=info msg="Executing migration" id="drop index UQE_alert_rule_tag_alert_id_tag_id - v1"
2026-06-19T12:47:11.694240937Z logger=migrator t=2026-06-19T12:47:11.694147011Z level=info msg="Migration successfully executed" id="drop index UQE_alert_rule_tag_alert_id_tag_id - v1" duration=669.59µs
2026-06-19T12:47:11.703760062Z logger=migrator t=2026-06-19T12:47:11.703622674Z level=info msg="Executing migration" id="Rename table alert_rule_tag to alert_rule_tag_v1 - v1"
2026-06-19T12:47:11.707230176Z logger=migrator t=2026-06-19T12:47:11.707044332Z level=info msg="Migration successfully executed" id="Rename table alert_rule_tag to alert_rule_tag_v1 - v1" duration=3.419308ms
2026-06-19T12:47:11.719820605Z logger=migrator t=2026-06-19T12:47:11.719643071Z level=info msg="Executing migration" id="Create alert_rule_tag table v2"
2026-06-19T12:47:11.720461670Z logger=migrator t=2026-06-19T12:47:11.720320607Z level=info msg="Migration successfully executed" id="Create alert_rule_tag table v2" duration=678.405µs
2026-06-19T12:47:11.730236449Z logger=migrator t=2026-06-19T12:47:11.730050866Z level=info msg="Executing migration" id="create index UQE_alert_rule_tag_alert_id_tag_id - Add unique index alert_rule_tag.alert_id_tag_id V2"
2026-06-19T12:47:11.731007335Z logger=migrator t=2026-06-19T12:47:11.730853428Z level=info msg="Migration successfully executed" id="create index UQE_alert_rule_tag_alert_id_tag_id - Add unique index alert_rule_tag.alert_id_tag_id V2" duration=804.278µs
2026-06-19T12:47:11.740427084Z logger=migrator t=2026-06-19T12:47:11.740302263Z level=info msg="Executing migration" id="copy alert_rule_tag v1 to v2"
2026-06-19T12:47:11.742001321Z logger=migrator t=2026-06-19T12:47:11.741841771Z level=info msg="Migration successfully executed" id="copy alert_rule_tag v1 to v2" duration=1.557481ms
2026-06-19T12:47:11.753170770Z logger=migrator t=2026-06-19T12:47:11.753046087Z level=info msg="Executing migration" id="drop table alert_rule_tag_v1"
2026-06-19T12:47:11.753802897Z logger=migrator t=2026-06-19T12:47:11.75369829Z level=info msg="Migration successfully executed" id="drop table alert_rule_tag_v1" duration=652.154µs
2026-06-19T12:47:11.763259639Z logger=migrator t=2026-06-19T12:47:11.763109531Z level=info msg="Executing migration" id="create alert_notification table v1"
2026-06-19T12:47:11.763979507Z logger=migrator t=2026-06-19T12:47:11.763818747Z level=info msg="Migration successfully executed" id="create alert_notification table v1" duration=723.643µs
2026-06-19T12:47:11.775040328Z logger=migrator t=2026-06-19T12:47:11.774857669Z level=info msg="Executing migration" id="Add column is_default"
2026-06-19T12:47:11.778775311Z logger=migrator t=2026-06-19T12:47:11.77862846Z level=info msg="Migration successfully executed" id="Add column is_default" duration=3.770762ms
2026-06-19T12:47:11.788389884Z logger=migrator t=2026-06-19T12:47:11.788184917Z level=info msg="Executing migration" id="Add column frequency"
2026-06-19T12:47:11.792823794Z logger=migrator t=2026-06-19T12:47:11.792656771Z level=info msg="Migration successfully executed" id="Add column frequency" duration=4.471509ms
2026-06-19T12:47:11.802607152Z logger=migrator t=2026-06-19T12:47:11.802430424Z level=info msg="Executing migration" id="Add column send_reminder"
2026-06-19T12:47:11.805216164Z logger=migrator t=2026-06-19T12:47:11.805062409Z level=info msg="Migration successfully executed" id="Add column send_reminder" duration=2.632594ms
2026-06-19T12:47:11.816890075Z logger=migrator t=2026-06-19T12:47:11.816759825Z level=info msg="Executing migration" id="Add column disable_resolve_message"
2026-06-19T12:47:11.818566414Z logger=migrator t=2026-06-19T12:47:11.818405136Z level=info msg="Migration successfully executed" id="Add column disable_resolve_message" duration=1.646288ms
2026-06-19T12:47:11.830322107Z logger=migrator t=2026-06-19T12:47:11.830192434Z level=info msg="Executing migration" id="add index alert_notification org_id & name"
2026-06-19T12:47:11.831186038Z logger=migrator t=2026-06-19T12:47:11.831034221Z level=info msg="Migration successfully executed" id="add index alert_notification org_id & name" duration=842.933µs
2026-06-19T12:47:11.842892222Z logger=migrator t=2026-06-19T12:47:11.842747672Z level=info msg="Executing migration" id="Update alert table charset"
2026-06-19T12:47:11.843114672Z logger=migrator t=2026-06-19T12:47:11.8430293Z level=info msg="Migration successfully executed" id="Update alert table charset" duration=263.064µs
2026-06-19T12:47:11.852682770Z logger=migrator t=2026-06-19T12:47:11.852468672Z level=info msg="Executing migration" id="Update alert_notification table charset"
2026-06-19T12:47:11.853659328Z logger=migrator t=2026-06-19T12:47:11.853544454Z level=info msg="Migration successfully executed" id="Update alert_notification table charset" duration=1.078443ms
2026-06-19T12:47:11.863221684Z logger=migrator t=2026-06-19T12:47:11.863065589Z level=info msg="Executing migration" id="create notification_journal table v1"
2026-06-19T12:47:11.866176674Z logger=migrator t=2026-06-19T12:47:11.866024756Z level=info msg="Migration successfully executed" id="create notification_journal table v1" duration=2.95995ms
2026-06-19T12:47:11.875824707Z logger=migrator t=2026-06-19T12:47:11.87564279Z level=info msg="Executing migration" id="add index notification_journal org_id & alert_id & notifier_id"
2026-06-19T12:47:11.876589981Z logger=migrator t=2026-06-19T12:47:11.876445606Z level=info msg="Migration successfully executed" id="add index notification_journal org_id & alert_id & notifier_id" duration=803.615µs
2026-06-19T12:47:11.892686957Z logger=migrator t=2026-06-19T12:47:11.892533475Z level=info msg="Executing migration" id="drop alert_notification_journal"
2026-06-19T12:47:11.893369982Z logger=migrator t=2026-06-19T12:47:11.893228145Z level=info msg="Migration successfully executed" id="drop alert_notification_journal" duration=682.887µs
2026-06-19T12:47:11.902830592Z logger=migrator t=2026-06-19T12:47:11.902677948Z level=info msg="Executing migration" id="create alert_notification_state table v1"
2026-06-19T12:47:11.904102452Z logger=migrator t=2026-06-19T12:47:11.903978183Z level=info msg="Migration successfully executed" id="create alert_notification_state table v1" duration=1.302052ms
2026-06-19T12:47:11.915191161Z logger=migrator t=2026-06-19T12:47:11.915028672Z level=info msg="Executing migration" id="add index alert_notification_state org_id & alert_id & notifier_id"
2026-06-19T12:47:11.915983717Z logger=migrator t=2026-06-19T12:47:11.915845105Z level=info msg="Migration successfully executed" id="add index alert_notification_state org_id & alert_id & notifier_id" duration=830.329µs
2026-06-19T12:47:11.926898404Z logger=migrator t=2026-06-19T12:47:11.926735152Z level=info msg="Executing migration" id="Add for to alert table"
2026-06-19T12:47:11.928723642Z logger=migrator t=2026-06-19T12:47:11.928565941Z level=info msg="Migration successfully executed" id="Add for to alert table" duration=1.830433ms
2026-06-19T12:47:11.939323940Z logger=migrator t=2026-06-19T12:47:11.938793654Z level=info msg="Executing migration" id="Add column uid in alert_notification"
2026-06-19T12:47:11.941858350Z logger=migrator t=2026-06-19T12:47:11.94168512Z level=info msg="Migration successfully executed" id="Add column uid in alert_notification" duration=2.890047ms
2026-06-19T12:47:11.955014200Z logger=migrator t=2026-06-19T12:47:11.954837884Z level=info msg="Executing migration" id="Update uid column values in alert_notification"
2026-06-19T12:47:11.955420410Z logger=migrator t=2026-06-19T12:47:11.955255223Z level=info msg="Migration successfully executed" id="Update uid column values in alert_notification" duration=418.906µs
2026-06-19T12:47:11.964875761Z logger=migrator t=2026-06-19T12:47:11.964725567Z level=info msg="Executing migration" id="Add unique index alert_notification_org_id_uid"
2026-06-19T12:47:11.965736805Z logger=migrator t=2026-06-19T12:47:11.965621709Z level=info msg="Migration successfully executed" id="Add unique index alert_notification_org_id_uid" duration=897.945µs
2026-06-19T12:47:11.975572445Z logger=migrator t=2026-06-19T12:47:11.975368729Z level=info msg="Executing migration" id="Remove unique index org_id_name"
2026-06-19T12:47:11.976446012Z logger=migrator t=2026-06-19T12:47:11.976160831Z level=info msg="Migration successfully executed" id="Remove unique index org_id_name" duration=794.522µs
2026-06-19T12:47:11.985887761Z logger=migrator t=2026-06-19T12:47:11.985701078Z level=info msg="Executing migration" id="Add column secure_settings in alert_notification"
2026-06-19T12:47:11.987570366Z logger=migrator t=2026-06-19T12:47:11.987404251Z level=info msg="Migration successfully executed" id="Add column secure_settings in alert_notification" duration=1.702891ms
2026-06-19T12:47:11.997439805Z logger=migrator t=2026-06-19T12:47:11.997272614Z level=info msg="Executing migration" id="alter alert.settings to mediumtext"
2026-06-19T12:47:11.998033791Z logger=migrator t=2026-06-19T12:47:11.997584816Z level=info msg="Migration successfully executed" id="alter alert.settings to mediumtext" duration=315.482µs
2026-06-19T12:47:12.007170663Z logger=migrator t=2026-06-19T12:47:12.007025884Z level=info msg="Executing migration" id="Add non-unique index alert_notification_state_alert_id"
2026-06-19T12:47:12.008063756Z logger=migrator t=2026-06-19T12:47:12.007899137Z level=info msg="Migration successfully executed" id="Add non-unique index alert_notification_state_alert_id" duration=873.969µs
2026-06-19T12:47:12.017449395Z logger=migrator t=2026-06-19T12:47:12.017280123Z level=info msg="Executing migration" id="Add non-unique index alert_rule_tag_alert_id"
2026-06-19T12:47:12.018283143Z logger=migrator t=2026-06-19T12:47:12.018138091Z level=info msg="Migration successfully executed" id="Add non-unique index alert_rule_tag_alert_id" duration=858.743µs
2026-06-19T12:47:12.027993446Z logger=migrator t=2026-06-19T12:47:12.027797717Z level=info msg="Executing migration" id="Drop old annotation table v4"
2026-06-19T12:47:12.028249245Z logger=migrator t=2026-06-19T12:47:12.028112034Z level=info msg="Migration successfully executed" id="Drop old annotation table v4" duration=300.441µs
2026-06-19T12:47:12.037633680Z logger=migrator t=2026-06-19T12:47:12.037465343Z level=info msg="Executing migration" id="create annotation table v5"
2026-06-19T12:47:12.038405229Z logger=migrator t=2026-06-19T12:47:12.038137645Z level=info msg="Migration successfully executed" id="create annotation table v5" duration=681.048µs
2026-06-19T12:47:12.047941481Z logger=migrator t=2026-06-19T12:47:12.047779751Z level=info msg="Executing migration" id="add index annotation 0 v3"
2026-06-19T12:47:12.048846087Z logger=migrator t=2026-06-19T12:47:12.048687664Z level=info msg="Migration successfully executed" id="add index annotation 0 v3" duration=909.092µs
2026-06-19T12:47:12.058702449Z logger=migrator t=2026-06-19T12:47:12.058466847Z level=info msg="Executing migration" id="add index annotation 1 v3"
2026-06-19T12:47:12.059391242Z logger=migrator t=2026-06-19T12:47:12.059281108Z level=info msg="Migration successfully executed" id="add index annotation 1 v3" duration=816.248µs
2026-06-19T12:47:12.069194943Z logger=migrator t=2026-06-19T12:47:12.069004961Z level=info msg="Executing migration" id="add index annotation 2 v3"
2026-06-19T12:47:12.070006808Z logger=migrator t=2026-06-19T12:47:12.069893465Z level=info msg="Migration successfully executed" id="add index annotation 2 v3" duration=889.586µs
2026-06-19T12:47:12.079796008Z logger=migrator t=2026-06-19T12:47:12.079633932Z level=info msg="Executing migration" id="add index annotation 3 v3"
2026-06-19T12:47:12.080695752Z logger=migrator t=2026-06-19T12:47:12.08058784Z level=info msg="Migration successfully executed" id="add index annotation 3 v3" duration=954.811µs
2026-06-19T12:47:12.090414172Z logger=migrator t=2026-06-19T12:47:12.09023132Z level=info msg="Executing migration" id="add index annotation 4 v3"
2026-06-19T12:47:12.091266054Z logger=migrator t=2026-06-19T12:47:12.091113313Z level=info msg="Migration successfully executed" id="add index annotation 4 v3" duration=883.038µs
2026-06-19T12:47:12.100866310Z logger=migrator t=2026-06-19T12:47:12.100707622Z level=info msg="Executing migration" id="Update annotation table charset"
2026-06-19T12:47:12.101162450Z logger=migrator t=2026-06-19T12:47:12.100991045Z level=info msg="Migration successfully executed" id="Update annotation table charset" duration=285.672µs
2026-06-19T12:47:12.110887255Z logger=migrator t=2026-06-19T12:47:12.110716629Z level=info msg="Executing migration" id="Add column region_id to annotation table"
2026-06-19T12:47:12.113251192Z logger=migrator t=2026-06-19T12:47:12.112949048Z level=info msg="Migration successfully executed" id="Add column region_id to annotation table" duration=2.233409ms
2026-06-19T12:47:12.122732679Z logger=migrator t=2026-06-19T12:47:12.122604811Z level=info msg="Executing migration" id="Drop category_id index"
2026-06-19T12:47:12.123481452Z logger=migrator t=2026-06-19T12:47:12.123369356Z level=info msg="Migration successfully executed" id="Drop category_id index" duration=827.94µs
2026-06-19T12:47:12.132939496Z logger=migrator t=2026-06-19T12:47:12.132790489Z level=info msg="Executing migration" id="Add column tags to annotation table"
2026-06-19T12:47:12.134804449Z logger=migrator t=2026-06-19T12:47:12.134631516Z level=info msg="Migration successfully executed" id="Add column tags to annotation table" duration=1.84198ms
2026-06-19T12:47:12.144400664Z logger=migrator t=2026-06-19T12:47:12.14424469Z level=info msg="Executing migration" id="Create annotation_tag table v2"
2026-06-19T12:47:12.145237783Z logger=migrator t=2026-06-19T12:47:12.144928969Z level=info msg="Migration successfully executed" id="Create annotation_tag table v2" duration=685.403µs
2026-06-19T12:47:12.154704989Z logger=migrator t=2026-06-19T12:47:12.154544866Z level=info msg="Executing migration" id="Add unique index annotation_tag.annotation_id_tag_id"
2026-06-19T12:47:12.155547251Z logger=migrator t=2026-06-19T12:47:12.155391397Z level=info msg="Migration successfully executed" id="Add unique index annotation_tag.annotation_id_tag_id" duration=860.91µs
2026-06-19T12:47:12.165023701Z logger=migrator t=2026-06-19T12:47:12.164833807Z level=info msg="Executing migration" id="drop index UQE_annotation_tag_annotation_id_tag_id - v2"
2026-06-19T12:47:12.165783253Z logger=migrator t=2026-06-19T12:47:12.165675043Z level=info msg="Migration successfully executed" id="drop index UQE_annotation_tag_annotation_id_tag_id - v2" duration=842.912µs
2026-06-19T12:47:12.175419691Z logger=migrator t=2026-06-19T12:47:12.175288986Z level=info msg="Executing migration" id="Rename table annotation_tag to annotation_tag_v2 - v2"
2026-06-19T12:47:12.179557219Z logger=migrator t=2026-06-19T12:47:12.179402823Z level=info msg="Migration successfully executed" id="Rename table annotation_tag to annotation_tag_v2 - v2" duration=4.113545ms
2026-06-19T12:47:12.188902949Z logger=migrator t=2026-06-19T12:47:12.188770075Z level=info msg="Executing migration" id="Create annotation_tag table v3"
2026-06-19T12:47:12.189612736Z logger=migrator t=2026-06-19T12:47:12.189446175Z level=info msg="Migration successfully executed" id="Create annotation_tag table v3" duration=676.35µs
2026-06-19T12:47:12.199651458Z logger=migrator t=2026-06-19T12:47:12.198866342Z level=info msg="Executing migration" id="create index UQE_annotation_tag_annotation_id_tag_id - Add unique index annotation_tag.annotation_id_tag_id V3"
2026-06-19T12:47:12.199678641Z logger=migrator t=2026-06-19T12:47:12.199462327Z level=info msg="Migration successfully executed" id="create index UQE_annotation_tag_annotation_id_tag_id - Add unique index annotation_tag.annotation_id_tag_id V3" duration=597.238µs
2026-06-19T12:47:12.209306688Z logger=migrator t=2026-06-19T12:47:12.209107929Z level=info msg="Executing migration" id="copy annotation_tag v2 to v3"
2026-06-19T12:47:12.209810635Z logger=migrator t=2026-06-19T12:47:12.209702213Z level=info msg="Migration successfully executed" id="copy annotation_tag v2 to v3" duration=594.6µs
2026-06-19T12:47:12.219821052Z logger=migrator t=2026-06-19T12:47:12.219659627Z level=info msg="Executing migration" id="drop table annotation_tag_v2"
2026-06-19T12:47:12.220541100Z logger=migrator t=2026-06-19T12:47:12.220353869Z level=info msg="Migration successfully executed" id="drop table annotation_tag_v2" duration=695.017µs
2026-06-19T12:47:12.230598597Z logger=migrator t=2026-06-19T12:47:12.230451639Z level=info msg="Executing migration" id="Update alert annotations and set TEXT to empty"
2026-06-19T12:47:12.230967179Z logger=migrator t=2026-06-19T12:47:12.230863078Z level=info msg="Migration successfully executed" id="Update alert annotations and set TEXT to empty" duration=413.493µs
2026-06-19T12:47:12.240854946Z logger=migrator t=2026-06-19T12:47:12.240690371Z level=info msg="Executing migration" id="Add created time to annotation table"
2026-06-19T12:47:12.242866786Z logger=migrator t=2026-06-19T12:47:12.242651356Z level=info msg="Migration successfully executed" id="Add created time to annotation table" duration=1.961397ms
2026-06-19T12:47:12.252740476Z logger=migrator t=2026-06-19T12:47:12.252441639Z level=info msg="Executing migration" id="Add updated time to annotation table"
2026-06-19T12:47:12.254608122Z logger=migrator t=2026-06-19T12:47:12.254373796Z level=info msg="Migration successfully executed" id="Add updated time to annotation table" duration=1.933028ms
2026-06-19T12:47:12.263866081Z logger=migrator t=2026-06-19T12:47:12.26370618Z level=info msg="Executing migration" id="Add index for created in annotation table"
2026-06-19T12:47:12.264792729Z logger=migrator t=2026-06-19T12:47:12.264633652Z level=info msg="Migration successfully executed" id="Add index for created in annotation table" duration=943.583µs
2026-06-19T12:47:12.275157148Z logger=migrator t=2026-06-19T12:47:12.274371528Z level=info msg="Executing migration" id="Add index for updated in annotation table"
2026-06-19T12:47:12.275181275Z logger=migrator t=2026-06-19T12:47:12.275028071Z level=info msg="Migration successfully executed" id="Add index for updated in annotation table" duration=657.817µs
2026-06-19T12:47:12.284984863Z logger=migrator t=2026-06-19T12:47:12.28478384Z level=info msg="Executing migration" id="Convert existing annotations from seconds to milliseconds"
2026-06-19T12:47:12.285334017Z logger=migrator t=2026-06-19T12:47:12.285246996Z level=info msg="Migration successfully executed" id="Convert existing annotations from seconds to milliseconds" duration=464.701µs
2026-06-19T12:47:12.296865782Z logger=migrator t=2026-06-19T12:47:12.296697713Z level=info msg="Executing migration" id="Add epoch_end column"
2026-06-19T12:47:12.298731042Z logger=migrator t=2026-06-19T12:47:12.298583843Z level=info msg="Migration successfully executed" id="Add epoch_end column" duration=1.886721ms
2026-06-19T12:47:12.310229420Z logger=migrator t=2026-06-19T12:47:12.310041427Z level=info msg="Executing migration" id="Add index for epoch_end"
2026-06-19T12:47:12.310998836Z logger=migrator t=2026-06-19T12:47:12.310879655Z level=info msg="Migration successfully executed" id="Add index for epoch_end" duration=839.459µs
2026-06-19T12:47:12.322066823Z logger=migrator t=2026-06-19T12:47:12.321909189Z level=info msg="Executing migration" id="Make epoch_end the same as epoch"
2026-06-19T12:47:12.322408608Z logger=migrator t=2026-06-19T12:47:12.322304053Z level=info msg="Migration successfully executed" id="Make epoch_end the same as epoch" duration=396.705µs
2026-06-19T12:47:12.332699407Z logger=migrator t=2026-06-19T12:47:12.332547749Z level=info msg="Executing migration" id="Move region to single row"
2026-06-19T12:47:12.333247418Z logger=migrator t=2026-06-19T12:47:12.333135727Z level=info msg="Migration successfully executed" id="Move region to single row" duration=589.23µs
2026-06-19T12:47:12.343763996Z logger=migrator t=2026-06-19T12:47:12.343594805Z level=info msg="Executing migration" id="Remove index org_id_epoch from annotation table"
2026-06-19T12:47:12.344544793Z logger=migrator t=2026-06-19T12:47:12.344377933Z level=info msg="Migration successfully executed" id="Remove index org_id_epoch from annotation table" duration=784.871µs
2026-06-19T12:47:12.355874454Z logger=migrator t=2026-06-19T12:47:12.355723317Z level=info msg="Executing migration" id="Remove index org_id_dashboard_id_panel_id_epoch from annotation table"
2026-06-19T12:47:12.356695972Z logger=migrator t=2026-06-19T12:47:12.356550141Z level=info msg="Migration successfully executed" id="Remove index org_id_dashboard_id_panel_id_epoch from annotation table" duration=841.374µs
2026-06-19T12:47:12.366503843Z logger=migrator t=2026-06-19T12:47:12.366333169Z level=info msg="Executing migration" id="Add index for org_id_dashboard_id_epoch_end_epoch on annotation table"
2026-06-19T12:47:12.367262141Z logger=migrator t=2026-06-19T12:47:12.367147938Z level=info msg="Migration successfully executed" id="Add index for org_id_dashboard_id_epoch_end_epoch on annotation table" duration=815.938µs
2026-06-19T12:47:12.378905918Z logger=migrator t=2026-06-19T12:47:12.37871517Z level=info msg="Executing migration" id="Add index for org_id_epoch_end_epoch on annotation table"
2026-06-19T12:47:12.379842647Z logger=migrator t=2026-06-19T12:47:12.37962876Z level=info msg="Migration successfully executed" id="Add index for org_id_epoch_end_epoch on annotation table" duration=914.51µs
2026-06-19T12:47:12.393789068Z logger=migrator t=2026-06-19T12:47:12.393629697Z level=info msg="Executing migration" id="Remove index org_id_epoch_epoch_end from annotation table"
2026-06-19T12:47:12.394558990Z logger=migrator t=2026-06-19T12:47:12.394414441Z level=info msg="Migration successfully executed" id="Remove index org_id_epoch_epoch_end from annotation table" duration=786.907µs
2026-06-19T12:47:12.404940472Z logger=migrator t=2026-06-19T12:47:12.404754071Z level=info msg="Executing migration" id="Add index for alert_id on annotation table"
2026-06-19T12:47:12.405821997Z logger=migrator t=2026-06-19T12:47:12.405646161Z level=info msg="Migration successfully executed" id="Add index for alert_id on annotation table" duration=893.029µs
2026-06-19T12:47:12.415290226Z logger=migrator t=2026-06-19T12:47:12.415054044Z level=info msg="Executing migration" id="Increase tags column to length 4096"
2026-06-19T12:47:12.415470762Z logger=migrator t=2026-06-19T12:47:12.41537967Z level=info msg="Migration successfully executed" id="Increase tags column to length 4096" duration=328.332µs
2026-06-19T12:47:12.426702582Z logger=migrator t=2026-06-19T12:47:12.426560666Z level=info msg="Executing migration" id="Increase prev_state column to length 40 not null"
2026-06-19T12:47:12.426905755Z logger=migrator t=2026-06-19T12:47:12.426795428Z level=info msg="Migration successfully executed" id="Increase prev_state column to length 40 not null" duration=238.279µs
2026-06-19T12:47:12.438841778Z logger=migrator t=2026-06-19T12:47:12.438692808Z level=info msg="Executing migration" id="Increase new_state column to length 40 not null"
2026-06-19T12:47:12.439069889Z logger=migrator t=2026-06-19T12:47:12.438979048Z level=info msg="Migration successfully executed" id="Increase new_state column to length 40 not null" duration=267.186µs
2026-06-19T12:47:12.452893334Z logger=migrator t=2026-06-19T12:47:12.452684597Z level=info msg="Executing migration" id="Add dashboard_uid column to annotation table"
2026-06-19T12:47:12.454761328Z logger=migrator t=2026-06-19T12:47:12.454581443Z level=info msg="Migration successfully executed" id="Add dashboard_uid column to annotation table" duration=1.89694ms
2026-06-19T12:47:12.464377362Z logger=migrator t=2026-06-19T12:47:12.464202393Z level=info msg="Executing migration" id="Add missing dashboard_uid to annotation table"
2026-06-19T12:47:12.464634155Z logger=migrator t=2026-06-19T12:47:12.464545883Z level=info msg="Starting batched dashboard_uid migration for annotations (newest first)" batchSize=5000
2026-06-19T12:47:12.465224606Z logger=migrator t=2026-06-19T12:47:12.465102572Z level=info msg="Completed dashboard_uid migration for annotations" totalUpdated=0
2026-06-19T12:47:12.465387709Z logger=migrator t=2026-06-19T12:47:12.465303225Z level=info msg="Migration successfully executed" id="Add missing dashboard_uid to annotation table" duration=1.102101ms
2026-06-19T12:47:12.475985811Z logger=migrator t=2026-06-19T12:47:12.475784294Z level=info msg="Executing migration" id="create test_data table"
2026-06-19T12:47:12.476680058Z logger=migrator t=2026-06-19T12:47:12.476541067Z level=info msg="Migration successfully executed" id="create test_data table" duration=759.057µs
2026-06-19T12:47:12.489934668Z logger=migrator t=2026-06-19T12:47:12.489802775Z level=info msg="Executing migration" id="create dashboard_version table v1"
2026-06-19T12:47:12.490784422Z logger=migrator t=2026-06-19T12:47:12.49066741Z level=info msg="Migration successfully executed" id="create dashboard_version table v1" duration=855.511µs
2026-06-19T12:47:12.501903417Z logger=migrator t=2026-06-19T12:47:12.50170868Z level=info msg="Executing migration" id="add index dashboard_version.dashboard_id"
2026-06-19T12:47:12.502726748Z logger=migrator t=2026-06-19T12:47:12.502616706Z level=info msg="Migration successfully executed" id="add index dashboard_version.dashboard_id" duration=909.04µs
2026-06-19T12:47:12.513565106Z logger=migrator t=2026-06-19T12:47:12.513369073Z level=info msg="Executing migration" id="add unique index dashboard_version.dashboard_id and dashboard_version.version"
2026-06-19T12:47:12.514414823Z logger=migrator t=2026-06-19T12:47:12.514323285Z level=info msg="Migration successfully executed" id="add unique index dashboard_version.dashboard_id and dashboard_version.version" duration=955.047µs
2026-06-19T12:47:12.527849118Z logger=migrator t=2026-06-19T12:47:12.527663176Z level=info msg="Executing migration" id="Set dashboard version to 1 where 0"
2026-06-19T12:47:12.528306826Z logger=migrator t=2026-06-19T12:47:12.52813605Z level=info msg="Migration successfully executed" id="Set dashboard version to 1 where 0" duration=473.835µs
2026-06-19T12:47:12.538728337Z logger=migrator t=2026-06-19T12:47:12.538562318Z level=info msg="Executing migration" id="save existing dashboard data in dashboard_version table v1"
2026-06-19T12:47:12.539244084Z logger=migrator t=2026-06-19T12:47:12.539126583Z level=info msg="Migration successfully executed" id="save existing dashboard data in dashboard_version table v1" duration=565.283µs
2026-06-19T12:47:12.550891319Z logger=migrator t=2026-06-19T12:47:12.550718318Z level=info msg="Executing migration" id="alter dashboard_version.data to mediumtext v1"
2026-06-19T12:47:12.551108923Z logger=migrator t=2026-06-19T12:47:12.550962833Z level=info msg="Migration successfully executed" id="alter dashboard_version.data to mediumtext v1" duration=247.972µs
2026-06-19T12:47:12.563933616Z logger=migrator t=2026-06-19T12:47:12.563772329Z level=info msg="Executing migration" id="Add apiVersion for dashboard_version"
2026-06-19T12:47:12.567744417Z logger=migrator t=2026-06-19T12:47:12.567513877Z level=info msg="Migration successfully executed" id="Add apiVersion for dashboard_version" duration=3.740788ms
2026-06-19T12:47:12.579896600Z logger=migrator t=2026-06-19T12:47:12.57973104Z level=info msg="Executing migration" id="create team table"
2026-06-19T12:47:12.580669958Z logger=migrator t=2026-06-19T12:47:12.580466905Z level=info msg="Migration successfully executed" id="create team table" duration=736.673µs
2026-06-19T12:47:12.594369724Z logger=migrator t=2026-06-19T12:47:12.594197647Z level=info msg="Executing migration" id="add index team.org_id"
2026-06-19T12:47:12.595211421Z logger=migrator t=2026-06-19T12:47:12.595090163Z level=info msg="Migration successfully executed" id="add index team.org_id" duration=893.926µs
2026-06-19T12:47:12.607950107Z logger=migrator t=2026-06-19T12:47:12.607770021Z level=info msg="Executing migration" id="add unique index team_org_id_name"
2026-06-19T12:47:12.609256068Z logger=migrator t=2026-06-19T12:47:12.60907676Z level=info msg="Migration successfully executed" id="add unique index team_org_id_name" duration=1.321665ms
2026-06-19T12:47:12.623577553Z logger=migrator t=2026-06-19T12:47:12.623379059Z level=info msg="Executing migration" id="Add column uid in team"
2026-06-19T12:47:12.627999125Z logger=migrator t=2026-06-19T12:47:12.627827827Z level=info msg="Migration successfully executed" id="Add column uid in team" duration=4.446466ms
2026-06-19T12:47:12.639908890Z logger=migrator t=2026-06-19T12:47:12.639743735Z level=info msg="Executing migration" id="Update uid column values in team"
2026-06-19T12:47:12.640266277Z logger=migrator t=2026-06-19T12:47:12.640159438Z level=info msg="Migration successfully executed" id="Update uid column values in team" duration=417.465µs
2026-06-19T12:47:12.652859108Z logger=migrator t=2026-06-19T12:47:12.652705247Z level=info msg="Executing migration" id="Add unique index team_org_id_uid"
2026-06-19T12:47:12.654924086Z logger=migrator t=2026-06-19T12:47:12.654791071Z level=info msg="Migration successfully executed" id="Add unique index team_org_id_uid" duration=2.086532ms
2026-06-19T12:47:12.666706683Z logger=migrator t=2026-06-19T12:47:12.666535815Z level=info msg="Executing migration" id="Add column external_uid in team"
2026-06-19T12:47:12.669981533Z logger=migrator t=2026-06-19T12:47:12.66983801Z level=info msg="Migration successfully executed" id="Add column external_uid in team" duration=3.290991ms
2026-06-19T12:47:12.681839849Z logger=migrator t=2026-06-19T12:47:12.681671786Z level=info msg="Executing migration" id="Add column is_provisioned in team"
2026-06-19T12:47:12.687143392Z logger=migrator t=2026-06-19T12:47:12.686979235Z level=info msg="Migration successfully executed" id="Add column is_provisioned in team" duration=5.306509ms
2026-06-19T12:47:12.699007262Z logger=migrator t=2026-06-19T12:47:12.69881849Z level=info msg="Executing migration" id="create team member table"
2026-06-19T12:47:12.700981755Z logger=migrator t=2026-06-19T12:47:12.700816763Z level=info msg="Migration successfully executed" id="create team member table" duration=2.025353ms
2026-06-19T12:47:12.711838740Z logger=migrator t=2026-06-19T12:47:12.711672663Z level=info msg="Executing migration" id="add index team_member.org_id"
2026-06-19T12:47:12.713099469Z logger=migrator t=2026-06-19T12:47:12.712934415Z level=info msg="Migration successfully executed" id="add index team_member.org_id" duration=1.263357ms
2026-06-19T12:47:12.726318432Z logger=migrator t=2026-06-19T12:47:12.726162028Z level=info msg="Executing migration" id="add unique index team_member_org_id_team_id_user_id"
2026-06-19T12:47:12.728163206Z logger=migrator t=2026-06-19T12:47:12.727981434Z level=info msg="Migration successfully executed" id="add unique index team_member_org_id_team_id_user_id" duration=1.820647ms
2026-06-19T12:47:12.741719986Z logger=migrator t=2026-06-19T12:47:12.741546127Z level=info msg="Executing migration" id="add index team_member.team_id"
2026-06-19T12:47:12.742641877Z logger=migrator t=2026-06-19T12:47:12.742469832Z level=info msg="Migration successfully executed" id="add index team_member.team_id" duration=925.966µs
2026-06-19T12:47:12.753067229Z logger=migrator t=2026-06-19T12:47:12.752925521Z level=info msg="Executing migration" id="Add column email to team table"
2026-06-19T12:47:12.757224512Z logger=migrator t=2026-06-19T12:47:12.757021446Z level=info msg="Migration successfully executed" id="Add column email to team table" duration=4.095206ms
2026-06-19T12:47:12.769914272Z logger=migrator t=2026-06-19T12:47:12.769753133Z level=info msg="Executing migration" id="Add column external to team_member table"
2026-06-19T12:47:12.774700660Z logger=migrator t=2026-06-19T12:47:12.774506777Z level=info msg="Migration successfully executed" id="Add column external to team_member table" duration=4.715916ms
2026-06-19T12:47:12.785352112Z logger=migrator t=2026-06-19T12:47:12.785189571Z level=info msg="Executing migration" id="Add column permission to team_member table"
2026-06-19T12:47:12.789109677Z logger=migrator t=2026-06-19T12:47:12.788949026Z level=info msg="Migration successfully executed" id="Add column permission to team_member table" duration=3.759941ms
2026-06-19T12:47:12.801796327Z logger=migrator t=2026-06-19T12:47:12.801604585Z level=info msg="Executing migration" id="add unique index team_member_user_id_org_id"
2026-06-19T12:47:12.803597778Z logger=migrator t=2026-06-19T12:47:12.802458073Z level=info msg="Migration successfully executed" id="add unique index team_member_user_id_org_id" duration=854.398µs
2026-06-19T12:47:12.813586929Z logger=migrator t=2026-06-19T12:47:12.813454912Z level=info msg="Executing migration" id="Add column uid in team_member"
2026-06-19T12:47:12.819376104Z logger=migrator t=2026-06-19T12:47:12.819190892Z level=info msg="Migration successfully executed" id="Add column uid in team_member" duration=5.736699ms
2026-06-19T12:47:12.829583394Z logger=migrator t=2026-06-19T12:47:12.829411249Z level=info msg="Executing migration" id="Update uid column values in team_member"
2026-06-19T12:47:12.830810188Z logger=migrator t=2026-06-19T12:47:12.830647512Z level=info msg="Migration successfully executed" id="Update uid column values in team_member" duration=1.250094ms
2026-06-19T12:47:12.840462615Z logger=migrator t=2026-06-19T12:47:12.840300838Z level=info msg="Executing migration" id="Add unique index team_member_uid"
2026-06-19T12:47:12.842814392Z logger=migrator t=2026-06-19T12:47:12.842632053Z level=info msg="Migration successfully executed" id="Add unique index team_member_uid" duration=2.331736ms
2026-06-19T12:47:12.854285677Z logger=migrator t=2026-06-19T12:47:12.854080178Z level=info msg="Executing migration" id="create dashboard acl table"
2026-06-19T12:47:12.855089473Z logger=migrator t=2026-06-19T12:47:12.85492258Z level=info msg="Migration successfully executed" id="create dashboard acl table" duration=842.911µs
2026-06-19T12:47:12.867250049Z logger=migrator t=2026-06-19T12:47:12.867089595Z level=info msg="Executing migration" id="add index dashboard_acl_dashboard_id"
2026-06-19T12:47:12.868320796Z logger=migrator t=2026-06-19T12:47:12.868181155Z level=info msg="Migration successfully executed" id="add index dashboard_acl_dashboard_id" duration=1.093104ms
2026-06-19T12:47:12.878240427Z logger=migrator t=2026-06-19T12:47:12.878075603Z level=info msg="Executing migration" id="add unique index dashboard_acl_dashboard_id_user_id"
2026-06-19T12:47:12.879097958Z logger=migrator t=2026-06-19T12:47:12.878935501Z level=info msg="Migration successfully executed" id="add unique index dashboard_acl_dashboard_id_user_id" duration=861.13µs
2026-06-19T12:47:12.891814213Z logger=migrator t=2026-06-19T12:47:12.891665581Z level=info msg="Executing migration" id="add unique index dashboard_acl_dashboard_id_team_id"
2026-06-19T12:47:12.892696494Z logger=migrator t=2026-06-19T12:47:12.892551806Z level=info msg="Migration successfully executed" id="add unique index dashboard_acl_dashboard_id_team_id" duration=886.939µs
2026-06-19T12:47:12.902344876Z logger=migrator t=2026-06-19T12:47:12.902199902Z level=info msg="Executing migration" id="add index dashboard_acl_user_id"
2026-06-19T12:47:12.904376079Z logger=migrator t=2026-06-19T12:47:12.904218211Z level=info msg="Migration successfully executed" id="add index dashboard_acl_user_id" duration=2.018951ms
2026-06-19T12:47:12.915275607Z logger=migrator t=2026-06-19T12:47:12.915112803Z level=info msg="Executing migration" id="add index dashboard_acl_team_id"
2026-06-19T12:47:12.917145804Z logger=migrator t=2026-06-19T12:47:12.916963696Z level=info msg="Migration successfully executed" id="add index dashboard_acl_team_id" duration=1.852269ms
2026-06-19T12:47:12.927863233Z logger=migrator t=2026-06-19T12:47:12.927568929Z level=info msg="Executing migration" id="add index dashboard_acl_org_id_role"
2026-06-19T12:47:12.929005683Z logger=migrator t=2026-06-19T12:47:12.928877838Z level=info msg="Migration successfully executed" id="add index dashboard_acl_org_id_role" duration=1.310388ms
2026-06-19T12:47:12.939057791Z logger=migrator t=2026-06-19T12:47:12.938900233Z level=info msg="Executing migration" id="add index dashboard_permission"
2026-06-19T12:47:12.939944947Z logger=migrator t=2026-06-19T12:47:12.939805374Z level=info msg="Migration successfully executed" id="add index dashboard_permission" duration=905.726µs
2026-06-19T12:47:12.950664705Z logger=migrator t=2026-06-19T12:47:12.950471241Z level=info msg="Executing migration" id="save default acl rules in dashboard_acl table"
2026-06-19T12:47:12.951283852Z logger=migrator t=2026-06-19T12:47:12.951106063Z level=info msg="Migration successfully executed" id="save default acl rules in dashboard_acl table" duration=635.607µs
2026-06-19T12:47:12.960930168Z logger=migrator t=2026-06-19T12:47:12.96081872Z level=info msg="Executing migration" id="delete acl rules for deleted dashboards and folders"
2026-06-19T12:47:12.961518732Z logger=migrator t=2026-06-19T12:47:12.96131601Z level=info msg="Migration successfully executed" id="delete acl rules for deleted dashboards and folders" duration=499.231µs
2026-06-19T12:47:12.971097310Z logger=migrator t=2026-06-19T12:47:12.970966263Z level=info msg="Executing migration" id="create tag table"
2026-06-19T12:47:12.971781453Z logger=migrator t=2026-06-19T12:47:12.971642542Z level=info msg="Migration successfully executed" id="create tag table" duration=676.809µs
2026-06-19T12:47:12.981611492Z logger=migrator t=2026-06-19T12:47:12.981401839Z level=info msg="Executing migration" id="add index tag.key_value"
2026-06-19T12:47:12.982394926Z logger=migrator t=2026-06-19T12:47:12.982288107Z level=info msg="Migration successfully executed" id="add index tag.key_value" duration=887.395µs
2026-06-19T12:47:12.992050500Z logger=migrator t=2026-06-19T12:47:12.991892269Z level=info msg="Executing migration" id="create login attempt table"
2026-06-19T12:47:12.992949287Z logger=migrator t=2026-06-19T12:47:12.992795654Z level=info msg="Migration successfully executed" id="create login attempt table" duration=904.349µs
2026-06-19T12:47:13.003742305Z logger=migrator t=2026-06-19T12:47:13.003555973Z level=info msg="Executing migration" id="add index login_attempt.username"
2026-06-19T12:47:13.005606981Z logger=migrator t=2026-06-19T12:47:13.004429829Z level=info msg="Migration successfully executed" id="add index login_attempt.username" duration=891.425µs
2026-06-19T12:47:13.015284065Z logger=migrator t=2026-06-19T12:47:13.015125765Z level=info msg="Executing migration" id="drop index IDX_login_attempt_username - v1"
2026-06-19T12:47:13.017020577Z logger=migrator t=2026-06-19T12:47:13.01689553Z level=info msg="Migration successfully executed" id="drop index IDX_login_attempt_username - v1" duration=1.771081ms
2026-06-19T12:47:13.028706991Z logger=migrator t=2026-06-19T12:47:13.026754966Z level=info msg="Executing migration" id="Rename table login_attempt to login_attempt_tmp_qwerty - v1"
2026-06-19T12:47:13.038441512Z logger=migrator t=2026-06-19T12:47:13.038264898Z level=info msg="Migration successfully executed" id="Rename table login_attempt to login_attempt_tmp_qwerty - v1" duration=11.495347ms
2026-06-19T12:47:13.049004747Z logger=migrator t=2026-06-19T12:47:13.048834736Z level=info msg="Executing migration" id="create login_attempt v2"
2026-06-19T12:47:13.051207853Z logger=migrator t=2026-06-19T12:47:13.051015462Z level=info msg="Migration successfully executed" id="create login_attempt v2" duration=2.180783ms
2026-06-19T12:47:13.061302048Z logger=migrator t=2026-06-19T12:47:13.061157667Z level=info msg="Executing migration" id="create index IDX_login_attempt_username - v2"
2026-06-19T12:47:13.063295749Z logger=migrator t=2026-06-19T12:47:13.063116259Z level=info msg="Migration successfully executed" id="create index IDX_login_attempt_username - v2" duration=1.960599ms
2026-06-19T12:47:13.073330789Z logger=migrator t=2026-06-19T12:47:13.073134254Z level=info msg="Executing migration" id="copy login_attempt v1 to v2"
2026-06-19T12:47:13.075765575Z logger=migrator t=2026-06-19T12:47:13.075577321Z level=info msg="Migration successfully executed" id="copy login_attempt v1 to v2" duration=2.441902ms
2026-06-19T12:47:13.085248365Z logger=migrator t=2026-06-19T12:47:13.08508515Z level=info msg="Executing migration" id="drop login_attempt_tmp_qwerty"
2026-06-19T12:47:13.085898976Z logger=migrator t=2026-06-19T12:47:13.085781425Z level=info msg="Migration successfully executed" id="drop login_attempt_tmp_qwerty" duration=697.557µs
2026-06-19T12:47:13.096212823Z logger=migrator t=2026-06-19T12:47:13.096047681Z level=info msg="Executing migration" id="increase login_attempt.ip_address column length for IPv6 support"
2026-06-19T12:47:13.096463440Z logger=migrator t=2026-06-19T12:47:13.096326179Z level=info msg="Migration successfully executed" id="increase login_attempt.ip_address column length for IPv6 support" duration=282.157µs
2026-06-19T12:47:13.107652496Z logger=migrator t=2026-06-19T12:47:13.107467351Z level=info msg="Executing migration" id="alter table login_attempt alter column created type to bigint"
2026-06-19T12:47:13.107872168Z logger=migrator t=2026-06-19T12:47:13.107758157Z level=info msg="Migration successfully executed" id="alter table login_attempt alter column created type to bigint" duration=293.331µs
2026-06-19T12:47:13.119879559Z logger=migrator t=2026-06-19T12:47:13.119743233Z level=info msg="Executing migration" id="create user auth table"
2026-06-19T12:47:13.120803221Z logger=migrator t=2026-06-19T12:47:13.120669884Z level=info msg="Migration successfully executed" id="create user auth table" duration=909.639µs
2026-06-19T12:47:13.130551246Z logger=migrator t=2026-06-19T12:47:13.130397826Z level=info msg="Executing migration" id="create index IDX_user_auth_auth_module_auth_id - v1"
2026-06-19T12:47:13.133420826Z logger=migrator t=2026-06-19T12:47:13.133220828Z level=info msg="Migration successfully executed" id="create index IDX_user_auth_auth_module_auth_id - v1" duration=2.823786ms
2026-06-19T12:47:13.144878645Z logger=migrator t=2026-06-19T12:47:13.144734233Z level=info msg="Executing migration" id="alter user_auth.auth_id to length 190"
2026-06-19T12:47:13.145104304Z logger=migrator t=2026-06-19T12:47:13.145000529Z level=info msg="Migration successfully executed" id="alter user_auth.auth_id to length 190" duration=269.148µs
2026-06-19T12:47:13.154870918Z logger=migrator t=2026-06-19T12:47:13.154692993Z level=info msg="Executing migration" id="Add OAuth access token to user_auth"
2026-06-19T12:47:13.161713008Z logger=migrator t=2026-06-19T12:47:13.161571302Z level=info msg="Migration successfully executed" id="Add OAuth access token to user_auth" duration=6.87685ms
2026-06-19T12:47:13.171508967Z logger=migrator t=2026-06-19T12:47:13.171331642Z level=info msg="Executing migration" id="Add OAuth refresh token to user_auth"
2026-06-19T12:47:13.173657633Z logger=migrator t=2026-06-19T12:47:13.173450901Z level=info msg="Migration successfully executed" id="Add OAuth refresh token to user_auth" duration=2.119579ms
2026-06-19T12:47:13.184975477Z logger=migrator t=2026-06-19T12:47:13.184832746Z level=info msg="Executing migration" id="Add OAuth token type to user_auth"
2026-06-19T12:47:13.190119071Z logger=migrator t=2026-06-19T12:47:13.189948637Z level=info msg="Migration successfully executed" id="Add OAuth token type to user_auth" duration=5.114601ms
2026-06-19T12:47:13.199750305Z logger=migrator t=2026-06-19T12:47:13.199559025Z level=info msg="Executing migration" id="Add OAuth expiry to user_auth"
2026-06-19T12:47:13.203440044Z logger=migrator t=2026-06-19T12:47:13.203281218Z level=info msg="Migration successfully executed" id="Add OAuth expiry to user_auth" duration=3.722284ms
2026-06-19T12:47:13.215197493Z logger=migrator t=2026-06-19T12:47:13.214990145Z level=info msg="Executing migration" id="Add index to user_id column in user_auth"
2026-06-19T12:47:13.217703462Z logger=migrator t=2026-06-19T12:47:13.216478619Z level=info msg="Migration successfully executed" id="Add index to user_id column in user_auth" duration=1.488477ms
2026-06-19T12:47:13.227466641Z logger=migrator t=2026-06-19T12:47:13.227306217Z level=info msg="Executing migration" id="Add OAuth ID token to user_auth"
2026-06-19T12:47:13.231361295Z logger=migrator t=2026-06-19T12:47:13.231174752Z level=info msg="Migration successfully executed" id="Add OAuth ID token to user_auth" duration=3.868016ms
2026-06-19T12:47:13.241915863Z logger=migrator t=2026-06-19T12:47:13.241755175Z level=info msg="Executing migration" id="Add user_unique_id to user_auth"
2026-06-19T12:47:13.246693003Z logger=migrator t=2026-06-19T12:47:13.246441511Z level=info msg="Migration successfully executed" id="Add user_unique_id to user_auth" duration=4.686649ms
2026-06-19T12:47:13.257117212Z logger=migrator t=2026-06-19T12:47:13.256796166Z level=info msg="Executing migration" id="Add user_uid to user_auth"
2026-06-19T12:47:13.260055630Z logger=migrator t=2026-06-19T12:47:13.259911394Z level=info msg="Migration successfully executed" id="Add user_uid to user_auth" duration=3.130963ms
2026-06-19T12:47:13.270959209Z logger=migrator t=2026-06-19T12:47:13.27079984Z level=info msg="Executing migration" id="Populate user_uid in user_auth from user table"
2026-06-19T12:47:13.271471549Z logger=migrator t=2026-06-19T12:47:13.271261073Z level=info msg="Migration successfully executed" id="Populate user_uid in user_auth from user table" duration=462.751µs
2026-06-19T12:47:13.281944412Z logger=migrator t=2026-06-19T12:47:13.281795726Z level=info msg="Executing migration" id="create server_lock table"
2026-06-19T12:47:13.283158240Z logger=migrator t=2026-06-19T12:47:13.283040575Z level=info msg="Migration successfully executed" id="create server_lock table" duration=1.257729ms
2026-06-19T12:47:13.295168461Z logger=migrator t=2026-06-19T12:47:13.29500417Z level=info msg="Executing migration" id="add index server_lock.operation_uid"
2026-06-19T12:47:13.296050427Z logger=migrator t=2026-06-19T12:47:13.295891561Z level=info msg="Migration successfully executed" id="add index server_lock.operation_uid" duration=889.079µs
2026-06-19T12:47:13.305580053Z logger=migrator t=2026-06-19T12:47:13.305415013Z level=info msg="Executing migration" id="create user auth token table"
2026-06-19T12:47:13.307711775Z logger=migrator t=2026-06-19T12:47:13.307578265Z level=info msg="Migration successfully executed" id="create user auth token table" duration=1.632442ms
2026-06-19T12:47:13.319867433Z logger=migrator t=2026-06-19T12:47:13.319683269Z level=info msg="Executing migration" id="add unique index user_auth_token.auth_token"
2026-06-19T12:47:13.321606220Z logger=migrator t=2026-06-19T12:47:13.320782121Z level=info msg="Migration successfully executed" id="add unique index user_auth_token.auth_token" duration=1.101074ms
2026-06-19T12:47:13.331170853Z logger=migrator t=2026-06-19T12:47:13.331008475Z level=info msg="Executing migration" id="add unique index user_auth_token.prev_auth_token"
2026-06-19T12:47:13.332531412Z logger=migrator t=2026-06-19T12:47:13.332353159Z level=info msg="Migration successfully executed" id="add unique index user_auth_token.prev_auth_token" duration=1.346275ms
2026-06-19T12:47:13.342769350Z logger=migrator t=2026-06-19T12:47:13.342616498Z level=info msg="Executing migration" id="add index user_auth_token.user_id"
2026-06-19T12:47:13.345405289Z logger=migrator t=2026-06-19T12:47:13.345253449Z level=info msg="Migration successfully executed" id="add index user_auth_token.user_id" duration=2.638052ms
2026-06-19T12:47:13.355760031Z logger=migrator t=2026-06-19T12:47:13.35560231Z level=info msg="Executing migration" id="Add revoked_at to the user auth token"
2026-06-19T12:47:13.359904503Z logger=migrator t=2026-06-19T12:47:13.359737052Z level=info msg="Migration successfully executed" id="Add revoked_at to the user auth token" duration=4.135349ms
2026-06-19T12:47:13.372513838Z logger=migrator t=2026-06-19T12:47:13.372338714Z level=info msg="Executing migration" id="add index user_auth_token.revoked_at"
2026-06-19T12:47:13.373427970Z logger=migrator t=2026-06-19T12:47:13.373265611Z level=info msg="Migration successfully executed" id="add index user_auth_token.revoked_at" duration=928.15µs
2026-06-19T12:47:13.383528877Z logger=migrator t=2026-06-19T12:47:13.383351726Z level=info msg="Executing migration" id="add external_session_id to user_auth_token"
2026-06-19T12:47:13.388583762Z logger=migrator t=2026-06-19T12:47:13.388344859Z level=info msg="Migration successfully executed" id="add external_session_id to user_auth_token" duration=4.992213ms
2026-06-19T12:47:13.398670900Z logger=migrator t=2026-06-19T12:47:13.398528187Z level=info msg="Executing migration" id="create cache_data table"
2026-06-19T12:47:13.399458429Z logger=migrator t=2026-06-19T12:47:13.399202667Z level=info msg="Migration successfully executed" id="create cache_data table" duration=677.02µs
2026-06-19T12:47:13.411077948Z logger=migrator t=2026-06-19T12:47:13.410913764Z level=info msg="Executing migration" id="add unique index cache_data.cache_key"
2026-06-19T12:47:13.412041523Z logger=migrator t=2026-06-19T12:47:13.411919382Z level=info msg="Migration successfully executed" id="add unique index cache_data.cache_key" duration=1.007233ms
2026-06-19T12:47:13.422902312Z logger=migrator t=2026-06-19T12:47:13.422739085Z level=info msg="Executing migration" id="create short_url table v1"
2026-06-19T12:47:13.424735875Z logger=migrator t=2026-06-19T12:47:13.424586173Z level=info msg="Migration successfully executed" id="create short_url table v1" duration=1.845974ms
2026-06-19T12:47:13.434819092Z logger=migrator t=2026-06-19T12:47:13.434633597Z level=info msg="Executing migration" id="add index short_url.org_id-uid"
2026-06-19T12:47:13.437215143Z logger=migrator t=2026-06-19T12:47:13.437028462Z level=info msg="Migration successfully executed" id="add index short_url.org_id-uid" duration=2.395507ms
2026-06-19T12:47:13.446777861Z logger=migrator t=2026-06-19T12:47:13.446619047Z level=info msg="Executing migration" id="alter table short_url alter column created_by type to bigint"
2026-06-19T12:47:13.446982401Z logger=migrator t=2026-06-19T12:47:13.446873532Z level=info msg="Migration successfully executed" id="alter table short_url alter column created_by type to bigint" duration=257.94µs
2026-06-19T12:47:13.458004159Z logger=migrator t=2026-06-19T12:47:13.457734394Z level=info msg="Executing migration" id="delete alert_definition table"
2026-06-19T12:47:13.458525174Z logger=migrator t=2026-06-19T12:47:13.458162635Z level=info msg="Migration successfully executed" id="delete alert_definition table" duration=428.852µs
2026-06-19T12:47:13.468000747Z logger=migrator t=2026-06-19T12:47:13.467838139Z level=info msg="Executing migration" id="recreate alert_definition table"
2026-06-19T12:47:13.471028600Z logger=migrator t=2026-06-19T12:47:13.470874074Z level=info msg="Migration successfully executed" id="recreate alert_definition table" duration=3.035783ms
2026-06-19T12:47:13.481060349Z logger=migrator t=2026-06-19T12:47:13.480899631Z level=info msg="Executing migration" id="add index in alert_definition on org_id and title columns"
2026-06-19T12:47:13.481954271Z logger=migrator t=2026-06-19T12:47:13.481800788Z level=info msg="Migration successfully executed" id="add index in alert_definition on org_id and title columns" duration=902.096µs
2026-06-19T12:47:13.492956717Z logger=migrator t=2026-06-19T12:47:13.492745658Z level=info msg="Executing migration" id="add index in alert_definition on org_id and uid columns"
2026-06-19T12:47:13.493804936Z logger=migrator t=2026-06-19T12:47:13.493647105Z level=info msg="Migration successfully executed" id="add index in alert_definition on org_id and uid columns" duration=902.122µs
2026-06-19T12:47:13.504066718Z logger=migrator t=2026-06-19T12:47:13.503908572Z level=info msg="Executing migration" id="alter alert_definition table data column to mediumtext in mysql"
2026-06-19T12:47:13.504346543Z logger=migrator t=2026-06-19T12:47:13.504217257Z level=info msg="Migration successfully executed" id="alter alert_definition table data column to mediumtext in mysql" duration=310.938µs
2026-06-19T12:47:13.515783211Z logger=migrator t=2026-06-19T12:47:13.515530952Z level=info msg="Executing migration" id="drop index in alert_definition on org_id and title columns"
2026-06-19T12:47:13.517136355Z logger=migrator t=2026-06-19T12:47:13.516385376Z level=info msg="Migration successfully executed" id="drop index in alert_definition on org_id and title columns" duration=855.333µs
2026-06-19T12:47:13.526616997Z logger=migrator t=2026-06-19T12:47:13.526442549Z level=info msg="Executing migration" id="drop index in alert_definition on org_id and uid columns"
2026-06-19T12:47:13.527481090Z logger=migrator t=2026-06-19T12:47:13.52728711Z level=info msg="Migration successfully executed" id="drop index in alert_definition on org_id and uid columns" duration=846.573µs
2026-06-19T12:47:13.538848850Z logger=migrator t=2026-06-19T12:47:13.538587988Z level=info msg="Executing migration" id="add unique index in alert_definition on org_id and title columns"
2026-06-19T12:47:13.541647892Z logger=migrator t=2026-06-19T12:47:13.541527792Z level=info msg="Migration successfully executed" id="add unique index in alert_definition on org_id and title columns" duration=2.940516ms
2026-06-19T12:47:13.551309508Z logger=migrator t=2026-06-19T12:47:13.551146053Z level=info msg="Executing migration" id="add unique index in alert_definition on org_id and uid columns"
2026-06-19T12:47:13.552213528Z logger=migrator t=2026-06-19T12:47:13.552048683Z level=info msg="Migration successfully executed" id="add unique index in alert_definition on org_id and uid columns" duration=903.209µs
2026-06-19T12:47:13.563613261Z logger=migrator t=2026-06-19T12:47:13.563430622Z level=info msg="Executing migration" id="Add column paused in alert_definition"
2026-06-19T12:47:13.568185698Z logger=migrator t=2026-06-19T12:47:13.568033684Z level=info msg="Migration successfully executed" id="Add column paused in alert_definition" duration=4.602989ms
2026-06-19T12:47:13.581573099Z logger=migrator t=2026-06-19T12:47:13.580683758Z level=info msg="Executing migration" id="drop alert_definition table"
2026-06-19T12:47:13.581607611Z logger=migrator t=2026-06-19T12:47:13.581234131Z level=info msg="Migration successfully executed" id="drop alert_definition table" duration=570.763µs
2026-06-19T12:47:13.591912577Z logger=migrator t=2026-06-19T12:47:13.591703634Z level=info msg="Executing migration" id="delete alert_definition_version table"
2026-06-19T12:47:13.593725444Z logger=migrator t=2026-06-19T12:47:13.593604812Z level=info msg="Migration successfully executed" id="delete alert_definition_version table" duration=1.900158ms
2026-06-19T12:47:13.605702442Z logger=migrator t=2026-06-19T12:47:13.605536318Z level=info msg="Executing migration" id="recreate alert_definition_version table"
2026-06-19T12:47:13.606526115Z logger=migrator t=2026-06-19T12:47:13.606350884Z level=info msg="Migration successfully executed" id="recreate alert_definition_version table" duration=806.589µs
2026-06-19T12:47:13.616875849Z logger=migrator t=2026-06-19T12:47:13.616713722Z level=info msg="Executing migration" id="add index in alert_definition_version table on alert_definition_id and version columns"
2026-06-19T12:47:13.618721911Z logger=migrator t=2026-06-19T12:47:13.618584269Z level=info msg="Migration successfully executed" id="add index in alert_definition_version table on alert_definition_id and version columns" duration=1.852951ms
2026-06-19T12:47:13.632385661Z logger=migrator t=2026-06-19T12:47:13.632217992Z level=info msg="Executing migration" id="add index in alert_definition_version table on alert_definition_uid and version columns"
2026-06-19T12:47:13.633309886Z logger=migrator t=2026-06-19T12:47:13.633134407Z level=info msg="Migration successfully executed" id="add index in alert_definition_version table on alert_definition_uid and version columns" duration=917.811µs
2026-06-19T12:47:13.643669041Z logger=migrator t=2026-06-19T12:47:13.643521433Z level=info msg="Executing migration" id="alter alert_definition_version table data column to mediumtext in mysql"
2026-06-19T12:47:13.643987376Z logger=migrator t=2026-06-19T12:47:13.643787047Z level=info msg="Migration successfully executed" id="alter alert_definition_version table data column to mediumtext in mysql" duration=268.064µs
2026-06-19T12:47:13.655803609Z logger=migrator t=2026-06-19T12:47:13.655641573Z level=info msg="Executing migration" id="drop alert_definition_version table"
2026-06-19T12:47:13.656523932Z logger=migrator t=2026-06-19T12:47:13.656355745Z level=info msg="Migration successfully executed" id="drop alert_definition_version table" duration=715.207µs
2026-06-19T12:47:13.666737177Z logger=migrator t=2026-06-19T12:47:13.666565303Z level=info msg="Executing migration" id="create alert_instance table"
2026-06-19T12:47:13.667703514Z logger=migrator t=2026-06-19T12:47:13.667546062Z level=info msg="Migration successfully executed" id="create alert_instance table" duration=981.039µs
2026-06-19T12:47:13.681583449Z logger=migrator t=2026-06-19T12:47:13.67959351Z level=info msg="Executing migration" id="add index in alert_instance table on def_org_id, def_uid and current_state columns"
2026-06-19T12:47:13.681598334Z logger=migrator t=2026-06-19T12:47:13.680193317Z level=info msg="Migration successfully executed" id="add index in alert_instance table on def_org_id, def_uid and current_state columns" duration=601.302µs
2026-06-19T12:47:13.692780302Z logger=migrator t=2026-06-19T12:47:13.692573105Z level=info msg="Executing migration" id="add index in alert_instance table on def_org_id, current_state columns"
2026-06-19T12:47:13.693631402Z logger=migrator t=2026-06-19T12:47:13.693458509Z level=info msg="Migration successfully executed" id="add index in alert_instance table on def_org_id, current_state columns" duration=887.073µs
2026-06-19T12:47:13.704426382Z logger=migrator t=2026-06-19T12:47:13.704233011Z level=info msg="Executing migration" id="add column current_state_end to alert_instance"
2026-06-19T12:47:13.707529783Z logger=migrator t=2026-06-19T12:47:13.707296546Z level=info msg="Migration successfully executed" id="add column current_state_end to alert_instance" duration=3.046846ms
2026-06-19T12:47:13.717170926Z logger=migrator t=2026-06-19T12:47:13.717009099Z level=info msg="Executing migration" id="remove index def_org_id, def_uid, current_state on alert_instance"
2026-06-19T12:47:13.718023744Z logger=migrator t=2026-06-19T12:47:13.717862843Z level=info msg="Migration successfully executed" id="remove index def_org_id, def_uid, current_state on alert_instance" duration=854.942µs
2026-06-19T12:47:13.728297959Z logger=migrator t=2026-06-19T12:47:13.728157101Z level=info msg="Executing migration" id="remove index def_org_id, current_state on alert_instance"
2026-06-19T12:47:13.729194797Z logger=migrator t=2026-06-19T12:47:13.729028835Z level=info msg="Migration successfully executed" id="remove index def_org_id, current_state on alert_instance" duration=872.388µs
2026-06-19T12:47:13.738885306Z logger=migrator t=2026-06-19T12:47:13.738742776Z level=info msg="Executing migration" id="rename def_org_id to rule_org_id in alert_instance"
2026-06-19T12:47:13.748795926Z logger=migrator t=2026-06-19T12:47:13.748611334Z level=info msg="Migration successfully executed" id="rename def_org_id to rule_org_id in alert_instance" duration=9.865668ms
2026-06-19T12:47:13.759590217Z logger=migrator t=2026-06-19T12:47:13.75941961Z level=info msg="Executing migration" id="rename def_uid to rule_uid in alert_instance"
2026-06-19T12:47:13.769602124Z logger=migrator t=2026-06-19T12:47:13.769431462Z level=info msg="Migration successfully executed" id="rename def_uid to rule_uid in alert_instance" duration=10.010204ms
2026-06-19T12:47:13.780814941Z logger=migrator t=2026-06-19T12:47:13.780648364Z level=info msg="Executing migration" id="add index rule_org_id, rule_uid, current_state on alert_instance"
2026-06-19T12:47:13.781833438Z logger=migrator t=2026-06-19T12:47:13.781681896Z level=info msg="Migration successfully executed" id="add index rule_org_id, rule_uid, current_state on alert_instance" duration=1.034695ms
2026-06-19T12:47:13.791832379Z logger=migrator t=2026-06-19T12:47:13.791656148Z level=info msg="Executing migration" id="add index rule_org_id, current_state on alert_instance"
2026-06-19T12:47:13.792639543Z logger=migrator t=2026-06-19T12:47:13.79252864Z level=info msg="Migration successfully executed" id="add index rule_org_id, current_state on alert_instance" duration=874.421µs
2026-06-19T12:47:13.802223159Z logger=migrator t=2026-06-19T12:47:13.802067733Z level=info msg="Executing migration" id="add current_reason column related to current_state"
2026-06-19T12:47:13.804634119Z logger=migrator t=2026-06-19T12:47:13.804429385Z level=info msg="Migration successfully executed" id="add current_reason column related to current_state" duration=2.344224ms
2026-06-19T12:47:13.814060364Z logger=migrator t=2026-06-19T12:47:13.813930067Z level=info msg="Executing migration" id="add result_fingerprint column to alert_instance"
2026-06-19T12:47:13.817094241Z logger=migrator t=2026-06-19T12:47:13.816941582Z level=info msg="Migration successfully executed" id="add result_fingerprint column to alert_instance" duration=3.011626ms
2026-06-19T12:47:13.827423590Z logger=migrator t=2026-06-19T12:47:13.827277262Z level=info msg="Executing migration" id="create alert_rule table"
2026-06-19T12:47:13.828193248Z logger=migrator t=2026-06-19T12:47:13.828040976Z level=info msg="Migration successfully executed" id="create alert_rule table" duration=765.124µs
2026-06-19T12:47:13.837887080Z logger=migrator t=2026-06-19T12:47:13.837741412Z level=info msg="Executing migration" id="add index in alert_rule on org_id and title columns"
2026-06-19T12:47:13.838811968Z logger=migrator t=2026-06-19T12:47:13.83864746Z level=info msg="Migration successfully executed" id="add index in alert_rule on org_id and title columns" duration=907.248µs
2026-06-19T12:47:13.848758582Z logger=migrator t=2026-06-19T12:47:13.848592661Z level=info msg="Executing migration" id="add index in alert_rule on org_id and uid columns"
2026-06-19T12:47:13.849644935Z logger=migrator t=2026-06-19T12:47:13.849456133Z level=info msg="Migration successfully executed" id="add index in alert_rule on org_id and uid columns" duration=870.264µs
2026-06-19T12:47:13.859337940Z logger=migrator t=2026-06-19T12:47:13.859182447Z level=info msg="Executing migration" id="add index in alert_rule on org_id, namespace_uid, group_uid columns"
2026-06-19T12:47:13.860297865Z logger=migrator t=2026-06-19T12:47:13.860134859Z level=info msg="Migration successfully executed" id="add index in alert_rule on org_id, namespace_uid, group_uid columns" duration=953.464µs
2026-06-19T12:47:13.870009986Z logger=migrator t=2026-06-19T12:47:13.869818499Z level=info msg="Executing migration" id="alter alert_rule table data column to mediumtext in mysql"
2026-06-19T12:47:13.870182490Z logger=migrator t=2026-06-19T12:47:13.870090737Z level=info msg="Migration successfully executed" id="alter alert_rule table data column to mediumtext in mysql" duration=274.978µs
2026-06-19T12:47:13.879846424Z logger=migrator t=2026-06-19T12:47:13.879718483Z level=info msg="Executing migration" id="add column for to alert_rule"
2026-06-19T12:47:13.881908538Z logger=migrator t=2026-06-19T12:47:13.881778898Z level=info msg="Migration successfully executed" id="add column for to alert_rule" duration=2.074871ms
2026-06-19T12:47:13.891612370Z logger=migrator t=2026-06-19T12:47:13.891443772Z level=info msg="Executing migration" id="add column annotations to alert_rule"
2026-06-19T12:47:13.893941986Z logger=migrator t=2026-06-19T12:47:13.893761237Z level=info msg="Migration successfully executed" id="add column annotations to alert_rule" duration=2.317232ms
2026-06-19T12:47:13.904481846Z logger=migrator t=2026-06-19T12:47:13.904319387Z level=info msg="Executing migration" id="add column labels to alert_rule"
2026-06-19T12:47:13.906996456Z logger=migrator t=2026-06-19T12:47:13.906815833Z level=info msg="Migration successfully executed" id="add column labels to alert_rule" duration=2.49564ms
2026-06-19T12:47:13.916752071Z logger=migrator t=2026-06-19T12:47:13.916580816Z level=info msg="Executing migration" id="remove unique index from alert_rule on org_id, title columns"
2026-06-19T12:47:13.917522724Z logger=migrator t=2026-06-19T12:47:13.917394847Z level=info msg="Migration successfully executed" id="remove unique index from alert_rule on org_id, title columns" duration=815.479µs
2026-06-19T12:47:13.927545095Z logger=migrator t=2026-06-19T12:47:13.92734887Z level=info msg="Executing migration" id="add index in alert_rule on org_id, namespase_uid and title columns"
2026-06-19T12:47:13.928502395Z logger=migrator t=2026-06-19T12:47:13.928378389Z level=info msg="Migration successfully executed" id="add index in alert_rule on org_id, namespase_uid and title columns" duration=1.030739ms
2026-06-19T12:47:13.938944003Z logger=migrator t=2026-06-19T12:47:13.938742742Z level=info msg="Executing migration" id="add dashboard_uid column to alert_rule"
2026-06-19T12:47:13.941332956Z logger=migrator t=2026-06-19T12:47:13.941178059Z level=info msg="Migration successfully executed" id="add dashboard_uid column to alert_rule" duration=2.435286ms
2026-06-19T12:47:13.951394619Z logger=migrator t=2026-06-19T12:47:13.95127315Z level=info msg="Executing migration" id="add panel_id column to alert_rule"
2026-06-19T12:47:13.954393861Z logger=migrator t=2026-06-19T12:47:13.954224858Z level=info msg="Migration successfully executed" id="add panel_id column to alert_rule" duration=2.951527ms
2026-06-19T12:47:13.964920516Z logger=migrator t=2026-06-19T12:47:13.964766328Z level=info msg="Executing migration" id="add index in alert_rule on org_id, dashboard_uid and panel_id columns"
2026-06-19T12:47:13.965764899Z logger=migrator t=2026-06-19T12:47:13.965677739Z level=info msg="Migration successfully executed" id="add index in alert_rule on org_id, dashboard_uid and panel_id columns" duration=912.794µs
2026-06-19T12:47:13.975411217Z logger=migrator t=2026-06-19T12:47:13.975216531Z level=info msg="Executing migration" id="add rule_group_idx column to alert_rule"
2026-06-19T12:47:13.978469625Z logger=migrator t=2026-06-19T12:47:13.978325094Z level=info msg="Migration successfully executed" id="add rule_group_idx column to alert_rule" duration=3.134127ms
2026-06-19T12:47:13.989740545Z logger=migrator t=2026-06-19T12:47:13.989572725Z level=info msg="Executing migration" id="add is_paused column to alert_rule table"
2026-06-19T12:47:13.992399105Z logger=migrator t=2026-06-19T12:47:13.992217234Z level=info msg="Migration successfully executed" id="add is_paused column to alert_rule table" duration=2.644843ms
2026-06-19T12:47:14.002818622Z logger=migrator t=2026-06-19T12:47:14.002656717Z level=info msg="Executing migration" id="fix is_paused column for alert_rule table"
2026-06-19T12:47:14.003025994Z logger=migrator t=2026-06-19T12:47:14.002919284Z level=info msg="Migration successfully executed" id="fix is_paused column for alert_rule table" duration=265.214µs
2026-06-19T12:47:14.014814377Z logger=migrator t=2026-06-19T12:47:14.014656474Z level=info msg="Executing migration" id="alter table alert_rule alter column rule_group_idx type to bigint"
2026-06-19T12:47:14.015109771Z logger=migrator t=2026-06-19T12:47:14.014914888Z level=info msg="Migration successfully executed" id="alter table alert_rule alter column rule_group_idx type to bigint" duration=262.031µs
2026-06-19T12:47:14.025647316Z logger=migrator t=2026-06-19T12:47:14.024805407Z level=info msg="Executing migration" id="create alert_rule_version table"
2026-06-19T12:47:14.025663437Z logger=migrator t=2026-06-19T12:47:14.025373091Z level=info msg="Migration successfully executed" id="create alert_rule_version table" duration=567.924µs
2026-06-19T12:47:14.035778330Z logger=migrator t=2026-06-19T12:47:14.035593927Z level=info msg="Executing migration" id="add index in alert_rule_version table on rule_org_id, rule_uid and version columns"
2026-06-19T12:47:14.036649648Z logger=migrator t=2026-06-19T12:47:14.036480722Z level=info msg="Migration successfully executed" id="add index in alert_rule_version table on rule_org_id, rule_uid and version columns" duration=886.9µs
2026-06-19T12:47:14.047132240Z logger=migrator t=2026-06-19T12:47:14.046949916Z level=info msg="Executing migration" id="add index in alert_rule_version table on rule_org_id, rule_namespace_uid and rule_group columns"
2026-06-19T12:47:14.048005487Z logger=migrator t=2026-06-19T12:47:14.047851398Z level=info msg="Migration successfully executed" id="add index in alert_rule_version table on rule_org_id, rule_namespace_uid and rule_group columns" duration=918.307µs
2026-06-19T12:47:14.058569647Z logger=migrator t=2026-06-19T12:47:14.058365695Z level=info msg="Executing migration" id="alter alert_rule_version table data column to mediumtext in mysql"
2026-06-19T12:47:14.059525285Z logger=migrator t=2026-06-19T12:47:14.058567398Z level=info msg="Migration successfully executed" id="alter alert_rule_version table data column to mediumtext in mysql" duration=203.958µs
2026-06-19T12:47:14.071782929Z logger=migrator t=2026-06-19T12:47:14.071633287Z level=info msg="Executing migration" id="add column for to alert_rule_version"
2026-06-19T12:47:14.074274303Z logger=migrator t=2026-06-19T12:47:14.074139555Z level=info msg="Migration successfully executed" id="add column for to alert_rule_version" duration=2.50661ms
2026-06-19T12:47:14.085748250Z logger=migrator t=2026-06-19T12:47:14.08557686Z level=info msg="Executing migration" id="add column annotations to alert_rule_version"
2026-06-19T12:47:14.088076004Z logger=migrator t=2026-06-19T12:47:14.087923588Z level=info msg="Migration successfully executed" id="add column annotations to alert_rule_version" duration=2.346523ms
2026-06-19T12:47:14.097781692Z logger=migrator t=2026-06-19T12:47:14.097633186Z level=info msg="Executing migration" id="add column labels to alert_rule_version"
2026-06-19T12:47:14.100186865Z logger=migrator t=2026-06-19T12:47:14.100039179Z level=info msg="Migration successfully executed" id="add column labels to alert_rule_version" duration=2.406272ms
2026-06-19T12:47:14.109833784Z logger=migrator t=2026-06-19T12:47:14.109684598Z level=info msg="Executing migration" id="add rule_group_idx column to alert_rule_version"
2026-06-19T12:47:14.112211587Z logger=migrator t=2026-06-19T12:47:14.112070329Z level=info msg="Migration successfully executed" id="add rule_group_idx column to alert_rule_version" duration=2.386132ms
2026-06-19T12:47:14.124820417Z logger=migrator t=2026-06-19T12:47:14.124676213Z level=info msg="Executing migration" id="add is_paused column to alert_rule_versions table"
2026-06-19T12:47:14.127213837Z logger=migrator t=2026-06-19T12:47:14.127068818Z level=info msg="Migration successfully executed" id="add is_paused column to alert_rule_versions table" duration=2.39261ms
2026-06-19T12:47:14.138678388Z logger=migrator t=2026-06-19T12:47:14.138527467Z level=info msg="Executing migration" id="fix is_paused column for alert_rule_version table"
2026-06-19T12:47:14.138696726Z logger=migrator t=2026-06-19T12:47:14.138566005Z level=info msg="Migration successfully executed" id="fix is_paused column for alert_rule_version table" duration=40.951µs
2026-06-19T12:47:14.148803958Z logger=migrator t=2026-06-19T12:47:14.148597478Z level=info msg="Executing migration" id="alter table alert_rule_version alter column rule_group_idx type to bigint"
2026-06-19T12:47:14.148821961Z logger=migrator t=2026-06-19T12:47:14.148637327Z level=info msg="Migration successfully executed" id="alter table alert_rule_version alter column rule_group_idx type to bigint" duration=43.253µs
2026-06-19T12:47:14.158799387Z logger=migrator t=2026-06-19T12:47:14.15862467Z level=info msg="Executing migration" id=create_alert_configuration_table
2026-06-19T12:47:14.159307298Z logger=migrator t=2026-06-19T12:47:14.159178163Z level=info msg="Migration successfully executed" id=create_alert_configuration_table duration=553.76µs
2026-06-19T12:47:14.170785155Z logger=migrator t=2026-06-19T12:47:14.170591652Z level=info msg="Executing migration" id="Add column default in alert_configuration"
2026-06-19T12:47:14.173107205Z logger=migrator t=2026-06-19T12:47:14.172944091Z level=info msg="Migration successfully executed" id="Add column default in alert_configuration" duration=2.353184ms
2026-06-19T12:47:14.185912943Z logger=migrator t=2026-06-19T12:47:14.18574215Z level=info msg="Executing migration" id="alert alert_configuration alertmanager_configuration column from TEXT to MEDIUMTEXT if mysql"
2026-06-19T12:47:14.185939306Z logger=migrator t=2026-06-19T12:47:14.185881761Z level=info msg="Migration successfully executed" id="alert alert_configuration alertmanager_configuration column from TEXT to MEDIUMTEXT if mysql" duration=142.979µs
2026-06-19T12:47:14.196694366Z logger=migrator t=2026-06-19T12:47:14.196535906Z level=info msg="Executing migration" id="add column org_id in alert_configuration"
2026-06-19T12:47:14.199051263Z logger=migrator t=2026-06-19T12:47:14.198918696Z level=info msg="Migration successfully executed" id="add column org_id in alert_configuration" duration=2.383453ms
2026-06-19T12:47:14.211841527Z logger=migrator t=2026-06-19T12:47:14.211679667Z level=info msg="Executing migration" id="add index in alert_configuration table on org_id column"
2026-06-19T12:47:14.212719451Z logger=migrator t=2026-06-19T12:47:14.212607629Z level=info msg="Migration successfully executed" id="add index in alert_configuration table on org_id column" duration=929.984µs
2026-06-19T12:47:14.225858295Z logger=migrator t=2026-06-19T12:47:14.225695712Z level=info msg="Executing migration" id="add configuration_hash column to alert_configuration"
2026-06-19T12:47:14.228392300Z logger=migrator t=2026-06-19T12:47:14.228253008Z level=info msg="Migration successfully executed" id="add configuration_hash column to alert_configuration" duration=2.556923ms
2026-06-19T12:47:14.238715076Z logger=migrator t=2026-06-19T12:47:14.238583716Z level=info msg="Executing migration" id=create_ngalert_configuration_table
2026-06-19T12:47:14.239410315Z logger=migrator t=2026-06-19T12:47:14.239303015Z level=info msg="Migration successfully executed" id=create_ngalert_configuration_table duration=720.149µs
2026-06-19T12:47:14.249885735Z logger=migrator t=2026-06-19T12:47:14.249729099Z level=info msg="Executing migration" id="add index in ngalert_configuration on org_id column"
2026-06-19T12:47:14.250800262Z logger=migrator t=2026-06-19T12:47:14.250694805Z level=info msg="Migration successfully executed" id="add index in ngalert_configuration on org_id column" duration=966.403µs
2026-06-19T12:47:14.260931629Z logger=migrator t=2026-06-19T12:47:14.260770475Z level=info msg="Executing migration" id="add column send_alerts_to in ngalert_configuration"
2026-06-19T12:47:14.264856964Z logger=migrator t=2026-06-19T12:47:14.264691703Z level=info msg="Migration successfully executed" id="add column send_alerts_to in ngalert_configuration" duration=3.919609ms
2026-06-19T12:47:14.275744563Z logger=migrator t=2026-06-19T12:47:14.275579992Z level=info msg="Executing migration" id="create provenance_type table"
2026-06-19T12:47:14.276465616Z logger=migrator t=2026-06-19T12:47:14.276342024Z level=info msg="Migration successfully executed" id="create provenance_type table" duration=763.221µs
2026-06-19T12:47:14.287810366Z logger=migrator t=2026-06-19T12:47:14.28765352Z level=info msg="Executing migration" id="add index to uniquify (record_key, record_type, org_id) columns"
2026-06-19T12:47:14.288720997Z logger=migrator t=2026-06-19T12:47:14.288604687Z level=info msg="Migration successfully executed" id="add index to uniquify (record_key, record_type, org_id) columns" duration=952.488µs
2026-06-19T12:47:14.299998966Z logger=migrator t=2026-06-19T12:47:14.299770937Z level=info msg="Executing migration" id="create alert_image table"
2026-06-19T12:47:14.300743911Z logger=migrator t=2026-06-19T12:47:14.300619279Z level=info msg="Migration successfully executed" id="create alert_image table" duration=849.331µs
2026-06-19T12:47:14.312879268Z logger=migrator t=2026-06-19T12:47:14.312706606Z level=info msg="Executing migration" id="add unique index on token to alert_image table"
2026-06-19T12:47:14.313757561Z logger=migrator t=2026-06-19T12:47:14.313629724Z level=info msg="Migration successfully executed" id="add unique index on token to alert_image table" duration=924.942µs
2026-06-19T12:47:14.323562685Z logger=migrator t=2026-06-19T12:47:14.323379414Z level=info msg="Executing migration" id="support longer URLs in alert_image table"
2026-06-19T12:47:14.323730439Z logger=migrator t=2026-06-19T12:47:14.323646472Z level=info msg="Migration successfully executed" id="support longer URLs in alert_image table" duration=269.323µs
2026-06-19T12:47:14.335139197Z logger=migrator t=2026-06-19T12:47:14.33497141Z level=info msg="Executing migration" id=create_alert_configuration_history_table
2026-06-19T12:47:14.335918297Z logger=migrator t=2026-06-19T12:47:14.335792256Z level=info msg="Migration successfully executed" id=create_alert_configuration_history_table duration=821.747µs
2026-06-19T12:47:14.345761889Z logger=migrator t=2026-06-19T12:47:14.345599403Z level=info msg="Executing migration" id="drop non-unique orgID index on alert_configuration"
2026-06-19T12:47:14.346956553Z logger=migrator t=2026-06-19T12:47:14.346844624Z level=info msg="Migration successfully executed" id="drop non-unique orgID index on alert_configuration" duration=1.247346ms
2026-06-19T12:47:14.357723586Z logger=migrator t=2026-06-19T12:47:14.35756734Z level=info msg="Executing migration" id="drop unique orgID index on alert_configuration if exists"
2026-06-19T12:47:14.358126702Z logger=migrator t=2026-06-19T12:47:14.358023997Z level=warn msg="Skipping migration: Already executed, but not recorded in migration log" id="drop unique orgID index on alert_configuration if exists"
2026-06-19T12:47:14.368621364Z logger=migrator t=2026-06-19T12:47:14.36844537Z level=info msg="Executing migration" id="extract alertmanager configuration history to separate table"
2026-06-19T12:47:14.369247134Z logger=migrator t=2026-06-19T12:47:14.369131227Z level=info msg="Migration successfully executed" id="extract alertmanager configuration history to separate table" duration=686.522µs
2026-06-19T12:47:14.382832884Z logger=migrator t=2026-06-19T12:47:14.382652747Z level=info msg="Executing migration" id="add unique index on orgID to alert_configuration"
2026-06-19T12:47:14.383685251Z logger=migrator t=2026-06-19T12:47:14.383573782Z level=info msg="Migration successfully executed" id="add unique index on orgID to alert_configuration" duration=908.45µs
2026-06-19T12:47:14.394550499Z logger=migrator t=2026-06-19T12:47:14.394367523Z level=info msg="Executing migration" id="add last_applied column to alert_configuration_history"
2026-06-19T12:47:14.397095655Z logger=migrator t=2026-06-19T12:47:14.396957746Z level=info msg="Migration successfully executed" id="add last_applied column to alert_configuration_history" duration=2.58997ms
2026-06-19T12:47:14.410835600Z logger=migrator t=2026-06-19T12:47:14.41066808Z level=info msg="Executing migration" id="add message column to alert_rule_version"
2026-06-19T12:47:14.413683754Z logger=migrator t=2026-06-19T12:47:14.413530153Z level=info msg="Migration successfully executed" id="add message column to alert_rule_version" duration=2.861886ms
2026-06-19T12:47:14.423681395Z logger=migrator t=2026-06-19T12:47:14.423521482Z level=info msg="Executing migration" id="add column external_alertmanager_uid in ngalert_configuration"
2026-06-19T12:47:14.426298694Z logger=migrator t=2026-06-19T12:47:14.426165738Z level=info msg="Migration successfully executed" id="add column external_alertmanager_uid in ngalert_configuration" duration=2.645635ms
2026-06-19T12:47:14.438950729Z logger=migrator t=2026-06-19T12:47:14.438786646Z level=info msg="Executing migration" id="create library_element table v1"
2026-06-19T12:47:14.439759023Z logger=migrator t=2026-06-19T12:47:14.439646279Z level=info msg="Migration successfully executed" id="create library_element table v1" duration=867.331µs
2026-06-19T12:47:14.450906658Z logger=migrator t=2026-06-19T12:47:14.450742508Z level=info msg="Executing migration" id="add index library_element org_id-folder_id-name-kind"
2026-06-19T12:47:14.451778986Z logger=migrator t=2026-06-19T12:47:14.451665104Z level=info msg="Migration successfully executed" id="add index library_element org_id-folder_id-name-kind" duration=924.123µs
2026-06-19T12:47:14.461422715Z logger=migrator t=2026-06-19T12:47:14.461261427Z level=info msg="Executing migration" id="create library_element_connection table v1"
2026-06-19T12:47:14.462150100Z logger=migrator t=2026-06-19T12:47:14.462033707Z level=info msg="Migration successfully executed" id="create library_element_connection table v1" duration=772.757µs
2026-06-19T12:47:14.474939072Z logger=migrator t=2026-06-19T12:47:14.474781888Z level=info msg="Executing migration" id="add index library_element_connection element_id-kind-connection_id"
2026-06-19T12:47:14.475820787Z logger=migrator t=2026-06-19T12:47:14.475700679Z level=info msg="Migration successfully executed" id="add index library_element_connection element_id-kind-connection_id" duration=919.41µs
2026-06-19T12:47:14.485780838Z logger=migrator t=2026-06-19T12:47:14.485623667Z level=info msg="Executing migration" id="add unique index library_element org_id_uid"
2026-06-19T12:47:14.486702255Z logger=migrator t=2026-06-19T12:47:14.486588424Z level=info msg="Migration successfully executed" id="add unique index library_element org_id_uid" duration=966.222µs
2026-06-19T12:47:14.496794790Z logger=migrator t=2026-06-19T12:47:14.496615196Z level=info msg="Executing migration" id="increase max description length to 2048"
2026-06-19T12:47:14.496983472Z logger=migrator t=2026-06-19T12:47:14.496886322Z level=info msg="Migration successfully executed" id="increase max description length to 2048" duration=274.432µs
2026-06-19T12:47:14.507718096Z logger=migrator t=2026-06-19T12:47:14.507550711Z level=info msg="Executing migration" id="alter library_element model to mediumtext"
2026-06-19T12:47:14.507916111Z logger=migrator t=2026-06-19T12:47:14.507804143Z level=info msg="Migration successfully executed" id="alter library_element model to mediumtext" duration=255.597µs
2026-06-19T12:47:14.518595063Z logger=migrator t=2026-06-19T12:47:14.518401526Z level=info msg="Executing migration" id="add library_element folder uid"
2026-06-19T12:47:14.521305868Z logger=migrator t=2026-06-19T12:47:14.521177696Z level=info msg="Migration successfully executed" id="add library_element folder uid" duration=2.776364ms
2026-06-19T12:47:14.532193871Z logger=migrator t=2026-06-19T12:47:14.532021484Z level=info msg="Executing migration" id="populate library_element folder_uid"
2026-06-19T12:47:14.532676073Z logger=migrator t=2026-06-19T12:47:14.532565613Z level=info msg="Migration successfully executed" id="populate library_element folder_uid" duration=545.101µs
2026-06-19T12:47:14.542806321Z logger=migrator t=2026-06-19T12:47:14.542634072Z level=info msg="Executing migration" id="add index library_element org_id-folder_uid-name-kind"
2026-06-19T12:47:14.543695751Z logger=migrator t=2026-06-19T12:47:14.543578082Z level=info msg="Migration successfully executed" id="add index library_element org_id-folder_uid-name-kind" duration=945.526µs
2026-06-19T12:47:14.554022004Z logger=migrator t=2026-06-19T12:47:14.553861306Z level=info msg="Executing migration" id="drop unique name in folder index (id)"
2026-06-19T12:47:14.554889743Z logger=migrator t=2026-06-19T12:47:14.554768868Z level=info msg="Migration successfully executed" id="drop unique name in folder index (id)" duration=908.971µs
2026-06-19T12:47:14.564921264Z logger=migrator t=2026-06-19T12:47:14.564752143Z level=info msg="Executing migration" id="drop unique name in folder index"
2026-06-19T12:47:14.565792732Z logger=migrator t=2026-06-19T12:47:14.565672486Z level=info msg="Migration successfully executed" id="drop unique name in folder index" duration=909.201µs
2026-06-19T12:47:14.576945453Z logger=migrator t=2026-06-19T12:47:14.57677949Z level=info msg="Executing migration" id="clone move dashboard alerts to unified alerting"
2026-06-19T12:47:14.577464865Z logger=migrator t=2026-06-19T12:47:14.577344055Z level=info msg="Migration successfully executed" id="clone move dashboard alerts to unified alerting" duration=566.168µs
2026-06-19T12:47:14.587735627Z logger=migrator t=2026-06-19T12:47:14.587566479Z level=info msg="Executing migration" id="create data_keys table"
2026-06-19T12:47:14.588541673Z logger=migrator t=2026-06-19T12:47:14.588378807Z level=info msg="Migration successfully executed" id="create data_keys table" duration=812.486µs
2026-06-19T12:47:14.599088373Z logger=migrator t=2026-06-19T12:47:14.598933389Z level=info msg="Executing migration" id="create secrets table"
2026-06-19T12:47:14.599810505Z logger=migrator t=2026-06-19T12:47:14.599689861Z level=info msg="Migration successfully executed" id="create secrets table" duration=757.198µs
2026-06-19T12:47:14.609831543Z logger=migrator t=2026-06-19T12:47:14.609666574Z level=info msg="Executing migration" id="rename data_keys name column to id"
2026-06-19T12:47:14.622000830Z logger=migrator t=2026-06-19T12:47:14.621826044Z level=info msg="Migration successfully executed" id="rename data_keys name column to id" duration=12.170757ms
2026-06-19T12:47:14.633754354Z logger=migrator t=2026-06-19T12:47:14.633594086Z level=info msg="Executing migration" id="add name column into data_keys"
2026-06-19T12:47:14.637471811Z logger=migrator t=2026-06-19T12:47:14.637309529Z level=info msg="Migration successfully executed" id="add name column into data_keys" duration=3.714692ms
2026-06-19T12:47:14.648745968Z logger=migrator t=2026-06-19T12:47:14.648584374Z level=info msg="Executing migration" id="copy data_keys id column values into name"
2026-06-19T12:47:14.649051294Z logger=migrator t=2026-06-19T12:47:14.648950909Z level=info msg="Migration successfully executed" id="copy data_keys id column values into name" duration=369.18µs
2026-06-19T12:47:14.661513633Z logger=migrator t=2026-06-19T12:47:14.661347739Z level=info msg="Executing migration" id="rename data_keys name column to label"
2026-06-19T12:47:14.684261075Z logger=migrator t=2026-06-19T12:47:14.684073734Z level=info msg="Migration successfully executed" id="rename data_keys name column to label" duration=22.723838ms
2026-06-19T12:47:14.695927042Z logger=migrator t=2026-06-19T12:47:14.695749936Z level=info msg="Executing migration" id="rename data_keys id column back to name"
2026-06-19T12:47:14.716140870Z logger=migrator t=2026-06-19T12:47:14.715998385Z level=info msg="Migration successfully executed" id="rename data_keys id column back to name" duration=20.259049ms
2026-06-19T12:47:14.728476140Z logger=migrator t=2026-06-19T12:47:14.72832695Z level=info msg="Executing migration" id="create kv_store table v1"
2026-06-19T12:47:14.729228975Z logger=migrator t=2026-06-19T12:47:14.729121131Z level=info msg="Migration successfully executed" id="create kv_store table v1" duration=794.813µs
2026-06-19T12:47:14.740588172Z logger=migrator t=2026-06-19T12:47:14.740390541Z level=info msg="Executing migration" id="add index kv_store.org_id-namespace-key"
2026-06-19T12:47:14.741413270Z logger=migrator t=2026-06-19T12:47:14.74132603Z level=info msg="Migration successfully executed" id="add index kv_store.org_id-namespace-key" duration=935.696µs
2026-06-19T12:47:14.751196834Z logger=migrator t=2026-06-19T12:47:14.751030889Z level=info msg="Executing migration" id="update dashboard_uid and panel_id from existing annotations"
2026-06-19T12:47:14.751736581Z logger=migrator t=2026-06-19T12:47:14.751623376Z level=info msg="Migration successfully executed" id="update dashboard_uid and panel_id from existing annotations" duration=593.317µs
2026-06-19T12:47:14.763116428Z logger=migrator t=2026-06-19T12:47:14.762886641Z level=info msg="Executing migration" id="create permission table"
2026-06-19T12:47:14.763964816Z logger=migrator t=2026-06-19T12:47:14.763834319Z level=info msg="Migration successfully executed" id="create permission table" duration=949.717µs
2026-06-19T12:47:14.774834820Z logger=migrator t=2026-06-19T12:47:14.774656272Z level=info msg="Executing migration" id="add unique index permission.role_id"
2026-06-19T12:47:14.775740306Z logger=migrator t=2026-06-19T12:47:14.775614047Z level=info msg="Migration successfully executed" id="add unique index permission.role_id" duration=959.058µs
2026-06-19T12:47:14.786353265Z logger=migrator t=2026-06-19T12:47:14.786195165Z level=info msg="Executing migration" id="add unique index role_id_action_scope"
2026-06-19T12:47:14.787252213Z logger=migrator t=2026-06-19T12:47:14.787121467Z level=info msg="Migration successfully executed" id="add unique index role_id_action_scope" duration=927.363µs
2026-06-19T12:47:14.798435382Z logger=migrator t=2026-06-19T12:47:14.798261109Z level=info msg="Executing migration" id="create role table"
2026-06-19T12:47:14.799218824Z logger=migrator t=2026-06-19T12:47:14.799099596Z level=info msg="Migration successfully executed" id="create role table" duration=840.07µs
2026-06-19T12:47:14.822719313Z logger=migrator t=2026-06-19T12:47:14.822597543Z level=info msg="Executing migration" id="add column display_name"
2026-06-19T12:47:14.825459494Z logger=migrator t=2026-06-19T12:47:14.82535876Z level=info msg="Migration successfully executed" id="add column display_name" duration=2.762313ms
2026-06-19T12:47:14.835873872Z logger=migrator t=2026-06-19T12:47:14.835707544Z level=info msg="Executing migration" id="add column group_name"
2026-06-19T12:47:14.838601841Z logger=migrator t=2026-06-19T12:47:14.838473643Z level=info msg="Migration successfully executed" id="add column group_name" duration=2.765379ms
2026-06-19T12:47:14.849674537Z logger=migrator t=2026-06-19T12:47:14.849535396Z level=info msg="Executing migration" id="add index role.org_id"
2026-06-19T12:47:14.850541219Z logger=migrator t=2026-06-19T12:47:14.850401843Z level=info msg="Migration successfully executed" id="add index role.org_id" duration=868.233µs
2026-06-19T12:47:14.862844472Z logger=migrator t=2026-06-19T12:47:14.862712512Z level=info msg="Executing migration" id="add unique index role_org_id_name"
2026-06-19T12:47:14.863620542Z logger=migrator t=2026-06-19T12:47:14.863531384Z level=info msg="Migration successfully executed" id="add unique index role_org_id_name" duration=820.115µs
2026-06-19T12:47:14.873679312Z logger=migrator t=2026-06-19T12:47:14.873433336Z level=info msg="Executing migration" id="add index role_org_id_uid"
2026-06-19T12:47:14.874369455Z logger=migrator t=2026-06-19T12:47:14.874278503Z level=info msg="Migration successfully executed" id="add index role_org_id_uid" duration=846.638µs
2026-06-19T12:47:14.885285361Z logger=migrator t=2026-06-19T12:47:14.885125543Z level=info msg="Executing migration" id="create team role table"
2026-06-19T12:47:14.885875615Z logger=migrator t=2026-06-19T12:47:14.885776178Z level=info msg="Migration successfully executed" id="create team role table" duration=650.877µs
2026-06-19T12:47:14.896843168Z logger=migrator t=2026-06-19T12:47:14.896700375Z level=info msg="Executing migration" id="add index team_role.org_id"
2026-06-19T12:47:14.897532960Z logger=migrator t=2026-06-19T12:47:14.897414554Z level=info msg="Migration successfully executed" id="add index team_role.org_id" duration=716.236µs
2026-06-19T12:47:14.908779848Z logger=migrator t=2026-06-19T12:47:14.908611168Z level=info msg="Executing migration" id="add unique index team_role_org_id_team_id_role_id"
2026-06-19T12:47:14.909658843Z logger=migrator t=2026-06-19T12:47:14.909554329Z level=info msg="Migration successfully executed" id="add unique index team_role_org_id_team_id_role_id" duration=958.67µs
2026-06-19T12:47:14.920545195Z logger=migrator t=2026-06-19T12:47:14.920284281Z level=info msg="Executing migration" id="add index team_role.team_id"
2026-06-19T12:47:14.921270847Z logger=migrator t=2026-06-19T12:47:14.921164859Z level=info msg="Migration successfully executed" id="add index team_role.team_id" duration=881.427µs
2026-06-19T12:47:14.931808543Z logger=migrator t=2026-06-19T12:47:14.931664782Z level=info msg="Executing migration" id="create user role table"
2026-06-19T12:47:14.932400498Z logger=migrator t=2026-06-19T12:47:14.932294043Z level=info msg="Migration successfully executed" id="create user role table" duration=628.72µs
2026-06-19T12:47:14.942859008Z logger=migrator t=2026-06-19T12:47:14.942725139Z level=info msg="Executing migration" id="add index user_role.org_id"
2026-06-19T12:47:14.943606443Z logger=migrator t=2026-06-19T12:47:14.943512933Z level=info msg="Migration successfully executed" id="add index user_role.org_id" duration=778.886µs
2026-06-19T12:47:14.953239539Z logger=migrator t=2026-06-19T12:47:14.953143845Z level=info msg="Executing migration" id="add unique index user_role_org_id_user_id_role_id"
2026-06-19T12:47:14.954026160Z logger=migrator t=2026-06-19T12:47:14.953929095Z level=info msg="Migration successfully executed" id="add unique index user_role_org_id_user_id_role_id" duration=785.653µs
2026-06-19T12:47:14.964769070Z logger=migrator t=2026-06-19T12:47:14.964610205Z level=info msg="Executing migration" id="add index user_role.user_id"
2026-06-19T12:47:14.965462722Z logger=migrator t=2026-06-19T12:47:14.965360349Z level=info msg="Migration successfully executed" id="add index user_role.user_id" duration=751.458µs
2026-06-19T12:47:14.976670255Z logger=migrator t=2026-06-19T12:47:14.976443724Z level=info msg="Executing migration" id="create builtin role table"
2026-06-19T12:47:14.977206266Z logger=migrator t=2026-06-19T12:47:14.977104873Z level=info msg="Migration successfully executed" id="create builtin role table" duration=686.322µs
2026-06-19T12:47:14.988888409Z logger=migrator t=2026-06-19T12:47:14.988735923Z level=info msg="Executing migration" id="add index builtin_role.role_id"
2026-06-19T12:47:14.989716215Z logger=migrator t=2026-06-19T12:47:14.989614912Z level=info msg="Migration successfully executed" id="add index builtin_role.role_id" duration=866.253µs
2026-06-19T12:47:15.000422895Z logger=migrator t=2026-06-19T12:47:15.000242036Z level=info msg="Executing migration" id="add index builtin_role.name"
2026-06-19T12:47:15.001188542Z logger=migrator t=2026-06-19T12:47:15.001068311Z level=info msg="Migration successfully executed" id="add index builtin_role.name" duration=827.161µs
2026-06-19T12:47:15.011316784Z logger=migrator t=2026-06-19T12:47:15.011151244Z level=info msg="Executing migration" id="Add column org_id to builtin_role table"
2026-06-19T12:47:15.014026414Z logger=migrator t=2026-06-19T12:47:15.013860628Z level=info msg="Migration successfully executed" id="Add column org_id to builtin_role table" duration=2.708174ms
2026-06-19T12:47:15.023689136Z logger=migrator t=2026-06-19T12:47:15.023528969Z level=info msg="Executing migration" id="add index builtin_role.org_id"
2026-06-19T12:47:15.024480402Z logger=migrator t=2026-06-19T12:47:15.024355052Z level=info msg="Migration successfully executed" id="add index builtin_role.org_id" duration=827.118µs
2026-06-19T12:47:15.034283596Z logger=migrator t=2026-06-19T12:47:15.034105301Z level=info msg="Executing migration" id="add unique index builtin_role_org_id_role_id_role"
2026-06-19T12:47:15.035040984Z logger=migrator t=2026-06-19T12:47:15.034927573Z level=info msg="Migration successfully executed" id="add unique index builtin_role_org_id_role_id_role" duration=831.311µs
2026-06-19T12:47:15.044921194Z logger=migrator t=2026-06-19T12:47:15.044753435Z level=info msg="Executing migration" id="Remove unique index role_org_id_uid"
2026-06-19T12:47:15.045646813Z logger=migrator t=2026-06-19T12:47:15.04553998Z level=info msg="Migration successfully executed" id="Remove unique index role_org_id_uid" duration=788.156µs
2026-06-19T12:47:15.055096699Z logger=migrator t=2026-06-19T12:47:15.054942697Z level=info msg="Executing migration" id="add unique index role.uid"
2026-06-19T12:47:15.055904300Z logger=migrator t=2026-06-19T12:47:15.055774755Z level=info msg="Migration successfully executed" id="add unique index role.uid" duration=833.138µs
2026-06-19T12:47:15.065514353Z logger=migrator t=2026-06-19T12:47:15.065292701Z level=info msg="Executing migration" id="create seed assignment table"
2026-06-19T12:47:15.066060813Z logger=migrator t=2026-06-19T12:47:15.06594927Z level=info msg="Migration successfully executed" id="create seed assignment table" duration=656.816µs
2026-06-19T12:47:15.075624599Z logger=migrator t=2026-06-19T12:47:15.075421877Z level=info msg="Executing migration" id="add unique index builtin_role_role_name"
2026-06-19T12:47:15.076357422Z logger=migrator t=2026-06-19T12:47:15.076241942Z level=info msg="Migration successfully executed" id="add unique index builtin_role_role_name" duration=821.436µs
2026-06-19T12:47:15.085952751Z logger=migrator t=2026-06-19T12:47:15.085783182Z level=info msg="Executing migration" id="add column hidden to role table"
2026-06-19T12:47:15.089020550Z logger=migrator t=2026-06-19T12:47:15.088858115Z level=info msg="Migration successfully executed" id="add column hidden to role table" duration=3.060367ms
2026-06-19T12:47:15.098388395Z logger=migrator t=2026-06-19T12:47:15.098228529Z level=info msg="Executing migration" id="permission kind migration"
2026-06-19T12:47:15.101293095Z logger=migrator t=2026-06-19T12:47:15.101137951Z level=info msg="Migration successfully executed" id="permission kind migration" duration=2.909288ms
2026-06-19T12:47:15.110805974Z logger=migrator t=2026-06-19T12:47:15.110642663Z level=info msg="Executing migration" id="permission attribute migration"
2026-06-19T12:47:15.113664336Z logger=migrator t=2026-06-19T12:47:15.113536192Z level=info msg="Migration successfully executed" id="permission attribute migration" duration=2.893196ms
2026-06-19T12:47:15.123271526Z logger=migrator t=2026-06-19T12:47:15.123110261Z level=info msg="Executing migration" id="permission identifier migration"
2026-06-19T12:47:15.126462249Z logger=migrator t=2026-06-19T12:47:15.126157335Z level=info msg="Migration successfully executed" id="permission identifier migration" duration=3.04693ms
2026-06-19T12:47:15.135879885Z logger=migrator t=2026-06-19T12:47:15.13571057Z level=info msg="Executing migration" id="add permission identifier index"
2026-06-19T12:47:15.136748136Z logger=migrator t=2026-06-19T12:47:15.136635745Z level=info msg="Migration successfully executed" id="add permission identifier index" duration=917.066µs
2026-06-19T12:47:15.146142988Z logger=migrator t=2026-06-19T12:47:15.146013334Z level=info msg="Executing migration" id="add permission action scope role_id index"
2026-06-19T12:47:15.147005863Z logger=migrator t=2026-06-19T12:47:15.146882913Z level=info msg="Migration successfully executed" id="add permission action scope role_id index" duration=869.426µs
2026-06-19T12:47:15.156767630Z logger=migrator t=2026-06-19T12:47:15.156613734Z level=info msg="Executing migration" id="remove permission role_id action scope index"
2026-06-19T12:47:15.157590661Z logger=migrator t=2026-06-19T12:47:15.157475988Z level=info msg="Migration successfully executed" id="remove permission role_id action scope index" duration=864.115µs
2026-06-19T12:47:15.167380278Z logger=migrator t=2026-06-19T12:47:15.16718265Z level=info msg="Executing migration" id="add group mapping UID column to user_role table"
2026-06-19T12:47:15.170259829Z logger=migrator t=2026-06-19T12:47:15.170132625Z level=info msg="Migration successfully executed" id="add group mapping UID column to user_role table" duration=2.950254ms
2026-06-19T12:47:15.179470570Z logger=migrator t=2026-06-19T12:47:15.179336536Z level=info msg="Executing migration" id="add user_role org ID, user ID, role ID, group mapping UID index"
2026-06-19T12:47:15.180244622Z logger=migrator t=2026-06-19T12:47:15.180140844Z level=info msg="Migration successfully executed" id="add user_role org ID, user ID, role ID, group mapping UID index" duration=805.865µs
2026-06-19T12:47:15.189470890Z logger=migrator t=2026-06-19T12:47:15.189338507Z level=info msg="Executing migration" id="remove user_role org ID, user ID, role ID index"
2026-06-19T12:47:15.190158951Z logger=migrator t=2026-06-19T12:47:15.190055937Z level=info msg="Migration successfully executed" id="remove user_role org ID, user ID, role ID index" duration=718.318µs
2026-06-19T12:47:15.199632804Z logger=migrator t=2026-06-19T12:47:15.199478797Z level=info msg="Executing migration" id="add permission role_id action index"
2026-06-19T12:47:15.200357053Z logger=migrator t=2026-06-19T12:47:15.200249174Z level=info msg="Migration successfully executed" id="add permission role_id action index" duration=760.684µs
2026-06-19T12:47:15.210048187Z logger=migrator t=2026-06-19T12:47:15.209901889Z level=info msg="Executing migration" id="Remove permission role_id index"
2026-06-19T12:47:15.210785353Z logger=migrator t=2026-06-19T12:47:15.210679692Z level=info msg="Migration successfully executed" id="Remove permission role_id index" duration=768.728µs
2026-06-19T12:47:15.220303522Z logger=migrator t=2026-06-19T12:47:15.220166774Z level=info msg="Executing migration" id="add permission role_id scope index"
2026-06-19T12:47:15.221075517Z logger=migrator t=2026-06-19T12:47:15.220965445Z level=info msg="Migration successfully executed" id="add permission role_id scope index" duration=799.139µs
2026-06-19T12:47:15.230474553Z logger=migrator t=2026-06-19T12:47:15.23028473Z level=info msg="Executing migration" id="alter permission.kind to length 80"
2026-06-19T12:47:15.230546545Z logger=migrator t=2026-06-19T12:47:15.230416473Z level=info msg="Migration successfully executed" id="alter permission.kind to length 80" duration=134.361µs
2026-06-19T12:47:15.240117762Z logger=migrator t=2026-06-19T12:47:15.239948755Z level=info msg="Executing migration" id="add datasource_type column to permission table"
2026-06-19T12:47:15.243098921Z logger=migrator t=2026-06-19T12:47:15.242936467Z level=info msg="Migration successfully executed" id="add datasource_type column to permission table" duration=2.988328ms
2026-06-19T12:47:15.252967589Z logger=migrator t=2026-06-19T12:47:15.252798317Z level=info msg="Executing migration" id="populate datasource_type in permission table for uid-scoped datasource permissions"
2026-06-19T12:47:15.253774429Z logger=migrator t=2026-06-19T12:47:15.253343258Z level=info msg="Migration successfully executed" id="populate datasource_type in permission table for uid-scoped datasource permissions" duration=554.964µs
2026-06-19T12:47:15.262770165Z logger=migrator t=2026-06-19T12:47:15.262608121Z level=info msg="Executing migration" id="create query_history table v1"
2026-06-19T12:47:15.263620117Z logger=migrator t=2026-06-19T12:47:15.263507247Z level=info msg="Migration successfully executed" id="create query_history table v1" duration=899.888µs
2026-06-19T12:47:15.273319928Z logger=migrator t=2026-06-19T12:47:15.273153905Z level=info msg="Executing migration" id="add index query_history.org_id-created_by-datasource_uid"
2026-06-19T12:47:15.274218074Z logger=migrator t=2026-06-19T12:47:15.274101067Z level=info msg="Migration successfully executed" id="add index query_history.org_id-created_by-datasource_uid" duration=948.461µs
2026-06-19T12:47:15.283814387Z logger=migrator t=2026-06-19T12:47:15.283633678Z level=info msg="Executing migration" id="alter table query_history alter column created_by type to bigint"
2026-06-19T12:47:15.283983243Z logger=migrator t=2026-06-19T12:47:15.283896512Z level=info msg="Migration successfully executed" id="alter table query_history alter column created_by type to bigint" duration=266.067µs
2026-06-19T12:47:15.293473347Z logger=migrator t=2026-06-19T12:47:15.293315083Z level=info msg="Executing migration" id="create query_history_details table v1"
2026-06-19T12:47:15.294155131Z logger=migrator t=2026-06-19T12:47:15.294044844Z level=info msg="Migration successfully executed" id="create query_history_details table v1" duration=731.373µs
2026-06-19T12:47:15.305789756Z logger=migrator t=2026-06-19T12:47:15.305617769Z level=info msg="Executing migration" id="rbac disabled migrator"
2026-06-19T12:47:15.306007171Z logger=migrator t=2026-06-19T12:47:15.305927698Z level=info msg="Migration successfully executed" id="rbac disabled migrator" duration=312.419µs
2026-06-19T12:47:15.315785805Z logger=migrator t=2026-06-19T12:47:15.31561398Z level=info msg="Executing migration" id="teams permissions migration"
2026-06-19T12:47:15.316434805Z logger=migrator t=2026-06-19T12:47:15.316310633Z level=info msg="Migration successfully executed" id="teams permissions migration" duration=698.55µs
2026-06-19T12:47:15.326134864Z logger=migrator t=2026-06-19T12:47:15.325961354Z level=info msg="Executing migration" id="dashboard permissions"
2026-06-19T12:47:15.326957818Z logger=migrator t=2026-06-19T12:47:15.326832083Z level=info msg="Migration successfully executed" id="dashboard permissions" duration=873.406µs
2026-06-19T12:47:15.337809451Z logger=migrator t=2026-06-19T12:47:15.337636003Z level=info msg="Executing migration" id="dashboard permissions uid scopes"
2026-06-19T12:47:15.338441344Z logger=migrator t=2026-06-19T12:47:15.338319078Z level=info msg="Migration successfully executed" id="dashboard permissions uid scopes" duration=684.756µs
2026-06-19T12:47:15.348868650Z logger=migrator t=2026-06-19T12:47:15.348695654Z level=info msg="Executing migration" id="drop managed folder create actions"
2026-06-19T12:47:15.349237228Z logger=migrator t=2026-06-19T12:47:15.349137977Z level=info msg="Migration successfully executed" id="drop managed folder create actions" duration=443.776µs
2026-06-19T12:47:15.359811320Z logger=migrator t=2026-06-19T12:47:15.35964563Z level=info msg="Executing migration" id="alerting notification permissions"
2026-06-19T12:47:15.360517751Z logger=migrator t=2026-06-19T12:47:15.360366438Z level=info msg="Migration successfully executed" id="alerting notification permissions" duration=723.496µs
2026-06-19T12:47:15.370421365Z logger=migrator t=2026-06-19T12:47:15.370261851Z level=info msg="Executing migration" id="create query_history_star table v1"
2026-06-19T12:47:15.371175888Z logger=migrator t=2026-06-19T12:47:15.371055171Z level=info msg="Migration successfully executed" id="create query_history_star table v1" duration=794.969µs
2026-06-19T12:47:15.381828365Z logger=migrator t=2026-06-19T12:47:15.381665119Z level=info msg="Executing migration" id="add index query_history.user_id-query_uid"
2026-06-19T12:47:15.382782747Z logger=migrator t=2026-06-19T12:47:15.382653416Z level=info msg="Migration successfully executed" id="add index query_history.user_id-query_uid" duration=989.882µs
2026-06-19T12:47:15.393764387Z logger=migrator t=2026-06-19T12:47:15.39361461Z level=info msg="Executing migration" id="add column org_id in query_history_star"
2026-06-19T12:47:15.396379952Z logger=migrator t=2026-06-19T12:47:15.396237566Z level=info msg="Migration successfully executed" id="add column org_id in query_history_star" duration=2.623617ms
2026-06-19T12:47:15.406829783Z logger=migrator t=2026-06-19T12:47:15.40666375Z level=info msg="Executing migration" id="alter table query_history_star_mig column user_id type to bigint"
2026-06-19T12:47:15.407006616Z logger=migrator t=2026-06-19T12:47:15.406922255Z level=info msg="Migration successfully executed" id="alter table query_history_star_mig column user_id type to bigint" duration=261.231µs
2026-06-19T12:47:15.416456480Z logger=migrator t=2026-06-19T12:47:15.416302974Z level=info msg="Executing migration" id="create correlation table v1"
2026-06-19T12:47:15.417343196Z logger=migrator t=2026-06-19T12:47:15.417227204Z level=info msg="Migration successfully executed" id="create correlation table v1" duration=924.576µs
2026-06-19T12:47:15.427686791Z logger=migrator t=2026-06-19T12:47:15.42752267Z level=info msg="Executing migration" id="add index correlations.uid"
2026-06-19T12:47:15.428648166Z logger=migrator t=2026-06-19T12:47:15.428532244Z level=info msg="Migration successfully executed" id="add index correlations.uid" duration=1.01845ms
2026-06-19T12:47:15.438905603Z logger=migrator t=2026-06-19T12:47:15.438756796Z level=info msg="Executing migration" id="add index correlations.source_uid"
2026-06-19T12:47:15.439771361Z logger=migrator t=2026-06-19T12:47:15.439660966Z level=info msg="Migration successfully executed" id="add index correlations.source_uid" duration=905.583µs
2026-06-19T12:47:15.449751696Z logger=migrator t=2026-06-19T12:47:15.449598899Z level=info msg="Executing migration" id="add correlation config column"
2026-06-19T12:47:15.452797443Z logger=migrator t=2026-06-19T12:47:15.452648641Z level=info msg="Migration successfully executed" id="add correlation config column" duration=3.049862ms
2026-06-19T12:47:15.462745087Z logger=migrator t=2026-06-19T12:47:15.462575225Z level=info msg="Executing migration" id="drop index IDX_correlation_uid - v1"
2026-06-19T12:47:15.463642422Z logger=migrator t=2026-06-19T12:47:15.463509692Z level=info msg="Migration successfully executed" id="drop index IDX_correlation_uid - v1" duration=935.536µs
2026-06-19T12:47:15.473678037Z logger=migrator t=2026-06-19T12:47:15.473468095Z level=info msg="Executing migration" id="drop index IDX_correlation_source_uid - v1"
2026-06-19T12:47:15.474607746Z logger=migrator t=2026-06-19T12:47:15.47447535Z level=info msg="Migration successfully executed" id="drop index IDX_correlation_source_uid - v1" duration=1.008334ms
2026-06-19T12:47:15.484896854Z logger=migrator t=2026-06-19T12:47:15.484743708Z level=info msg="Executing migration" id="Rename table correlation to correlation_tmp_qwerty - v1"
2026-06-19T12:47:15.492178555Z logger=migrator t=2026-06-19T12:47:15.492016541Z level=info msg="Migration successfully executed" id="Rename table correlation to correlation_tmp_qwerty - v1" duration=7.270751ms
2026-06-19T12:47:15.501984853Z logger=migrator t=2026-06-19T12:47:15.501815915Z level=info msg="Executing migration" id="create correlation v2"
2026-06-19T12:47:15.502779454Z logger=migrator t=2026-06-19T12:47:15.502656116Z level=info msg="Migration successfully executed" id="create correlation v2" duration=841.197µs
2026-06-19T12:47:15.512728832Z logger=migrator t=2026-06-19T12:47:15.512550106Z level=info msg="Executing migration" id="create index IDX_correlation_uid - v2"
2026-06-19T12:47:15.513562379Z logger=migrator t=2026-06-19T12:47:15.513432515Z level=info msg="Migration successfully executed" id="create index IDX_correlation_uid - v2" duration=884.141µs
2026-06-19T12:47:15.523833829Z logger=migrator t=2026-06-19T12:47:15.523664089Z level=info msg="Executing migration" id="create index IDX_correlation_source_uid - v2"
2026-06-19T12:47:15.524809267Z logger=migrator t=2026-06-19T12:47:15.524684315Z level=info msg="Migration successfully executed" id="create index IDX_correlation_source_uid - v2" duration=1.021189ms
2026-06-19T12:47:15.534189120Z logger=migrator t=2026-06-19T12:47:15.534031423Z level=info msg="Executing migration" id="create index IDX_correlation_org_id - v2"
2026-06-19T12:47:15.535106509Z logger=migrator t=2026-06-19T12:47:15.534992346Z level=info msg="Migration successfully executed" id="create index IDX_correlation_org_id - v2" duration=961.786µs
2026-06-19T12:47:15.544695733Z logger=migrator t=2026-06-19T12:47:15.544533283Z level=info msg="Executing migration" id="copy correlation v1 to v2"
2026-06-19T12:47:15.545089878Z logger=migrator t=2026-06-19T12:47:15.54498719Z level=info msg="Migration successfully executed" id="copy correlation v1 to v2" duration=456.333µs
2026-06-19T12:47:15.554755663Z logger=migrator t=2026-06-19T12:47:15.554590381Z level=info msg="Executing migration" id="drop correlation_tmp_qwerty"
2026-06-19T12:47:15.555424626Z logger=migrator t=2026-06-19T12:47:15.555306191Z level=info msg="Migration successfully executed" id="drop correlation_tmp_qwerty" duration=716.678µs
2026-06-19T12:47:15.565031734Z logger=migrator t=2026-06-19T12:47:15.564873238Z level=info msg="Executing migration" id="add provisioning column"
2026-06-19T12:47:15.568061217Z logger=migrator t=2026-06-19T12:47:15.567896135Z level=info msg="Migration successfully executed" id="add provisioning column" duration=3.024428ms
2026-06-19T12:47:15.577594463Z logger=migrator t=2026-06-19T12:47:15.57739326Z level=info msg="Executing migration" id="add type column"
2026-06-19T12:47:15.580454503Z logger=migrator t=2026-06-19T12:47:15.580321125Z level=info msg="Migration successfully executed" id="add type column" duration=2.927921ms
2026-06-19T12:47:15.589912849Z logger=migrator t=2026-06-19T12:47:15.589754132Z level=info msg="Executing migration" id="create entity_events table"
2026-06-19T12:47:15.590625165Z logger=migrator t=2026-06-19T12:47:15.590512258Z level=info msg="Migration successfully executed" id="create entity_events table" duration=758.355µs
2026-06-19T12:47:15.600471568Z logger=migrator t=2026-06-19T12:47:15.600316213Z level=info msg="Executing migration" id="create dashboard public config v1"
2026-06-19T12:47:15.601200261Z logger=migrator t=2026-06-19T12:47:15.601089075Z level=info msg="Migration successfully executed" id="create dashboard public config v1" duration=773.638µs
2026-06-19T12:47:15.610869316Z logger=migrator t=2026-06-19T12:47:15.610715561Z level=info msg="Executing migration" id="drop index UQE_dashboard_public_config_uid - v1"
2026-06-19T12:47:15.611316799Z logger=migrator t=2026-06-19T12:47:15.611215822Z level=warn msg="Skipping migration: Already executed, but not recorded in migration log" id="drop index UQE_dashboard_public_config_uid - v1"
2026-06-19T12:47:15.620718104Z logger=migrator t=2026-06-19T12:47:15.620561789Z level=info msg="Executing migration" id="drop index IDX_dashboard_public_config_org_id_dashboard_uid - v1"
2026-06-19T12:47:15.621171270Z logger=migrator t=2026-06-19T12:47:15.6210756Z level=warn msg="Skipping migration: Already executed, but not recorded in migration log" id="drop index IDX_dashboard_public_config_org_id_dashboard_uid - v1"
2026-06-19T12:47:15.630657671Z logger=migrator t=2026-06-19T12:47:15.630475289Z level=info msg="Executing migration" id="Drop old dashboard public config table"
2026-06-19T12:47:15.631323320Z logger=migrator t=2026-06-19T12:47:15.631212441Z level=info msg="Migration successfully executed" id="Drop old dashboard public config table" duration=737.654µs
2026-06-19T12:47:15.640927053Z logger=migrator t=2026-06-19T12:47:15.640782334Z level=info msg="Executing migration" id="recreate dashboard public config v1"
2026-06-19T12:47:15.641668134Z logger=migrator t=2026-06-19T12:47:15.641555068Z level=info msg="Migration successfully executed" id="recreate dashboard public config v1" duration=773.861µs
2026-06-19T12:47:15.651631515Z logger=migrator t=2026-06-19T12:47:15.651465084Z level=info msg="Executing migration" id="create index UQE_dashboard_public_config_uid - v1"
2026-06-19T12:47:15.652463717Z logger=migrator t=2026-06-19T12:47:15.652359027Z level=info msg="Migration successfully executed" id="create index UQE_dashboard_public_config_uid - v1" duration=895.871µs
2026-06-19T12:47:15.662297916Z logger=migrator t=2026-06-19T12:47:15.662133124Z level=info msg="Executing migration" id="create index IDX_dashboard_public_config_org_id_dashboard_uid - v1"
2026-06-19T12:47:15.663230286Z logger=migrator t=2026-06-19T12:47:15.663105175Z level=info msg="Migration successfully executed" id="create index IDX_dashboard_public_config_org_id_dashboard_uid - v1" duration=972.903µs
2026-06-19T12:47:15.672764895Z logger=migrator t=2026-06-19T12:47:15.672595878Z level=info msg="Executing migration" id="drop index UQE_dashboard_public_config_uid - v2"
2026-06-19T12:47:15.673627343Z logger=migrator t=2026-06-19T12:47:15.673518359Z level=info msg="Migration successfully executed" id="drop index UQE_dashboard_public_config_uid - v2" duration=924.452µs
2026-06-19T12:47:15.683438294Z logger=migrator t=2026-06-19T12:47:15.683328631Z level=info msg="Executing migration" id="drop index IDX_dashboard_public_config_org_id_dashboard_uid - v2"
2026-06-19T12:47:15.684303681Z logger=migrator t=2026-06-19T12:47:15.684197816Z level=info msg="Migration successfully executed" id="drop index IDX_dashboard_public_config_org_id_dashboard_uid - v2" duration=870.287µs
2026-06-19T12:47:15.694556411Z logger=migrator t=2026-06-19T12:47:15.694379545Z level=info msg="Executing migration" id="Drop public config table"
2026-06-19T12:47:15.695273327Z logger=migrator t=2026-06-19T12:47:15.695158557Z level=info msg="Migration successfully executed" id="Drop public config table" duration=779.572µs
2026-06-19T12:47:15.704874174Z logger=migrator t=2026-06-19T12:47:15.7047156Z level=info msg="Executing migration" id="Recreate dashboard public config v2"
2026-06-19T12:47:15.705652033Z logger=migrator t=2026-06-19T12:47:15.705535352Z level=info msg="Migration successfully executed" id="Recreate dashboard public config v2" duration=820.988µs
2026-06-19T12:47:15.715167958Z logger=migrator t=2026-06-19T12:47:15.715017012Z level=info msg="Executing migration" id="create index UQE_dashboard_public_config_uid - v2"
2026-06-19T12:47:15.716075700Z logger=migrator t=2026-06-19T12:47:15.715965955Z level=info msg="Migration successfully executed" id="create index UQE_dashboard_public_config_uid - v2" duration=950.694µs
2026-06-19T12:47:15.726751140Z logger=migrator t=2026-06-19T12:47:15.726588151Z level=info msg="Executing migration" id="create index IDX_dashboard_public_config_org_id_dashboard_uid - v2"
2026-06-19T12:47:15.727638845Z logger=migrator t=2026-06-19T12:47:15.727481237Z level=info msg="Migration successfully executed" id="create index IDX_dashboard_public_config_org_id_dashboard_uid - v2" duration=894.354µs
2026-06-19T12:47:15.737171877Z logger=migrator t=2026-06-19T12:47:15.737009808Z level=info msg="Executing migration" id="create index UQE_dashboard_public_config_access_token - v2"
2026-06-19T12:47:15.738063332Z logger=migrator t=2026-06-19T12:47:15.73794689Z level=info msg="Migration successfully executed" id="create index UQE_dashboard_public_config_access_token - v2" duration=938.79µs
2026-06-19T12:47:15.747808717Z logger=migrator t=2026-06-19T12:47:15.74765865Z level=info msg="Executing migration" id="Rename table dashboard_public_config to dashboard_public - v2"
2026-06-19T12:47:15.756110587Z logger=migrator t=2026-06-19T12:47:15.755948737Z level=info msg="Migration successfully executed" id="Rename table dashboard_public_config to dashboard_public - v2" duration=8.28815ms
2026-06-19T12:47:15.765907264Z logger=migrator t=2026-06-19T12:47:15.765743613Z level=info msg="Executing migration" id="add annotations_enabled column"
2026-06-19T12:47:15.769098411Z logger=migrator t=2026-06-19T12:47:15.768958216Z level=info msg="Migration successfully executed" id="add annotations_enabled column" duration=3.214444ms
2026-06-19T12:47:15.778747641Z logger=migrator t=2026-06-19T12:47:15.778575923Z level=info msg="Executing migration" id="add time_selection_enabled column"
2026-06-19T12:47:15.781880125Z logger=migrator t=2026-06-19T12:47:15.781732155Z level=info msg="Migration successfully executed" id="add time_selection_enabled column" duration=3.15555ms
2026-06-19T12:47:15.791395970Z logger=migrator t=2026-06-19T12:47:15.791242229Z level=info msg="Executing migration" id="delete orphaned public dashboards"
2026-06-19T12:47:15.791799400Z logger=migrator t=2026-06-19T12:47:15.791686463Z level=info msg="Migration successfully executed" id="delete orphaned public dashboards" duration=445.889µs
2026-06-19T12:47:15.801254508Z logger=migrator t=2026-06-19T12:47:15.801101443Z level=info msg="Executing migration" id="add share column"
2026-06-19T12:47:15.804363616Z logger=migrator t=2026-06-19T12:47:15.804217491Z level=info msg="Migration successfully executed" id="add share column" duration=3.10378ms
2026-06-19T12:47:15.813888196Z logger=migrator t=2026-06-19T12:47:15.813735082Z level=info msg="Executing migration" id="backfill empty share column fields with default of public"
2026-06-19T12:47:15.814242666Z logger=migrator t=2026-06-19T12:47:15.814146768Z level=info msg="Migration successfully executed" id="backfill empty share column fields with default of public" duration=413.712µs
2026-06-19T12:47:15.824264437Z logger=migrator t=2026-06-19T12:47:15.824120473Z level=info msg="Executing migration" id="create file table"
2026-06-19T12:47:15.825015966Z logger=migrator t=2026-06-19T12:47:15.824927855Z level=info msg="Migration successfully executed" id="create file table" duration=807.302µs
2026-06-19T12:47:15.834612382Z logger=migrator t=2026-06-19T12:47:15.834446585Z level=info msg="Executing migration" id="file table idx: path natural pk"
2026-06-19T12:47:15.835513101Z logger=migrator t=2026-06-19T12:47:15.835374651Z level=info msg="Migration successfully executed" id="file table idx: path natural pk" duration=928.923µs
2026-06-19T12:47:15.845258738Z logger=migrator t=2026-06-19T12:47:15.845098838Z level=info msg="Executing migration" id="file table idx: parent_folder_path_hash fast folder retrieval"
2026-06-19T12:47:15.846101281Z logger=migrator t=2026-06-19T12:47:15.84598447Z level=info msg="Migration successfully executed" id="file table idx: parent_folder_path_hash fast folder retrieval" duration=887.64µs
2026-06-19T12:47:15.855888141Z logger=migrator t=2026-06-19T12:47:15.855737551Z level=info msg="Executing migration" id="create file_meta table"
2026-06-19T12:47:15.856582239Z logger=migrator t=2026-06-19T12:47:15.856440827Z level=info msg="Migration successfully executed" id="create file_meta table" duration=704.14µs
2026-06-19T12:47:15.866342982Z logger=migrator t=2026-06-19T12:47:15.866175904Z level=info msg="Executing migration" id="file table idx: path key"
2026-06-19T12:47:15.867217596Z logger=migrator t=2026-06-19T12:47:15.867091608Z level=info msg="Migration successfully executed" id="file table idx: path key" duration=916.63µs
2026-06-19T12:47:15.876793936Z logger=migrator t=2026-06-19T12:47:15.876631911Z level=info msg="Executing migration" id="set path collation in file table"
2026-06-19T12:47:15.876998960Z logger=migrator t=2026-06-19T12:47:15.876933585Z level=info msg="Migration successfully executed" id="set path collation in file table" duration=304.344µs
2026-06-19T12:47:15.888454570Z logger=migrator t=2026-06-19T12:47:15.888292029Z level=info msg="Executing migration" id="migrate contents column to mediumblob for MySQL"
2026-06-19T12:47:15.888644711Z logger=migrator t=2026-06-19T12:47:15.888566717Z level=info msg="Migration successfully executed" id="migrate contents column to mediumblob for MySQL" duration=276.938µs
2026-06-19T12:47:15.898012500Z logger=migrator t=2026-06-19T12:47:15.897841137Z level=info msg="Executing migration" id="drop my_row_id and add primary key to file table if my_row_id exists (auto-generated mysql column)"
2026-06-19T12:47:15.898418150Z logger=migrator t=2026-06-19T12:47:15.898333483Z level=warn msg="Skipping migration: Already executed, but not recorded in migration log" id="drop my_row_id and add primary key to file table if my_row_id exists (auto-generated mysql column)"
2026-06-19T12:47:15.907881126Z logger=migrator t=2026-06-19T12:47:15.907725209Z level=info msg="Executing migration" id="drop file_path unique index from file table if it exists (mysql)"
2026-06-19T12:47:15.908395295Z logger=migrator t=2026-06-19T12:47:15.908272838Z level=info msg="Migration successfully executed" id="drop file_path unique index from file table if it exists (mysql)" duration=550.715µs
2026-06-19T12:47:15.917977926Z logger=migrator t=2026-06-19T12:47:15.91781759Z level=info msg="Executing migration" id="add primary key to file table if it doesn't exist (mysql)"
2026-06-19T12:47:15.918186266Z logger=migrator t=2026-06-19T12:47:15.918073072Z level=info msg="Migration successfully executed" id="add primary key to file table if it doesn't exist (mysql)" duration=257.946µs
2026-06-19T12:47:15.927748474Z logger=migrator t=2026-06-19T12:47:15.927582153Z level=info msg="Executing migration" id="add primary key to file table (postgres and sqlite)"
2026-06-19T12:47:15.936208057Z logger=migrator t=2026-06-19T12:47:15.936056276Z level=info msg="Migration successfully executed" id="add primary key to file table (postgres and sqlite)" duration=8.471574ms
2026-06-19T12:47:15.949988144Z logger=migrator t=2026-06-19T12:47:15.94980694Z level=info msg="Executing migration" id="drop my_row_id and add primary key to file_meta table if my_row_id exists (auto-generated mysql column)"
2026-06-19T12:47:15.950358901Z logger=migrator t=2026-06-19T12:47:15.950256828Z level=warn msg="Skipping migration: Already executed, but not recorded in migration log" id="drop my_row_id and add primary key to file_meta table if my_row_id exists (auto-generated mysql column)"
2026-06-19T12:47:15.961701718Z logger=migrator t=2026-06-19T12:47:15.961561872Z level=info msg="Executing migration" id="drop file_path unique index from file_meta table if it exists (mysql)"
2026-06-19T12:47:15.962185085Z logger=migrator t=2026-06-19T12:47:15.962087306Z level=info msg="Migration successfully executed" id="drop file_path unique index from file_meta table if it exists (mysql)" duration=528.86µs
2026-06-19T12:47:15.971771386Z logger=migrator t=2026-06-19T12:47:15.971605777Z level=info msg="Executing migration" id="add primary key to file_meta table if it doesn't exist (mysql)"
2026-06-19T12:47:15.971964399Z logger=migrator t=2026-06-19T12:47:15.97186332Z level=info msg="Migration successfully executed" id="add primary key to file_meta table if it doesn't exist (mysql)" duration=259.523µs
2026-06-19T12:47:15.981385506Z logger=migrator t=2026-06-19T12:47:15.981203251Z level=info msg="Executing migration" id="add primary key to file_meta table (postgres and sqlite)"
2026-06-19T12:47:15.989415083Z logger=migrator t=2026-06-19T12:47:15.989249421Z level=info msg="Migration successfully executed" id="add primary key to file_meta table (postgres and sqlite)" duration=8.045112ms
2026-06-19T12:47:15.999348138Z logger=migrator t=2026-06-19T12:47:15.99918593Z level=info msg="Executing migration" id="managed permissions migration"
2026-06-19T12:47:15.999927075Z logger=migrator t=2026-06-19T12:47:15.999809375Z level=info msg="Migration successfully executed" id="managed permissions migration" duration=624.449µs
2026-06-19T12:47:16.009641350Z logger=migrator t=2026-06-19T12:47:16.009462568Z level=info msg="Executing migration" id="managed folder permissions alert actions migration"
2026-06-19T12:47:16.010025448Z logger=migrator t=2026-06-19T12:47:16.009931351Z level=info msg="Migration successfully executed" id="managed folder permissions alert actions migration" duration=471.406µs
2026-06-19T12:47:16.019648636Z logger=migrator t=2026-06-19T12:47:16.019468751Z level=info msg="Executing migration" id="RBAC action name migrator"
2026-06-19T12:47:16.020711875Z logger=migrator t=2026-06-19T12:47:16.020590324Z level=info msg="Migration successfully executed" id="RBAC action name migrator" duration=1.122304ms
2026-06-19T12:47:16.030233891Z logger=migrator t=2026-06-19T12:47:16.030070918Z level=info msg="Executing migration" id="update group index for alert rules"
2026-06-19T12:47:16.030885776Z logger=migrator t=2026-06-19T12:47:16.030754425Z level=info msg="Migration successfully executed" id="update group index for alert rules" duration=686.3µs
2026-06-19T12:47:16.040017689Z logger=migrator t=2026-06-19T12:47:16.03986557Z level=info msg="Executing migration" id="managed folder permissions alert actions repeated migration"
2026-06-19T12:47:16.040398064Z logger=migrator t=2026-06-19T12:47:16.040318713Z level=info msg="Migration successfully executed" id="managed folder permissions alert actions repeated migration" duration=454.32µs
2026-06-19T12:47:16.049828682Z logger=migrator t=2026-06-19T12:47:16.049662768Z level=info msg="Executing migration" id="admin only folder/dashboard permission"
2026-06-19T12:47:16.050375764Z logger=migrator t=2026-06-19T12:47:16.050263136Z level=info msg="Migration successfully executed" id="admin only folder/dashboard permission" duration=601.965µs
2026-06-19T12:47:16.060921204Z logger=migrator t=2026-06-19T12:47:16.060765527Z level=info msg="Executing migration" id="add action column to seed_assignment"
2026-06-19T12:47:16.063816945Z logger=migrator t=2026-06-19T12:47:16.063654976Z level=info msg="Migration successfully executed" id="add action column to seed_assignment" duration=2.889307ms
2026-06-19T12:47:16.075118848Z logger=migrator t=2026-06-19T12:47:16.074948094Z level=info msg="Executing migration" id="add scope column to seed_assignment"
2026-06-19T12:47:16.078307424Z logger=migrator t=2026-06-19T12:47:16.078129677Z level=info msg="Migration successfully executed" id="add scope column to seed_assignment" duration=3.181889ms
2026-06-19T12:47:16.087458900Z logger=migrator t=2026-06-19T12:47:16.087298466Z level=info msg="Executing migration" id="remove unique index builtin_role_role_name before nullable update"
2026-06-19T12:47:16.088327299Z logger=migrator t=2026-06-19T12:47:16.088216803Z level=info msg="Migration successfully executed" id="remove unique index builtin_role_role_name before nullable update" duration=919.748µs
2026-06-19T12:47:16.097875385Z logger=migrator t=2026-06-19T12:47:16.097703734Z level=info msg="Executing migration" id="update seed_assignment role_name column to nullable"
2026-06-19T12:47:16.148971921Z logger=migrator t=2026-06-19T12:47:16.14747403Z level=info msg="Migration successfully executed" id="update seed_assignment role_name column to nullable" duration=49.767791ms
2026-06-19T12:47:16.159767010Z logger=migrator t=2026-06-19T12:47:16.159622219Z level=info msg="Executing migration" id="add unique index builtin_role_name back"
2026-06-19T12:47:16.162622788Z logger=migrator t=2026-06-19T12:47:16.162440457Z level=info msg="Migration successfully executed" id="add unique index builtin_role_name back" duration=2.819537ms
2026-06-19T12:47:16.172883198Z logger=migrator t=2026-06-19T12:47:16.172740944Z level=info msg="Executing migration" id="add unique index builtin_role_action_scope"
2026-06-19T12:47:16.173796842Z logger=migrator t=2026-06-19T12:47:16.173685739Z level=info msg="Migration successfully executed" id="add unique index builtin_role_action_scope" duration=946.308µs
2026-06-19T12:47:16.183553678Z logger=migrator t=2026-06-19T12:47:16.183397403Z level=info msg="Executing migration" id="add primary key to seed_assigment"
2026-06-19T12:47:16.192411575Z logger=migrator t=2026-06-19T12:47:16.192235304Z level=info msg="Migration successfully executed" id="add primary key to seed_assigment" duration=8.834971ms
2026-06-19T12:47:16.203016508Z logger=migrator t=2026-06-19T12:47:16.202829521Z level=info msg="Executing migration" id="add origin column to seed_assignment"
2026-06-19T12:47:16.207220695Z logger=migrator t=2026-06-19T12:47:16.207064826Z level=info msg="Migration successfully executed" id="add origin column to seed_assignment" duration=4.23485ms
2026-06-19T12:47:16.218760077Z logger=migrator t=2026-06-19T12:47:16.218608599Z level=info msg="Executing migration" id="add origin to plugin seed_assignment"
2026-06-19T12:47:16.219127470Z logger=migrator t=2026-06-19T12:47:16.21904343Z level=info msg="Migration successfully executed" id="add origin to plugin seed_assignment" duration=435.804µs
2026-06-19T12:47:16.228707240Z logger=migrator t=2026-06-19T12:47:16.228548434Z level=info msg="Executing migration" id="prevent seeding OnCall access"
2026-06-19T12:47:16.229068412Z logger=migrator t=2026-06-19T12:47:16.228950531Z level=info msg="Migration successfully executed" id="prevent seeding OnCall access" duration=403.433µs
2026-06-19T12:47:16.240835791Z logger=migrator t=2026-06-19T12:47:16.240686344Z level=info msg="Executing migration" id="managed folder permissions alert actions repeated fixed migration"
2026-06-19T12:47:16.241230175Z logger=migrator t=2026-06-19T12:47:16.2411095Z level=info msg="Migration successfully executed" id="managed folder permissions alert actions repeated fixed migration" duration=425.342µs
2026-06-19T12:47:16.251478142Z logger=migrator t=2026-06-19T12:47:16.251346575Z level=info msg="Executing migration" id="managed folder permissions library panel actions migration"
2026-06-19T12:47:16.251848539Z logger=migrator t=2026-06-19T12:47:16.251753314Z level=info msg="Migration successfully executed" id="managed folder permissions library panel actions migration" duration=407.931µs
2026-06-19T12:47:16.262585556Z logger=migrator t=2026-06-19T12:47:16.262414908Z level=info msg="Executing migration" id="migrate external alertmanagers to datsourcse"
2026-06-19T12:47:16.262989784Z logger=migrator t=2026-06-19T12:47:16.262867142Z level=info msg="Migration successfully executed" id="migrate external alertmanagers to datsourcse" duration=454.014µs
2026-06-19T12:47:16.273807522Z logger=migrator t=2026-06-19T12:47:16.273645057Z level=info msg="Executing migration" id="create folder table"
2026-06-19T12:47:16.274542710Z logger=migrator t=2026-06-19T12:47:16.274425986Z level=info msg="Migration successfully executed" id="create folder table" duration=780.636µs
2026-06-19T12:47:16.284077216Z logger=migrator t=2026-06-19T12:47:16.283915239Z level=info msg="Executing migration" id="Add index for parent_uid"
2026-06-19T12:47:16.284989768Z logger=migrator t=2026-06-19T12:47:16.284872416Z level=info msg="Migration successfully executed" id="Add index for parent_uid" duration=957.807µs
2026-06-19T12:47:16.294776827Z logger=migrator t=2026-06-19T12:47:16.294610134Z level=info msg="Executing migration" id="Add unique index for folder.uid and folder.org_id"
2026-06-19T12:47:16.295665305Z logger=migrator t=2026-06-19T12:47:16.295554143Z level=info msg="Migration successfully executed" id="Add unique index for folder.uid and folder.org_id" duration=944.639µs
2026-06-19T12:47:16.305412025Z logger=migrator t=2026-06-19T12:47:16.305266966Z level=info msg="Executing migration" id="Update folder title length"
2026-06-19T12:47:16.306350834Z logger=migrator t=2026-06-19T12:47:16.306233489Z level=info msg="Migration successfully executed" id="Update folder title length" duration=968.56µs
2026-06-19T12:47:16.315812954Z logger=migrator t=2026-06-19T12:47:16.315639922Z level=info msg="Executing migration" id="Add unique index for folder.title and folder.parent_uid"
2026-06-19T12:47:16.316772667Z logger=migrator t=2026-06-19T12:47:16.316650877Z level=info msg="Migration successfully executed" id="Add unique index for folder.title and folder.parent_uid" duration=1.01294ms
2026-06-19T12:47:16.326322938Z logger=migrator t=2026-06-19T12:47:16.326154776Z level=info msg="Executing migration" id="Remove unique index for folder.title and folder.parent_uid"
2026-06-19T12:47:16.327159278Z logger=migrator t=2026-06-19T12:47:16.32704402Z level=info msg="Migration successfully executed" id="Remove unique index for folder.title and folder.parent_uid" duration=891.447µs
2026-06-19T12:47:16.336744074Z logger=migrator t=2026-06-19T12:47:16.336597591Z level=info msg="Executing migration" id="Add unique index for title, parent_uid, and org_id"
2026-06-19T12:47:16.337644312Z logger=migrator t=2026-06-19T12:47:16.337530791Z level=info msg="Migration successfully executed" id="Add unique index for title, parent_uid, and org_id" duration=942.34µs
2026-06-19T12:47:16.347429026Z logger=migrator t=2026-06-19T12:47:16.347252561Z level=info msg="Executing migration" id="Sync dashboard and folder table"
2026-06-19T12:47:16.347955560Z logger=migrator t=2026-06-19T12:47:16.347841451Z level=info msg="Migration successfully executed" id="Sync dashboard and folder table" duration=589.538µs
2026-06-19T12:47:16.358793979Z logger=migrator t=2026-06-19T12:47:16.358623819Z level=info msg="Executing migration" id="Remove ghost folders from the folder table"
2026-06-19T12:47:16.359177983Z logger=migrator t=2026-06-19T12:47:16.359065726Z level=info msg="Migration successfully executed" id="Remove ghost folders from the folder table" duration=443.1µs
2026-06-19T12:47:16.369733278Z logger=migrator t=2026-06-19T12:47:16.369587403Z level=info msg="Executing migration" id="Remove unique index UQE_folder_uid_org_id"
2026-06-19T12:47:16.370544797Z logger=migrator t=2026-06-19T12:47:16.370414769Z level=info msg="Migration successfully executed" id="Remove unique index UQE_folder_uid_org_id" duration=816.95µs
2026-06-19T12:47:16.379972143Z logger=migrator t=2026-06-19T12:47:16.379810116Z level=info msg="Executing migration" id="Add unique index UQE_folder_org_id_uid"
2026-06-19T12:47:16.380875523Z logger=migrator t=2026-06-19T12:47:16.380756579Z level=info msg="Migration successfully executed" id="Add unique index UQE_folder_org_id_uid" duration=947.241µs
2026-06-19T12:47:16.390316879Z logger=migrator t=2026-06-19T12:47:16.390152389Z level=info msg="Executing migration" id="Remove unique index UQE_folder_title_parent_uid_org_id"
2026-06-19T12:47:16.391177497Z logger=migrator t=2026-06-19T12:47:16.391049728Z level=info msg="Migration successfully executed" id="Remove unique index UQE_folder_title_parent_uid_org_id" duration=899.197µs
2026-06-19T12:47:16.400839691Z logger=migrator t=2026-06-19T12:47:16.400690635Z level=info msg="Executing migration" id="Add unique index UQE_folder_org_id_parent_uid_title"
2026-06-19T12:47:16.401772309Z logger=migrator t=2026-06-19T12:47:16.401655874Z level=info msg="Migration successfully executed" id="Add unique index UQE_folder_org_id_parent_uid_title" duration=966.722µs
2026-06-19T12:47:16.411303148Z logger=migrator t=2026-06-19T12:47:16.411140691Z level=info msg="Executing migration" id="Remove index IDX_folder_parent_uid_org_id"
2026-06-19T12:47:16.412171667Z logger=migrator t=2026-06-19T12:47:16.41204474Z level=info msg="Migration successfully executed" id="Remove index IDX_folder_parent_uid_org_id" duration=905.678µs
2026-06-19T12:47:16.421661409Z logger=migrator t=2026-06-19T12:47:16.421480486Z level=info msg="Executing migration" id="Remove unique index UQE_folder_org_id_parent_uid_title"
2026-06-19T12:47:16.422463782Z logger=migrator t=2026-06-19T12:47:16.422345957Z level=info msg="Migration successfully executed" id="Remove unique index UQE_folder_org_id_parent_uid_title" duration=866.804µs
2026-06-19T12:47:16.432291561Z logger=migrator t=2026-06-19T12:47:16.43213386Z level=info msg="Executing migration" id="Add index IDX_folder_org_id_parent_uid"
2026-06-19T12:47:16.433190817Z logger=migrator t=2026-06-19T12:47:16.433068456Z level=info msg="Migration successfully executed" id="Add index IDX_folder_org_id_parent_uid" duration=936.119µs
2026-06-19T12:47:16.442461202Z logger=migrator t=2026-06-19T12:47:16.442307335Z level=info msg="Executing migration" id="create anon_device table"
2026-06-19T12:47:16.443135654Z logger=migrator t=2026-06-19T12:47:16.443024772Z level=info msg="Migration successfully executed" id="create anon_device table" duration=717.722µs
2026-06-19T12:47:16.452575476Z logger=migrator t=2026-06-19T12:47:16.452421827Z level=info msg="Executing migration" id="add unique index anon_device.device_id"
2026-06-19T12:47:16.453392074Z logger=migrator t=2026-06-19T12:47:16.453310217Z level=info msg="Migration successfully executed" id="add unique index anon_device.device_id" duration=879.247µs
2026-06-19T12:47:16.464997585Z logger=migrator t=2026-06-19T12:47:16.464826894Z level=info msg="Executing migration" id="add index anon_device.updated_at"
2026-06-19T12:47:16.465898372Z logger=migrator t=2026-06-19T12:47:16.465784845Z level=info msg="Migration successfully executed" id="add index anon_device.updated_at" duration=959.212µs
2026-06-19T12:47:16.476251414Z logger=migrator t=2026-06-19T12:47:16.476083615Z level=info msg="Executing migration" id="create signing_key table"
2026-06-19T12:47:16.476999043Z logger=migrator t=2026-06-19T12:47:16.476882074Z level=info msg="Migration successfully executed" id="create signing_key table" duration=799.743µs
2026-06-19T12:47:16.487812030Z logger=migrator t=2026-06-19T12:47:16.487643701Z level=info msg="Executing migration" id="add unique index signing_key.key_id"
2026-06-19T12:47:16.488723028Z logger=migrator t=2026-06-19T12:47:16.488606925Z level=info msg="Migration successfully executed" id="add unique index signing_key.key_id" duration=952.376µs
2026-06-19T12:47:16.500423778Z logger=migrator t=2026-06-19T12:47:16.500267662Z level=info msg="Executing migration" id="set legacy alert migration status in kvstore"
2026-06-19T12:47:16.501441063Z logger=migrator t=2026-06-19T12:47:16.50131709Z level=info msg="Migration successfully executed" id="set legacy alert migration status in kvstore" duration=1.050975ms
2026-06-19T12:47:16.511164892Z logger=migrator t=2026-06-19T12:47:16.510999424Z level=info msg="Executing migration" id="migrate record of created folders during legacy migration to kvstore"
2026-06-19T12:47:16.511682844Z logger=migrator t=2026-06-19T12:47:16.511564046Z level=info msg="Migration successfully executed" id="migrate record of created folders during legacy migration to kvstore" duration=567.126µs
2026-06-19T12:47:16.521230167Z logger=migrator t=2026-06-19T12:47:16.521064857Z level=info msg="Executing migration" id="Add folder_uid for dashboard"
2026-06-19T12:47:16.524399640Z logger=migrator t=2026-06-19T12:47:16.524239875Z level=info msg="Migration successfully executed" id="Add folder_uid for dashboard" duration=3.160097ms
2026-06-19T12:47:16.534031454Z logger=migrator t=2026-06-19T12:47:16.53386496Z level=info msg="Executing migration" id="Populate dashboard folder_uid column"
2026-06-19T12:47:16.534566622Z logger=migrator t=2026-06-19T12:47:16.53443676Z level=info msg="Migration successfully executed" id="Populate dashboard folder_uid column" duration=574.462µs
2026-06-19T12:47:16.545884095Z logger=migrator t=2026-06-19T12:47:16.545717389Z level=info msg="Executing migration" id="Add unique index for dashboard_org_id_folder_uid_title"
2026-06-19T12:47:16.546089322Z logger=migrator t=2026-06-19T12:47:16.546020305Z level=info msg="Migration successfully executed" id="Add unique index for dashboard_org_id_folder_uid_title" duration=305.071µs
2026-06-19T12:47:16.555735171Z logger=migrator t=2026-06-19T12:47:16.555568584Z level=info msg="Executing migration" id="Delete unique index for dashboard_org_id_folder_id_title"
2026-06-19T12:47:16.556626889Z logger=migrator t=2026-06-19T12:47:16.556495992Z level=info msg="Migration successfully executed" id="Delete unique index for dashboard_org_id_folder_id_title" duration=906.021µs
2026-06-19T12:47:16.566236079Z logger=migrator t=2026-06-19T12:47:16.566078049Z level=info msg="Executing migration" id="Delete unique index for dashboard_org_id_folder_uid_title"
2026-06-19T12:47:16.566413616Z logger=migrator t=2026-06-19T12:47:16.566328728Z level=info msg="Migration successfully executed" id="Delete unique index for dashboard_org_id_folder_uid_title" duration=252.529µs
2026-06-19T12:47:16.576040727Z logger=migrator t=2026-06-19T12:47:16.575881925Z level=info msg="Executing migration" id="Add unique index for dashboard_org_id_folder_uid_title_is_folder"
2026-06-19T12:47:16.576948563Z logger=migrator t=2026-06-19T12:47:16.576840706Z level=info msg="Migration successfully executed" id="Add unique index for dashboard_org_id_folder_uid_title_is_folder" duration=960.697µs
2026-06-19T12:47:16.586417356Z logger=migrator t=2026-06-19T12:47:16.586253844Z level=info msg="Executing migration" id="Restore index for dashboard_org_id_folder_id_title"
2026-06-19T12:47:16.587307620Z logger=migrator t=2026-06-19T12:47:16.58718458Z level=info msg="Migration successfully executed" id="Restore index for dashboard_org_id_folder_id_title" duration=917.854µs
2026-06-19T12:47:16.597065266Z logger=migrator t=2026-06-19T12:47:16.596905336Z level=info msg="Executing migration" id="Remove unique index for dashboard_org_id_folder_uid_title_is_folder"
2026-06-19T12:47:16.597924905Z logger=migrator t=2026-06-19T12:47:16.597806912Z level=info msg="Migration successfully executed" id="Remove unique index for dashboard_org_id_folder_uid_title_is_folder" duration=902.824µs
2026-06-19T12:47:16.607672049Z logger=migrator t=2026-06-19T12:47:16.607465558Z level=info msg="Executing migration" id="create sso_setting table"
2026-06-19T12:47:16.608411986Z logger=migrator t=2026-06-19T12:47:16.608318292Z level=info msg="Migration successfully executed" id="create sso_setting table" duration=867.387µs
2026-06-19T12:47:16.619833451Z logger=migrator t=2026-06-19T12:47:16.619653706Z level=info msg="Executing migration" id="update settings column to MEDIUMTEXT"
2026-06-19T12:47:16.620023094Z logger=migrator t=2026-06-19T12:47:16.619926353Z level=info msg="Migration successfully executed" id="update settings column to MEDIUMTEXT" duration=275.963µs
2026-06-19T12:47:16.631777815Z logger=migrator t=2026-06-19T12:47:16.631612696Z level=info msg="Executing migration" id="copy kvstore migration status to each org"
2026-06-19T12:47:16.632723990Z logger=migrator t=2026-06-19T12:47:16.632592977Z level=info msg="Migration successfully executed" id="copy kvstore migration status to each org" duration=983.056µs
2026-06-19T12:47:16.642646096Z logger=migrator t=2026-06-19T12:47:16.642465586Z level=info msg="Executing migration" id="add back entry for orgid=0 migrated status"
2026-06-19T12:47:16.643066490Z logger=migrator t=2026-06-19T12:47:16.642980773Z level=info msg="Migration successfully executed" id="add back entry for orgid=0 migrated status" duration=517.129µs
2026-06-19T12:47:16.653436669Z logger=migrator t=2026-06-19T12:47:16.653278997Z level=info msg="Executing migration" id="managed dashboard permissions annotation actions migration"
2026-06-19T12:47:16.654035598Z logger=migrator t=2026-06-19T12:47:16.653928108Z level=info msg="Migration successfully executed" id="managed dashboard permissions annotation actions migration" duration=650.443µs
2026-06-19T12:47:16.664879019Z logger=migrator t=2026-06-19T12:47:16.664713962Z level=info msg="Executing migration" id="create cloud_migration table v1"
2026-06-19T12:47:16.665575020Z logger=migrator t=2026-06-19T12:47:16.665449494Z level=info msg="Migration successfully executed" id="create cloud_migration table v1" duration=736.047µs
2026-06-19T12:47:16.675802437Z logger=migrator t=2026-06-19T12:47:16.675618805Z level=info msg="Executing migration" id="create cloud_migration_run table v1"
2026-06-19T12:47:16.676477449Z logger=migrator t=2026-06-19T12:47:16.676369043Z level=info msg="Migration successfully executed" id="create cloud_migration_run table v1" duration=759.336µs
2026-06-19T12:47:16.686685832Z logger=migrator t=2026-06-19T12:47:16.686535649Z level=info msg="Executing migration" id="add stack_id column"
2026-06-19T12:47:16.690103805Z logger=migrator t=2026-06-19T12:47:16.689956878Z level=info msg="Migration successfully executed" id="add stack_id column" duration=3.421614ms
2026-06-19T12:47:16.699442956Z logger=migrator t=2026-06-19T12:47:16.699278395Z level=info msg="Executing migration" id="add region_slug column"
2026-06-19T12:47:16.702805311Z logger=migrator t=2026-06-19T12:47:16.702682687Z level=info msg="Migration successfully executed" id="add region_slug column" duration=3.404001ms
2026-06-19T12:47:16.712326515Z logger=migrator t=2026-06-19T12:47:16.712150825Z level=info msg="Executing migration" id="add cluster_slug column"
2026-06-19T12:47:16.715768347Z logger=migrator t=2026-06-19T12:47:16.715611594Z level=info msg="Migration successfully executed" id="add cluster_slug column" duration=3.460948ms
2026-06-19T12:47:16.725333569Z logger=migrator t=2026-06-19T12:47:16.725169351Z level=info msg="Executing migration" id="add migration uid column"
2026-06-19T12:47:16.728777123Z logger=migrator t=2026-06-19T12:47:16.728599213Z level=info msg="Migration successfully executed" id="add migration uid column" duration=3.428525ms
2026-06-19T12:47:16.738834065Z logger=migrator t=2026-06-19T12:47:16.738658296Z level=info msg="Executing migration" id="Update uid column values for migration"
2026-06-19T12:47:16.739164901Z logger=migrator t=2026-06-19T12:47:16.739062606Z level=info msg="Migration successfully executed" id="Update uid column values for migration" duration=406.032µs
2026-06-19T12:47:16.748932094Z logger=migrator t=2026-06-19T12:47:16.748743462Z level=info msg="Executing migration" id="Add unique index migration_uid"
2026-06-19T12:47:16.750303686Z logger=migrator t=2026-06-19T12:47:16.750091235Z level=info msg="Migration successfully executed" id="Add unique index migration_uid" duration=1.348442ms
2026-06-19T12:47:16.761032498Z logger=migrator t=2026-06-19T12:47:16.760862843Z level=info msg="Executing migration" id="add migration run uid column"
2026-06-19T12:47:16.764480319Z logger=migrator t=2026-06-19T12:47:16.764311171Z level=info msg="Migration successfully executed" id="add migration run uid column" duration=3.447435ms
2026-06-19T12:47:16.774890408Z logger=migrator t=2026-06-19T12:47:16.774713344Z level=info msg="Executing migration" id="Update uid column values for migration run"
2026-06-19T12:47:16.775248217Z logger=migrator t=2026-06-19T12:47:16.775144773Z level=info msg="Migration successfully executed" id="Update uid column values for migration run" duration=433.673µs
2026-06-19T12:47:16.785877103Z logger=migrator t=2026-06-19T12:47:16.785724591Z level=info msg="Executing migration" id="Add unique index migration_run_uid"
2026-06-19T12:47:16.786792943Z logger=migrator t=2026-06-19T12:47:16.786689486Z level=info msg="Migration successfully executed" id="Add unique index migration_run_uid" duration=953.936µs
2026-06-19T12:47:16.796300230Z logger=migrator t=2026-06-19T12:47:16.796146757Z level=info msg="Executing migration" id="Rename table cloud_migration to cloud_migration_session_tmp_qwerty - v1"
2026-06-19T12:47:16.804697976Z logger=migrator t=2026-06-19T12:47:16.804534067Z level=info msg="Migration successfully executed" id="Rename table cloud_migration to cloud_migration_session_tmp_qwerty - v1" duration=8.38346ms
2026-06-19T12:47:16.815767796Z logger=migrator t=2026-06-19T12:47:16.815607776Z level=info msg="Executing migration" id="create cloud_migration_session v2"
2026-06-19T12:47:16.816512698Z logger=migrator t=2026-06-19T12:47:16.816371824Z level=info msg="Migration successfully executed" id="create cloud_migration_session v2" duration=765.684µs
2026-06-19T12:47:16.826834281Z logger=migrator t=2026-06-19T12:47:16.826675771Z level=info msg="Executing migration" id="create index UQE_cloud_migration_session_uid - v2"
2026-06-19T12:47:16.827730767Z logger=migrator t=2026-06-19T12:47:16.827609967Z level=info msg="Migration successfully executed" id="create index UQE_cloud_migration_session_uid - v2" duration=921.669µs
2026-06-19T12:47:16.837263419Z logger=migrator t=2026-06-19T12:47:16.837108633Z level=info msg="Executing migration" id="copy cloud_migration_session v1 to v2"
2026-06-19T12:47:16.837769545Z logger=migrator t=2026-06-19T12:47:16.837666399Z level=info msg="Migration successfully executed" id="copy cloud_migration_session v1 to v2" duration=557.937µs
2026-06-19T12:47:16.847157894Z logger=migrator t=2026-06-19T12:47:16.846990773Z level=info msg="Executing migration" id="drop cloud_migration_session_tmp_qwerty"
2026-06-19T12:47:16.847844416Z logger=migrator t=2026-06-19T12:47:16.847736043Z level=info msg="Migration successfully executed" id="drop cloud_migration_session_tmp_qwerty" duration=746.663µs
2026-06-19T12:47:16.857383768Z logger=migrator t=2026-06-19T12:47:16.857209726Z level=info msg="Executing migration" id="Rename table cloud_migration_run to cloud_migration_snapshot_tmp_qwerty - v1"
2026-06-19T12:47:16.866844276Z logger=migrator t=2026-06-19T12:47:16.866679039Z level=info msg="Migration successfully executed" id="Rename table cloud_migration_run to cloud_migration_snapshot_tmp_qwerty - v1" duration=9.481629ms
2026-06-19T12:47:16.877523162Z logger=migrator t=2026-06-19T12:47:16.87734721Z level=info msg="Executing migration" id="create cloud_migration_snapshot v2"
2026-06-19T12:47:16.879222181Z logger=migrator t=2026-06-19T12:47:16.879096636Z level=info msg="Migration successfully executed" id="create cloud_migration_snapshot v2" duration=1.750246ms
2026-06-19T12:47:16.891741611Z logger=migrator t=2026-06-19T12:47:16.891589292Z level=info msg="Executing migration" id="create index UQE_cloud_migration_snapshot_uid - v2"
2026-06-19T12:47:16.894648035Z logger=migrator t=2026-06-19T12:47:16.894512618Z level=info msg="Migration successfully executed" id="create index UQE_cloud_migration_snapshot_uid - v2" duration=2.92345ms
2026-06-19T12:47:16.904160221Z logger=migrator t=2026-06-19T12:47:16.90399898Z level=info msg="Executing migration" id="copy cloud_migration_snapshot v1 to v2"
2026-06-19T12:47:16.904658022Z logger=migrator t=2026-06-19T12:47:16.904568768Z level=info msg="Migration successfully executed" id="copy cloud_migration_snapshot v1 to v2" duration=569.841µs
2026-06-19T12:47:16.915529056Z logger=migrator t=2026-06-19T12:47:16.915356878Z level=info msg="Executing migration" id="drop cloud_migration_snapshot_tmp_qwerty"
2026-06-19T12:47:16.916260583Z logger=migrator t=2026-06-19T12:47:16.916153857Z level=info msg="Migration successfully executed" id="drop cloud_migration_snapshot_tmp_qwerty" duration=785.386µs
2026-06-19T12:47:16.926476026Z logger=migrator t=2026-06-19T12:47:16.926312Z level=info msg="Executing migration" id="add snapshot upload_url column"
2026-06-19T12:47:16.929899612Z logger=migrator t=2026-06-19T12:47:16.929756669Z level=info msg="Migration successfully executed" id="add snapshot upload_url column" duration=3.444213ms
2026-06-19T12:47:16.939325736Z logger=migrator t=2026-06-19T12:47:16.939175499Z level=info msg="Executing migration" id="add snapshot status column"
2026-06-19T12:47:16.942800832Z logger=migrator t=2026-06-19T12:47:16.942653367Z level=info msg="Migration successfully executed" id="add snapshot status column" duration=3.477784ms
2026-06-19T12:47:16.952224546Z logger=migrator t=2026-06-19T12:47:16.952074421Z level=info msg="Executing migration" id="add snapshot local_directory column"
2026-06-19T12:47:16.955589103Z logger=migrator t=2026-06-19T12:47:16.955435051Z level=info msg="Migration successfully executed" id="add snapshot local_directory column" duration=3.360863ms
2026-06-19T12:47:16.965742793Z logger=migrator t=2026-06-19T12:47:16.965616063Z level=info msg="Executing migration" id="add snapshot gms_snapshot_uid column"
2026-06-19T12:47:16.969150009Z logger=migrator t=2026-06-19T12:47:16.969017855Z level=info msg="Migration successfully executed" id="add snapshot gms_snapshot_uid column" duration=3.388821ms
2026-06-19T12:47:16.978808006Z logger=migrator t=2026-06-19T12:47:16.978654425Z level=info msg="Executing migration" id="add snapshot encryption_key column"
2026-06-19T12:47:16.982278023Z logger=migrator t=2026-06-19T12:47:16.982124104Z level=info msg="Migration successfully executed" id="add snapshot encryption_key column" duration=3.469879ms
2026-06-19T12:47:16.993745256Z logger=migrator t=2026-06-19T12:47:16.993583376Z level=info msg="Executing migration" id="add snapshot error_string column"
2026-06-19T12:47:16.997210008Z logger=migrator t=2026-06-19T12:47:16.997049358Z level=info msg="Migration successfully executed" id="add snapshot error_string column" duration=3.465845ms
2026-06-19T12:47:17.006671596Z logger=migrator t=2026-06-19T12:47:17.006465491Z level=info msg="Executing migration" id="create cloud_migration_resource table v1"
2026-06-19T12:47:17.007380128Z logger=migrator t=2026-06-19T12:47:17.00726272Z level=info msg="Migration successfully executed" id="create cloud_migration_resource table v1" duration=798.564µs
2026-06-19T12:47:17.016971447Z logger=migrator t=2026-06-19T12:47:17.016806866Z level=info msg="Executing migration" id="delete cloud_migration_snapshot.result column"
2026-06-19T12:47:17.034526699Z logger=migrator t=2026-06-19T12:47:17.034327854Z level=info msg="Migration successfully executed" id="delete cloud_migration_snapshot.result column" duration=17.520517ms
2026-06-19T12:47:17.044233592Z logger=migrator t=2026-06-19T12:47:17.044067258Z level=info msg="Executing migration" id="add cloud_migration_resource.name column"
2026-06-19T12:47:17.047715579Z logger=migrator t=2026-06-19T12:47:17.047562795Z level=info msg="Migration successfully executed" id="add cloud_migration_resource.name column" duration=3.496356ms
2026-06-19T12:47:17.059797391Z logger=migrator t=2026-06-19T12:47:17.059638407Z level=info msg="Executing migration" id="add cloud_migration_resource.parent_name column"
2026-06-19T12:47:17.063212085Z logger=migrator t=2026-06-19T12:47:17.063046523Z level=info msg="Migration successfully executed" id="add cloud_migration_resource.parent_name column" duration=3.408216ms
2026-06-19T12:47:17.073864641Z logger=migrator t=2026-06-19T12:47:17.073701998Z level=info msg="Executing migration" id="add cloud_migration_session.org_id column"
2026-06-19T12:47:17.077266956Z logger=migrator t=2026-06-19T12:47:17.077116758Z level=info msg="Migration successfully executed" id="add cloud_migration_session.org_id column" duration=3.415468ms
2026-06-19T12:47:17.087519602Z logger=migrator t=2026-06-19T12:47:17.087337996Z level=info msg="Executing migration" id="add cloud_migration_resource.error_code column"
2026-06-19T12:47:17.090752094Z logger=migrator t=2026-06-19T12:47:17.090582523Z level=info msg="Migration successfully executed" id="add cloud_migration_resource.error_code column" duration=3.243726ms
2026-06-19T12:47:17.100904490Z logger=migrator t=2026-06-19T12:47:17.10073938Z level=info msg="Executing migration" id="increase resource_uid column length"
2026-06-19T12:47:17.101101656Z logger=migrator t=2026-06-19T12:47:17.100997444Z level=info msg="Migration successfully executed" id="increase resource_uid column length" duration=260.627µs
2026-06-19T12:47:17.112683656Z logger=migrator t=2026-06-19T12:47:17.112526734Z level=info msg="Executing migration" id="create cloud_migration_snapshot_partition table v1"
2026-06-19T12:47:17.113329534Z logger=migrator t=2026-06-19T12:47:17.113212519Z level=info msg="Migration successfully executed" id="create cloud_migration_snapshot_partition table v1" duration=686.674µs
2026-06-19T12:47:17.125859426Z logger=migrator t=2026-06-19T12:47:17.125697633Z level=info msg="Executing migration" id="add cloud_migration_snapshot_partition srp_unique index"
2026-06-19T12:47:17.126921417Z logger=migrator t=2026-06-19T12:47:17.126794001Z level=info msg="Migration successfully executed" id="add cloud_migration_snapshot_partition srp_unique index" duration=1.09723ms
2026-06-19T12:47:17.136817566Z logger=migrator t=2026-06-19T12:47:17.136648705Z level=info msg="Executing migration" id="add resource_storage_type column to cloud_migration_snapshot table"
2026-06-19T12:47:17.140233670Z logger=migrator t=2026-06-19T12:47:17.140086906Z level=info msg="Migration successfully executed" id="add resource_storage_type column to cloud_migration_snapshot table" duration=3.438734ms
2026-06-19T12:47:17.151920273Z logger=migrator t=2026-06-19T12:47:17.151750292Z level=info msg="Executing migration" id="add encryption_algo column to cloud_migration_snapshot table"
2026-06-19T12:47:17.155219735Z logger=migrator t=2026-06-19T12:47:17.155083013Z level=info msg="Migration successfully executed" id="add encryption_algo column to cloud_migration_snapshot table" duration=3.332315ms
2026-06-19T12:47:17.165620892Z logger=migrator t=2026-06-19T12:47:17.165446268Z level=info msg="Executing migration" id="add metadata column to cloud_migration_snapshot table"
2026-06-19T12:47:17.169266214Z logger=migrator t=2026-06-19T12:47:17.169109091Z level=info msg="Migration successfully executed" id="add metadata column to cloud_migration_snapshot table" duration=3.662394ms
2026-06-19T12:47:17.180912571Z logger=migrator t=2026-06-19T12:47:17.180742193Z level=info msg="Executing migration" id="add public_key column to cloud_migration_snapshot table"
2026-06-19T12:47:17.184384326Z logger=migrator t=2026-06-19T12:47:17.184221262Z level=info msg="Migration successfully executed" id="add public_key column to cloud_migration_snapshot table" duration=3.478121ms
2026-06-19T12:47:17.195891946Z logger=migrator t=2026-06-19T12:47:17.195722202Z level=info msg="Executing migration" id="drop my_row_id and add primary key with columns snapshot_uid,resource_type,partition_number to table cloud_migration_snapshot_partition if my_row_id exists (auto-generated mysql column)"
2026-06-19T12:47:17.196319794Z logger=migrator t=2026-06-19T12:47:17.196205892Z level=warn msg="Skipping migration: Already executed, but not recorded in migration log" id="drop my_row_id and add primary key with columns snapshot_uid,resource_type,partition_number to table cloud_migration_snapshot_partition if my_row_id exists (auto-generated mysql column)"
2026-06-19T12:47:17.206842449Z logger=migrator t=2026-06-19T12:47:17.206669501Z level=info msg="Executing migration" id="drop unique index UQE_cloud_migration_snapshot_partition_srp_unique from cloud_migration_snapshot_partition table if it exists (mysql)"
2026-06-19T12:47:17.207368834Z logger=migrator t=2026-06-19T12:47:17.207236686Z level=info msg="Migration successfully executed" id="drop unique index UQE_cloud_migration_snapshot_partition_srp_unique from cloud_migration_snapshot_partition table if it exists (mysql)" duration=570.211µs
2026-06-19T12:47:17.218851918Z logger=migrator t=2026-06-19T12:47:17.218681995Z level=info msg="Executing migration" id="add primary key with columns snapshot_uid,resource_type,partition_number to table cloud_migration_snapshot_partition if it doesn't exist (mysql)"
2026-06-19T12:47:17.219030425Z logger=migrator t=2026-06-19T12:47:17.218952744Z level=info msg="Migration successfully executed" id="add primary key with columns snapshot_uid,resource_type,partition_number to table cloud_migration_snapshot_partition if it doesn't exist (mysql)" duration=274.841µs
2026-06-19T12:47:17.230903829Z logger=migrator t=2026-06-19T12:47:17.230738129Z level=info msg="Executing migration" id="add primary key with columns snapshot_uid,resource_type,partition_number to table cloud_migration_snapshot_partition (postgres and sqlite)"
2026-06-19T12:47:17.244641528Z logger=migrator t=2026-06-19T12:47:17.244446649Z level=info msg="Migration successfully executed" id="add primary key with columns snapshot_uid,resource_type,partition_number to table cloud_migration_snapshot_partition (postgres and sqlite)" duration=13.706279ms
2026-06-19T12:47:17.255391316Z logger=migrator t=2026-06-19T12:47:17.255244832Z level=info msg="Executing migration" id="alter kv_store.value to longtext"
2026-06-19T12:47:17.255590520Z logger=migrator t=2026-06-19T12:47:17.255481715Z level=info msg="Migration successfully executed" id="alter kv_store.value to longtext" duration=240.052µs
2026-06-19T12:47:17.265754783Z logger=migrator t=2026-06-19T12:47:17.265602837Z level=info msg="Executing migration" id="add notification_settings column to alert_rule table"
2026-06-19T12:47:17.273351558Z logger=migrator t=2026-06-19T12:47:17.27317219Z level=info msg="Migration successfully executed" id="add notification_settings column to alert_rule table" duration=7.568438ms
2026-06-19T12:47:17.286920155Z logger=migrator t=2026-06-19T12:47:17.286743845Z level=info msg="Executing migration" id="add notification_settings column to alert_rule_version table"
2026-06-19T12:47:17.290335060Z logger=migrator t=2026-06-19T12:47:17.290167434Z level=info msg="Migration successfully executed" id="add notification_settings column to alert_rule_version table" duration=3.423816ms
2026-06-19T12:47:17.302910468Z logger=migrator t=2026-06-19T12:47:17.302748597Z level=info msg="Executing migration" id="removing scope from alert.instances:read action migration"
2026-06-19T12:47:17.303318503Z logger=migrator t=2026-06-19T12:47:17.303210212Z level=info msg="Migration successfully executed" id="removing scope from alert.instances:read action migration" duration=462.997µs
2026-06-19T12:47:17.313516160Z logger=migrator t=2026-06-19T12:47:17.313339021Z level=info msg="Executing migration" id="managed folder permissions alerting silences actions migration"
2026-06-19T12:47:17.313877100Z logger=migrator t=2026-06-19T12:47:17.313758986Z level=info msg="Migration successfully executed" id="managed folder permissions alerting silences actions migration" duration=422.064µs
2026-06-19T12:47:17.323758870Z logger=migrator t=2026-06-19T12:47:17.323600262Z level=info msg="Executing migration" id="add record column to alert_rule table"
2026-06-19T12:47:17.327165344Z logger=migrator t=2026-06-19T12:47:17.327004714Z level=info msg="Migration successfully executed" id="add record column to alert_rule table" duration=3.404017ms
2026-06-19T12:47:17.337549731Z logger=migrator t=2026-06-19T12:47:17.337357495Z level=info msg="Executing migration" id="add record column to alert_rule_version table"
2026-06-19T12:47:17.341015180Z logger=migrator t=2026-06-19T12:47:17.340849946Z level=info msg="Migration successfully executed" id="add record column to alert_rule_version table" duration=3.491688ms
2026-06-19T12:47:17.363730718Z logger=migrator t=2026-06-19T12:47:17.363559358Z level=info msg="Executing migration" id="add resolved_at column to alert_instance table"
2026-06-19T12:47:17.369440590Z logger=migrator t=2026-06-19T12:47:17.369279628Z level=info msg="Migration successfully executed" id="add resolved_at column to alert_instance table" duration=5.720155ms
2026-06-19T12:47:17.379595163Z logger=migrator t=2026-06-19T12:47:17.3794167Z level=info msg="Executing migration" id="add last_sent_at column to alert_instance table"
2026-06-19T12:47:17.383044402Z logger=migrator t=2026-06-19T12:47:17.382874809Z level=info msg="Migration successfully executed" id="add last_sent_at column to alert_instance table" duration=3.458355ms
2026-06-19T12:47:17.395941064Z logger=migrator t=2026-06-19T12:47:17.39574655Z level=info msg="Executing migration" id="Add scope to alert.notifications.receivers:read and alert.notifications.receivers.secrets:read"
2026-06-19T12:47:17.396429665Z logger=migrator t=2026-06-19T12:47:17.396283614Z level=info msg="Migration successfully executed" id="Add scope to alert.notifications.receivers:read and alert.notifications.receivers.secrets:read" duration=538.305µs
2026-06-19T12:47:17.406929213Z logger=migrator t=2026-06-19T12:47:17.406730773Z level=info msg="Executing migration" id="add metadata column to alert_rule table"
2026-06-19T12:47:17.418079182Z logger=migrator t=2026-06-19T12:47:17.417888572Z level=info msg="Migration successfully executed" id="add metadata column to alert_rule table" duration=11.155787ms
2026-06-19T12:47:17.428745606Z logger=migrator t=2026-06-19T12:47:17.428553385Z level=info msg="Executing migration" id="add metadata column to alert_rule_version table"
2026-06-19T12:47:17.436663013Z logger=migrator t=2026-06-19T12:47:17.43345902Z level=info msg="Migration successfully executed" id="add metadata column to alert_rule_version table" duration=4.904265ms
2026-06-19T12:47:17.446749894Z logger=migrator t=2026-06-19T12:47:17.446568806Z level=info msg="Executing migration" id="delete orphaned service account permissions"
2026-06-19T12:47:17.447256347Z logger=migrator t=2026-06-19T12:47:17.447095914Z level=info msg="Migration successfully executed" id="delete orphaned service account permissions" duration=528.757µs
2026-06-19T12:47:17.457049296Z logger=migrator t=2026-06-19T12:47:17.456858767Z level=info msg="Executing migration" id="adding action set permissions"
2026-06-19T12:47:17.457635786Z logger=migrator t=2026-06-19T12:47:17.45753756Z level=info msg="Migration successfully executed" id="adding action set permissions" duration=680.161µs
2026-06-19T12:47:17.467357166Z logger=migrator t=2026-06-19T12:47:17.467174494Z level=info msg="Executing migration" id="create user_external_session table"
2026-06-19T12:47:17.468178285Z logger=migrator t=2026-06-19T12:47:17.468035909Z level=info msg="Migration successfully executed" id="create user_external_session table" duration=869.994µs
2026-06-19T12:47:17.477874811Z logger=migrator t=2026-06-19T12:47:17.47769899Z level=info msg="Executing migration" id="increase name_id column length to 1024"
2026-06-19T12:47:17.478048402Z logger=migrator t=2026-06-19T12:47:17.477956935Z level=info msg="Migration successfully executed" id="increase name_id column length to 1024" duration=246.896µs
2026-06-19T12:47:17.488017629Z logger=migrator t=2026-06-19T12:47:17.487836911Z level=info msg="Executing migration" id="increase session_id column length to 1024"
2026-06-19T12:47:17.488174950Z logger=migrator t=2026-06-19T12:47:17.488086967Z level=info msg="Migration successfully executed" id="increase session_id column length to 1024" duration=252.7µs
2026-06-19T12:47:17.497924621Z logger=migrator t=2026-06-19T12:47:17.497735426Z level=info msg="Executing migration" id="remove scope from alert.notifications.receivers:create"
2026-06-19T12:47:17.498322013Z logger=migrator t=2026-06-19T12:47:17.498205679Z level=info msg="Migration successfully executed" id="remove scope from alert.notifications.receivers:create" duration=472.415µs
2026-06-19T12:47:17.508006534Z logger=migrator t=2026-06-19T12:47:17.507823011Z level=info msg="Executing migration" id="add created_by column to alert_rule_version table"
2026-06-19T12:47:17.512549060Z logger=migrator t=2026-06-19T12:47:17.512319331Z level=info msg="Migration successfully executed" id="add created_by column to alert_rule_version table" duration=4.495778ms
2026-06-19T12:47:17.523638893Z logger=migrator t=2026-06-19T12:47:17.523441449Z level=info msg="Executing migration" id="add updated_by column to alert_rule table"
2026-06-19T12:47:17.531937690Z logger=migrator t=2026-06-19T12:47:17.531762978Z level=info msg="Migration successfully executed" id="add updated_by column to alert_rule table" duration=8.318745ms
2026-06-19T12:47:17.541515735Z logger=migrator t=2026-06-19T12:47:17.54132157Z level=info msg="Executing migration" id="add alert_rule_state table"
2026-06-19T12:47:17.542427165Z logger=migrator t=2026-06-19T12:47:17.542255287Z level=info msg="Migration successfully executed" id="add alert_rule_state table" duration=932.602µs
2026-06-19T12:47:17.555381599Z logger=migrator t=2026-06-19T12:47:17.555202504Z level=info msg="Executing migration" id="add index to alert_rule_state on org_id and rule_uid columns"
2026-06-19T12:47:17.557660527Z logger=migrator t=2026-06-19T12:47:17.557519972Z level=info msg="Migration successfully executed" id="add index to alert_rule_state on org_id and rule_uid columns" duration=2.318332ms
2026-06-19T12:47:17.567468054Z logger=migrator t=2026-06-19T12:47:17.567290959Z level=info msg="Executing migration" id="add guid column to alert_rule table"
2026-06-19T12:47:17.571062617Z logger=migrator t=2026-06-19T12:47:17.570889344Z level=info msg="Migration successfully executed" id="add guid column to alert_rule table" duration=3.597829ms
2026-06-19T12:47:17.580992002Z logger=migrator t=2026-06-19T12:47:17.580818457Z level=info msg="Executing migration" id="add rule_guid column to alert_rule_version table"
2026-06-19T12:47:17.585956018Z logger=migrator t=2026-06-19T12:47:17.585781314Z level=info msg="Migration successfully executed" id="add rule_guid column to alert_rule_version table" duration=4.976893ms
2026-06-19T12:47:17.596784212Z logger=migrator t=2026-06-19T12:47:17.596596025Z level=info msg="Executing migration" id="cleanup alert_rule_version table"
2026-06-19T12:47:17.596959055Z logger=migrator t=2026-06-19T12:47:17.596866601Z level=info msg="Rule version record limit is not set, fallback to 100" limit=0
2026-06-19T12:47:17.597265847Z logger=migrator t=2026-06-19T12:47:17.597193849Z level=info msg="Cleaning up table `alert_rule_version`" batchSize=50 batches=0 keepVersions=100
2026-06-19T12:47:17.597975132Z logger=migrator t=2026-06-19T12:47:17.597876816Z level=info msg="Migration successfully executed" id="cleanup alert_rule_version table" duration=1.282001ms
2026-06-19T12:47:17.608324017Z logger=migrator t=2026-06-19T12:47:17.60818223Z level=info msg="Executing migration" id="populate rule guid in alert rule table"
2026-06-19T12:47:17.609129000Z logger=migrator t=2026-06-19T12:47:17.609025204Z level=info msg="Migration successfully executed" id="populate rule guid in alert rule table" duration=844.633µs
2026-06-19T12:47:17.619261595Z logger=migrator t=2026-06-19T12:47:17.619100636Z level=info msg="Executing migration" id="drop index in alert_rule_version table on rule_org_id, rule_uid and version columns"
2026-06-19T12:47:17.620089476Z logger=migrator t=2026-06-19T12:47:17.61996252Z level=info msg="Migration successfully executed" id="drop index in alert_rule_version table on rule_org_id, rule_uid and version columns" duration=862.479µs
2026-06-19T12:47:17.629778599Z logger=migrator t=2026-06-19T12:47:17.629630597Z level=info msg="Executing migration" id="add index in alert_rule_version table on rule_org_id, rule_uid, rule_guid and version columns"
2026-06-19T12:47:17.630640679Z logger=migrator t=2026-06-19T12:47:17.630529355Z level=info msg="Migration successfully executed" id="add index in alert_rule_version table on rule_org_id, rule_uid, rule_guid and version columns" duration=898.641µs
2026-06-19T12:47:17.640136227Z logger=migrator t=2026-06-19T12:47:17.639985499Z level=info msg="Executing migration" id="add index in alert_rule_version table on rule_guid and version columns"
2026-06-19T12:47:17.641151337Z logger=migrator t=2026-06-19T12:47:17.641042114Z level=info msg="Migration successfully executed" id="add index in alert_rule_version table on rule_guid and version columns" duration=1.057784ms
2026-06-19T12:47:17.650801358Z logger=migrator t=2026-06-19T12:47:17.650600055Z level=info msg="Executing migration" id="add index in alert_rule table on guid columns"
2026-06-19T12:47:17.652073638Z logger=migrator t=2026-06-19T12:47:17.651944057Z level=info msg="Migration successfully executed" id="add index in alert_rule table on guid columns" duration=1.345306ms
2026-06-19T12:47:17.666051863Z logger=migrator t=2026-06-19T12:47:17.665909607Z level=info msg="Executing migration" id="add keep_firing_for column to alert_rule"
2026-06-19T12:47:17.675971981Z logger=migrator t=2026-06-19T12:47:17.675798283Z level=info msg="Migration successfully executed" id="add keep_firing_for column to alert_rule" duration=9.885787ms
2026-06-19T12:47:17.686965537Z logger=migrator t=2026-06-19T12:47:17.68681439Z level=info msg="Executing migration" id="add keep_firing_for column to alert_rule_version"
2026-06-19T12:47:17.694617044Z logger=migrator t=2026-06-19T12:47:17.694417927Z level=info msg="Migration successfully executed" id="add keep_firing_for column to alert_rule_version" duration=7.600403ms
2026-06-19T12:47:17.704889297Z logger=migrator t=2026-06-19T12:47:17.704743242Z level=info msg="Executing migration" id="add missing_series_evals_to_resolve column to alert_rule"
2026-06-19T12:47:17.714297907Z logger=migrator t=2026-06-19T12:47:17.714137565Z level=info msg="Migration successfully executed" id="add missing_series_evals_to_resolve column to alert_rule" duration=9.391319ms
2026-06-19T12:47:17.725754968Z logger=migrator t=2026-06-19T12:47:17.725582045Z level=info msg="Executing migration" id="add missing_series_evals_to_resolve column to alert_rule_version"
2026-06-19T12:47:17.735834991Z logger=migrator t=2026-06-19T12:47:17.735682016Z level=info msg="Migration successfully executed" id="add missing_series_evals_to_resolve column to alert_rule_version" duration=10.083197ms
2026-06-19T12:47:17.745016285Z logger=migrator t=2026-06-19T12:47:17.744860993Z level=info msg="Executing migration" id="remove the datasources:drilldown action"
2026-06-19T12:47:17.745264199Z logger=migrator t=2026-06-19T12:47:17.745187997Z level=info msg="Removed 0 datasources:drilldown permissions"
2026-06-19T12:47:17.745295918Z logger=migrator t=2026-06-19T12:47:17.745246507Z level=info msg="Migration successfully executed" id="remove the datasources:drilldown action" duration=387.952µs
2026-06-19T12:47:17.755703844Z logger=migrator t=2026-06-19T12:47:17.755541787Z level=info msg="Executing migration" id="remove title in folder unique index"
2026-06-19T12:47:17.756481261Z logger=migrator t=2026-06-19T12:47:17.756367163Z level=info msg="Migration successfully executed" id="remove title in folder unique index" duration=827.041µs
2026-06-19T12:47:17.767767700Z logger=migrator t=2026-06-19T12:47:17.767613215Z level=info msg="Executing migration" id="add fired_at column to alert_instance table"
2026-06-19T12:47:17.774711731Z logger=migrator t=2026-06-19T12:47:17.774551842Z level=info msg="Migration successfully executed" id="add fired_at column to alert_instance table" duration=6.911428ms
2026-06-19T12:47:17.784270694Z logger=migrator t=2026-06-19T12:47:17.784121452Z level=info msg="Executing migration" id="ensure rule_group column is case sensitive in returned results"
2026-06-19T12:47:17.784398017Z logger=migrator t=2026-06-19T12:47:17.784317093Z level=info msg="Migration successfully executed" id="ensure rule_group column is case sensitive in returned results" duration=199.475µs
2026-06-19T12:47:17.796641357Z logger=migrator t=2026-06-19T12:47:17.796469643Z level=info msg="Executing migration" id="expand created_by in alert_rule_version table"
2026-06-19T12:47:17.796772980Z logger=migrator t=2026-06-19T12:47:17.796693195Z level=info msg="Migration successfully executed" id="expand created_by in alert_rule_version table" duration=225.3µs
2026-06-19T12:47:17.806436642Z logger=migrator t=2026-06-19T12:47:17.806292804Z level=info msg="Executing migration" id="expand updated_by in alert_rule table"
2026-06-19T12:47:17.807194232Z logger=migrator t=2026-06-19T12:47:17.807081715Z level=info msg="Migration successfully executed" id="expand updated_by in alert_rule table" duration=791.686µs
2026-06-19T12:47:17.817378833Z logger=migrator t=2026-06-19T12:47:17.817226022Z level=info msg="Executing migration" id="add index in alert_rule on org_id, namespace_uid, rule_group and rule_group_idx columns"
2026-06-19T12:47:17.818193776Z logger=migrator t=2026-06-19T12:47:17.818070509Z level=info msg="Migration successfully executed" id="add index in alert_rule on org_id, namespace_uid, rule_group and rule_group_idx columns" duration=845.981µs
2026-06-19T12:47:17.828521776Z logger=migrator t=2026-06-19T12:47:17.82834501Z level=info msg="Executing migration" id="add annotations column to alert_instance table"
2026-06-19T12:47:17.834566170Z logger=migrator t=2026-06-19T12:47:17.83439293Z level=info msg="Migration successfully executed" id="add annotations column to alert_instance table" duration=6.046336ms
2026-06-19T12:47:17.846819487Z logger=migrator t=2026-06-19T12:47:17.846647554Z level=info msg="Executing migration" id="ensure namespace_uid column sorts the same way as golang"
2026-06-19T12:47:17.847018172Z logger=migrator t=2026-06-19T12:47:17.846917926Z level=info msg="Migration successfully executed" id="ensure namespace_uid column sorts the same way as golang" duration=272.812µs
2026-06-19T12:47:17.858461868Z logger=migrator t=2026-06-19T12:47:17.858304833Z level=info msg="Executing migration" id="ensure rule_group column sorts the same way as golang"
2026-06-19T12:47:17.858682294Z logger=migrator t=2026-06-19T12:47:17.858561804Z level=info msg="Migration successfully executed" id="ensure rule_group column sorts the same way as golang" duration=259.569µs
2026-06-19T12:47:17.874154878Z logger=migrator t=2026-06-19T12:47:17.873971379Z level=info msg="Executing migration" id="add 'alert.notifications.receivers.protected:write' to receiver admins"
2026-06-19T12:47:17.874834471Z logger=migrator t=2026-06-19T12:47:17.874566593Z level=info msg="Migration successfully executed" id="add 'alert.notifications.receivers.protected:write' to receiver admins" duration=598.58µs
2026-06-19T12:47:17.885835239Z logger=migrator t=2026-06-19T12:47:17.885679176Z level=info msg="Executing migration" id="add evaluation_duration_ns column to alert_instance table"
2026-06-19T12:47:17.889527542Z logger=migrator t=2026-06-19T12:47:17.889365599Z level=info msg="Migration successfully executed" id="add evaluation_duration_ns column to alert_instance table" duration=3.669431ms
2026-06-19T12:47:17.899807244Z logger=migrator t=2026-06-19T12:47:17.899635588Z level=info msg="Executing migration" id="add last_error column to alert_instance table"
2026-06-19T12:47:17.903313162Z logger=migrator t=2026-06-19T12:47:17.903151027Z level=info msg="Migration successfully executed" id="add last_error column to alert_instance table" duration=3.515333ms
2026-06-19T12:47:17.913772819Z logger=migrator t=2026-06-19T12:47:17.913602242Z level=info msg="Executing migration" id="add last_result column to alert_instance table"
2026-06-19T12:47:17.917414884Z logger=migrator t=2026-06-19T12:47:17.917248558Z level=info msg="Migration successfully executed" id="add last_result column to alert_instance table" duration=3.645073ms
2026-06-19T12:47:17.929885831Z logger=migrator t=2026-06-19T12:47:17.929722415Z level=info msg="Executing migration" id="add 'alert.notifications.receivers.test:create' to managed roles"
2026-06-19T12:47:17.930423962Z logger=migrator t=2026-06-19T12:47:17.93030309Z level=info msg="Migration successfully executed" id="add 'alert.notifications.receivers.test:create' to managed roles" duration=581.627µs
2026-06-19T12:47:17.940841376Z logger=migrator t=2026-06-19T12:47:17.940687854Z level=info msg="Executing migration" id="add folder_fullpath column to alert_rule"
2026-06-19T12:47:17.944293443Z logger=migrator t=2026-06-19T12:47:17.944152165Z level=info msg="Migration successfully executed" id="add folder_fullpath column to alert_rule" duration=3.464316ms
2026-06-19T12:47:17.954796198Z logger=migrator t=2026-06-19T12:47:17.954615257Z level=info msg="Executing migration" id="add index on folder_fullpath in alert_rule"
2026-06-19T12:47:17.955840939Z logger=migrator t=2026-06-19T12:47:17.955726554Z level=info msg="Migration successfully executed" id="add index on folder_fullpath in alert_rule" duration=1.120848ms
2026-06-19T12:47:17.968627672Z logger=migrator t=2026-06-19T12:47:17.968470402Z level=info msg="Executing migration" id="add alert_routing column to alert_rule table"
2026-06-19T12:47:17.972132509Z logger=migrator t=2026-06-19T12:47:17.972001427Z level=info msg="Migration successfully executed" id="add alert_routing column to alert_rule table" duration=3.531321ms
2026-06-19T12:47:17.982124607Z logger=migrator t=2026-06-19T12:47:17.98195901Z level=info msg="Executing migration" id="add alert_routing column to alert_rule_version table"
2026-06-19T12:47:17.985825304Z logger=migrator t=2026-06-19T12:47:17.985674274Z level=info msg="Migration successfully executed" id="add alert_routing column to alert_rule_version table" duration=3.714611ms
2026-06-19T12:47:17.995687945Z logger=migrator t=2026-06-19T12:47:17.995532058Z level=info msg="Executing migration" id="grant basic roles access to default notification policy"
2026-06-19T12:47:17.996198487Z logger=migrator t=2026-06-19T12:47:17.996082418Z level=info msg="No managed roles found for editor/viewer, skipping default notification policy permissions"
2026-06-19T12:47:17.996340010Z logger=migrator t=2026-06-19T12:47:17.996226449Z level=info msg="Migration successfully executed" id="grant basic roles access to default notification policy" duration=695.975µs
2026-06-19T12:47:18.006311855Z logger=migrator t=2026-06-19T12:47:18.006143545Z level=info msg="migrations completed" performed=709 skipped=0 duration=8.962420963s
2026-06-19T12:47:18.006924685Z logger=migrator t=2026-06-19T12:47:18.006806044Z level=info msg="Unlocking database"
2026-06-19T12:47:18.045857156Z logger=sqlstore t=2026-06-19T12:47:18.045718557Z level=info msg="Created default admin" user=admin
2026-06-19T12:47:18.048979641Z logger=sqlstore t=2026-06-19T12:47:18.048834351Z level=info msg="Created default organization"
2026-06-19T12:47:18.059934573Z logger=secrets t=2026-06-19T12:47:18.059761636Z level=info msg="Envelope encryption state" currentprovider=secretKey.v1
2026-06-19T12:47:18.491324177Z logger=plugin.angulardetectorsprovider.dynamic t=2026-06-19T12:47:18.491167427Z level=info msg="Restored cache from database" duration=320.128µs
2026-06-19T12:47:18.492818055Z logger=accesscontrol.service t=2026-06-19T12:47:18.492702942Z level=info msg="Starting migration to remove deprecated permissions" migration=removeDeprecatedPermissions
2026-06-19T12:47:18.493162591Z logger=accesscontrol.service t=2026-06-19T12:47:18.493039962Z level=info msg="Completed migration to remove deprecated permissions" migration=removeDeprecatedPermissions totalRemoved=0 duration=337.952µs
2026-06-19T12:47:18.493363763Z logger=plugin.store t=2026-06-19T12:47:18.493297822Z level=info msg="Loading plugins..."
2026-06-19T12:47:18.803769533Z logger=plugins.registration t=2026-06-19T12:47:18.803646659Z level=info msg="Plugin registered" pluginId=elasticsearch
2026-06-19T12:47:18.803788542Z logger=plugin.store t=2026-06-19T12:47:18.803680987Z level=info msg="Plugins loaded" count=52 duration=310.38493ms
2026-06-19T12:47:18.804072972Z logger=authz-grpc-server t=2026-06-19T12:47:18.803973834Z level=info msg="cache ttl is 0, using noop cache"
2026-06-19T12:47:18.804080467Z logger=authz-grpc-server t=2026-06-19T12:47:18.803988371Z level=info msg="cache ttl is 0, using noop cache"
2026-06-19T12:47:18.804083042Z logger=authz-grpc-server t=2026-06-19T12:47:18.803993615Z level=info msg="cache ttl is 0, using noop cache"
2026-06-19T12:47:18.804085293Z logger=authz-grpc-server t=2026-06-19T12:47:18.803999212Z level=info msg="cache ttl is 0, using noop cache"
2026-06-19T12:47:18.804087866Z logger=authz-grpc-server t=2026-06-19T12:47:18.804003905Z level=info msg="cache ttl is 0, using noop cache"
2026-06-19T12:47:18.806821051Z logger=secret-migrator t=2026-06-19T12:47:18.806704893Z level=info msg="Locking database"
2026-06-19T12:47:18.806917128Z logger=secret-migrator t=2026-06-19T12:47:18.806732383Z level=info msg="Starting DB migrations"
2026-06-19T12:47:18.808044380Z logger=secret-migrator t=2026-06-19T12:47:18.807907823Z level=info msg="Executing migration" id="create secret_migration_log table"
2026-06-19T12:47:18.809018158Z logger=secret-migrator t=2026-06-19T12:47:18.80882645Z level=info msg="Migration successfully executed" id="create secret_migration_log table" duration=917.825µs
2026-06-19T12:47:18.819268610Z logger=secret-migrator t=2026-06-19T12:47:18.819044803Z level=info msg="Executing migration" id="Initialize secrets tables"
2026-06-19T12:47:18.819286382Z logger=secret-migrator t=2026-06-19T12:47:18.819080285Z level=info msg="Migration successfully executed" id="Initialize secrets tables" duration=36.331µs
2026-06-19T12:47:18.829326110Z logger=secret-migrator t=2026-06-19T12:47:18.828970827Z level=info msg="Executing migration" id="drop table secret_secure_value"
2026-06-19T12:47:18.829354887Z logger=secret-migrator t=2026-06-19T12:47:18.829209625Z level=info msg="Migration successfully executed" id="drop table secret_secure_value" duration=238.696µs
2026-06-19T12:47:18.841187643Z logger=secret-migrator t=2026-06-19T12:47:18.84018448Z level=info msg="Executing migration" id="create table secret_secure_value"
2026-06-19T12:47:18.841209787Z logger=secret-migrator t=2026-06-19T12:47:18.840888544Z level=info msg="Migration successfully executed" id="create table secret_secure_value" duration=703.228µs
2026-06-19T12:47:18.851849722Z logger=secret-migrator t=2026-06-19T12:47:18.850817585Z level=info msg="Executing migration" id="create table secret_secure_value, index: 0"
2026-06-19T12:47:18.851865622Z logger=secret-migrator t=2026-06-19T12:47:18.851545187Z level=info msg="Migration successfully executed" id="create table secret_secure_value, index: 0" duration=727.615µs
2026-06-19T12:47:18.861253306Z logger=secret-migrator t=2026-06-19T12:47:18.861005322Z level=info msg="Executing migration" id="create table secret_secure_value, index: 1"
2026-06-19T12:47:18.861883531Z logger=secret-migrator t=2026-06-19T12:47:18.861742206Z level=info msg="Migration successfully executed" id="create table secret_secure_value, index: 1" duration=739.39µs
2026-06-19T12:47:18.872360691Z logger=secret-migrator t=2026-06-19T12:47:18.871897366Z level=info msg="Executing migration" id="drop table secret_keeper"
2026-06-19T12:47:18.872396146Z logger=secret-migrator t=2026-06-19T12:47:18.872015457Z level=info msg="Migration successfully executed" id="drop table secret_keeper" duration=120.975µs
2026-06-19T12:47:18.882394227Z logger=secret-migrator t=2026-06-19T12:47:18.881525319Z level=info msg="Executing migration" id="create table secret_keeper"
2026-06-19T12:47:18.882424767Z logger=secret-migrator t=2026-06-19T12:47:18.882130186Z level=info msg="Migration successfully executed" id="create table secret_keeper" duration=602.18µs
2026-06-19T12:47:18.892116204Z logger=secret-migrator t=2026-06-19T12:47:18.891956305Z level=info msg="Executing migration" id="create table secret_keeper, index: 0"
2026-06-19T12:47:18.892846037Z logger=secret-migrator t=2026-06-19T12:47:18.892723422Z level=info msg="Migration successfully executed" id="create table secret_keeper, index: 0" duration=772.176µs
2026-06-19T12:47:18.902571932Z logger=secret-migrator t=2026-06-19T12:47:18.902377763Z level=info msg="Executing migration" id="drop table secret_data_key"
2026-06-19T12:47:18.902596883Z logger=secret-migrator t=2026-06-19T12:47:18.902482095Z level=info msg="Migration successfully executed" id="drop table secret_data_key" duration=111.07µs
2026-06-19T12:47:18.912179512Z logger=secret-migrator t=2026-06-19T12:47:18.911989718Z level=info msg="Executing migration" id="create table secret_data_key"
2026-06-19T12:47:18.912892746Z logger=secret-migrator t=2026-06-19T12:47:18.912771133Z level=info msg="Migration successfully executed" id="create table secret_data_key" duration=782.235µs
2026-06-19T12:47:18.922763415Z logger=secret-migrator t=2026-06-19T12:47:18.922579272Z level=info msg="Executing migration" id="drop table secret_encrypted_value"
2026-06-19T12:47:18.922786864Z logger=secret-migrator t=2026-06-19T12:47:18.922703167Z level=info msg="Migration successfully executed" id="drop table secret_encrypted_value" duration=125.588µs
2026-06-19T12:47:18.932309198Z logger=secret-migrator t=2026-06-19T12:47:18.932141545Z level=info msg="Executing migration" id="create table secret_encrypted_value"
2026-06-19T12:47:18.932878291Z logger=secret-migrator t=2026-06-19T12:47:18.932723289Z level=info msg="Migration successfully executed" id="create table secret_encrypted_value" duration=582.916µs
2026-06-19T12:47:18.942652841Z logger=secret-migrator t=2026-06-19T12:47:18.942428126Z level=info msg="Executing migration" id="create table secret_encrypted_value, index: 0"
2026-06-19T12:47:18.943269708Z logger=secret-migrator t=2026-06-19T12:47:18.943051186Z level=info msg="Migration successfully executed" id="create table secret_encrypted_value, index: 0" duration=624.783µs
2026-06-19T12:47:18.952826930Z logger=secret-migrator t=2026-06-19T12:47:18.952654799Z level=info msg="Executing migration" id="create index for list on secret_secure_value"
2026-06-19T12:47:18.953394350Z logger=secret-migrator t=2026-06-19T12:47:18.953298521Z level=info msg="Migration successfully executed" id="create index for list on secret_secure_value" duration=646.134µs
2026-06-19T12:47:18.963134388Z logger=secret-migrator t=2026-06-19T12:47:18.962864565Z level=info msg="Executing migration" id="create index for list and read current on secret_data_key"
2026-06-19T12:47:18.964069311Z logger=secret-migrator t=2026-06-19T12:47:18.963902282Z level=info msg="Migration successfully executed" id="create index for list and read current on secret_data_key" duration=1.040051ms
2026-06-19T12:47:18.974038867Z logger=secret-migrator t=2026-06-19T12:47:18.973881323Z level=info msg="Executing migration" id="add owner_reference_api_group column to secret_secure_value"
2026-06-19T12:47:18.976244558Z logger=secret-migrator t=2026-06-19T12:47:18.976136584Z level=info msg="Migration successfully executed" id="add owner_reference_api_group column to secret_secure_value" duration=2.256694ms
2026-06-19T12:47:18.985845307Z logger=secret-migrator t=2026-06-19T12:47:18.98561857Z level=info msg="Executing migration" id="add owner_reference_api_version column to secret_secure_value"
2026-06-19T12:47:18.988216408Z logger=secret-migrator t=2026-06-19T12:47:18.988092732Z level=info msg="Migration successfully executed" id="add owner_reference_api_version column to secret_secure_value" duration=2.475297ms
2026-06-19T12:47:18.997578498Z logger=secret-migrator t=2026-06-19T12:47:18.997295206Z level=info msg="Executing migration" id="add owner_reference_kind column to secret_secure_value"
2026-06-19T12:47:18.999692404Z logger=secret-migrator t=2026-06-19T12:47:18.999583887Z level=info msg="Migration successfully executed" id="add owner_reference_kind column to secret_secure_value" duration=2.289551ms
2026-06-19T12:47:19.009296547Z logger=secret-migrator t=2026-06-19T12:47:19.009114397Z level=info msg="Executing migration" id="add owner_reference_name column to secret_secure_value"
2026-06-19T12:47:19.011618314Z logger=secret-migrator t=2026-06-19T12:47:19.011399051Z level=info msg="Migration successfully executed" id="add owner_reference_name column to secret_secure_value" duration=2.284551ms
2026-06-19T12:47:19.021681362Z logger=secret-migrator t=2026-06-19T12:47:19.021467004Z level=info msg="Executing migration" id="add lease_token column to secret_secure_value"
2026-06-19T12:47:19.023993582Z logger=secret-migrator t=2026-06-19T12:47:19.023865394Z level=info msg="Migration successfully executed" id="add lease_token column to secret_secure_value" duration=2.399385ms
2026-06-19T12:47:19.034050215Z logger=secret-migrator t=2026-06-19T12:47:19.033882501Z level=info msg="Executing migration" id="add lease_token index to secret_secure_value"
2026-06-19T12:47:19.034877903Z logger=secret-migrator t=2026-06-19T12:47:19.034679767Z level=info msg="Migration successfully executed" id="add lease_token index to secret_secure_value" duration=799.357µs
2026-06-19T12:47:19.044733732Z logger=secret-migrator t=2026-06-19T12:47:19.044268799Z level=info msg="Executing migration" id="add lease_created column to secret_secure_value"
2026-06-19T12:47:19.046830954Z logger=secret-migrator t=2026-06-19T12:47:19.046681737Z level=info msg="Migration successfully executed" id="add lease_created column to secret_secure_value" duration=2.407406ms
2026-06-19T12:47:19.056730230Z logger=secret-migrator t=2026-06-19T12:47:19.056357996Z level=info msg="Executing migration" id="add lease_created index to secret_secure_value"
2026-06-19T12:47:19.057342745Z logger=secret-migrator t=2026-06-19T12:47:19.057211573Z level=info msg="Migration successfully executed" id="add lease_created index to secret_secure_value" duration=858.066µs
2026-06-19T12:47:19.067252971Z logger=secret-migrator t=2026-06-19T12:47:19.067119642Z level=info msg="Executing migration" id="add data_key_id column to secret_encrypted_value"
2026-06-19T12:47:19.070146974Z logger=secret-migrator t=2026-06-19T12:47:19.06985751Z level=info msg="Migration successfully executed" id="add data_key_id column to secret_encrypted_value" duration=2.738722ms
2026-06-19T12:47:19.079551072Z logger=secret-migrator t=2026-06-19T12:47:19.079341673Z level=info msg="Executing migration" id="add data_key_id index to secret_encrypted_value"
2026-06-19T12:47:19.080261227Z logger=secret-migrator t=2026-06-19T12:47:19.080150726Z level=info msg="Migration successfully executed" id="add data_key_id index to secret_encrypted_value" duration=809.648µs
2026-06-19T12:47:19.090618456Z logger=secret-migrator t=2026-06-19T12:47:19.089289283Z level=info msg="Executing migration" id="add active column to secret_keeper"
2026-06-19T12:47:19.091672029Z logger=secret-migrator t=2026-06-19T12:47:19.09153757Z level=info msg="Migration successfully executed" id="add active column to secret_keeper" duration=2.245582ms
2026-06-19T12:47:19.101328784Z logger=secret-migrator t=2026-06-19T12:47:19.101051517Z level=info msg="Executing migration" id="add active column index to secret_keeper"
2026-06-19T12:47:19.101850665Z logger=secret-migrator t=2026-06-19T12:47:19.101701958Z level=info msg="Migration successfully executed" id="add active column index to secret_keeper" duration=652.287µs
2026-06-19T12:47:19.111224132Z logger=secret-migrator t=2026-06-19T12:47:19.110997081Z level=info msg="Executing migration" id="set secret_secure_value.keeper to 'system' where keeper is null in secret_secure_value"
2026-06-19T12:47:19.111247179Z logger=secret-migrator t=2026-06-19T12:47:19.111153294Z level=info msg="Migration successfully executed" id="set secret_secure_value.keeper to 'system' where keeper is null in secret_secure_value" duration=160.015µs
2026-06-19T12:47:19.121097114Z logger=secret-migrator t=2026-06-19T12:47:19.120895656Z level=info msg="Executing migration" id="drop my_row_id and add primary key with columns namespace,name,version to table secret_encrypted_value if my_row_id exists (auto-generated mysql column)"
2026-06-19T12:47:19.121241422Z logger=secret-migrator t=2026-06-19T12:47:19.121149051Z level=warn msg="Skipping migration: Already executed, but not recorded in migration log" id="drop my_row_id and add primary key with columns namespace,name,version to table secret_encrypted_value if my_row_id exists (auto-generated mysql column)"
2026-06-19T12:47:19.131124417Z logger=secret-migrator t=2026-06-19T12:47:19.130967476Z level=info msg="Executing migration" id="drop unique index UQE_secret_encrypted_value_namespace_name_version from secret_encrypted_value table if it exists (mysql)"
2026-06-19T12:47:19.131590444Z logger=secret-migrator t=2026-06-19T12:47:19.13138911Z level=info msg="Migration successfully executed" id="drop unique index UQE_secret_encrypted_value_namespace_name_version from secret_encrypted_value table if it exists (mysql)" duration=426.395µs
2026-06-19T12:47:19.141296718Z logger=secret-migrator t=2026-06-19T12:47:19.141053072Z level=info msg="Executing migration" id="add primary key with columns namespace,name,version to table secret_encrypted_value if it doesn't exist (mysql)"
2026-06-19T12:47:19.141314768Z logger=secret-migrator t=2026-06-19T12:47:19.141144021Z level=info msg="Migration successfully executed" id="add primary key with columns namespace,name,version to table secret_encrypted_value if it doesn't exist (mysql)" duration=94.736µs
2026-06-19T12:47:19.153162727Z logger=secret-migrator t=2026-06-19T12:47:19.150848353Z level=info msg="Executing migration" id="add primary key with columns namespace,name,version to table secret_encrypted_value (postgres and sqlite)"
2026-06-19T12:47:19.189853253Z logger=secret-migrator t=2026-06-19T12:47:19.189640017Z level=info msg="Migration successfully executed" id="add primary key with columns namespace,name,version to table secret_encrypted_value (postgres and sqlite)" duration=38.789272ms
2026-06-19T12:47:19.200639691Z logger=secret-migrator t=2026-06-19T12:47:19.199221366Z level=info msg="migrations completed" performed=33 skipped=0 duration=391.361878ms
2026-06-19T12:47:19.200665600Z logger=secret-migrator t=2026-06-19T12:47:19.199565916Z level=info msg="Unlocking database"
2026-06-19T12:47:19.202451953Z logger=resource-db t=2026-06-19T12:47:19.202277765Z level=info msg="Using database section" db_type=sqlite3
2026-06-19T12:47:19.202465540Z logger=resource-db t=2026-06-19T12:47:19.202363664Z level=info msg="Initializing Resource DB" db_type=sqlite3 open_conn=0 in_use_conn=0 idle_conn=0 max_open_conn=0
2026-06-19T12:47:19.202950626Z logger=resource-migrator t=2026-06-19T12:47:19.202872545Z level=info msg="Locking database"
2026-06-19T12:47:19.202962205Z logger=resource-migrator t=2026-06-19T12:47:19.20289074Z level=info msg="Starting DB migrations"
2026-06-19T12:47:19.205373337Z logger=resource-migrator t=2026-06-19T12:47:19.205297387Z level=info msg="Executing migration" id="create resource_migration_log table"
2026-06-19T12:47:19.205822326Z logger=resource-migrator t=2026-06-19T12:47:19.205734545Z level=info msg="Migration successfully executed" id="create resource_migration_log table" duration=436.903µs
2026-06-19T12:47:19.215209587Z logger=resource-migrator t=2026-06-19T12:47:19.215088991Z level=info msg="Executing migration" id="Initialize resource tables"
2026-06-19T12:47:19.215224205Z logger=resource-migrator t=2026-06-19T12:47:19.215119509Z level=info msg="Migration successfully executed" id="Initialize resource tables" duration=31.782µs
2026-06-19T12:47:19.224928152Z logger=resource-migrator t=2026-06-19T12:47:19.224773598Z level=info msg="Executing migration" id="drop table resource"
2026-06-19T12:47:19.225148491Z logger=resource-migrator t=2026-06-19T12:47:19.225002808Z level=info msg="Migration successfully executed" id="drop table resource" duration=228.658µs
2026-06-19T12:47:19.234781539Z logger=resource-migrator t=2026-06-19T12:47:19.234598214Z level=info msg="Executing migration" id="create table resource"
2026-06-19T12:47:19.235307975Z logger=resource-migrator t=2026-06-19T12:47:19.235144512Z level=info msg="Migration successfully executed" id="create table resource" duration=548.251µs
2026-06-19T12:47:19.244867956Z logger=resource-migrator t=2026-06-19T12:47:19.244667123Z level=info msg="Executing migration" id="create table resource, index: 0"
2026-06-19T12:47:19.245394292Z logger=resource-migrator t=2026-06-19T12:47:19.245269654Z level=info msg="Migration successfully executed" id="create table resource, index: 0" duration=604.845µs
2026-06-19T12:47:19.255301225Z logger=resource-migrator t=2026-06-19T12:47:19.254782779Z level=info msg="Executing migration" id="drop table resource_history"
2026-06-19T12:47:19.255316943Z logger=resource-migrator t=2026-06-19T12:47:19.254903197Z level=info msg="Migration successfully executed" id="drop table resource_history" duration=123.449µs
2026-06-19T12:47:19.264675527Z logger=resource-migrator t=2026-06-19T12:47:19.263844299Z level=info msg="Executing migration" id="create table resource_history"
2026-06-19T12:47:19.264703870Z logger=resource-migrator t=2026-06-19T12:47:19.264421652Z level=info msg="Migration successfully executed" id="create table resource_history" duration=576.61µs
2026-06-19T12:47:19.274602757Z logger=resource-migrator t=2026-06-19T12:47:19.273933005Z level=info msg="Executing migration" id="create table resource_history, index: 0"
2026-06-19T12:47:19.274889406Z logger=resource-migrator t=2026-06-19T12:47:19.274772769Z level=info msg="Migration successfully executed" id="create table resource_history, index: 0" duration=842.483µs
2026-06-19T12:47:19.285516721Z logger=resource-migrator t=2026-06-19T12:47:19.284428758Z level=info msg="Executing migration" id="create table resource_history, index: 1"
2026-06-19T12:47:19.285530081Z logger=resource-migrator t=2026-06-19T12:47:19.285235441Z level=info msg="Migration successfully executed" id="create table resource_history, index: 1" duration=805.846µs
2026-06-19T12:47:19.295367833Z logger=resource-migrator t=2026-06-19T12:47:19.294907382Z level=info msg="Executing migration" id="drop table resource_version"
2026-06-19T12:47:19.295379459Z logger=resource-migrator t=2026-06-19T12:47:19.295004635Z level=info msg="Migration successfully executed" id="drop table resource_version" duration=100.436µs
2026-06-19T12:47:19.304664291Z logger=resource-migrator t=2026-06-19T12:47:19.30419616Z level=info msg="Executing migration" id="create table resource_version"
2026-06-19T12:47:19.305089990Z logger=resource-migrator t=2026-06-19T12:47:19.304962226Z level=info msg="Migration successfully executed" id="create table resource_version" duration=763.877µs
2026-06-19T12:47:19.314662203Z logger=resource-migrator t=2026-06-19T12:47:19.314392387Z level=info msg="Executing migration" id="create table resource_version, index: 0"
2026-06-19T12:47:19.315136954Z logger=resource-migrator t=2026-06-19T12:47:19.31502567Z level=info msg="Migration successfully executed" id="create table resource_version, index: 0" duration=638.753µs
2026-06-19T12:47:19.324867325Z logger=resource-migrator t=2026-06-19T12:47:19.324633496Z level=info msg="Executing migration" id="drop table resource_blob"
2026-06-19T12:47:19.324893828Z logger=resource-migrator t=2026-06-19T12:47:19.324759164Z level=info msg="Migration successfully executed" id="drop table resource_blob" duration=274.934µs
2026-06-19T12:47:19.334333310Z logger=resource-migrator t=2026-06-19T12:47:19.334093221Z level=info msg="Executing migration" id="create table resource_blob"
2026-06-19T12:47:19.334888368Z logger=resource-migrator t=2026-06-19T12:47:19.334694932Z level=info msg="Migration successfully executed" id="create table resource_blob" duration=602.509µs
2026-06-19T12:47:19.344410847Z logger=resource-migrator t=2026-06-19T12:47:19.344186128Z level=info msg="Executing migration" id="create table resource_blob, index: 0"
2026-06-19T12:47:19.345208926Z logger=resource-migrator t=2026-06-19T12:47:19.344973515Z level=info msg="Migration successfully executed" id="create table resource_blob, index: 0" duration=789.796µs
2026-06-19T12:47:19.354591701Z logger=resource-migrator t=2026-06-19T12:47:19.354393552Z level=info msg="Executing migration" id="create table resource_blob, index: 1"
2026-06-19T12:47:19.355187272Z logger=resource-migrator t=2026-06-19T12:47:19.355018817Z level=info msg="Migration successfully executed" id="create table resource_blob, index: 1" duration=627.89µs
2026-06-19T12:47:19.364814139Z logger=resource-migrator t=2026-06-19T12:47:19.364428401Z level=info msg="Executing migration" id="drop table resource_last_import_time"
2026-06-19T12:47:19.364876009Z logger=resource-migrator t=2026-06-19T12:47:19.364654286Z level=info msg="Migration successfully executed" id="drop table resource_last_import_time" duration=230.152µs
2026-06-19T12:47:19.374333825Z logger=resource-migrator t=2026-06-19T12:47:19.374173898Z level=info msg="Executing migration" id="create table resource_last_import_time"
2026-06-19T12:47:19.374937019Z logger=resource-migrator t=2026-06-19T12:47:19.374780452Z level=info msg="Migration successfully executed" id="create table resource_last_import_time" duration=606.486µs
2026-06-19T12:47:19.385024278Z logger=resource-migrator t=2026-06-19T12:47:19.384881172Z level=info msg="Executing migration" id="Add column previous_resource_version in resource_history"
2026-06-19T12:47:19.387462933Z logger=resource-migrator t=2026-06-19T12:47:19.387326724Z level=info msg="Migration successfully executed" id="Add column previous_resource_version in resource_history" duration=2.446017ms
2026-06-19T12:47:19.397592206Z logger=resource-migrator t=2026-06-19T12:47:19.397370562Z level=info msg="Executing migration" id="Add column previous_resource_version in resource"
2026-06-19T12:47:19.400069641Z logger=resource-migrator t=2026-06-19T12:47:19.39987979Z level=info msg="Migration successfully executed" id="Add column previous_resource_version in resource" duration=2.50852ms
2026-06-19T12:47:19.409822155Z logger=resource-migrator t=2026-06-19T12:47:19.409622944Z level=info msg="Executing migration" id="Add index to resource_history for polling"
2026-06-19T12:47:19.410660738Z logger=resource-migrator t=2026-06-19T12:47:19.4103833Z level=info msg="Migration successfully executed" id="Add index to resource_history for polling" duration=761.093µs
2026-06-19T12:47:19.420136126Z logger=resource-migrator t=2026-06-19T12:47:19.419942032Z level=info msg="Executing migration" id="Add index to resource for loading"
2026-06-19T12:47:19.420781637Z logger=resource-migrator t=2026-06-19T12:47:19.420683001Z level=info msg="Migration successfully executed" id="Add index to resource for loading" duration=741.606µs
2026-06-19T12:47:19.430617768Z logger=resource-migrator t=2026-06-19T12:47:19.429936547Z level=info msg="Executing migration" id="Add column folder in resource_history"
2026-06-19T12:47:19.433113831Z logger=resource-migrator t=2026-06-19T12:47:19.432932917Z level=info msg="Migration successfully executed" id="Add column folder in resource_history" duration=2.993547ms
2026-06-19T12:47:19.442596026Z logger=resource-migrator t=2026-06-19T12:47:19.442381484Z level=info msg="Executing migration" id="Add column folder in resource"
2026-06-19T12:47:19.445586211Z logger=resource-migrator t=2026-06-19T12:47:19.445282379Z level=info msg="Migration successfully executed" id="Add column folder in resource" duration=2.900153ms
2026-06-19T12:47:19.454923210Z logger=resource-migrator t=2026-06-19T12:47:19.454704358Z level=info msg="Executing migration" id="Migrate DeletionMarkers to real Resource objects"
2026-06-19T12:47:19.454996444Z logger=deletion-marker-migrator t=2026-06-19T12:47:19.454748351Z level=info msg="finding any deletion markers"
2026-06-19T12:47:19.455210441Z logger=resource-migrator t=2026-06-19T12:47:19.45506376Z level=info msg="Migration successfully executed" id="Migrate DeletionMarkers to real Resource objects" duration=361.926µs
2026-06-19T12:47:19.465141643Z logger=resource-migrator t=2026-06-19T12:47:19.464963001Z level=info msg="Executing migration" id="Add index to resource_history for get trash"
2026-06-19T12:47:19.465760923Z logger=resource-migrator t=2026-06-19T12:47:19.46563827Z level=info msg="Migration successfully executed" id="Add index to resource_history for get trash" duration=677.686µs
2026-06-19T12:47:19.475171149Z logger=resource-migrator t=2026-06-19T12:47:19.47495388Z level=info msg="Executing migration" id="Add generation to resource history"
2026-06-19T12:47:19.478102382Z logger=resource-migrator t=2026-06-19T12:47:19.477863244Z level=info msg="Migration successfully executed" id="Add generation to resource history" duration=2.90726ms
2026-06-19T12:47:19.488119251Z logger=resource-migrator t=2026-06-19T12:47:19.487904607Z level=info msg="Executing migration" id="Add generation index to resource history"
2026-06-19T12:47:19.489059297Z logger=resource-migrator t=2026-06-19T12:47:19.488815853Z level=info msg="Migration successfully executed" id="Add generation index to resource history" duration=910.886µs
2026-06-19T12:47:19.499263067Z logger=resource-migrator t=2026-06-19T12:47:19.49900653Z level=info msg="Executing migration" id="Add UQE_resource_last_import_time_last_import_time index"
2026-06-19T12:47:19.499950185Z logger=resource-migrator t=2026-06-19T12:47:19.499789823Z level=info msg="Migration successfully executed" id="Add UQE_resource_last_import_time_last_import_time index" duration=784.918µs
2026-06-19T12:47:19.509765196Z logger=resource-migrator t=2026-06-19T12:47:19.509518397Z level=info msg="Executing migration" id="Add key_path column to resource_history"
2026-06-19T12:47:19.512126530Z logger=resource-migrator t=2026-06-19T12:47:19.511935379Z level=info msg="Migration successfully executed" id="Add key_path column to resource_history" duration=2.445407ms
2026-06-19T12:47:19.522046448Z logger=resource-migrator t=2026-06-19T12:47:19.521824479Z level=info msg="Executing migration" id="create table resource_events"
2026-06-19T12:47:19.522640551Z logger=resource-migrator t=2026-06-19T12:47:19.522465547Z level=info msg="Migration successfully executed" id="create table resource_events" duration=641.881µs
2026-06-19T12:47:19.532324667Z logger=resource-migrator t=2026-06-19T12:47:19.532163226Z level=info msg="Executing migration" id="Add IDX_resource_history_key_path index"
2026-06-19T12:47:19.533120187Z logger=resource-migrator t=2026-06-19T12:47:19.532989021Z level=info msg="Migration successfully executed" id="Add IDX_resource_history_key_path index" duration=828.793µs
2026-06-19T12:47:19.542762240Z logger=resource-migrator t=2026-06-19T12:47:19.542588021Z level=info msg="Executing migration" id="drop my_row_id and add primary key with columns group,resource to table resource_version if my_row_id exists (auto-generated mysql column)"
2026-06-19T12:47:19.542961035Z logger=resource-migrator t=2026-06-19T12:47:19.54286475Z level=warn msg="Skipping migration: Already executed, but not recorded in migration log" id="drop my_row_id and add primary key with columns group,resource to table resource_version if my_row_id exists (auto-generated mysql column)"
2026-06-19T12:47:19.553059316Z logger=resource-migrator t=2026-06-19T12:47:19.552882307Z level=info msg="Executing migration" id="drop unique index UQE_resource_version_group_resource from resource_version table if it exists (mysql)"
2026-06-19T12:47:19.553346199Z logger=resource-migrator t=2026-06-19T12:47:19.553198106Z level=info msg="Migration successfully executed" id="drop unique index UQE_resource_version_group_resource from resource_version table if it exists (mysql)" duration=318.632µs
2026-06-19T12:47:19.563077693Z logger=resource-migrator t=2026-06-19T12:47:19.562853477Z level=info msg="Executing migration" id="add primary key with columns group,resource to table resource_version if it doesn't exist (mysql)"
2026-06-19T12:47:19.563096698Z logger=resource-migrator t=2026-06-19T12:47:19.562888127Z level=info msg="Migration successfully executed" id="add primary key with columns group,resource to table resource_version if it doesn't exist (mysql)" duration=37.736µs
2026-06-19T12:47:19.572793853Z logger=resource-migrator t=2026-06-19T12:47:19.572392214Z level=info msg="Executing migration" id="add primary key with columns group,resource to table resource_version (postgres and sqlite)"
2026-06-19T12:47:19.580020066Z logger=resource-migrator t=2026-06-19T12:47:19.579788538Z level=info msg="Migration successfully executed" id="add primary key with columns group,resource to table resource_version (postgres and sqlite)" duration=7.393742ms
2026-06-19T12:47:19.590283170Z logger=resource-migrator t=2026-06-19T12:47:19.590114288Z level=info msg="Executing migration" id="Change key_path collation of resource_history in postgres"
2026-06-19T12:47:19.590302799Z logger=resource-migrator t=2026-06-19T12:47:19.590152919Z level=info msg="Migration successfully executed" id="Change key_path collation of resource_history in postgres" duration=41.081µs
2026-06-19T12:47:19.605366191Z logger=resource-migrator t=2026-06-19T12:47:19.603928902Z level=info msg="Executing migration" id="Change key_path collation of resource_events in postgres"
2026-06-19T12:47:19.605384322Z logger=resource-migrator t=2026-06-19T12:47:19.604680159Z level=info msg="Migration successfully executed" id="Change key_path collation of resource_events in postgres" duration=754.088µs
2026-06-19T12:47:19.617684116Z logger=resource-migrator t=2026-06-19T12:47:19.61746859Z level=info msg="Executing migration" id="resource_history key_path backfill"
2026-06-19T12:47:19.618171018Z logger=resource-migrator t=2026-06-19T12:47:19.618017612Z level=info msg="Migration successfully executed" id="resource_history key_path backfill" duration=551.522µs
2026-06-19T12:47:19.627799205Z logger=resource-migrator t=2026-06-19T12:47:19.627633216Z level=info msg="Executing migration" id="Add index to resource_history for garbage collection"
2026-06-19T12:47:19.628793434Z logger=resource-migrator t=2026-06-19T12:47:19.628479476Z level=info msg="Migration successfully executed" id="Add index to resource_history for garbage collection" duration=857.45µs
2026-06-19T12:47:19.639394521Z logger=resource-migrator t=2026-06-19T12:47:19.638472898Z level=info msg="Executing migration" id="Fix small resource versions"
2026-06-19T12:47:19.639406420Z logger=resource-migrator t=2026-06-19T12:47:19.638924517Z level=info msg="Migration successfully executed" id="Fix small resource versions" duration=449.27µs
2026-06-19T12:47:19.649123446Z logger=resource-migrator t=2026-06-19T12:47:19.648853391Z level=info msg="Executing migration" id="create table pending_tenant_deletions"
2026-06-19T12:47:19.649839350Z logger=resource-migrator t=2026-06-19T12:47:19.649684923Z level=info msg="Migration successfully executed" id="create table pending_tenant_deletions" duration=831.509µs
2026-06-19T12:47:19.659748146Z logger=resource-migrator t=2026-06-19T12:47:19.65943986Z level=info msg="Executing migration" id="Change key_path collation of pending_tenant_deletions in postgres"
2026-06-19T12:47:19.660064117Z logger=resource-migrator t=2026-06-19T12:47:19.65957149Z level=info msg="Migration successfully executed" id="Change key_path collation of pending_tenant_deletions in postgres" duration=134.882µs
2026-06-19T12:47:19.669627649Z logger=resource-migrator t=2026-06-19T12:47:19.669072874Z level=info msg="migrations completed" performed=43 skipped=0 duration=463.808508ms
2026-06-19T12:47:19.669645089Z logger=resource-migrator t=2026-06-19T12:47:19.669474633Z level=info msg="Unlocking database"
2026-06-19T12:47:19.672009543Z t=2026-06-19T12:47:19.67185849Z level=info caller=logger.go:214 time=2026-06-19T12:47:19.671836689Z msg="Using channel notifier" logger=sql-resource-server
2026-06-19T12:47:19.673082505Z logger=resource-search t=2026-06-19T12:47:19.672907725Z level=info msg="search index initialized" duration_secs=0 total_docs=0
2026-06-19T12:47:19.680973666Z logger=unifiedstorage-migrator t=2026-06-19T12:47:19.680026289Z level=info msg="Locking database"
2026-06-19T12:47:19.681244305Z logger=unifiedstorage-migrator t=2026-06-19T12:47:19.680499431Z level=info msg="Starting DB migrations"
2026-06-19T12:47:19.687013034Z logger=unifiedstorage-migrator t=2026-06-19T12:47:19.686863044Z level=info msg="Executing migration" id="create unifiedstorage_migration_log table"
2026-06-19T12:47:19.688723101Z logger=unifiedstorage-migrator t=2026-06-19T12:47:19.68799551Z level=info msg="Migration successfully executed" id="create unifiedstorage_migration_log table" duration=1.129951ms
2026-06-19T12:47:19.702173931Z logger=unifiedstorage-migrator t=2026-06-19T12:47:19.702039355Z level=info msg="migrations completed" performed=1 skipped=0 duration=15.244146ms
2026-06-19T12:47:19.702562918Z logger=unifiedstorage-migrator t=2026-06-19T12:47:19.702467454Z level=info msg="Unlocking database"
2026-06-19T12:47:19.702687317Z logger=storage.unified.migrations t=2026-06-19T12:47:19.702627923Z level=info msg="Running migrations for unified storage"
2026-06-19T12:47:19.702844418Z logger=storage.unified.migrations t=2026-06-19T12:47:19.702780368Z level=info msg="Migration is disabled in config, skipping" migration=shorturls
2026-06-19T12:47:19.702857910Z logger=storage.unified.migrations t=2026-06-19T12:47:19.702793701Z level=info msg="Migration is disabled in config, skipping" migration=datasource
2026-06-19T12:47:19.702861039Z logger=storage.unified.migrations t=2026-06-19T12:47:19.70279984Z level=info msg="Migration is disabled in config, skipping" migration=stars
2026-06-19T12:47:19.702926344Z logger=unifiedstorage-migrator t=2026-06-19T12:47:19.702874001Z level=info msg="Locking database"
2026-06-19T12:47:19.702951128Z logger=unifiedstorage-migrator t=2026-06-19T12:47:19.702926405Z level=info msg="Starting DB migrations"
2026-06-19T12:47:19.703415401Z logger=unifiedstorage-migrator t=2026-06-19T12:47:19.703316457Z level=info msg="Executing migration" id="folders and dashboards migration"
2026-06-19T12:47:19.703658506Z logger=storage.unified.migration_runner.folders-dashboards t=2026-06-19T12:47:19.703576413Z level=info msg="Starting migration for all organizations" org_count=1 resources="[folders.folder.grafana.app dashboards.dashboard.grafana.app]"
2026-06-19T12:47:19.703925890Z logger=storage.unified.migration_runner.folders-dashboards t=2026-06-19T12:47:19.703829259Z level=info msg="Stored migrator transaction in context for bulk operations (SQLite compatibility)"
2026-06-19T12:47:19.703937975Z logger=storage.unified.migration_runner.folders-dashboards t=2026-06-19T12:47:19.703878108Z level=info msg="Migrating organization" org_id=1 namespace=default
2026-06-19T12:47:19.704085543Z logger=storage.unified.migrator t=2026-06-19T12:47:19.704019805Z level=info msg="start migrating legacy resources" namespace=default orgId=1 stackId=0
2026-06-19T12:47:19.704223512Z logger=storage.unified.migration_runner.folders-dashboards t=2026-06-19T12:47:19.704153408Z level=info msg="Migration progress" org_id=1 count=-1 message="migrating folders..."
2026-06-19T12:47:19.705076173Z t=2026-06-19T12:47:19.704764342Z level=info caller=logger.go:214 time=2026-06-19T12:47:19.704751522Z msg="Using SQLite transaction from client context" logger=sql-resource-server
2026-06-19T12:47:19.707935821Z logger=storage.unified.migration_runner.folders-dashboards t=2026-06-19T12:47:19.707839071Z level=info msg="Migration progress" org_id=1 count=-2 message="finished folders... (0)"
2026-06-19T12:47:19.707947897Z logger=storage.unified.migration_runner.folders-dashboards t=2026-06-19T12:47:19.707863211Z level=info msg="Migration progress" org_id=1 count=-1 message="migrating dashboards..."
2026-06-19T12:47:19.708359974Z logger=storage.unified.migration_runner.folders-dashboards t=2026-06-19T12:47:19.708262096Z level=info msg="Migration progress" org_id=1 count=-2 message="finished dashboards... (0)"
2026-06-19T12:47:19.708367680Z logger=storage.unified.migrator t=2026-06-19T12:47:19.708282204Z level=info msg="finished migrating legacy resources" namespace=default orgId=1 stackId=0
2026-06-19T12:47:19.708472919Z t=2026-06-19T12:47:19.708395798Z level=info caller=logger.go:214 time=2026-06-19T12:47:19.708381217Z msg="synchronize collection" key=default/folder.grafana.app/folders
2026-06-19T12:47:19.709509298Z t=2026-06-19T12:47:19.709388696Z level=info caller=logger.go:214 time=2026-06-19T12:47:19.709377208Z msg="get stats (still in transaction)" key=default/folder.grafana.app/folders
2026-06-19T12:47:19.710754154Z t=2026-06-19T12:47:19.710640241Z level=info caller=logger.go:214 time=2026-06-19T12:47:19.710629672Z msg="successfully locked RV" logger=sql-resource-server nextRV=1781873239710004 key=default/folder.grafana.app/folders
2026-06-19T12:47:19.711038519Z t=2026-06-19T12:47:19.710960165Z level=info caller=logger.go:214 time=2026-06-19T12:47:19.710951024Z msg="successfully saved RV" logger=sql-resource-server rv=1781873239710004 key=default/folder.grafana.app/folders
2026-06-19T12:47:19.711408152Z t=2026-06-19T12:47:19.711329855Z level=info caller=logger.go:214 time=2026-06-19T12:47:19.711322248Z msg="synchronize collection" key=default/dashboard.grafana.app/dashboards
2026-06-19T12:47:19.712267678Z t=2026-06-19T12:47:19.712167402Z level=info caller=logger.go:214 time=2026-06-19T12:47:19.712159076Z msg="get stats (still in transaction)" key=default/dashboard.grafana.app/dashboards
2026-06-19T12:47:19.713206953Z t=2026-06-19T12:47:19.713117792Z level=info caller=logger.go:214 time=2026-06-19T12:47:19.713109357Z msg="successfully locked RV" logger=sql-resource-server nextRV=1781873239712016 key=default/dashboard.grafana.app/dashboards
2026-06-19T12:47:19.713461931Z t=2026-06-19T12:47:19.713377019Z level=info caller=logger.go:214 time=2026-06-19T12:47:19.713366966Z msg="successfully saved RV" logger=sql-resource-server rv=1781873239712016 key=default/dashboard.grafana.app/dashboards
2026-06-19T12:47:19.714012195Z logger=storage.unified.migrator t=2026-06-19T12:47:19.713919849Z level=info msg="start rebuilding index for resources" namespace=default orgId=1 resources="[folders.folder.grafana.app dashboards.dashboard.grafana.app]"
2026-06-19T12:47:19.716651330Z logger=storage.unified.migrator t=2026-06-19T12:47:19.716499917Z level=info msg="finished rebuilding index for resources" namespace=default orgId=1 resources="[folders.folder.grafana.app dashboards.dashboard.grafana.app]"
2026-06-19T12:47:19.717418127Z logger=storage.unified.migration_runner.folders-dashboards t=2026-06-19T12:47:19.716816635Z level=info msg="Count validation" resource=folders.folder.grafana.app namespace=default legacy_count=0 unified_count=0 migration_summary_count=0 rejected=0 history=0
2026-06-19T12:47:19.717423405Z logger=storage.unified.migration_runner.folders-dashboards t=2026-06-19T12:47:19.716952922Z level=info msg="Count validation" resource=dashboards.dashboard.grafana.app namespace=default legacy_count=0 unified_count=0 migration_summary_count=0 rejected=0 history=0
2026-06-19T12:47:19.717430112Z logger=storage.unified.migration_runner.folders-dashboards t=2026-06-19T12:47:19.717117352Z level=info msg="Folder tree structure validation passed" folder_count=0 namespace=default
2026-06-19T12:47:19.717432316Z logger=storage.unified.migration_runner.folders-dashboards t=2026-06-19T12:47:19.717133428Z level=info msg="Migration completed for organization" org_id=1 duration=13.223235ms processed=0 summaries=2 rejected=0
2026-06-19T12:47:19.717434466Z logger=storage.unified.migration_runner.folders-dashboards t=2026-06-19T12:47:19.717144149Z level=info msg="Migration completed successfully for all organizations" org_count=1
2026-06-19T12:47:19.717442892Z logger=unifiedstorage-migrator t=2026-06-19T12:47:19.717150265Z level=info msg="Migration successfully executed" id="folders and dashboards migration" duration=13.834075ms
2026-06-19T12:47:19.726875753Z logger=unifiedstorage-migrator t=2026-06-19T12:47:19.726733914Z level=info msg="Executing migration" id="playlists migration"
2026-06-19T12:47:19.727047040Z logger=storage.unified.migration_runner.playlists t=2026-06-19T12:47:19.726934851Z level=info msg="Starting migration for all organizations" org_count=1 resources=[playlists.playlist.grafana.app]
2026-06-19T12:47:19.727053868Z logger=storage.unified.migration_runner.playlists t=2026-06-19T12:47:19.726981911Z level=info msg="Stored migrator transaction in context for bulk operations (SQLite compatibility)"
2026-06-19T12:47:19.727250421Z logger=storage.unified.migration_runner.playlists t=2026-06-19T12:47:19.727159475Z level=info msg="Migration is not required, the legacy SQL table does not exist" table=playlist
2026-06-19T12:47:19.727261737Z logger=unifiedstorage-migrator t=2026-06-19T12:47:19.727174972Z level=info msg="Migration successfully executed" id="playlists migration" duration=442.615µs
2026-06-19T12:47:19.737149802Z logger=unifiedstorage-migrator t=2026-06-19T12:47:19.736922165Z level=info msg="migrations completed" performed=2 skipped=1 duration=33.6904ms
2026-06-19T12:47:19.737549321Z logger=unifiedstorage-migrator t=2026-06-19T12:47:19.737380852Z level=info msg="Unlocking database"
2026-06-19T12:47:19.737966443Z logger=storage.unified.migrations t=2026-06-19T12:47:19.737790901Z level=info msg="Unified storage migrations completed successfully"
2026-06-19T12:47:19.739069127Z logger=annotations t=2026-06-19T12:47:19.738525063Z level=info msg="Starting annotation dashboard_uid migration in background"
2026-06-19T12:47:19.739080602Z logger=annotations t=2026-06-19T12:47:19.738545605Z level=info msg="Starting batched dashboard_uid migration for annotations (newest first)" batchSize=5000
2026-06-19T12:47:19.739084041Z logger=annotations t=2026-06-19T12:47:19.738969051Z level=info msg="Completed dashboard_uid migration for annotations" totalUpdated=0
2026-06-19T12:47:19.739086520Z logger=annotations t=2026-06-19T12:47:19.73898922Z level=info msg="Annotation dashboard_uid migration completed successfully"
2026-06-19T12:47:19.742179462Z logger=storage.unified.migrations t=2026-06-19T12:47:19.742034758Z level=info msg="Resolved storage mode from migration log" resource=folders.folder.grafana.app mode=unified
2026-06-19T12:47:19.747039041Z logger=live.push_http t=2026-06-19T12:47:19.746892926Z level=info msg="Live Push Gateway initialization"
2026-06-19T12:47:19.748458523Z logger=ngalert.notifier t=2026-06-19T12:47:19.748293668Z level=info component=alertmanager orgID=1 msg="template definitions loaded" mimir=0 grafana=0 total=0 maxTemplateOutput=10485760
2026-06-19T12:47:19.751600873Z logger=ngalert.notifier component=alertmanager orgID=1 t=2026-06-19T12:47:19.751112076Z level=info msg="Applying new configuration to Alertmanager" configHash="{16778549912962373901 16454292769479786371 11334157631281353376 13684829433332818750 9889444224312429563 10278876130067529486 13274274624283075277 5144611013662998819}"
2026-06-19T12:47:19.751613044Z logger=ngalert.notifier t=2026-06-19T12:47:19.751155153Z level=info component=alertmanager orgID=1 msg="template definitions loaded" mimir=0 grafana=0 total=0 maxTemplateOutput=10485760
2026-06-19T12:47:19.773890809Z logger=ngalert.writer t=2026-06-19T12:47:19.773719353Z level=info msg="Setting up remote write using data sources" timeout=10s default_datasource_uid=
2026-06-19T12:47:19.774063435Z logger=ngalert t=2026-06-19T12:47:19.773818472Z level=info msg="Using protobuf-based alert instance store"
2026-06-19T12:47:19.774069907Z logger=ngalert.state.manager.persist t=2026-06-19T12:47:19.773837879Z level=info msg="Using sync rule state persister (compressed)"
2026-06-19T12:47:19.775355303Z logger=query_data t=2026-06-19T12:47:19.774998136Z level=info msg="Query Service initialization"
2026-06-19T12:47:19.814934649Z logger=annotation.app t=2026-06-19T12:47:19.814709647Z level=info msg="Starting annotation cleanup loop" interval=24h0m0s retention=2160h0m0s
2026-06-19T12:47:19.816731775Z logger=infra.usagestats.collector t=2026-06-19T12:47:19.816606802Z level=info msg="registering usage stat providers" usageStatsProvidersLen=2
2026-06-19T12:47:21.081776771Z logger=backgroundsvcs.managerAdapter t=2026-06-19T12:47:21.081627015Z level=info msg=starting module=tracing
2026-06-19T12:47:21.082092220Z logger=backgroundsvcs.managerAdapter t=2026-06-19T12:47:21.082013966Z level=info msg=starting module=grafana-apiserver
2026-06-19T12:47:21.548598723Z logger=grafana-apiserver t=2026-06-19T12:47:21.548370333Z level=info msg="Adding GroupVersion dashboard.grafana.app v2 to ResourceManager"
2026-06-19T12:47:21.549152313Z logger=grafana-apiserver t=2026-06-19T12:47:21.549042031Z level=info msg="Adding GroupVersion dashboard.grafana.app v2beta1 to ResourceManager"
2026-06-19T12:47:21.549699099Z logger=grafana-apiserver t=2026-06-19T12:47:21.54960081Z level=info msg="Adding GroupVersion dashboard.grafana.app v2alpha1 to ResourceManager"
2026-06-19T12:47:21.550450883Z logger=grafana-apiserver t=2026-06-19T12:47:21.55034424Z level=info msg="Adding GroupVersion dashboard.grafana.app v0alpha1 to ResourceManager"
2026-06-19T12:47:21.550909597Z logger=grafana-apiserver t=2026-06-19T12:47:21.550812528Z level=info msg="Adding GroupVersion dashboard.grafana.app v1 to ResourceManager"
2026-06-19T12:47:21.551390191Z logger=grafana-apiserver t=2026-06-19T12:47:21.551279542Z level=info msg="Adding GroupVersion dashboard.grafana.app v1beta1 to ResourceManager"
2026-06-19T12:47:21.551546023Z t=2026-06-19T12:47:21.551455105Z level=info caller=logger.go:214 time=2026-06-19T12:47:21.551442909Z msg="Zanzana is not enabled; skipping folder propagation hooks"
2026-06-19T12:47:21.551602678Z t=2026-06-19T12:47:21.551555019Z level=info caller=logger.go:214 time=2026-06-19T12:47:21.55154829Z msg="Zanzana is not enabled; skipping folder propagation hooks"
2026-06-19T12:47:21.552654479Z logger=grafana-apiserver t=2026-06-19T12:47:21.552575822Z level=info msg="Adding GroupVersion folder.grafana.app v1 to ResourceManager"
2026-06-19T12:47:21.553296059Z logger=grafana-apiserver t=2026-06-19T12:47:21.553187919Z level=info msg="Adding GroupVersion folder.grafana.app v1beta1 to ResourceManager"
2026-06-19T12:47:21.554117728Z logger=grafana-apiserver t=2026-06-19T12:47:21.554028417Z level=info msg="Adding GroupVersion userstorage.grafana.app v0alpha1 to ResourceManager"
2026-06-19T12:47:21.554760481Z logger=grafana-apiserver t=2026-06-19T12:47:21.554670752Z level=info msg="Adding GroupVersion preferences.grafana.app v1alpha1 to ResourceManager"
2026-06-19T12:47:21.558878533Z logger=grafana-apiserver t=2026-06-19T12:47:21.558772321Z level=info msg="Adding GroupVersion provisioning.grafana.app v0alpha1 to ResourceManager"
2026-06-19T12:47:21.561393112Z logger=grafana-apiserver t=2026-06-19T12:47:21.561234982Z level=info msg="Adding GroupVersion provisioning.grafana.app v1beta1 to ResourceManager"
2026-06-19T12:47:21.562550692Z logger=grafana-apiserver t=2026-06-19T12:47:21.562425234Z level=info msg="Adding GroupVersion collections.grafana.app v1alpha1 to ResourceManager"
2026-06-19T12:47:21.562884397Z logger=grafana-apiserver t=2026-06-19T12:47:21.562786655Z level=info msg="Adding GroupVersion features.grafana.app v0alpha1 to ResourceManager"
2026-06-19T12:47:21.563869546Z logger=grafana-apiserver t=2026-06-19T12:47:21.563792641Z level=info msg="Adding GroupVersion playlist.grafana.app v1 to ResourceManager"
2026-06-19T12:47:21.564517637Z logger=grafana-apiserver t=2026-06-19T12:47:21.564388341Z level=info msg="Adding GroupVersion playlist.grafana.app v0alpha1 to ResourceManager"
2026-06-19T12:47:21.564732012Z t=2026-06-19T12:47:21.564526259Z level=info caller=logger.go:214 time=2026-06-19T12:47:21.564512547Z msg="Installed APIs for app" app=playlist
2026-06-19T12:47:21.566465398Z logger=grafana-apiserver t=2026-06-19T12:47:21.56637358Z level=info msg="Adding GroupVersion plugins.grafana.app v0alpha1 to ResourceManager"
2026-06-19T12:47:21.566554455Z t=2026-06-19T12:47:21.566479495Z level=info caller=logger.go:214 time=2026-06-19T12:47:21.566468484Z msg="Installed APIs for app" app=plugins
2026-06-19T12:47:21.567920788Z logger=grafana-apiserver t=2026-06-19T12:47:21.56782807Z level=info msg="Adding GroupVersion example.grafana.app v1alpha1 to ResourceManager"
2026-06-19T12:47:21.569553930Z logger=grafana-apiserver t=2026-06-19T12:47:21.568594054Z level=info msg="Adding GroupVersion example.grafana.app v0alpha1 to ResourceManager"
2026-06-19T12:47:21.569574643Z t=2026-06-19T12:47:21.568858014Z level=info caller=logger.go:214 time=2026-06-19T12:47:21.568846516Z msg="Installed APIs for app" app=example
2026-06-19T12:47:21.569579238Z t=2026-06-19T12:47:21.568967588Z level=warn caller=logger.go:224 time=2026-06-19T12:47:21.568961366Z msg="skipped registering status sub-resource that does not support dual writing" resource=recordingrules.rules.alerting.grafana.app version=v0alpha1 storagePath=recordingrules/status
2026-06-19T12:47:21.569582012Z t=2026-06-19T12:47:21.568985944Z level=warn caller=logger.go:224 time=2026-06-19T12:47:21.568981854Z msg="skipped registering status sub-resource that does not support dual writing" resource=alertrules.rules.alerting.grafana.app version=v0alpha1 storagePath=alertrules/status
2026-06-19T12:47:21.571691482Z logger=grafana-apiserver t=2026-06-19T12:47:21.57139298Z level=info msg="Adding GroupVersion rules.alerting.grafana.app v0alpha1 to ResourceManager"
2026-06-19T12:47:21.571703131Z t=2026-06-19T12:47:21.571542629Z level=info caller=logger.go:214 time=2026-06-19T12:47:21.571529045Z msg="Installed APIs for app" app=alerting
2026-06-19T12:47:21.575165603Z logger=grafana-apiserver t=2026-06-19T12:47:21.575074823Z level=info msg="Adding GroupVersion notifications.alerting.grafana.app v1beta1 to ResourceManager"
2026-06-19T12:47:21.581630971Z logger=grafana-apiserver t=2026-06-19T12:47:21.577115262Z level=info msg="Adding GroupVersion notifications.alerting.grafana.app v0alpha1 to ResourceManager"
2026-06-19T12:47:21.581648594Z t=2026-06-19T12:47:21.57736775Z level=info caller=logger.go:214 time=2026-06-19T12:47:21.577355255Z msg="Installed APIs for app" app=alerting-notifications
2026-06-19T12:47:21.581651746Z logger=grafana-apiserver t=2026-06-19T12:47:21.579546841Z level=info msg="Adding GroupVersion advisor.grafana.app v0alpha1 to ResourceManager"
2026-06-19T12:47:21.581654388Z t=2026-06-19T12:47:21.579886898Z level=info caller=logger.go:214 time=2026-06-19T12:47:21.579877307Z msg="Installed APIs for app" app=advisor
2026-06-19T12:47:22.643907508Z t=2026-06-19T12:47:22.64372378Z level=info caller=logger.go:214 time=2026-06-19T12:47:22.643706802Z msg="App initialized" app=alerting
2026-06-19T12:47:22.644338123Z t=2026-06-19T12:47:22.64423036Z level=info caller=logger.go:214 time=2026-06-19T12:47:22.644220108Z msg="App initialized" app=advisor
2026-06-19T12:47:22.645220404Z t=2026-06-19T12:47:22.645110549Z level=info caller=logger.go:214 time=2026-06-19T12:47:22.645098586Z msg="App initialized" app=example
2026-06-19T12:47:22.645752532Z t=2026-06-19T12:47:22.643934482Z level=info caller=logger.go:214 time=2026-06-19T12:47:22.643921752Z msg="App initialized" app=alerting-notifications
2026-06-19T12:47:22.647606465Z t=2026-06-19T12:47:22.647518824Z level=info caller=logger.go:214 time=2026-06-19T12:47:22.647508746Z msg="App initialized" app=playlist
2026-06-19T12:47:22.647758144Z t=2026-06-19T12:47:22.647700428Z level=info caller=logger.go:214 time=2026-06-19T12:47:22.647689967Z msg="App initialized" app=plugins
2026-06-19T12:47:22.648293462Z t=2026-06-19T12:47:22.648197652Z level=info caller=logger.go:214 time=2026-06-19T12:47:22.648179415Z msg="start concurrent job driver" logger=concurrent-job-driver num_drivers=3 num_drivers=3
2026-06-19T12:47:22.648456012Z t=2026-06-19T12:47:22.648391963Z level=info caller=logger.go:214 time=2026-06-19T12:47:22.648311446Z msg="starting job cleanup controller" logger=job-cleanup-controller cleanup_interval=1m30s expiry=30s
2026-06-19T12:47:22.653762225Z t=2026-06-19T12:47:22.653647499Z level=info caller=logger.go:214 time=2026-06-19T12:47:22.653557227Z msg="Starting RepositoryController" logger=provisioning-repository-controller
2026-06-19T12:47:22.661917165Z logger=backgroundsvcs.managerAdapter t=2026-06-19T12:47:22.661801475Z level=info msg=starting module=plugins.store
2026-06-19T12:47:22.662115087Z logger=backgroundsvcs.managerAdapter t=2026-06-19T12:47:22.662032379Z level=info msg=starting module=plugin.backgroundinstaller
2026-06-19T12:47:22.662204925Z logger=plugin.backgroundinstaller t=2026-06-19T12:47:22.662056675Z level=info msg="Plugins installed" plugins=[]
2026-06-19T12:47:22.662324589Z logger=plugin.backgroundinstaller t=2026-06-19T12:47:22.662147865Z level=info msg="Installing plugins" plugins="[{ID:elasticsearch Version: URL:} {ID:grafana-lokiexplore-app Version: URL:} {ID:grafana-pyroscope-app Version: URL:} {ID:grafana-exploretraces-app Version: URL:} {ID:grafana-metricsdrilldown-app Version: URL:}]"
2026-06-19T12:47:22.663251042Z logger=backgroundsvcs.managerAdapter t=2026-06-19T12:47:22.663161766Z level=info msg=starting module=provisioning
2026-06-19T12:47:22.663426312Z t=2026-06-19T12:47:22.663355982Z level=info caller=logger.go:214 time=2026-06-19T12:47:22.663332885Z msg="start job driver" logger=concurrent-job-driver num_drivers=3 driver_id=0
2026-06-19T12:47:22.665648664Z t=2026-06-19T12:47:22.663973561Z level=info caller=logger.go:214 time=2026-06-19T12:47:22.663953227Z msg="start job driver" logger=concurrent-job-driver num_drivers=3 driver_id=1
2026-06-19T12:47:22.666559000Z t=2026-06-19T12:47:22.664015082Z level=info caller=logger.go:214 time=2026-06-19T12:47:22.664002366Z msg="start job driver" logger=concurrent-job-driver num_drivers=3 driver_id=2
2026-06-19T12:47:22.673597020Z logger=provisioning.datasources t=2026-06-19T12:47:22.673465356Z level=info msg="inserting datasource from configuration" name=VictoriaMetrics uid=P4169E866C3094E38
2026-06-19T12:47:22.747614327Z t=2026-06-19T12:47:22.747186039Z level=info caller=logger.go:214 time=2026-06-19T12:47:22.747168076Z msg="Starting ConnectionController" logger=provisioning-connection-controller
2026-06-19T12:47:22.747635682Z t=2026-06-19T12:47:22.747263271Z level=info caller=logger.go:214 time=2026-06-19T12:47:22.747213097Z msg="Starting workers" logger=provisioning-connection-controller count=1
2026-06-19T12:47:22.747638916Z t=2026-06-19T12:47:22.747280408Z level=info caller=logger.go:214 time=2026-06-19T12:47:22.747275298Z msg="Started workers" logger=provisioning-connection-controller
2026-06-19T12:47:22.754374855Z t=2026-06-19T12:47:22.754145977Z level=info caller=logger.go:214 time=2026-06-19T12:47:22.754116725Z msg="Starting workers" logger=provisioning-repository-controller count=1
2026-06-19T12:47:22.754390133Z t=2026-06-19T12:47:22.754197596Z level=info caller=logger.go:214 time=2026-06-19T12:47:22.754190574Z msg="Started workers" logger=provisioning-repository-controller
2026-06-19T12:47:22.806724295Z logger=provisioning.datasources t=2026-06-19T12:47:22.806589935Z level=info msg="inserting datasource from configuration" name="VictoriaMetrics (DS)" uid=PA144FC3F5C193807
2026-06-19T12:47:22.832218594Z logger=provisioning.alerting t=2026-06-19T12:47:22.832030418Z level=info msg="starting to provision alerting"
2026-06-19T12:47:22.832293862Z logger=provisioning.alerting t=2026-06-19T12:47:22.832067549Z level=info msg="finished to provision alerting"
2026-06-19T12:47:22.856778138Z logger=bleve-backend namespace=default group=dashboard.grafana.app resource=dashboards size=0 reason=search t=2026-06-19T12:47:22.85659483Z level=info msg="Building index using memory"
2026-06-19T12:47:22.857981387Z logger=bleve-backend namespace=default group=dashboard.grafana.app resource=dashboards size=0 reason=search t=2026-06-19T12:47:22.857886089Z level=info msg="Finished building index" elapsed=1.025843ms listRV=1781873239712016
2026-06-19T12:47:22.858167134Z logger=bleve-backend namespace=default group=dashboard.grafana.app resource=dashboards size=0 reason=search t=2026-06-19T12:47:22.858008888Z level=info msg="Storing index in cache" key="{Namespace:default Group:dashboard.grafana.app Resource:dashboards}" expiration=2026-06-19T12:57:22.858003897Z
2026-06-19T12:47:22.869664004Z logger=provisioning.dashboard t=2026-06-19T12:47:22.869476201Z level=info msg="starting to provision dashboards"
2026-06-19T12:47:22.928754502Z logger=plugin.backgroundinstaller t=2026-06-19T12:47:22.928479242Z level=info msg="Installing plugin" pluginId=elasticsearch version=
2026-06-19T12:47:23.115865740Z logger=plugin.installer t=2026-06-19T12:47:23.115567841Z level=info msg="Updating plugin" pluginId=elasticsearch from=12.5.4 to=12.6.4
2026-06-19T12:47:23.119053059Z logger=plugin.elasticsearch t=2026-06-19T12:47:23.118934186Z level=info msg="plugin process exited" plugin=/usr/share/grafana/data/plugins-bundled/elasticsearch/gpx_grafana_elasticsearch_datasource_linux_amd64 id=17
2026-06-19T12:47:23.119554273Z logger=plugin.backgroundinstaller t=2026-06-19T12:47:23.119401554Z level=error msg="Failed to install plugin" pluginId=elasticsearch version= error="unlinkat /usr/share/grafana/data/plugins-bundled/elasticsearch/module.js.map: permission denied"
2026-06-19T12:47:23.119685412Z logger=plugin.backgroundinstaller t=2026-06-19T12:47:23.119637684Z level=info msg="Installing plugin" pluginId=grafana-lokiexplore-app version=
2026-06-19T12:47:23.788888438Z logger=plugin.installer t=2026-06-19T12:47:23.788745083Z level=info msg="Installing plugin" pluginId=grafana-lokiexplore-app version=
2026-06-19T12:47:23.958379604Z logger=provisioning.dashboard t=2026-06-19T12:47:23.95824494Z level=info msg="finished to provision dashboards"
2026-06-19T12:47:23.969981160Z logger=backgroundsvcs.managerAdapter t=2026-06-19T12:47:23.969857136Z level=info msg=starting module=*loginattemptimpl.Service
2026-06-19T12:47:23.970014941Z logger=backgroundsvcs.managerAdapter t=2026-06-19T12:47:23.969982304Z level=info msg=starting module=*ssosettingsimpl.Service
2026-06-19T12:47:23.970098645Z logger=backgroundsvcs.managerAdapter t=2026-06-19T12:47:23.970051372Z level=info msg=starting module=*dualwrite.ZanzanaReconciler
2026-06-19T12:47:23.970164161Z logger=backgroundsvcs.managerAdapter t=2026-06-19T12:47:23.970121705Z level=info msg=starting module=*manager.SecretsService
2026-06-19T12:47:23.970294573Z logger=backgroundsvcs.managerAdapter t=2026-06-19T12:47:23.970231709Z level=info msg=starting module=*authz.EmbeddedZanzanaService
2026-06-19T12:47:23.970359385Z logger=backgroundsvcs.managerAdapter t=2026-06-19T12:47:23.970299705Z level=info msg=starting module=*metric.Service
2026-06-19T12:47:23.970926353Z logger=backgroundsvcs.managerAdapter t=2026-06-19T12:47:23.970820671Z level=info msg=starting module=*store.dummyEntityEventsService
2026-06-19T12:47:23.970973128Z logger=backgroundsvcs.managerAdapter t=2026-06-19T12:47:23.970923357Z level=info msg=starting module=*manager.ServiceAccountsService
2026-06-19T12:47:23.972706426Z logger=backgroundsvcs.managerAdapter t=2026-06-19T12:47:23.972468691Z level=info msg=starting module=*metrics.InternalMetricsService
2026-06-19T12:47:23.972755957Z logger=backgroundsvcs.managerAdapter t=2026-06-19T12:47:23.972711145Z level=info msg=starting module=*ngalert.AlertNG
2026-06-19T12:47:23.972913547Z logger=ngalert t=2026-06-19T12:47:23.972819644Z level=info msg="Primary node, alert rule evaluation enabled"
2026-06-19T12:47:23.973080397Z logger=ngalert.state.manager t=2026-06-19T12:47:23.97287745Z level=info msg="Warming state cache for startup"
2026-06-19T12:47:23.973458745Z logger=backgroundsvcs.managerAdapter t=2026-06-19T12:47:23.973380742Z level=info msg=starting module=*store.standardStorageService
2026-06-19T12:47:23.973473604Z logger=grafanaStorageLogger t=2026-06-19T12:47:23.973436973Z level=info msg="Storage starting"
2026-06-19T12:47:23.973552862Z logger=backgroundsvcs.managerAdapter t=2026-06-19T12:47:23.973506678Z level=info msg=starting module=*cleanup.CleanUpService
2026-06-19T12:47:23.974272206Z logger=backgroundsvcs.managerAdapter t=2026-06-19T12:47:23.973693361Z level=info msg=starting module=*angulardetectorsprovider.Dynamic
2026-06-19T12:47:23.974282906Z logger=backgroundsvcs.managerAdapter t=2026-06-19T12:47:23.973978012Z level=info msg=starting module=*anonimpl.AnonDeviceService
2026-06-19T12:47:23.974285807Z logger=backgroundsvcs.managerAdapter t=2026-06-19T12:47:23.974061443Z level=info msg=starting module=*remotecache.RemoteCache
2026-06-19T12:47:23.974288075Z logger=backgroundsvcs.managerAdapter t=2026-06-19T12:47:23.974114393Z level=info msg=starting module=*service.UsageStats
2026-06-19T12:47:23.976005566Z logger=backgroundsvcs.managerAdapter t=2026-06-19T12:47:23.975917774Z level=info msg=starting module=*supportbundlesimpl.Service
2026-06-19T12:47:23.977181955Z logger=backgroundsvcs.managerAdapter t=2026-06-19T12:47:23.976597569Z level=info msg=starting module=*statscollector.Service
2026-06-19T12:47:23.977192256Z logger=backgroundsvcs.managerAdapter t=2026-06-19T12:47:23.976678399Z level=info msg=starting module=*notifications.NotificationService
2026-06-19T12:47:23.977195302Z logger=backgroundsvcs.managerAdapter t=2026-06-19T12:47:23.976698154Z level=info msg=starting module=*pluginexternal.Service
2026-06-19T12:47:23.977198000Z logger=backgroundsvcs.managerAdapter t=2026-06-19T12:47:23.976731393Z level=info msg=starting module=*migrations.SecretMigrationProviderImpl
2026-06-19T12:47:23.977447518Z logger=backgroundsvcs.managerAdapter t=2026-06-19T12:47:23.977368038Z level=info msg=starting module=*live.GrafanaLive
2026-06-19T12:47:23.977521347Z logger=backgroundsvcs.managerAdapter t=2026-06-19T12:47:23.977450199Z level=info msg=starting module=*api.HTTPServer
2026-06-19T12:47:23.981013043Z logger=http.server t=2026-06-19T12:47:23.980890343Z level=info msg="HTTP Server Listen" address=[::]:3000 protocol=http subUrl= socket=
2026-06-19T12:47:23.981231370Z logger=backgroundsvcs.managerAdapter t=2026-06-19T12:47:23.981147352Z level=info msg=starting module=*rendering.RenderingService
2026-06-19T12:47:23.981361539Z logger=backgroundsvcs.managerAdapter t=2026-06-19T12:47:23.981316462Z level=info msg=starting module=*service.DashboardServiceImpl
2026-06-19T12:47:23.981507353Z logger=backgroundsvcs.managerAdapter t=2026-06-19T12:47:23.981421967Z level=info msg=starting module=*garbagecollectionworker.Worker
2026-06-19T12:47:23.981623307Z logger=backgroundsvcs.managerAdapter t=2026-06-19T12:47:23.981579037Z level=info msg=starting module=*authimpl.UserAuthTokenService
2026-06-19T12:47:23.982500072Z logger=backgroundsvcs.managerAdapter t=2026-06-19T12:47:23.982419704Z level=info msg=starting module=*dynamic.KeyRetriever
2026-06-19T12:47:23.983239920Z logger=backgroundsvcs.managerAdapter t=2026-06-19T12:47:23.983163815Z level=info msg=starting module=*service.DashboardUpdater
2026-06-19T12:47:23.983913964Z logger=backgroundsvcs.managerAdapter t=2026-06-19T12:47:23.983848017Z level=info msg=starting module=*pushhttp.Gateway
2026-06-19T12:47:23.984038722Z logger=backgroundsvcs.managerAdapter t=2026-06-19T12:47:23.983954992Z level=info msg=starting module=*updatemanager.PluginsService
2026-06-19T12:47:23.985101690Z logger=backgroundsvcs.managerAdapter t=2026-06-19T12:47:23.985036819Z level=info msg=starting module=*updatemanager.GrafanaService
2026-06-19T12:47:23.985380450Z logger=backgroundsvcs.managerAdapter t=2026-06-19T12:47:23.985303587Z level=info msg=starting module=*appregistry.Service
2026-06-19T12:47:23.985460365Z logger=app-registry t=2026-06-19T12:47:23.985403496Z level=info msg="app registry initialized"
2026-06-19T12:47:23.986614709Z logger=ngalert.multiorg.alertmanager t=2026-06-19T12:47:23.986537334Z level=info msg="Starting MultiOrg Alertmanager"
2026-06-19T12:47:23.987373870Z logger=backgroundsvcs.managerAdapter t=2026-06-19T12:47:23.986703483Z level=info msg="All modules healthy"
2026-06-19T12:47:24.087681646Z logger=installer.fs t=2026-06-19T12:47:24.087528719Z level=info msg="Downloaded and extracted grafana-lokiexplore-app v2.1.3 zip successfully to /var/lib/grafana/plugins/grafana-lokiexplore-app"
2026-06-19T12:47:24.100223851Z logger=grafana.update.checker t=2026-06-19T12:47:24.099793215Z level=info msg="Update check succeeded" duration=114.670555ms
2026-06-19T12:47:24.107163586Z logger=plugins.update.checker t=2026-06-19T12:47:24.106922691Z level=info msg="Update check succeeded" duration=122.868288ms
2026-06-19T12:47:24.107244167Z logger=plugins.update.checker t=2026-06-19T12:47:24.106979963Z level=info msg="flag evaluation succeeded" flag="{Value:false EvaluationDetails:{FlagKey:pluginsAutoUpdate FlagType:bool ResolutionDetail:{Variant:default Reason:STATIC ErrorCode: ErrorMessage: FlagMetadata:map[]}}}" details="{Value:false EvaluationDetails:{FlagKey:pluginsAutoUpdate FlagType:bool ResolutionDetail:{Variant:default Reason:STATIC ErrorCode: ErrorMessage: FlagMetadata:map[]}}}"
2026-06-19T12:47:24.199330301Z logger=plugin.angulardetectorsprovider.dynamic t=2026-06-19T12:47:24.19915335Z level=info msg="Patterns update finished" duration=169.8008ms
2026-06-19T12:47:24.245321764Z logger=ngalert.state.manager t=2026-06-19T12:47:24.245063819Z level=info msg="State cache has been initialized" states=0 duration=272.185917ms
2026-06-19T12:47:24.245358080Z logger=ngalert.scheduler t=2026-06-19T12:47:24.245225996Z level=info msg="Starting scheduler" tickInterval=10s maxAttempts=3
2026-06-19T12:47:24.245515908Z logger=ngalert.scheduler t=2026-06-19T12:47:24.245362311Z level=info msg=starting component=ticker first_tick=2026-06-19T12:47:30Z
2026-06-19T12:47:24.323040090Z logger=plugins.registration t=2026-06-19T12:47:24.322883128Z level=info msg="Plugin registered" pluginId=grafana-lokiexplore-app
2026-06-19T12:47:24.323064462Z logger=plugin.backgroundinstaller t=2026-06-19T12:47:24.322922638Z level=info msg="Plugin successfully installed" pluginId=grafana-lokiexplore-app version= duration=1.203201029s
2026-06-19T12:47:24.323068155Z logger=plugin.backgroundinstaller t=2026-06-19T12:47:24.322978034Z level=info msg="Installing plugin" pluginId=grafana-pyroscope-app version=
2026-06-19T12:47:24.700237268Z logger=plugin.installer t=2026-06-19T12:47:24.700048762Z level=info msg="Installing plugin" pluginId=grafana-pyroscope-app version=
2026-06-19T12:47:24.819744222Z logger=installer.fs t=2026-06-19T12:47:24.819644733Z level=info msg="Downloaded and extracted grafana-pyroscope-app v2.0.7 zip successfully to /var/lib/grafana/plugins/grafana-pyroscope-app"
2026-06-19T12:47:24.895960419Z logger=plugins.registration t=2026-06-19T12:47:24.89583378Z level=info msg="Plugin registered" pluginId=grafana-pyroscope-app
2026-06-19T12:47:24.895985629Z logger=plugin.backgroundinstaller t=2026-06-19T12:47:24.89587358Z level=info msg="Plugin successfully installed" pluginId=grafana-pyroscope-app version= duration=572.858678ms
2026-06-19T12:47:24.896102822Z logger=plugin.backgroundinstaller t=2026-06-19T12:47:24.895938521Z level=info msg="Installing plugin" pluginId=grafana-exploretraces-app version=
2026-06-19T12:47:25.257900231Z logger=plugin.installer t=2026-06-19T12:47:25.257755761Z level=info msg="Installing plugin" pluginId=grafana-exploretraces-app version=
2026-06-19T12:47:25.388581685Z logger=provisioning.dashboard t=2026-06-19T12:47:25.388425205Z level=info msg="starting to provision dashboards"
2026-06-19T12:47:25.438227688Z logger=provisioning.dashboard t=2026-06-19T12:47:25.438068611Z level=info msg="finished to provision dashboards"
2026-06-19T12:47:25.450033885Z logger=installer.fs t=2026-06-19T12:47:25.449909321Z level=info msg="Downloaded and extracted grafana-exploretraces-app v2.0.4 zip successfully to /var/lib/grafana/plugins/grafana-exploretraces-app"
2026-06-19T12:47:25.541697978Z logger=plugins.registration t=2026-06-19T12:47:25.541552015Z level=info msg="Plugin registered" pluginId=grafana-exploretraces-app
2026-06-19T12:47:25.541722338Z logger=plugin.backgroundinstaller t=2026-06-19T12:47:25.541593418Z level=info msg="Plugin successfully installed" pluginId=grafana-exploretraces-app version= duration=645.642033ms
2026-06-19T12:47:25.541726270Z logger=plugin.backgroundinstaller t=2026-06-19T12:47:25.541646863Z level=info msg="Installing plugin" pluginId=grafana-metricsdrilldown-app version=
2026-06-19T12:47:25.875811266Z logger=plugin.installer t=2026-06-19T12:47:25.875657812Z level=info msg="Installing plugin" pluginId=grafana-metricsdrilldown-app version=
2026-06-19T12:47:25.963275814Z logger=installer.fs t=2026-06-19T12:47:25.963121573Z level=info msg="Downloaded and extracted grafana-metricsdrilldown-app v2.1.0 zip successfully to /var/lib/grafana/plugins/grafana-metricsdrilldown-app"
2026-06-19T12:47:26.041617526Z logger=plugins.registration t=2026-06-19T12:47:26.040965182Z level=info msg="Plugin registered" pluginId=grafana-metricsdrilldown-app
2026-06-19T12:47:26.041653573Z logger=plugin.backgroundinstaller t=2026-06-19T12:47:26.041026516Z level=info msg="Plugin successfully installed" pluginId=grafana-metricsdrilldown-app version= duration=499.366586ms
2026-06-19T12:47:53.995368445Z logger=dashboard-service t=2026-06-19T12:47:53.995205215Z level=info msg="No last resource version found, starting from scratch" orgID=1
2026-06-19T12:48:23.989062935Z logger=dashboard-service t=2026-06-19T12:48:23.988920557Z level=info msg="No last resource version found, starting from scratch" orgID=1
2026-06-19T12:48:33.996715233Z logger=bleve-backend namespace=default group=folder.grafana.app resource=folders size=0 reason=getStats t=2026-06-19T12:48:33.996348894Z level=info msg="Building index using memory"
2026-06-19T12:48:33.997348265Z logger=bleve-backend namespace=default group=folder.grafana.app resource=folders size=0 reason=getStats t=2026-06-19T12:48:33.99715052Z level=info msg="Finished building index" elapsed=764.128µs listRV=1781873239710004
2026-06-19T12:48:33.997363110Z logger=bleve-backend namespace=default group=folder.grafana.app resource=folders size=0 reason=getStats t=2026-06-19T12:48:33.997180013Z level=info msg="Storing index in cache" key="{Namespace:default Group:folder.grafana.app Resource:folders}" expiration=2026-06-19T12:58:33.997178374Z
2026-06-19T12:48:33.998856691Z logger=bleve-backend namespace=default group=provisioning.grafana.app resource=repositories size=0 reason=getStats t=2026-06-19T12:48:33.998654714Z level=info msg="Building index using memory"
2026-06-19T12:48:33.999518518Z logger=bleve-backend namespace=default group=provisioning.grafana.app resource=repositories size=0 reason=getStats t=2026-06-19T12:48:33.999323453Z level=info msg="Finished building index" elapsed=642.495µs listRV=1
2026-06-19T12:48:33.999537144Z logger=bleve-backend namespace=default group=provisioning.grafana.app resource=repositories size=0 reason=getStats t=2026-06-19T12:48:33.999347113Z level=info msg="Storing index in cache" key="{Namespace:default Group:provisioning.grafana.app Resource:repositories}" expiration=2026-06-19T12:58:33.99934546Z
2026-06-19T12:48:34.000696313Z logger=bleve-backend namespace=default group=playlist.grafana.app resource=playlists size=0 reason=getStats t=2026-06-19T12:48:34.000459891Z level=info msg="Building index using memory"
2026-06-19T12:48:34.001176708Z logger=bleve-backend namespace=default group=playlist.grafana.app resource=playlists size=0 reason=getStats t=2026-06-19T12:48:34.001080199Z level=info msg="Finished building index" elapsed=576.915µs listRV=1
2026-06-19T12:48:34.001185153Z logger=bleve-backend namespace=default group=playlist.grafana.app resource=playlists size=0 reason=getStats t=2026-06-19T12:48:34.001104576Z level=info msg="Storing index in cache" key="{Namespace:default Group:playlist.grafana.app Resource:playlists}" expiration=2026-06-19T12:58:34.001101683Z
2026-06-19T12:48:34.001621105Z logger=infra.usagestats t=2026-06-19T12:48:34.001540172Z level=info msg="Usage stats are ready to report"
2026-06-19T12:48:53.987197181Z logger=dashboard-service t=2026-06-19T12:48:53.987039198Z level=info msg="No last resource version found, starting from scratch" orgID=1
2026-06-19T12:49:23.987758162Z logger=dashboard-service t=2026-06-19T12:49:23.98760141Z level=info msg="No last resource version found, starting from scratch" orgID=1
2026-06-19T12:49:53.988235745Z logger=dashboard-service t=2026-06-19T12:49:53.988062437Z level=info msg="No last resource version found, starting from scratch" orgID=1
2026-06-19T12:50:23.987947085Z logger=dashboard-service t=2026-06-19T12:50:23.987793833Z level=info msg="No last resource version found, starting from scratch" orgID=1
2026-06-19T12:50:53.990570745Z logger=dashboard-service t=2026-06-19T12:50:53.988830525Z level=info msg="No last resource version found, starting from scratch" orgID=1
2026-06-19T12:51:17.267307911Z logger=context userId=0 orgId=0 uname= t=2026-06-19T12:51:17.267090321Z level=info msg="Request Completed" method=GET path=/ status=302 remote_addr=100.96.1.96 time_ms=1 duration=1.557017ms size=29 referer= handler=/ status_source=server
2026-06-19T12:51:23.991880741Z logger=dashboard-service t=2026-06-19T12:51:23.991699297Z level=info msg="No last resource version found, starting from scratch" orgID=1
2026-06-19T12:51:53.990714541Z logger=dashboard-service t=2026-06-19T12:51:53.990533245Z level=info msg="No last resource version found, starting from scratch" orgID=1
2026-06-19T12:52:23.993607168Z logger=dashboard-service t=2026-06-19T12:52:23.991925185Z level=info msg="No last resource version found, starting from scratch" orgID=1
2026-06-19T12:52:53.992367401Z logger=dashboard-service t=2026-06-19T12:52:53.992113905Z level=info msg="No last resource version found, starting from scratch" orgID=1
2026-06-19T12:53:23.992258654Z logger=dashboard-service t=2026-06-19T12:53:23.992115783Z level=info msg="No last resource version found, starting from scratch" orgID=1
2026-06-19T12:53:53.992065460Z logger=dashboard-service t=2026-06-19T12:53:53.99184312Z level=info msg="No last resource version found, starting from scratch" orgID=1
2026-06-19T12:54:08.141616637Z logger=context userId=0 orgId=0 uname= t=2026-06-19T12:54:08.141046653Z level=info msg="Request Completed" method=GET path=/ status=302 remote_addr=172.20.79.60 time_ms=8 duration=8.757485ms size=29 referer= handler=/ status_source=server
2026-06-19T12:54:23.991132466Z logger=dashboard-service t=2026-06-19T12:54:23.990973396Z level=info msg="No last resource version found, starting from scratch" orgID=1
2026-06-19T12:54:53.992750155Z logger=dashboard-service t=2026-06-19T12:54:53.990751894Z level=info msg="No last resource version found, starting from scratch" orgID=1
2026-06-19T12:55:23.992000387Z logger=dashboard-service t=2026-06-19T12:55:23.991827774Z level=info msg="No last resource version found, starting from scratch" orgID=1
2026-06-19T12:55:53.993551431Z logger=dashboard-service t=2026-06-19T12:55:53.992046661Z level=info msg="No last resource version found, starting from scratch" orgID=1
2026-06-19T12:56:23.805317812Z logger=context userId=0 orgId=0 uname= t=2026-06-19T12:56:23.805158228Z level=info msg="Request Completed" method=GET path=/favicon.ico status=302 remote_addr=100.96.1.96 time_ms=0 duration=705.395µs size=55 referer= handler=public-assets status_source=server
2026-06-19T12:56:23.991030913Z logger=dashboard-service t=2026-06-19T12:56:23.990856205Z level=info msg="No last resource version found, starting from scratch" orgID=1
2026-06-19T12:56:53.991365069Z logger=dashboard-service t=2026-06-19T12:56:53.99114473Z level=info msg="No last resource version found, starting from scratch" orgID=1
2026-06-19T12:57:24.044670332Z logger=dashboard-service t=2026-06-19T12:57:24.043538865Z level=info msg="No last resource version found, starting from scratch" orgID=1
2026-06-19T12:57:24.058524181Z logger=cleanup t=2026-06-19T12:57:24.058363944Z level=info msg="Completed cleanup jobs" duration=84.423434ms
2026-06-19T12:57:24.194769841Z logger=plugins.update.checker t=2026-06-19T12:57:24.194559595Z level=info msg="Update check succeeded" duration=87.463783ms
2026-06-19T12:57:24.194796508Z logger=plugins.update.checker t=2026-06-19T12:57:24.194605844Z level=info msg="flag evaluation succeeded" flag="{Value:false EvaluationDetails:{FlagKey:pluginsAutoUpdate FlagType:bool ResolutionDetail:{Variant:default Reason:STATIC ErrorCode: ErrorMessage: FlagMetadata:map[]}}}" details="{Value:false EvaluationDetails:{FlagKey:pluginsAutoUpdate FlagType:bool ResolutionDetail:{Variant:default Reason:STATIC ErrorCode: ErrorMessage: FlagMetadata:map[]}}}"
