2026-06-19T10:00:00.196116345Z I0619 10:00:00.194087      12 job_controller.go:626] "enqueueing job" logger="job-controller" key="kubentic-foresight/kubentic-agent-kubentic-agent-29697720" delay="0s"
2026-06-19T10:00:00.203625465Z I0619 10:00:00.196807      12 job_controller.go:972] "Job has activeDeadlineSeconds configuration. Will sync this job again" key="kubentic-foresight/kubentic-agent-kubentic-agent-29697720" nextSyncIn="29m59.999978005s"
2026-06-19T10:00:00.276631135Z I0619 10:00:00.276306      12 job_controller.go:626] "enqueueing job" logger="job-controller" key="kubentic-foresight/kubentic-agent-kubentic-agent-29697720" delay="1s"
2026-06-19T10:00:00.292341976Z I0619 10:00:00.291811      12 job_controller.go:626] "enqueueing job" logger="job-controller" key="kubentic-foresight/kubentic-agent-kubentic-agent-29697720" delay="1s"
2026-06-19T10:00:00.294220133Z I0619 10:00:00.294027      12 job_controller.go:626] "enqueueing job" logger="job-controller" key="kubentic-foresight/kubentic-agent-kubentic-agent-29697720" delay="1s"
2026-06-19T10:00:00.365996403Z I0619 10:00:00.365770      12 job_controller.go:626] "enqueueing job" logger="job-controller" key="kubentic-foresight/kubentic-agent-kubentic-agent-29697720" delay="1s"
2026-06-19T10:00:01.315616284Z I0619 10:00:01.308969      12 job_controller.go:972] "Job has activeDeadlineSeconds configuration. Will sync this job again" key="kubentic-foresight/kubentic-agent-kubentic-agent-29697720" nextSyncIn="29m58.69104933s"
2026-06-19T10:00:03.752255530Z I0619 10:00:03.751763      12 job_controller.go:626] "enqueueing job" logger="job-controller" key="kubentic-foresight/kubentic-agent-kubentic-agent-29697720" delay="1s"
2026-06-19T10:00:04.782506186Z I0619 10:00:04.757088      12 job_controller.go:972] "Job has activeDeadlineSeconds configuration. Will sync this job again" key="kubentic-foresight/kubentic-agent-kubentic-agent-29697720" nextSyncIn="29m55.242930352s"
2026-06-19T10:00:05.096017230Z I0619 10:00:05.015324      12 job_controller.go:626] "enqueueing job" logger="job-controller" key="kubentic-foresight/kubentic-agent-kubentic-agent-29697720" delay="1s"
2026-06-19T10:00:06.019511142Z I0619 10:00:06.019286      12 job_controller.go:972] "Job has activeDeadlineSeconds configuration. Will sync this job again" key="kubentic-foresight/kubentic-agent-kubentic-agent-29697720" nextSyncIn="29m53.980733754s"
2026-06-19T10:02:42.401787830Z I0619 10:02:42.397834      12 replica_set.go:656] "Too many replicas" replicaSet="voting/vote-6d98875db6" need=0 deleting=1
2026-06-19T10:02:42.401813076Z I0619 10:02:42.397917      12 replica_set.go:282] "Found related ReplicaSets" replicaSet="voting/vote-6d98875db6" relatedReplicaSets=["voting/vote-6d98875db6","voting/vote-667f48bd7c","voting/vote-8f9979fc"]
2026-06-19T10:02:42.401817907Z I0619 10:02:42.398003      12 controller_utils.go:617] "Deleting pod" controller="vote-6d98875db6" pod="voting/vote-6d98875db6-5hb9x"
2026-06-19T10:02:42.410880096Z I0619 10:02:42.410514      12 deployment_controller.go:518] "Error syncing deployment" deployment="voting/vote" err="Operation cannot be fulfilled on deployments.apps \"vote\": the object has been modified; please apply your changes to the latest version and try again"
2026-06-19T10:02:42.424354010Z I0619 10:02:42.423732      12 replica_set.go:620] "Too few replicas" replicaSet="voting/vote-667f48bd7c" need=1 creating=1
2026-06-19T10:02:43.796976282Z I0619 10:02:43.794841      12 replica_set.go:656] "Too many replicas" replicaSet="voting/vote-8f9979fc" need=0 deleting=1
2026-06-19T10:02:43.797134644Z I0619 10:02:43.794940      12 replica_set.go:282] "Found related ReplicaSets" replicaSet="voting/vote-8f9979fc" relatedReplicaSets=["voting/vote-8f9979fc","voting/vote-6d98875db6","voting/vote-667f48bd7c"]
2026-06-19T10:02:43.797139324Z I0619 10:02:43.796566      12 controller_utils.go:617] "Deleting pod" controller="vote-8f9979fc" pod="voting/vote-8f9979fc-2w928"
2026-06-19T10:04:53.651039832Z I0619 10:04:53.650709      12 job_controller.go:626] "enqueueing job" logger="job-controller" key="kubentic-foresight/kubentic-agent-kubentic-agent-29697720" delay="1s"
2026-06-19T10:04:54.651354644Z I0619 10:04:54.651095      12 job_controller.go:972] "Job has activeDeadlineSeconds configuration. Will sync this job again" key="kubentic-foresight/kubentic-agent-kubentic-agent-29697720" nextSyncIn="25m5.348917991s"
2026-06-19T10:04:54.661805379Z I0619 10:04:54.661486      12 job_controller.go:626] "enqueueing job" logger="job-controller" key="kubentic-foresight/kubentic-agent-kubentic-agent-29697720" delay="1s"
2026-06-19T10:04:54.815264727Z I0619 10:04:54.814864      12 job_controller.go:626] "enqueueing job" logger="job-controller" key="kubentic-foresight/kubentic-agent-kubentic-agent-29697720" delay="1s"
2026-06-19T10:04:55.662240520Z I0619 10:04:55.661983      12 job_controller.go:972] "Job has activeDeadlineSeconds configuration. Will sync this job again" key="kubentic-foresight/kubentic-agent-kubentic-agent-29697720" nextSyncIn="25m4.338030409s"
2026-06-19T10:04:55.671731270Z I0619 10:04:55.671473      12 job_controller.go:626] "enqueueing job" logger="job-controller" key="kubentic-foresight/kubentic-agent-kubentic-agent-29697720" delay="1s"
2026-06-19T10:04:55.686228527Z I0619 10:04:55.685925      12 job_controller.go:626] "enqueueing job" logger="job-controller" key="kubentic-foresight/kubentic-agent-kubentic-agent-29697720" delay="1s"
2026-06-19T10:13:41.315505665Z I0619 10:13:41.315305      12 deployment_controller.go:518] "Error syncing deployment" deployment="voting/vote" err="Operation cannot be fulfilled on replicasets.apps \"vote-8f9979fc\": the object has been modified; please apply your changes to the latest version and try again"
2026-06-19T10:13:41.334846771Z I0619 10:13:41.334281      12 replica_set.go:620] "Too few replicas" replicaSet="voting/vote-8f9979fc" need=1 creating=1
2026-06-19T10:13:41.341534896Z I0619 10:13:41.340941      12 deployment_controller.go:518] "Error syncing deployment" deployment="voting/vote" err="Operation cannot be fulfilled on deployments.apps \"vote\": the object has been modified; please apply your changes to the latest version and try again"
2026-06-19T10:13:42.832968896Z I0619 10:13:42.832765      12 replica_set.go:656] "Too many replicas" replicaSet="voting/vote-667f48bd7c" need=0 deleting=1
2026-06-19T10:13:42.832994249Z I0619 10:13:42.832823      12 replica_set.go:282] "Found related ReplicaSets" replicaSet="voting/vote-667f48bd7c" relatedReplicaSets=["voting/vote-8f9979fc","voting/vote-6d98875db6","voting/vote-667f48bd7c"]
2026-06-19T10:13:42.833468204Z I0619 10:13:42.832885      12 controller_utils.go:617] "Deleting pod" controller="vote-667f48bd7c" pod="voting/vote-667f48bd7c-nm7g2"
2026-06-19T10:13:49.900750854Z I0619 10:13:49.900405      12 replica_set.go:620] "Too few replicas" replicaSet="voting/worker-79f5899f7d" need=1 creating=1
2026-06-19T10:13:49.926117317Z I0619 10:13:49.925913      12 deployment_controller.go:518] "Error syncing deployment" deployment="voting/worker" err="Operation cannot be fulfilled on deployments.apps \"worker\": the object has been modified; please apply your changes to the latest version and try again"
2026-06-19T10:13:51.860769680Z I0619 10:13:51.860427      12 replica_set.go:656] "Too many replicas" replicaSet="voting/worker-d4d849f76" need=0 deleting=1
2026-06-19T10:13:51.860803704Z I0619 10:13:51.860471      12 replica_set.go:282] "Found related ReplicaSets" replicaSet="voting/worker-d4d849f76" relatedReplicaSets=["voting/worker-558876578","voting/worker-d4d849f76","voting/worker-79f5899f7d"]
2026-06-19T10:13:51.860950093Z I0619 10:13:51.860530      12 controller_utils.go:617] "Deleting pod" controller="worker-d4d849f76" pod="voting/worker-d4d849f76-p2vjb"
2026-06-19T10:15:30.112719187Z I0619 10:15:30.112376      12 deployment_controller.go:518] "Error syncing deployment" deployment="voting/worker" err="Operation cannot be fulfilled on replicasets.apps \"worker-d4d849f76\": the object has been modified; please apply your changes to the latest version and try again"
2026-06-19T10:15:30.130013882Z I0619 10:15:30.129494      12 replica_set.go:620] "Too few replicas" replicaSet="voting/worker-d4d849f76" need=1 creating=1
2026-06-19T10:15:30.139772814Z I0619 10:15:30.139234      12 deployment_controller.go:518] "Error syncing deployment" deployment="voting/worker" err="Operation cannot be fulfilled on deployments.apps \"worker\": the object has been modified; please apply your changes to the latest version and try again"
2026-06-19T10:15:30.165295518Z I0619 10:15:30.164867      12 deployment_controller.go:518] "Error syncing deployment" deployment="voting/worker" err="Operation cannot be fulfilled on deployments.apps \"worker\": the object has been modified; please apply your changes to the latest version and try again"
2026-06-19T10:15:31.487461565Z I0619 10:15:31.486926      12 replica_set.go:656] "Too many replicas" replicaSet="voting/redis-69f5974b5" need=0 deleting=1
2026-06-19T10:15:31.487480381Z I0619 10:15:31.486960      12 replica_set.go:282] "Found related ReplicaSets" replicaSet="voting/redis-69f5974b5" relatedReplicaSets=["voting/redis-69f5974b5"]
2026-06-19T10:15:31.487485461Z I0619 10:15:31.487008      12 controller_utils.go:617] "Deleting pod" controller="redis-69f5974b5" pod="voting/redis-69f5974b5-pm7xw"
2026-06-19T10:15:31.543762182Z I0619 10:15:31.543441      12 deployment_controller.go:518] "Error syncing deployment" deployment="voting/redis" err="Operation cannot be fulfilled on deployments.apps \"redis\": the object has been modified; please apply your changes to the latest version and try again"
2026-06-19T10:15:31.937157583Z I0619 10:15:31.936481      12 replica_set.go:656] "Too many replicas" replicaSet="voting/worker-79f5899f7d" need=0 deleting=1
2026-06-19T10:15:31.937290878Z I0619 10:15:31.936519      12 replica_set.go:282] "Found related ReplicaSets" replicaSet="voting/worker-79f5899f7d" relatedReplicaSets=["voting/worker-558876578","voting/worker-d4d849f76","voting/worker-79f5899f7d"]
2026-06-19T10:15:31.937314514Z I0619 10:15:31.936639      12 controller_utils.go:617] "Deleting pod" controller="worker-79f5899f7d" pod="voting/worker-79f5899f7d-hmtdb"
2026-06-19T10:24:56.444589453Z I0619 10:24:56.439823      12 replica_set.go:620] "Too few replicas" replicaSet="voting/redis-69f5974b5" need=1 creating=1
2026-06-19T10:25:59.163920198Z I0619 10:25:59.163622      12 replica_set.go:620] "Too few replicas" replicaSet="voting/result-78d74bdfdb" need=1 creating=1
2026-06-19T10:25:59.193879676Z I0619 10:25:59.193682      12 deployment_controller.go:518] "Error syncing deployment" deployment="voting/result" err="Operation cannot be fulfilled on deployments.apps \"result\": the object has been modified; please apply your changes to the latest version and try again"
2026-06-19T10:26:01.043173684Z I0619 10:26:01.042699      12 replica_set.go:656] "Too many replicas" replicaSet="voting/result-5dbd594fb5" need=0 deleting=1
2026-06-19T10:26:01.043195555Z I0619 10:26:01.042780      12 replica_set.go:282] "Found related ReplicaSets" replicaSet="voting/result-5dbd594fb5" relatedReplicaSets=["voting/result-5dbd594fb5","voting/result-78d74bdfdb"]
2026-06-19T10:26:01.043958045Z I0619 10:26:01.043136      12 controller_utils.go:617] "Deleting pod" controller="result-5dbd594fb5" pod="voting/result-5dbd594fb5-g28nb"
2026-06-19T10:39:40.758200268Z I0619 10:39:40.757847      12 replica_set.go:620] "Too few replicas" replicaSet="voting/vote-6df4b645fc" need=1 creating=1
2026-06-19T10:39:40.778753790Z I0619 10:39:40.778429      12 deployment_controller.go:518] "Error syncing deployment" deployment="voting/vote" err="Operation cannot be fulfilled on deployments.apps \"vote\": the object has been modified; please apply your changes to the latest version and try again"
2026-06-19T11:00:00.146519803Z I0619 11:00:00.143789      12 job_controller.go:626] "enqueueing job" logger="job-controller" key="kubentic-foresight/kubentic-agent-kubentic-agent-29697780" delay="0s"
2026-06-19T11:00:00.147005691Z I0619 11:00:00.145495      12 job_controller.go:972] "Job has activeDeadlineSeconds configuration. Will sync this job again" key="kubentic-foresight/kubentic-agent-kubentic-agent-29697780" nextSyncIn="29m59.99992936s"
2026-06-19T11:00:00.188275983Z I0619 11:00:00.187996      12 job_controller.go:626] "enqueueing job" logger="job-controller" key="kubentic-foresight/kubentic-agent-kubentic-agent-29697780" delay="1s"
2026-06-19T11:00:00.203164769Z I0619 11:00:00.202872      12 job_controller.go:626] "enqueueing job" logger="job-controller" key="kubentic-foresight/kubentic-agent-kubentic-agent-29697780" delay="1s"
2026-06-19T11:00:00.207028435Z I0619 11:00:00.206763      12 job_controller.go:626] "enqueueing job" logger="job-controller" key="kubentic-foresight/kubentic-agent-kubentic-agent-29697780" delay="1s"
2026-06-19T11:00:00.262879960Z I0619 11:00:00.262636      12 job_controller.go:626] "enqueueing job" logger="job-controller" key="kubentic-foresight/kubentic-agent-kubentic-agent-29697780" delay="1s"
2026-06-19T11:00:01.189473598Z I0619 11:00:01.189215      12 job_controller.go:972] "Job has activeDeadlineSeconds configuration. Will sync this job again" key="kubentic-foresight/kubentic-agent-kubentic-agent-29697780" nextSyncIn="29m58.810812385s"
2026-06-19T11:00:02.545521004Z I0619 11:00:02.545263      12 job_controller.go:626] "enqueueing job" logger="job-controller" key="kubentic-foresight/kubentic-agent-kubentic-agent-29697780" delay="1s"
2026-06-19T11:00:03.564955533Z I0619 11:00:03.556399      12 job_controller.go:972] "Job has activeDeadlineSeconds configuration. Will sync this job again" key="kubentic-foresight/kubentic-agent-kubentic-agent-29697780" nextSyncIn="29m56.44362212s"
2026-06-19T11:00:03.682786091Z I0619 11:00:03.680378      12 job_controller.go:626] "enqueueing job" logger="job-controller" key="kubentic-foresight/kubentic-agent-kubentic-agent-29697780" delay="1s"
2026-06-19T11:00:04.692969996Z I0619 11:00:04.687284      12 job_controller.go:972] "Job has activeDeadlineSeconds configuration. Will sync this job again" key="kubentic-foresight/kubentic-agent-kubentic-agent-29697780" nextSyncIn="29m55.312733448s"
2026-06-19T11:07:12.899379099Z I0619 11:07:12.899136      12 job_controller.go:626] "enqueueing job" logger="job-controller" key="kubentic-foresight/kubentic-agent-kubentic-agent-29697780" delay="1s"
2026-06-19T11:07:13.900200263Z I0619 11:07:13.899917      12 job_controller.go:972] "Job has activeDeadlineSeconds configuration. Will sync this job again" key="kubentic-foresight/kubentic-agent-kubentic-agent-29697780" nextSyncIn="22m46.10009718s"
2026-06-19T11:07:13.910604208Z I0619 11:07:13.910395      12 job_controller.go:626] "enqueueing job" logger="job-controller" key="kubentic-foresight/kubentic-agent-kubentic-agent-29697780" delay="1s"
2026-06-19T11:07:14.056235186Z I0619 11:07:14.055906      12 job_controller.go:626] "enqueueing job" logger="job-controller" key="kubentic-foresight/kubentic-agent-kubentic-agent-29697780" delay="1s"
2026-06-19T11:07:14.911296579Z I0619 11:07:14.910826      12 job_controller.go:972] "Job has activeDeadlineSeconds configuration. Will sync this job again" key="kubentic-foresight/kubentic-agent-kubentic-agent-29697780" nextSyncIn="22m45.089187798s"
2026-06-19T11:07:14.921252031Z I0619 11:07:14.920816      12 job_controller.go:626] "enqueueing job" logger="job-controller" key="kubentic-foresight/kubentic-agent-kubentic-agent-29697780" delay="1s"
2026-06-19T11:07:14.934531365Z I0619 11:07:14.934225      12 job_controller.go:626] "enqueueing job" logger="job-controller" key="kubentic-foresight/kubentic-agent-kubentic-agent-29697780" delay="1s"
2026-06-19T11:07:14.950690640Z I0619 11:07:14.950140      12 job_controller.go:626] "enqueueing job" logger="job-controller" key="kubentic-foresight/kubentic-agent-kubentic-agent-29697600" delay="0s"
2026-06-19T11:07:14.950708943Z I0619 11:07:14.950156      12 garbagecollector.go:506] "Processing item" item="[v1/Pod, namespace: kubentic-foresight, name: kubentic-agent-kubentic-agent-29697600-k86jg, uid: 8790816b-d623-4929-83b6-3cf1b83750a7]" virtual=false
2026-06-19T11:07:14.972179777Z I0619 11:07:14.971985      12 garbagecollector.go:645] "Deleting item" item="[v1/Pod, namespace: kubentic-foresight, name: kubentic-agent-kubentic-agent-29697600-k86jg, uid: 8790816b-d623-4929-83b6-3cf1b83750a7]" propagationPolicy="Background"
2026-06-19T11:32:18.203646203Z I0619 11:32:18.203438      12 deployment_controller.go:518] "Error syncing deployment" deployment="voting/result" err="Operation cannot be fulfilled on deployments.apps \"result\": the object has been modified; please apply your changes to the latest version and try again"
2026-06-19T11:53:28.654631284Z I0619 11:53:28.654242      12 job_controller.go:626] "enqueueing job" logger="job-controller" key="kubentic-foresight/kubentic-victoria-metrics-operator-cleanup-hook" delay="0s"
2026-06-19T11:53:28.673956658Z I0619 11:53:28.673737      12 job_controller.go:626] "enqueueing job" logger="job-controller" key="kubentic-foresight/kubentic-victoria-metrics-operator-cleanup-hook" delay="1s"
2026-06-19T11:53:28.686530743Z I0619 11:53:28.686382      12 job_controller.go:626] "enqueueing job" logger="job-controller" key="kubentic-foresight/kubentic-victoria-metrics-operator-cleanup-hook" delay="1s"
2026-06-19T11:53:28.691179884Z I0619 11:53:28.690892      12 job_controller.go:626] "enqueueing job" logger="job-controller" key="kubentic-foresight/kubentic-victoria-metrics-operator-cleanup-hook" delay="1s"
2026-06-19T11:53:28.733840812Z I0619 11:53:28.732677      12 job_controller.go:626] "enqueueing job" logger="job-controller" key="kubentic-foresight/kubentic-victoria-metrics-operator-cleanup-hook" delay="1s"
2026-06-19T11:53:31.773157962Z I0619 11:53:31.772498      12 garbagecollector.go:506] "Processing item" item="[apps/v1/Deployment, namespace: kubentic-foresight, name: vmagent-vmstack, uid: e4fc6233-2e7b-4acc-a8da-5ff19bde50fd]" virtual=false
2026-06-19T11:53:31.773208870Z I0619 11:53:31.772449      12 garbagecollector.go:506] "Processing item" item="[v1/Service, namespace: kubentic-foresight, name: vmagent-vmstack, uid: acf523dd-63e4-452b-ab60-a647bda2e80a]" virtual=false
2026-06-19T11:53:31.773213468Z I0619 11:53:31.772592      12 garbagecollector.go:506] "Processing item" item="[v1/Secret, namespace: kubentic-foresight, name: vmagent-vmstack, uid: 9ee7b9f4-f2e5-45b5-8a79-3e5b10305155]" virtual=false
2026-06-19T11:53:31.773216181Z I0619 11:53:31.772616      12 garbagecollector.go:506] "Processing item" item="[v1/Secret, namespace: kubentic-foresight, name: tls-assets-vmagent-vmstack, uid: 36cf2133-4438-46b3-aeec-f12d237d1836]" virtual=false
2026-06-19T11:53:31.773457160Z I0619 11:53:31.773290      12 garbagecollector.go:506] "Processing item" item="[v1/ServiceAccount, namespace: kubentic-foresight, name: vmagent-vmstack, uid: af9451ae-0cdb-4218-9908-fc7bfb84f318]" virtual=false
2026-06-19T11:53:31.791528731Z I0619 11:53:31.787689      12 garbagecollector.go:645] "Deleting item" item="[v1/Secret, namespace: kubentic-foresight, name: vmagent-vmstack, uid: 9ee7b9f4-f2e5-45b5-8a79-3e5b10305155]" propagationPolicy="Background"
2026-06-19T11:53:31.791559042Z I0619 11:53:31.788009      12 garbagecollector.go:645] "Deleting item" item="[v1/Service, namespace: kubentic-foresight, name: vmagent-vmstack, uid: acf523dd-63e4-452b-ab60-a647bda2e80a]" propagationPolicy="Background"
2026-06-19T11:53:31.791564090Z I0619 11:53:31.788240      12 garbagecollector.go:645] "Deleting item" item="[v1/Secret, namespace: kubentic-foresight, name: tls-assets-vmagent-vmstack, uid: 36cf2133-4438-46b3-aeec-f12d237d1836]" propagationPolicy="Background"
2026-06-19T11:53:31.791567082Z I0619 11:53:31.790790      12 garbagecollector.go:506] "Processing item" item="[operator.victoriametrics.com/v1beta1/VMSingle, namespace: kubentic-foresight, name: vmstack, uid: c0510f29-6428-4902-b698-eca830d039ce]" virtual=false
2026-06-19T11:53:31.796403627Z I0619 11:53:31.796192      12 garbagecollector.go:645] "Deleting item" item="[apps/v1/Deployment, namespace: kubentic-foresight, name: vmagent-vmstack, uid: e4fc6233-2e7b-4acc-a8da-5ff19bde50fd]" propagationPolicy="Background"
2026-06-19T11:53:31.798575278Z I0619 11:53:31.798368      12 garbagecollector.go:645] "Deleting item" item="[v1/ServiceAccount, namespace: kubentic-foresight, name: vmagent-vmstack, uid: af9451ae-0cdb-4218-9908-fc7bfb84f318]" propagationPolicy="Background"
2026-06-19T11:53:31.803530794Z I0619 11:53:31.803308      12 garbagecollector.go:506] "Processing item" item="[discovery.k8s.io/v1/EndpointSlice, namespace: kubentic-foresight, name: vmagent-vmstack-cbwdm, uid: f05f9418-0dcb-47a5-bb6b-cff55a2fab74]" virtual=false
2026-06-19T11:53:31.813610900Z I0619 11:53:31.813377      12 garbagecollector.go:645] "Deleting item" item="[discovery.k8s.io/v1/EndpointSlice, namespace: kubentic-foresight, name: vmagent-vmstack-cbwdm, uid: f05f9418-0dcb-47a5-bb6b-cff55a2fab74]" propagationPolicy="Background"
2026-06-19T11:53:31.816231414Z I0619 11:53:31.815950      12 deployment_controller.go:612] "Deployment has been deleted" deployment="kubentic-foresight/vmagent-vmstack"
2026-06-19T11:53:31.816400524Z I0619 11:53:31.816036      12 garbagecollector.go:506] "Processing item" item="[apps/v1/ReplicaSet, namespace: kubentic-foresight, name: vmagent-vmstack-79cbcf4595, uid: 63023f6f-9fa5-4db8-9d48-c078172131d1]" virtual=false
2026-06-19T11:53:31.820675076Z I0619 11:53:31.820155      12 garbagecollector.go:506] "Processing item" item="[v1/Service, namespace: kubentic-foresight, name: vmsingle-vmstack, uid: c5c8da2c-4eb7-4dbb-a5d0-652bf1e5eb8e]" virtual=false
2026-06-19T11:53:31.821469950Z I0619 11:53:31.820232      12 garbagecollector.go:506] "Processing item" item="[apps/v1/Deployment, namespace: kubentic-foresight, name: vmsingle-vmstack, uid: 26a623fe-3270-44a2-bc5e-84f7de4819ca]" virtual=false
2026-06-19T11:53:31.821480413Z I0619 11:53:31.820287      12 garbagecollector.go:506] "Processing item" item="[v1/ServiceAccount, namespace: kubentic-foresight, name: vmsingle-vmstack, uid: c9643307-434a-467b-85f6-7196f572548f]" virtual=false
2026-06-19T11:53:31.821483003Z I0619 11:53:31.820315      12 garbagecollector.go:506] "Processing item" item="[v1/Service, namespace: kubentic-foresight, name: vmsingle-vmstack-additional-service, uid: b796840a-0d56-4543-9224-059a2cdf214f]" virtual=false
2026-06-19T11:53:31.828121348Z I0619 11:53:31.827656      12 garbagecollector.go:645] "Deleting item" item="[apps/v1/ReplicaSet, namespace: kubentic-foresight, name: vmagent-vmstack-79cbcf4595, uid: 63023f6f-9fa5-4db8-9d48-c078172131d1]" propagationPolicy="Background"
2026-06-19T11:53:31.828436682Z I0619 11:53:31.828302      12 garbagecollector.go:645] "Deleting item" item="[apps/v1/Deployment, namespace: kubentic-foresight, name: vmsingle-vmstack, uid: 26a623fe-3270-44a2-bc5e-84f7de4819ca]" propagationPolicy="Background"
2026-06-19T11:53:31.834510831Z I0619 11:53:31.834287      12 garbagecollector.go:645] "Deleting item" item="[v1/Service, namespace: kubentic-foresight, name: vmsingle-vmstack-additional-service, uid: b796840a-0d56-4543-9224-059a2cdf214f]" propagationPolicy="Background"
2026-06-19T11:53:31.834877684Z I0619 11:53:31.834216      12 garbagecollector.go:645] "Deleting item" item="[v1/Service, namespace: kubentic-foresight, name: vmsingle-vmstack, uid: c5c8da2c-4eb7-4dbb-a5d0-652bf1e5eb8e]" propagationPolicy="Background"
2026-06-19T11:53:31.836783519Z I0619 11:53:31.836593      12 garbagecollector.go:645] "Deleting item" item="[v1/ServiceAccount, namespace: kubentic-foresight, name: vmsingle-vmstack, uid: c9643307-434a-467b-85f6-7196f572548f]" propagationPolicy="Background"
2026-06-19T11:53:31.840471400Z I0619 11:53:31.840204      12 garbagecollector.go:506] "Processing item" item="[v1/Pod, namespace: kubentic-foresight, name: vmagent-vmstack-79cbcf4595-pc5k2, uid: e5473548-e957-479f-ab9f-3e6c9db34b2f]" virtual=false
2026-06-19T11:53:31.844509264Z I0619 11:53:31.844219      12 deployment_controller.go:612] "Deployment has been deleted" deployment="kubentic-foresight/vmsingle-vmstack"
2026-06-19T11:53:31.845089334Z I0619 11:53:31.844664      12 garbagecollector.go:506] "Processing item" item="[apps/v1/ReplicaSet, namespace: kubentic-foresight, name: vmsingle-vmstack-6fd779f668, uid: 6b04e18c-d134-4c7f-acdf-72a3cf6eb433]" virtual=false
2026-06-19T11:53:31.848003364Z I0619 11:53:31.847770      12 garbagecollector.go:506] "Processing item" item="[discovery.k8s.io/v1/EndpointSlice, namespace: kubentic-foresight, name: vmsingle-vmstack-bcxj4, uid: 6df1d966-c35e-4906-8cb1-ac5a12d16010]" virtual=false
2026-06-19T11:53:31.849084562Z I0619 11:53:31.848789      12 garbagecollector.go:645] "Deleting item" item="[v1/Pod, namespace: kubentic-foresight, name: vmagent-vmstack-79cbcf4595-pc5k2, uid: e5473548-e957-479f-ab9f-3e6c9db34b2f]" propagationPolicy="Background"
2026-06-19T11:53:31.856911471Z I0619 11:53:31.851982      12 garbagecollector.go:645] "Deleting item" item="[apps/v1/ReplicaSet, namespace: kubentic-foresight, name: vmsingle-vmstack-6fd779f668, uid: 6b04e18c-d134-4c7f-acdf-72a3cf6eb433]" propagationPolicy="Background"
2026-06-19T11:53:31.864167615Z I0619 11:53:31.863988      12 garbagecollector.go:645] "Deleting item" item="[discovery.k8s.io/v1/EndpointSlice, namespace: kubentic-foresight, name: vmsingle-vmstack-bcxj4, uid: 6df1d966-c35e-4906-8cb1-ac5a12d16010]" propagationPolicy="Background"
2026-06-19T11:53:31.881993091Z I0619 11:53:31.881744      12 garbagecollector.go:506] "Processing item" item="[v1/Pod, namespace: kubentic-foresight, name: vmsingle-vmstack-6fd779f668-d5ptf, uid: 4edd0c9f-cee6-4081-920e-06184a15ea47]" virtual=false
2026-06-19T11:53:31.890356971Z I0619 11:53:31.889601      12 garbagecollector.go:645] "Deleting item" item="[v1/Pod, namespace: kubentic-foresight, name: vmsingle-vmstack-6fd779f668-d5ptf, uid: 4edd0c9f-cee6-4081-920e-06184a15ea47]" propagationPolicy="Background"
2026-06-19T11:53:31.971919828Z I0619 11:53:31.971645      12 job_controller.go:626] "enqueueing job" logger="job-controller" key="kubentic-foresight/kubentic-victoria-metrics-operator-cleanup-hook" delay="1s"
2026-06-19T11:53:32.983715308Z I0619 11:53:32.983241      12 job_controller.go:626] "enqueueing job" logger="job-controller" key="kubentic-foresight/kubentic-victoria-metrics-operator-cleanup-hook" delay="1s"
2026-06-19T11:53:32.995161869Z I0619 11:53:32.994590      12 job_controller.go:626] "enqueueing job" logger="job-controller" key="kubentic-foresight/kubentic-victoria-metrics-operator-cleanup-hook" delay="1s"
2026-06-19T11:53:33.991986627Z I0619 11:53:33.991628      12 job_controller.go:626] "enqueueing job" logger="job-controller" key="kubentic-foresight/kubentic-victoria-metrics-operator-cleanup-hook" delay="1s"
2026-06-19T11:53:34.150472305Z I0619 11:53:34.150262      12 job_controller.go:626] "enqueueing job" logger="job-controller" key="kubentic-foresight/kubentic-victoria-metrics-operator-cleanup-hook" delay="1s"
2026-06-19T11:53:35.010982676Z I0619 11:53:35.010793      12 job_controller.go:626] "enqueueing job" logger="job-controller" key="kubentic-foresight/kubentic-victoria-metrics-operator-cleanup-hook" delay="1s"
2026-06-19T11:53:35.034842318Z I0619 11:53:35.034651      12 job_controller.go:626] "enqueueing job" logger="job-controller" key="kubentic-foresight/kubentic-victoria-metrics-operator-cleanup-hook" delay="1s"
2026-06-19T11:53:38.402648761Z I0619 11:53:38.402229      12 garbagecollector.go:506] "Processing item" item="[discovery.k8s.io/v1/EndpointSlice, namespace: kubentic-foresight, name: kubentic-kube-state-metrics-q27ln, uid: 1aa00c24-e600-4d10-b862-a71acc695a52]" virtual=false
2026-06-19T11:53:38.406824734Z I0619 11:53:38.406458      12 garbagecollector.go:506] "Processing item" item="[discovery.k8s.io/v1/EndpointSlice, namespace: kubentic-foresight, name: kubentic-victoria-metrics-operator-g679g, uid: 66cb2f6f-e7ab-4eb8-acce-825edc014478]" virtual=false
2026-06-19T11:53:38.407673502Z I0619 11:53:38.406876      12 garbagecollector.go:506] "Processing item" item="[discovery.k8s.io/v1/EndpointSlice, namespace: kubentic-foresight, name: kubentic-victoria-metrics-operator-cn5nq, uid: 689c713e-c36b-4cf5-89bb-fb9e01482018]" virtual=false
2026-06-19T11:53:38.413860130Z I0619 11:53:38.413680      12 garbagecollector.go:506] "Processing item" item="[discovery.k8s.io/v1/EndpointSlice, namespace: kubentic-foresight, name: kubentic-prometheus-node-exporter-rpgxh, uid: c8c23078-9fef-4276-9d53-d82746ca8038]" virtual=false
2026-06-19T11:53:38.416010439Z I0619 11:53:38.415776      12 garbagecollector.go:506] "Processing item" item="[discovery.k8s.io/v1/EndpointSlice, namespace: kube-system, name: vmstack-core-dns-6mk9k, uid: 41600243-bc12-4a3e-96ae-57923c403e4f]" virtual=false
2026-06-19T11:53:38.422109182Z I0619 11:53:38.421902      12 garbagecollector.go:645] "Deleting item" item="[discovery.k8s.io/v1/EndpointSlice, namespace: kubentic-foresight, name: kubentic-victoria-metrics-operator-cn5nq, uid: 689c713e-c36b-4cf5-89bb-fb9e01482018]" propagationPolicy="Background"
2026-06-19T11:53:38.423096993Z I0619 11:53:38.422870      12 garbagecollector.go:645] "Deleting item" item="[discovery.k8s.io/v1/EndpointSlice, namespace: kubentic-foresight, name: kubentic-victoria-metrics-operator-g679g, uid: 66cb2f6f-e7ab-4eb8-acce-825edc014478]" propagationPolicy="Background"
2026-06-19T11:53:38.423691262Z I0619 11:53:38.422926      12 garbagecollector.go:645] "Deleting item" item="[discovery.k8s.io/v1/EndpointSlice, namespace: kubentic-foresight, name: kubentic-kube-state-metrics-q27ln, uid: 1aa00c24-e600-4d10-b862-a71acc695a52]" propagationPolicy="Background"
2026-06-19T11:53:38.424822580Z I0619 11:53:38.424676      12 garbagecollector.go:645] "Deleting item" item="[discovery.k8s.io/v1/EndpointSlice, namespace: kubentic-foresight, name: kubentic-prometheus-node-exporter-rpgxh, uid: c8c23078-9fef-4276-9d53-d82746ca8038]" propagationPolicy="Background"
2026-06-19T11:53:38.440752220Z I0619 11:53:38.438309      12 garbagecollector.go:645] "Deleting item" item="[discovery.k8s.io/v1/EndpointSlice, namespace: kube-system, name: vmstack-core-dns-6mk9k, uid: 41600243-bc12-4a3e-96ae-57923c403e4f]" propagationPolicy="Background"
2026-06-19T11:53:38.745868121Z I0619 11:53:38.745613      12 stateful_set.go:483] "StatefulSet has been deleted" key="kubentic-foresight/vlogs-server"
2026-06-19T11:53:38.746973127Z I0619 11:53:38.746802      12 garbagecollector.go:506] "Processing item" item="[v1/Pod, namespace: kubentic-foresight, name: vlogs-server-0, uid: c7787329-e6d9-488b-84c1-4ac22f6282ff]" virtual=false
2026-06-19T11:53:38.747435839Z I0619 11:53:38.746765      12 garbagecollector.go:506] "Processing item" item="[apps/v1/ControllerRevision, namespace: kubentic-foresight, name: vlogs-server-5477fc4445, uid: 2b028188-c964-44d3-a955-55057870e268]" virtual=false
2026-06-19T11:53:38.752588858Z I0619 11:53:38.752307      12 garbagecollector.go:645] "Deleting item" item="[v1/Pod, namespace: kubentic-foresight, name: vlogs-server-0, uid: c7787329-e6d9-488b-84c1-4ac22f6282ff]" propagationPolicy="Background"
2026-06-19T11:53:38.754057333Z I0619 11:53:38.753668      12 garbagecollector.go:645] "Deleting item" item="[apps/v1/ControllerRevision, namespace: kubentic-foresight, name: vlogs-server-5477fc4445, uid: 2b028188-c964-44d3-a955-55057870e268]" propagationPolicy="Background"
2026-06-19T11:53:39.094782193Z I0619 11:53:39.093877      12 garbagecollector.go:506] "Processing item" item="[apps/v1/ReplicaSet, namespace: kubentic-foresight, name: kubentic-grafana-7bbf74d8d, uid: ac7a29b2-9a31-4e34-9091-f01146ab9356]" virtual=false
2026-06-19T11:53:39.094799715Z I0619 11:53:39.094166      12 deployment_controller.go:612] "Deployment has been deleted" deployment="kubentic-foresight/kubentic-grafana"
2026-06-19T11:53:39.097625318Z I0619 11:53:39.097423      12 garbagecollector.go:645] "Deleting item" item="[apps/v1/ReplicaSet, namespace: kubentic-foresight, name: kubentic-grafana-7bbf74d8d, uid: ac7a29b2-9a31-4e34-9091-f01146ab9356]" propagationPolicy="Background"
2026-06-19T11:53:39.100479678Z I0619 11:53:39.099520      12 garbagecollector.go:506] "Processing item" item="[apps/v1/ReplicaSet, namespace: kubentic-foresight, name: kubentic-operator-77585959f, uid: 6cd3ba92-e5a5-42e8-8540-502cfc368e2b]" virtual=false
2026-06-19T11:53:39.101938854Z I0619 11:53:39.099977      12 deployment_controller.go:612] "Deployment has been deleted" deployment="kubentic-foresight/kubentic-operator"
2026-06-19T11:53:39.102317619Z I0619 11:53:39.102149      12 garbagecollector.go:506] "Processing item" item="[apps/v1/ReplicaSet, namespace: kubentic-foresight, name: kubentic-victoria-metrics-operator-5f96779cb6, uid: 72539a57-6421-47af-b004-656d8dfea94e]" virtual=false
2026-06-19T11:53:39.104770019Z I0619 11:53:39.103045      12 deployment_controller.go:612] "Deployment has been deleted" deployment="kubentic-foresight/kubentic-victoria-metrics-operator"
2026-06-19T11:53:39.104782981Z I0619 11:53:39.103069      12 deployment_controller.go:612] "Deployment has been deleted" deployment="kubentic-foresight/kubentic-kube-state-metrics"
2026-06-19T11:53:39.104786886Z I0619 11:53:39.103130      12 garbagecollector.go:506] "Processing item" item="[apps/v1/ReplicaSet, namespace: kubentic-foresight, name: kubentic-kube-state-metrics-84b958ff7, uid: d7c07c28-7624-4d54-a4fd-ddc523be5756]" virtual=false
2026-06-19T11:53:39.106752130Z I0619 11:53:39.106596      12 garbagecollector.go:645] "Deleting item" item="[apps/v1/ReplicaSet, namespace: kubentic-foresight, name: kubentic-operator-77585959f, uid: 6cd3ba92-e5a5-42e8-8540-502cfc368e2b]" propagationPolicy="Background"
2026-06-19T11:53:39.107992099Z I0619 11:53:39.107279      12 garbagecollector.go:645] "Deleting item" item="[apps/v1/ReplicaSet, namespace: kubentic-foresight, name: kubentic-victoria-metrics-operator-5f96779cb6, uid: 72539a57-6421-47af-b004-656d8dfea94e]" propagationPolicy="Background"
2026-06-19T11:53:39.110008016Z I0619 11:53:39.109847      12 garbagecollector.go:506] "Processing item" item="[v1/Pod, namespace: kubentic-foresight, name: kubentic-grafana-7bbf74d8d-674xm, uid: 71f01fc4-1685-41e6-93f0-b743b826b97a]" virtual=false
2026-06-19T11:53:39.112349962Z I0619 11:53:39.112169      12 garbagecollector.go:645] "Deleting item" item="[apps/v1/ReplicaSet, namespace: kubentic-foresight, name: kubentic-kube-state-metrics-84b958ff7, uid: d7c07c28-7624-4d54-a4fd-ddc523be5756]" propagationPolicy="Background"
2026-06-19T11:53:39.115645972Z I0619 11:53:39.115393      12 garbagecollector.go:645] "Deleting item" item="[v1/Pod, namespace: kubentic-foresight, name: kubentic-grafana-7bbf74d8d-674xm, uid: 71f01fc4-1685-41e6-93f0-b743b826b97a]" propagationPolicy="Background"
2026-06-19T11:53:39.120162185Z I0619 11:53:39.119817      12 garbagecollector.go:506] "Processing item" item="[v1/Pod, namespace: kubentic-foresight, name: kubentic-operator-77585959f-jnfck, uid: c41fb016-6594-4eb5-adb9-840a673758fa]" virtual=false
2026-06-19T11:53:39.123143526Z I0619 11:53:39.122916      12 garbagecollector.go:506] "Processing item" item="[v1/Pod, namespace: kubentic-foresight, name: kubentic-victoria-metrics-operator-5f96779cb6-c7kkx, uid: 0b094d72-35da-4f87-8f6a-cefb27a0f873]" virtual=false
2026-06-19T11:53:39.128744928Z I0619 11:53:39.127962      12 garbagecollector.go:645] "Deleting item" item="[v1/Pod, namespace: kubentic-foresight, name: kubentic-operator-77585959f-jnfck, uid: c41fb016-6594-4eb5-adb9-840a673758fa]" propagationPolicy="Background"
2026-06-19T11:53:39.129866397Z I0619 11:53:39.129702      12 garbagecollector.go:506] "Processing item" item="[v1/Pod, namespace: kubentic-foresight, name: kubentic-kube-state-metrics-84b958ff7-jghgv, uid: 0450fc10-5739-453a-8b4a-00ab6243f2fc]" virtual=false
2026-06-19T11:53:39.135463341Z I0619 11:53:39.134529      12 garbagecollector.go:645] "Deleting item" item="[v1/Pod, namespace: kubentic-foresight, name: kubentic-victoria-metrics-operator-5f96779cb6-c7kkx, uid: 0b094d72-35da-4f87-8f6a-cefb27a0f873]" propagationPolicy="Background"
2026-06-19T11:53:39.140037838Z I0619 11:53:39.139846      12 garbagecollector.go:645] "Deleting item" item="[v1/Pod, namespace: kubentic-foresight, name: kubentic-kube-state-metrics-84b958ff7-jghgv, uid: 0450fc10-5739-453a-8b4a-00ab6243f2fc]" propagationPolicy="Background"
2026-06-19T11:53:39.418980514Z I0619 11:53:39.418709      12 garbagecollector.go:506] "Processing item" item="[v1/Pod, namespace: kubentic-foresight, name: kubentic-vector-9wvxw, uid: 8958fbaf-4567-4b4b-95d0-c889e07e25f9]" virtual=false
2026-06-19T11:53:39.419185956Z I0619 11:53:39.418857      12 garbagecollector.go:506] "Processing item" item="[v1/Pod, namespace: kubentic-foresight, name: kubentic-vector-mfhwr, uid: dda15109-3d67-4b77-a3ff-22fe49d04c96]" virtual=false
2026-06-19T11:53:39.419512144Z I0619 11:53:39.419346      12 garbagecollector.go:506] "Processing item" item="[v1/Pod, namespace: kubentic-foresight, name: kubentic-vector-79lxd, uid: 499a03f3-7eff-415b-a6ae-7fe9fa00e005]" virtual=false
2026-06-19T11:53:39.421243383Z I0619 11:53:39.419523      12 garbagecollector.go:506] "Processing item" item="[apps/v1/ControllerRevision, namespace: kubentic-foresight, name: kubentic-vector-b47d7c46, uid: 74b00950-cc35-4d81-b895-3f93179a4de9]" virtual=false
2026-06-19T11:53:39.422331559Z I0619 11:53:39.422183      12 garbagecollector.go:506] "Processing item" item="[apps/v1/ControllerRevision, namespace: kubentic-foresight, name: kubentic-prometheus-node-exporter-77dbd8ccb9, uid: 922f529d-1e41-45a0-8cc2-d74e7a103662]" virtual=false
2026-06-19T11:53:39.423749412Z I0619 11:53:39.423607      12 garbagecollector.go:506] "Processing item" item="[v1/Pod, namespace: kubentic-foresight, name: kubentic-prometheus-node-exporter-h55vh, uid: d2d1008e-60fa-494e-8281-01f66855c24c]" virtual=false
2026-06-19T11:53:39.424022220Z I0619 11:53:39.423906      12 garbagecollector.go:506] "Processing item" item="[v1/Pod, namespace: kubentic-foresight, name: kubentic-prometheus-node-exporter-rkfg4, uid: 737876d5-510a-4e3d-9a09-43188795cc74]" virtual=false
2026-06-19T11:53:39.424232682Z I0619 11:53:39.424112      12 garbagecollector.go:506] "Processing item" item="[v1/Pod, namespace: kubentic-foresight, name: kubentic-prometheus-node-exporter-xc5sj, uid: 38c91b1c-33b6-43a3-b2e2-af2efae8ad0f]" virtual=false
2026-06-19T11:53:39.427367788Z I0619 11:53:39.427165      12 garbagecollector.go:645] "Deleting item" item="[apps/v1/ControllerRevision, namespace: kubentic-foresight, name: kubentic-vector-b47d7c46, uid: 74b00950-cc35-4d81-b895-3f93179a4de9]" propagationPolicy="Background"
2026-06-19T11:53:39.434047710Z I0619 11:53:39.433142      12 garbagecollector.go:645] "Deleting item" item="[apps/v1/ControllerRevision, namespace: kubentic-foresight, name: kubentic-prometheus-node-exporter-77dbd8ccb9, uid: 922f529d-1e41-45a0-8cc2-d74e7a103662]" propagationPolicy="Background"
2026-06-19T11:53:39.434070710Z I0619 11:53:39.433669      12 garbagecollector.go:645] "Deleting item" item="[v1/Pod, namespace: kubentic-foresight, name: kubentic-prometheus-node-exporter-rkfg4, uid: 737876d5-510a-4e3d-9a09-43188795cc74]" propagationPolicy="Background"
2026-06-19T11:53:39.434797689Z I0619 11:53:39.434590      12 garbagecollector.go:645] "Deleting item" item="[v1/Pod, namespace: kubentic-foresight, name: kubentic-vector-9wvxw, uid: 8958fbaf-4567-4b4b-95d0-c889e07e25f9]" propagationPolicy="Background"
2026-06-19T11:53:39.434958768Z I0619 11:53:39.434673      12 garbagecollector.go:645] "Deleting item" item="[v1/Pod, namespace: kubentic-foresight, name: kubentic-prometheus-node-exporter-xc5sj, uid: 38c91b1c-33b6-43a3-b2e2-af2efae8ad0f]" propagationPolicy="Background"
2026-06-19T11:53:39.435638354Z I0619 11:53:39.435461      12 garbagecollector.go:645] "Deleting item" item="[v1/Pod, namespace: kubentic-foresight, name: kubentic-vector-79lxd, uid: 499a03f3-7eff-415b-a6ae-7fe9fa00e005]" propagationPolicy="Background"
2026-06-19T11:53:39.435775988Z I0619 11:53:39.435530      12 garbagecollector.go:645] "Deleting item" item="[v1/Pod, namespace: kubentic-foresight, name: kubentic-vector-mfhwr, uid: dda15109-3d67-4b77-a3ff-22fe49d04c96]" propagationPolicy="Background"
2026-06-19T11:53:39.436496587Z I0619 11:53:39.436316      12 garbagecollector.go:645] "Deleting item" item="[v1/Pod, namespace: kubentic-foresight, name: kubentic-prometheus-node-exporter-h55vh, uid: d2d1008e-60fa-494e-8281-01f66855c24c]" propagationPolicy="Background"
2026-06-19T11:53:42.143153018Z I0619 11:53:42.142805      12 reconciler.go:279] "attacherDetacher.DetachVolume started" node="i-0d94ada325e8491c5" volumeName="kubernetes.io/csi/ebs.csi.aws.com^vol-092395df607f30c5f"
2026-06-19T11:53:42.146992273Z I0619 11:53:42.146682      12 operation_generator.go:1511] Verified volume is safe to detach for volume "pvc-1a628bbe-2164-4e38-b041-a415818a50ec" (UniqueName: "kubernetes.io/csi/ebs.csi.aws.com^vol-092395df607f30c5f") on node "i-0d94ada325e8491c5" 
2026-06-19T11:53:47.912715784Z I0619 11:53:47.911168      12 garbagecollector.go:506] "Processing item" item="[discovery.k8s.io/v1/EndpointSlice, namespace: kubentic-foresight, name: vmsingle-vmstack-additional-service-x4fs2, uid: 38006bd4-84c9-4714-97e6-5646096bcc5c]" virtual=false
2026-06-19T11:53:47.921985399Z I0619 11:53:47.919333      12 garbagecollector.go:645] "Deleting item" item="[discovery.k8s.io/v1/EndpointSlice, namespace: kubentic-foresight, name: vmsingle-vmstack-additional-service-x4fs2, uid: 38006bd4-84c9-4714-97e6-5646096bcc5c]" propagationPolicy="Background"
2026-06-19T11:53:48.003167369Z I0619 11:53:48.002982      12 operation_generator.go:414] DetachVolume.Detach succeeded for volume "pvc-1a628bbe-2164-4e38-b041-a415818a50ec" (UniqueName: "kubernetes.io/csi/ebs.csi.aws.com^vol-092395df607f30c5f") on node "i-0d94ada325e8491c5" 
2026-06-19T11:54:02.884936137Z I0619 11:54:02.884494      12 reconciler.go:279] "attacherDetacher.DetachVolume started" node="i-0d94ada325e8491c5" volumeName="kubernetes.io/csi/ebs.csi.aws.com^vol-02992f401c0c3a97b"
2026-06-19T11:54:02.888777322Z I0619 11:54:02.888487      12 operation_generator.go:1511] Verified volume is safe to detach for volume "pvc-5ad2bf1d-ae16-44b2-96c7-a7f846d9377a" (UniqueName: "kubernetes.io/csi/ebs.csi.aws.com^vol-02992f401c0c3a97b") on node "i-0d94ada325e8491c5" 
2026-06-19T11:54:06.517612204Z I0619 11:54:06.517363      12 operation_generator.go:414] DetachVolume.Detach succeeded for volume "pvc-5ad2bf1d-ae16-44b2-96c7-a7f846d9377a" (UniqueName: "kubernetes.io/csi/ebs.csi.aws.com^vol-02992f401c0c3a97b") on node "i-0d94ada325e8491c5" 
2026-06-19T11:54:13.915147235Z I0619 11:54:13.914886      12 garbagecollector.go:506] "Processing item" item="[discovery.k8s.io/v1/EndpointSlice, namespace: kubentic-foresight, name: vlogs-server-zv9zb, uid: 03827bb7-9152-490d-a1be-3ae956168ea3]" virtual=false
2026-06-19T11:54:13.933497950Z I0619 11:54:13.933319      12 garbagecollector.go:645] "Deleting item" item="[discovery.k8s.io/v1/EndpointSlice, namespace: kubentic-foresight, name: vlogs-server-zv9zb, uid: 03827bb7-9152-490d-a1be-3ae956168ea3]" propagationPolicy="Background"
2026-06-19T11:54:23.026209267Z I0619 11:54:23.025684      12 job_controller.go:626] "enqueueing job" logger="job-controller" key="kubentic-foresight/kubentic-agent-kubentic-agent-29697660" delay="0s"
2026-06-19T11:54:23.032001677Z I0619 11:54:23.031370      12 job_controller.go:626] "enqueueing job" logger="job-controller" key="kubentic-foresight/kubentic-agent-kubentic-agent-29697720" delay="0s"
2026-06-19T11:54:23.037413778Z I0619 11:54:23.037149      12 job_controller.go:626] "enqueueing job" logger="job-controller" key="kubentic-foresight/kubentic-agent-kubentic-agent-29697780" delay="0s"
2026-06-19T11:54:23.039780924Z I0619 11:54:23.039088      12 job_controller.go:626] "enqueueing job" logger="job-controller" key="kubentic-foresight/kubentic-victoria-metrics-operator-cleanup-hook" delay="0s"
2026-06-19T11:54:23.106307236Z I0619 11:54:23.105886      12 pvc_protection_controller.go:378] "PVC is unused" PVC="kubentic-foresight/server-volume-vlogs-server-0"
2026-06-19T11:54:23.131766180Z I0619 11:54:23.131563      12 pv_controller.go:673] "Volume is released and reclaim policy will be executed" volumeName="pvc-5ad2bf1d-ae16-44b2-96c7-a7f846d9377a" reclaimPolicy="Delete"
2026-06-19T11:54:23.141505511Z I0619 11:54:23.140267      12 pv_controller.go:935] "Volume entered phase" volumeName="pvc-5ad2bf1d-ae16-44b2-96c7-a7f846d9377a" phase="Released"
2026-06-19T11:54:23.147755609Z I0619 11:54:23.147582      12 pv_controller.go:1436] "isVolumeReleased: volume is released" volumeName="pvc-5ad2bf1d-ae16-44b2-96c7-a7f846d9377a"
2026-06-19T11:54:23.208851778Z I0619 11:54:23.208424      12 pvc_protection_controller.go:378] "PVC is unused" PVC="kubentic-foresight/vmsingle-vmstack"
2026-06-19T11:54:23.220664578Z I0619 11:54:23.220447      12 pv_controller.go:673] "Volume is released and reclaim policy will be executed" volumeName="pvc-1a628bbe-2164-4e38-b041-a415818a50ec" reclaimPolicy="Delete"
2026-06-19T11:54:23.227578672Z I0619 11:54:23.227272      12 pv_controller.go:935] "Volume entered phase" volumeName="pvc-1a628bbe-2164-4e38-b041-a415818a50ec" phase="Released"
2026-06-19T11:54:23.237339457Z I0619 11:54:23.237119      12 pv_controller.go:1436] "isVolumeReleased: volume is released" volumeName="pvc-1a628bbe-2164-4e38-b041-a415818a50ec"
2026-06-19T11:54:23.382880386Z I0619 11:54:23.382670      12 pv_controller.go:1436] "isVolumeReleased: volume is released" volumeName="pvc-5ad2bf1d-ae16-44b2-96c7-a7f846d9377a"
2026-06-19T11:54:23.398366841Z I0619 11:54:23.398119      12 pv_controller.go:1436] "isVolumeReleased: volume is released" volumeName="pvc-5ad2bf1d-ae16-44b2-96c7-a7f846d9377a"
2026-06-19T11:54:23.398567958Z E0619 11:54:23.398343      12 pv_protection_controller.go:123] "Unhandled Error" err="PV pvc-5ad2bf1d-ae16-44b2-96c7-a7f846d9377a failed with : Operation cannot be fulfilled on persistentvolumes \"pvc-5ad2bf1d-ae16-44b2-96c7-a7f846d9377a\": the object has been modified; please apply your changes to the latest version and try again" logger="UnhandledError"
2026-06-19T11:54:23.415281212Z I0619 11:54:23.415091      12 pv_controller.go:1436] "isVolumeReleased: volume is released" volumeName="pvc-5ad2bf1d-ae16-44b2-96c7-a7f846d9377a"
2026-06-19T11:54:23.421921165Z I0619 11:54:23.421714      12 pv_controller_base.go:591] "Deletion of claim was already processed" claimKey="kubentic-foresight/server-volume-vlogs-server-0"
2026-06-19T11:54:23.507822616Z I0619 11:54:23.507287      12 pv_controller.go:1436] "isVolumeReleased: volume is released" volumeName="pvc-1a628bbe-2164-4e38-b041-a415818a50ec"
2026-06-19T11:54:23.523443885Z I0619 11:54:23.523247      12 pv_controller.go:1436] "isVolumeReleased: volume is released" volumeName="pvc-1a628bbe-2164-4e38-b041-a415818a50ec"
2026-06-19T11:54:23.533730741Z I0619 11:54:23.533507      12 pv_controller.go:1436] "isVolumeReleased: volume is released" volumeName="pvc-1a628bbe-2164-4e38-b041-a415818a50ec"
2026-06-19T11:54:23.550242181Z I0619 11:54:23.549124      12 pv_controller_base.go:591] "Deletion of claim was already processed" claimKey="kubentic-foresight/vmsingle-vmstack"
2026-06-19T11:57:02.682221787Z I0619 11:57:02.674275      12 namespace_controller.go:187] "Namespace has been deleted" namespace="kubentic-foresight"
2026-06-19T11:59:55.331829049Z I0619 11:59:55.331309      12 job_controller.go:626] "enqueueing job" logger="job-controller" key="kubentic-foresight/kubentic-subscription-check" delay="0s"
2026-06-19T11:59:55.332116486Z I0619 11:59:55.331996      12 job_controller.go:972] "Job has activeDeadlineSeconds configuration. Will sync this job again" key="kubentic-foresight/kubentic-subscription-check" nextSyncIn="1m59.99999683s"
2026-06-19T11:59:55.346958799Z I0619 11:59:55.343925      12 job_controller.go:626] "enqueueing job" logger="job-controller" key="kubentic-foresight/kubentic-subscription-check" delay="1s"
2026-06-19T11:59:55.354828984Z I0619 11:59:55.354454      12 job_controller.go:626] "enqueueing job" logger="job-controller" key="kubentic-foresight/kubentic-subscription-check" delay="1s"
2026-06-19T11:59:55.360955008Z I0619 11:59:55.360725      12 job_controller.go:626] "enqueueing job" logger="job-controller" key="kubentic-foresight/kubentic-subscription-check" delay="1s"
2026-06-19T11:59:55.380078191Z I0619 11:59:55.379479      12 job_controller.go:626] "enqueueing job" logger="job-controller" key="kubentic-foresight/kubentic-subscription-check" delay="1s"
2026-06-19T11:59:56.344403232Z I0619 11:59:56.344189      12 job_controller.go:972] "Job has activeDeadlineSeconds configuration. Will sync this job again" key="kubentic-foresight/kubentic-subscription-check" nextSyncIn="1m58.655823102s"
2026-06-19T11:59:57.054940800Z I0619 11:59:57.054419      12 job_controller.go:626] "enqueueing job" logger="job-controller" key="kubentic-foresight/kubentic-subscription-check" delay="1s"
2026-06-19T11:59:58.055790059Z I0619 11:59:58.055588      12 job_controller.go:972] "Job has activeDeadlineSeconds configuration. Will sync this job again" key="kubentic-foresight/kubentic-subscription-check" nextSyncIn="1m56.944459818s"
2026-06-19T11:59:58.188620083Z I0619 11:59:58.188263      12 job_controller.go:626] "enqueueing job" logger="job-controller" key="kubentic-foresight/kubentic-subscription-check" delay="1s"
2026-06-19T11:59:59.189169561Z I0619 11:59:59.188755      12 job_controller.go:972] "Job has activeDeadlineSeconds configuration. Will sync this job again" key="kubentic-foresight/kubentic-subscription-check" nextSyncIn="1m55.811258576s"
2026-06-19T11:59:59.196858188Z I0619 11:59:59.196478      12 job_controller.go:626] "enqueueing job" logger="job-controller" key="kubentic-foresight/kubentic-subscription-check" delay="1s"
2026-06-19T11:59:59.208598385Z I0619 11:59:59.207086      12 job_controller.go:626] "enqueueing job" logger="job-controller" key="kubentic-foresight/kubentic-subscription-check" delay="1s"
2026-06-19T11:59:59.557340685Z I0619 11:59:59.556953      12 garbagecollector.go:506] "Processing item" item="[v1/Pod, namespace: kubentic-foresight, name: kubentic-subscription-check-m8brr, uid: 47853f7a-d5bf-492a-a3e5-faace634eb01]" virtual=false
2026-06-19T11:59:59.557781324Z I0619 11:59:59.557596      12 job_controller.go:626] "enqueueing job" logger="job-controller" key="kubentic-foresight/kubentic-subscription-check" delay="0s"
2026-06-19T11:59:59.565474465Z I0619 11:59:59.565269      12 garbagecollector.go:645] "Deleting item" item="[v1/Pod, namespace: kubentic-foresight, name: kubentic-subscription-check-m8brr, uid: 47853f7a-d5bf-492a-a3e5-faace634eb01]" propagationPolicy="Background"
2026-06-19T12:01:54.423010422Z I0619 12:01:54.422697      12 job_controller.go:626] "enqueueing job" logger="job-controller" key="kubentic-foresight/kubentic-victoria-metrics-operator-cleanup-hook" delay="0s"
2026-06-19T12:01:54.434541161Z I0619 12:01:54.433709      12 job_controller.go:626] "enqueueing job" logger="job-controller" key="kubentic-foresight/kubentic-victoria-metrics-operator-cleanup-hook" delay="1s"
2026-06-19T12:01:54.446776332Z I0619 12:01:54.445615      12 job_controller.go:626] "enqueueing job" logger="job-controller" key="kubentic-foresight/kubentic-victoria-metrics-operator-cleanup-hook" delay="1s"
2026-06-19T12:01:54.458031340Z I0619 12:01:54.457734      12 job_controller.go:626] "enqueueing job" logger="job-controller" key="kubentic-foresight/kubentic-victoria-metrics-operator-cleanup-hook" delay="1s"
2026-06-19T12:01:54.468820610Z I0619 12:01:54.468575      12 job_controller.go:626] "enqueueing job" logger="job-controller" key="kubentic-foresight/kubentic-victoria-metrics-operator-cleanup-hook" delay="1s"
2026-06-19T12:01:57.478521544Z I0619 12:01:57.478290      12 job_controller.go:626] "enqueueing job" logger="job-controller" key="kubentic-foresight/kubentic-victoria-metrics-operator-cleanup-hook" delay="1s"
2026-06-19T12:01:58.475410666Z I0619 12:01:58.475147      12 job_controller.go:626] "enqueueing job" logger="job-controller" key="kubentic-foresight/kubentic-victoria-metrics-operator-cleanup-hook" delay="1s"
2026-06-19T12:01:59.618746025Z I0619 12:01:59.618466      12 job_controller.go:626] "enqueueing job" logger="job-controller" key="kubentic-foresight/kubentic-victoria-metrics-operator-cleanup-hook" delay="1s"
2026-06-19T12:02:00.628036819Z I0619 12:02:00.627727      12 job_controller.go:626] "enqueueing job" logger="job-controller" key="kubentic-foresight/kubentic-victoria-metrics-operator-cleanup-hook" delay="1s"
2026-06-19T12:02:00.639468610Z I0619 12:02:00.639254      12 job_controller.go:626] "enqueueing job" logger="job-controller" key="kubentic-foresight/kubentic-victoria-metrics-operator-cleanup-hook" delay="1s"
2026-06-19T12:02:12.608694884Z I0619 12:02:12.607832      12 job_controller.go:626] "enqueueing job" logger="job-controller" key="kubentic-foresight/kubentic-victoria-metrics-operator-cleanup-hook" delay="0s"
2026-06-19T12:07:33.973907525Z I0619 12:07:33.973735      12 namespace_controller.go:187] "Namespace has been deleted" namespace="kubentic-foresight"
2026-06-19T12:09:15.308801077Z I0619 12:09:15.308405      12 job_controller.go:626] "enqueueing job" logger="job-controller" key="kubentic-foresight/kubentic-subscription-check" delay="0s"
2026-06-19T12:09:15.309131220Z I0619 12:09:15.308597      12 job_controller.go:972] "Job has activeDeadlineSeconds configuration. Will sync this job again" key="kubentic-foresight/kubentic-subscription-check" nextSyncIn="1m59.999995753s"
2026-06-19T12:09:15.321784525Z I0619 12:09:15.320340      12 job_controller.go:626] "enqueueing job" logger="job-controller" key="kubentic-foresight/kubentic-subscription-check" delay="1s"
2026-06-19T12:09:15.336478460Z I0619 12:09:15.336208      12 job_controller.go:626] "enqueueing job" logger="job-controller" key="kubentic-foresight/kubentic-subscription-check" delay="1s"
2026-06-19T12:09:15.337794302Z I0619 12:09:15.337522      12 job_controller.go:626] "enqueueing job" logger="job-controller" key="kubentic-foresight/kubentic-subscription-check" delay="1s"
2026-06-19T12:09:15.352712417Z I0619 12:09:15.352344      12 job_controller.go:626] "enqueueing job" logger="job-controller" key="kubentic-foresight/kubentic-subscription-check" delay="1s"
2026-06-19T12:09:16.321454658Z I0619 12:09:16.321236      12 job_controller.go:972] "Job has activeDeadlineSeconds configuration. Will sync this job again" key="kubentic-foresight/kubentic-subscription-check" nextSyncIn="1m58.678776769s"
2026-06-19T12:09:16.624157040Z I0619 12:09:16.623305      12 job_controller.go:626] "enqueueing job" logger="job-controller" key="kubentic-foresight/kubentic-subscription-check" delay="1s"
2026-06-19T12:09:17.624523729Z I0619 12:09:17.624247      12 job_controller.go:972] "Job has activeDeadlineSeconds configuration. Will sync this job again" key="kubentic-foresight/kubentic-subscription-check" nextSyncIn="1m57.375765937s"
2026-06-19T12:09:17.765255116Z I0619 12:09:17.764742      12 job_controller.go:626] "enqueueing job" logger="job-controller" key="kubentic-foresight/kubentic-subscription-check" delay="1s"
2026-06-19T12:09:18.766159026Z I0619 12:09:18.765718      12 job_controller.go:972] "Job has activeDeadlineSeconds configuration. Will sync this job again" key="kubentic-foresight/kubentic-subscription-check" nextSyncIn="1m56.234325329s"
2026-06-19T12:09:18.781956267Z I0619 12:09:18.781710      12 job_controller.go:626] "enqueueing job" logger="job-controller" key="kubentic-foresight/kubentic-subscription-check" delay="1s"
2026-06-19T12:09:18.794916987Z I0619 12:09:18.794667      12 job_controller.go:626] "enqueueing job" logger="job-controller" key="kubentic-foresight/kubentic-subscription-check" delay="1s"
2026-06-19T12:09:19.197929014Z I0619 12:09:19.197077      12 garbagecollector.go:506] "Processing item" item="[v1/Pod, namespace: kubentic-foresight, name: kubentic-subscription-check-5qs6g, uid: a570c30e-29f2-412c-a166-b19133037b09]" virtual=false
2026-06-19T12:09:19.200306132Z I0619 12:09:19.199865      12 job_controller.go:626] "enqueueing job" logger="job-controller" key="kubentic-foresight/kubentic-subscription-check" delay="0s"
2026-06-19T12:09:19.219820807Z I0619 12:09:19.219505      12 garbagecollector.go:645] "Deleting item" item="[v1/Pod, namespace: kubentic-foresight, name: kubentic-subscription-check-5qs6g, uid: a570c30e-29f2-412c-a166-b19133037b09]" propagationPolicy="Background"
2026-06-19T12:09:27.313423393Z I0619 12:09:27.313125      12 endpointslice_controller.go:361] "Error syncing endpoint slices for service, retrying" key="kubentic-foresight/vlogs-server" err="EndpointSlice informer cache is out of date"
2026-06-19T12:09:28.003450624Z I0619 12:09:28.002933      12 replica_set.go:620] "Too few replicas" replicaSet="kubentic-foresight/kubentic-operator-7fd99bd6d7" need=1 creating=1
2026-06-19T12:09:28.006944932Z I0619 12:09:28.006784      12 replica_set.go:620] "Too few replicas" replicaSet="kubentic-foresight/kubentic-kube-state-metrics-84b958ff7" need=1 creating=1
2026-06-19T12:09:28.010890101Z I0619 12:09:28.010612      12 replica_set.go:620] "Too few replicas" replicaSet="kubentic-foresight/kubentic-victoria-metrics-operator-5f96779cb6" need=1 creating=1
2026-06-19T12:09:28.013666320Z I0619 12:09:28.013370      12 replica_set.go:620] "Too few replicas" replicaSet="kubentic-foresight/kubentic-grafana-7bbf74d8d" need=1 creating=1
2026-06-19T12:09:28.269942578Z I0619 12:09:28.253227      12 deployment_controller.go:518] "Error syncing deployment" deployment="kubentic-foresight/kubentic-operator" err="Operation cannot be fulfilled on deployments.apps \"kubentic-operator\": the object has been modified; please apply your changes to the latest version and try again"
2026-06-19T12:09:28.356331659Z I0619 12:09:28.311616      12 deployment_controller.go:518] "Error syncing deployment" deployment="kubentic-foresight/kubentic-grafana" err="Operation cannot be fulfilled on deployments.apps \"kubentic-grafana\": the object has been modified; please apply your changes to the latest version and try again"
2026-06-19T12:09:28.356354686Z I0619 12:09:28.326711      12 deployment_controller.go:518] "Error syncing deployment" deployment="kubentic-foresight/kubentic-kube-state-metrics" err="Operation cannot be fulfilled on deployments.apps \"kubentic-kube-state-metrics\": the object has been modified; please apply your changes to the latest version and try again"
2026-06-19T12:09:28.356358728Z I0619 12:09:28.337753      12 deployment_controller.go:518] "Error syncing deployment" deployment="kubentic-foresight/kubentic-victoria-metrics-operator" err="Operation cannot be fulfilled on deployments.apps \"kubentic-victoria-metrics-operator\": the object has been modified; please apply your changes to the latest version and try again"
2026-06-19T12:09:30.812227167Z I0619 12:09:30.812027      12 pv_controller.go:935] "Volume entered phase" volumeName="pvc-aadf1544-cc0d-48a8-971b-741e09e58afb" phase="Bound"
2026-06-19T12:09:30.812251789Z I0619 12:09:30.812069      12 pv_controller.go:1071] "Volume bound to claim" PVC="kubentic-foresight/server-volume-vlogs-server-0" volumeName="pvc-aadf1544-cc0d-48a8-971b-741e09e58afb"
2026-06-19T12:09:30.839977338Z I0619 12:09:30.839799      12 pv_controller.go:876] "Claim entered phase" PVC="kubentic-foresight/server-volume-vlogs-server-0" phase="Bound"
2026-06-19T12:09:31.650507377Z I0619 12:09:31.650303      12 reconciler.go:364] "attacherDetacher.AttachVolume started" volumeName="kubernetes.io/csi/ebs.csi.aws.com^vol-0dd4656eba8ec6c05" nodeName="i-0ecec600693268f66" scheduledPods=["kubentic-foresight/vlogs-server-0"]
2026-06-19T12:09:32.257539392Z I0619 12:09:32.256898      12 replica_set.go:620] "Too few replicas" replicaSet="kubentic-foresight/vmsingle-vmstack-6fd779f668" need=1 creating=1
2026-06-19T12:09:32.276694985Z I0619 12:09:32.276439      12 deployment_controller.go:518] "Error syncing deployment" deployment="kubentic-foresight/vmsingle-vmstack" err="Operation cannot be fulfilled on deployments.apps \"vmsingle-vmstack\": the object has been modified; please apply your changes to the latest version and try again"
2026-06-19T12:09:32.307695781Z I0619 12:09:32.307467      12 deployment_controller.go:518] "Error syncing deployment" deployment="kubentic-foresight/vmsingle-vmstack" err="Operation cannot be fulfilled on deployments.apps \"vmsingle-vmstack\": the object has been modified; please apply your changes to the latest version and try again"
2026-06-19T12:09:32.458435544Z I0619 12:09:32.455936      12 replica_set.go:620] "Too few replicas" replicaSet="kubentic-foresight/vmagent-vmstack-79cbcf4595" need=1 creating=1
2026-06-19T12:09:32.486973273Z I0619 12:09:32.486573      12 deployment_controller.go:518] "Error syncing deployment" deployment="kubentic-foresight/vmagent-vmstack" err="Operation cannot be fulfilled on deployments.apps \"vmagent-vmstack\": the object has been modified; please apply your changes to the latest version and try again"
2026-06-19T12:09:34.460484927Z I0619 12:09:34.460121      12 pv_controller.go:935] "Volume entered phase" volumeName="pvc-145a2d39-444b-4f32-a485-a26454ae8b53" phase="Bound"
2026-06-19T12:09:34.460572575Z I0619 12:09:34.460166      12 pv_controller.go:1071] "Volume bound to claim" PVC="kubentic-foresight/vmsingle-vmstack" volumeName="pvc-145a2d39-444b-4f32-a485-a26454ae8b53"
2026-06-19T12:09:34.476055078Z I0619 12:09:34.475588      12 pv_controller.go:876] "Claim entered phase" PVC="kubentic-foresight/vmsingle-vmstack" phase="Bound"
2026-06-19T12:09:35.147582011Z I0619 12:09:35.147264      12 operation_generator.go:298] AttachVolume.Attach succeeded for volume "pvc-aadf1544-cc0d-48a8-971b-741e09e58afb" (UniqueName: "kubernetes.io/csi/ebs.csi.aws.com^vol-0dd4656eba8ec6c05") from node "i-0ecec600693268f66" 
2026-06-19T12:09:35.390810488Z I0619 12:09:35.390395      12 reconciler.go:364] "attacherDetacher.AttachVolume started" volumeName="kubernetes.io/csi/ebs.csi.aws.com^vol-0f1b453e6a7af752c" nodeName="i-0ecec600693268f66" scheduledPods=["kubentic-foresight/vmsingle-vmstack-6fd779f668-6v9nw"]
2026-06-19T12:09:38.946969350Z I0619 12:09:38.946714      12 operation_generator.go:298] AttachVolume.Attach succeeded for volume "pvc-145a2d39-444b-4f32-a485-a26454ae8b53" (UniqueName: "kubernetes.io/csi/ebs.csi.aws.com^vol-0f1b453e6a7af752c") from node "i-0ecec600693268f66" 
2026-06-19T12:11:50.870343904Z I0619 12:11:50.869795      12 job_controller.go:626] "enqueueing job" logger="job-controller" key="kubentic-foresight/test-1" delay="0s"
2026-06-19T12:11:50.870409788Z I0619 12:11:50.869908      12 job_controller.go:972] "Job has activeDeadlineSeconds configuration. Will sync this job again" key="kubentic-foresight/test-1" nextSyncIn="29m59.999996407s"
2026-06-19T12:11:50.887969019Z I0619 12:11:50.886985      12 job_controller.go:626] "enqueueing job" logger="job-controller" key="kubentic-foresight/test-1" delay="1s"
2026-06-19T12:11:50.897510964Z I0619 12:11:50.897021      12 job_controller.go:626] "enqueueing job" logger="job-controller" key="kubentic-foresight/test-1" delay="1s"
2026-06-19T12:11:50.902614021Z I0619 12:11:50.902341      12 job_controller.go:626] "enqueueing job" logger="job-controller" key="kubentic-foresight/test-1" delay="1s"
2026-06-19T12:11:50.921608791Z I0619 12:11:50.921413      12 job_controller.go:626] "enqueueing job" logger="job-controller" key="kubentic-foresight/test-1" delay="1s"
2026-06-19T12:11:51.887402285Z I0619 12:11:51.887203      12 job_controller.go:972] "Job has activeDeadlineSeconds configuration. Will sync this job again" key="kubentic-foresight/test-1" nextSyncIn="29m58.112810064s"
2026-06-19T12:11:52.364326407Z I0619 12:11:52.364074      12 job_controller.go:626] "enqueueing job" logger="job-controller" key="kubentic-foresight/test-1" delay="1s"
2026-06-19T12:11:53.365574682Z I0619 12:11:53.365159      12 job_controller.go:972] "Job has activeDeadlineSeconds configuration. Will sync this job again" key="kubentic-foresight/test-1" nextSyncIn="29m56.634862554s"
2026-06-19T12:11:53.376614293Z I0619 12:11:53.375962      12 job_controller.go:626] "enqueueing job" logger="job-controller" key="kubentic-foresight/test-1" delay="1s"
2026-06-19T12:11:54.445725745Z I0619 12:11:54.376453      12 job_controller.go:972] "Job has activeDeadlineSeconds configuration. Will sync this job again" key="kubentic-foresight/test-1" nextSyncIn="29m55.623564583s"
2026-06-19T12:12:04.619137070Z I0619 12:12:04.617101      12 job_controller.go:626] "enqueueing job" logger="job-controller" key="kubentic-foresight/test-1" delay="1s"
2026-06-19T12:12:05.619693408Z I0619 12:12:05.618886      12 job_controller.go:626] "enqueueing job" logger="job-controller" key="kubentic-foresight/test-1" delay="1s"
2026-06-19T12:12:05.620206674Z I0619 12:12:05.620065      12 job_controller.go:972] "Job has activeDeadlineSeconds configuration. Will sync this job again" key="kubentic-foresight/test-1" nextSyncIn="29m44.37994499s"
2026-06-19T12:12:05.631343736Z I0619 12:12:05.629233      12 job_controller.go:626] "enqueueing job" logger="job-controller" key="kubentic-foresight/test-1" delay="1s"
2026-06-19T12:12:05.646724654Z I0619 12:12:05.646247      12 job_controller.go:626] "enqueueing job" logger="job-controller" key="kubentic-foresight/test-1" delay="1s"
2026-06-19T12:14:03.747812481Z I0619 12:14:03.747002      12 job_controller.go:626] "enqueueing job" logger="job-controller" key="kubentic-foresight/test-2" delay="0s"
2026-06-19T12:14:03.747868543Z I0619 12:14:03.747151      12 job_controller.go:972] "Job has activeDeadlineSeconds configuration. Will sync this job again" key="kubentic-foresight/test-2" nextSyncIn="29m59.999996016s"
2026-06-19T12:14:04.043026918Z I0619 12:14:04.042760      12 job_controller.go:626] "enqueueing job" logger="job-controller" key="kubentic-foresight/test-2" delay="1s"
2026-06-19T12:14:04.113680230Z I0619 12:14:04.113300      12 job_controller.go:626] "enqueueing job" logger="job-controller" key="kubentic-foresight/test-2" delay="1s"
2026-06-19T12:14:04.120995629Z I0619 12:14:04.120806      12 job_controller.go:626] "enqueueing job" logger="job-controller" key="kubentic-foresight/test-2" delay="1s"
2026-06-19T12:14:04.221439285Z I0619 12:14:04.216224      12 job_controller.go:626] "enqueueing job" logger="job-controller" key="kubentic-foresight/test-2" delay="1s"
2026-06-19T12:14:05.043813187Z I0619 12:14:05.043606      12 job_controller.go:972] "Job has activeDeadlineSeconds configuration. Will sync this job again" key="kubentic-foresight/test-2" nextSyncIn="29m57.956411276s"
2026-06-19T12:14:05.816771309Z I0619 12:14:05.816030      12 job_controller.go:626] "enqueueing job" logger="job-controller" key="kubentic-foresight/test-2" delay="1s"
2026-06-19T12:14:06.817312338Z I0619 12:14:06.816830      12 job_controller.go:972] "Job has activeDeadlineSeconds configuration. Will sync this job again" key="kubentic-foresight/test-2" nextSyncIn="29m56.183183097s"
2026-06-19T12:14:06.826492972Z I0619 12:14:06.826279      12 job_controller.go:626] "enqueueing job" logger="job-controller" key="kubentic-foresight/test-2" delay="1s"
2026-06-19T12:14:07.842794248Z I0619 12:14:07.827234      12 job_controller.go:972] "Job has activeDeadlineSeconds configuration. Will sync this job again" key="kubentic-foresight/test-2" nextSyncIn="29m55.172785313s"
2026-06-19T12:18:12.627904558Z I0619 12:18:12.613188      12 job_controller.go:626] "enqueueing job" logger="job-controller" key="kubentic-foresight/test-2" delay="1s"
2026-06-19T12:18:13.613979969Z I0619 12:18:13.613405      12 job_controller.go:972] "Job has activeDeadlineSeconds configuration. Will sync this job again" key="kubentic-foresight/test-2" nextSyncIn="25m49.386610196s"
2026-06-19T12:18:13.624289112Z I0619 12:18:13.624070      12 job_controller.go:626] "enqueueing job" logger="job-controller" key="kubentic-foresight/test-2" delay="1s"
2026-06-19T12:18:13.761604455Z I0619 12:18:13.760884      12 job_controller.go:626] "enqueueing job" logger="job-controller" key="kubentic-foresight/test-2" delay="1s"
2026-06-19T12:18:14.624722806Z I0619 12:18:14.624335      12 job_controller.go:972] "Job has activeDeadlineSeconds configuration. Will sync this job again" key="kubentic-foresight/test-2" nextSyncIn="25m48.375678959s"
2026-06-19T12:18:14.637983990Z I0619 12:18:14.637737      12 job_controller.go:626] "enqueueing job" logger="job-controller" key="kubentic-foresight/test-2" delay="1s"
2026-06-19T12:18:14.664121965Z I0619 12:18:14.663810      12 job_controller.go:626] "enqueueing job" logger="job-controller" key="kubentic-foresight/test-2" delay="1s"
2026-06-19T12:42:06.526330509Z I0619 12:42:06.524531      12 job_controller.go:626] "enqueueing job" logger="job-controller" key="kubentic-foresight/test-3" delay="0s"
2026-06-19T12:42:06.526421570Z I0619 12:42:06.524677      12 job_controller.go:972] "Job has activeDeadlineSeconds configuration. Will sync this job again" key="kubentic-foresight/test-3" nextSyncIn="29m59.999996387s"
2026-06-19T12:42:06.551475271Z I0619 12:42:06.551295      12 job_controller.go:626] "enqueueing job" logger="job-controller" key="kubentic-foresight/test-3" delay="1s"
2026-06-19T12:42:06.563811504Z I0619 12:42:06.563630      12 job_controller.go:626] "enqueueing job" logger="job-controller" key="kubentic-foresight/test-3" delay="1s"
2026-06-19T12:42:06.569188114Z I0619 12:42:06.568790      12 job_controller.go:626] "enqueueing job" logger="job-controller" key="kubentic-foresight/test-3" delay="1s"
2026-06-19T12:42:06.593144919Z I0619 12:42:06.592536      12 job_controller.go:626] "enqueueing job" logger="job-controller" key="kubentic-foresight/test-3" delay="1s"
2026-06-19T12:42:07.553200965Z I0619 12:42:07.552631      12 job_controller.go:972] "Job has activeDeadlineSeconds configuration. Will sync this job again" key="kubentic-foresight/test-3" nextSyncIn="29m58.447381931s"
2026-06-19T12:42:08.042995430Z I0619 12:42:08.042799      12 job_controller.go:626] "enqueueing job" logger="job-controller" key="kubentic-foresight/test-3" delay="1s"
2026-06-19T12:42:09.044127038Z I0619 12:42:09.043810      12 job_controller.go:972] "Job has activeDeadlineSeconds configuration. Will sync this job again" key="kubentic-foresight/test-3" nextSyncIn="29m56.956203751s"
2026-06-19T12:42:09.057756863Z I0619 12:42:09.057367      12 job_controller.go:626] "enqueueing job" logger="job-controller" key="kubentic-foresight/test-3" delay="1s"
2026-06-19T12:42:10.066114162Z I0619 12:42:10.057975      12 job_controller.go:972] "Job has activeDeadlineSeconds configuration. Will sync this job again" key="kubentic-foresight/test-3" nextSyncIn="29m55.94204718s"
2026-06-19T12:43:00.103529870Z I0619 12:43:00.103304      12 job_controller.go:626] "enqueueing job" logger="job-controller" key="kubentic-foresight/kubentic-victoria-metrics-operator-cleanup-hook" delay="0s"
2026-06-19T12:43:00.123403100Z I0619 12:43:00.122302      12 job_controller.go:626] "enqueueing job" logger="job-controller" key="kubentic-foresight/kubentic-victoria-metrics-operator-cleanup-hook" delay="1s"
2026-06-19T12:43:00.142917610Z I0619 12:43:00.142736      12 job_controller.go:626] "enqueueing job" logger="job-controller" key="kubentic-foresight/kubentic-victoria-metrics-operator-cleanup-hook" delay="1s"
2026-06-19T12:43:00.144743523Z I0619 12:43:00.144383      12 job_controller.go:626] "enqueueing job" logger="job-controller" key="kubentic-foresight/kubentic-victoria-metrics-operator-cleanup-hook" delay="1s"
2026-06-19T12:43:00.176336020Z I0619 12:43:00.176037      12 job_controller.go:626] "enqueueing job" logger="job-controller" key="kubentic-foresight/kubentic-victoria-metrics-operator-cleanup-hook" delay="1s"
2026-06-19T12:43:01.251719825Z I0619 12:43:01.251158      12 job_controller.go:626] "enqueueing job" logger="job-controller" key="kubentic-foresight/kubentic-victoria-metrics-operator-cleanup-hook" delay="1s"
2026-06-19T12:43:02.271762991Z I0619 12:43:02.271255      12 job_controller.go:626] "enqueueing job" logger="job-controller" key="kubentic-foresight/kubentic-victoria-metrics-operator-cleanup-hook" delay="1s"
2026-06-19T12:43:03.161648566Z I0619 12:43:03.160274      12 garbagecollector.go:506] "Processing item" item="[v1/Secret, namespace: kubentic-foresight, name: vmagent-vmstack, uid: 607e903e-876e-4640-8792-0baa288ff775]" virtual=false
2026-06-19T12:43:03.161936733Z I0619 12:43:03.161138      12 garbagecollector.go:506] "Processing item" item="[v1/ServiceAccount, namespace: kubentic-foresight, name: vmagent-vmstack, uid: 6660ed88-3f15-465a-aa38-8a959e89ebc1]" virtual=false
2026-06-19T12:43:03.161967138Z I0619 12:43:03.161194      12 garbagecollector.go:506] "Processing item" item="[v1/Service, namespace: kubentic-foresight, name: vmagent-vmstack, uid: 0ca8151a-88ca-4f6e-8e94-f3700310e159]" virtual=false
2026-06-19T12:43:03.161992523Z I0619 12:43:03.161384      12 garbagecollector.go:506] "Processing item" item="[apps/v1/Deployment, namespace: kubentic-foresight, name: vmagent-vmstack, uid: a59a7cca-0d93-4a3a-800b-589e28ff9818]" virtual=false
2026-06-19T12:43:03.162727794Z I0619 12:43:03.160346      12 garbagecollector.go:506] "Processing item" item="[v1/Secret, namespace: kubentic-foresight, name: tls-assets-vmagent-vmstack, uid: 8e60e8ee-7c5c-4013-b311-4e28d8ca1809]" virtual=false
2026-06-19T12:43:03.182099682Z I0619 12:43:03.181759      12 garbagecollector.go:645] "Deleting item" item="[apps/v1/Deployment, namespace: kubentic-foresight, name: vmagent-vmstack, uid: a59a7cca-0d93-4a3a-800b-589e28ff9818]" propagationPolicy="Background"
2026-06-19T12:43:03.187922629Z I0619 12:43:03.187473      12 garbagecollector.go:645] "Deleting item" item="[v1/ServiceAccount, namespace: kubentic-foresight, name: vmagent-vmstack, uid: 6660ed88-3f15-465a-aa38-8a959e89ebc1]" propagationPolicy="Background"
2026-06-19T12:43:03.188449824Z I0619 12:43:03.188266      12 garbagecollector.go:645] "Deleting item" item="[v1/Service, namespace: kubentic-foresight, name: vmagent-vmstack, uid: 0ca8151a-88ca-4f6e-8e94-f3700310e159]" propagationPolicy="Background"
2026-06-19T12:43:03.193129261Z I0619 12:43:03.192698      12 garbagecollector.go:645] "Deleting item" item="[v1/Secret, namespace: kubentic-foresight, name: tls-assets-vmagent-vmstack, uid: 8e60e8ee-7c5c-4013-b311-4e28d8ca1809]" propagationPolicy="Background"
2026-06-19T12:43:03.199512702Z I0619 12:43:03.199127      12 garbagecollector.go:645] "Deleting item" item="[v1/Secret, namespace: kubentic-foresight, name: vmagent-vmstack, uid: 607e903e-876e-4640-8792-0baa288ff775]" propagationPolicy="Background"
2026-06-19T12:43:03.207053909Z I0619 12:43:03.204826      12 deployment_controller.go:612] "Deployment has been deleted" deployment="kubentic-foresight/vmagent-vmstack"
2026-06-19T12:43:03.207079620Z I0619 12:43:03.205173      12 garbagecollector.go:506] "Processing item" item="[apps/v1/ReplicaSet, namespace: kubentic-foresight, name: vmagent-vmstack-79cbcf4595, uid: d5ee802e-8a5a-4953-933c-1bed1136b153]" virtual=false
2026-06-19T12:43:03.217099528Z I0619 12:43:03.216510      12 garbagecollector.go:506] "Processing item" item="[discovery.k8s.io/v1/EndpointSlice, namespace: kubentic-foresight, name: vmagent-vmstack-8dqlt, uid: 5b8ab7cd-0a81-4f5e-b51e-5f61c1b34601]" virtual=false
2026-06-19T12:43:03.218617366Z I0619 12:43:03.218461      12 garbagecollector.go:645] "Deleting item" item="[apps/v1/ReplicaSet, namespace: kubentic-foresight, name: vmagent-vmstack-79cbcf4595, uid: d5ee802e-8a5a-4953-933c-1bed1136b153]" propagationPolicy="Background"
2026-06-19T12:43:03.230828942Z I0619 12:43:03.230493      12 garbagecollector.go:645] "Deleting item" item="[discovery.k8s.io/v1/EndpointSlice, namespace: kubentic-foresight, name: vmagent-vmstack-8dqlt, uid: 5b8ab7cd-0a81-4f5e-b51e-5f61c1b34601]" propagationPolicy="Background"
2026-06-19T12:43:03.236184193Z I0619 12:43:03.235848      12 garbagecollector.go:506] "Processing item" item="[v1/Pod, namespace: kubentic-foresight, name: vmagent-vmstack-79cbcf4595-5vptx, uid: 4f788996-6341-47cc-b9c4-b4b7312f8cc3]" virtual=false
2026-06-19T12:43:03.249400532Z I0619 12:43:03.249117      12 garbagecollector.go:645] "Deleting item" item="[v1/Pod, namespace: kubentic-foresight, name: vmagent-vmstack-79cbcf4595-5vptx, uid: 4f788996-6341-47cc-b9c4-b4b7312f8cc3]" propagationPolicy="Background"
2026-06-19T12:43:03.291362745Z I0619 12:43:03.291146      12 garbagecollector.go:506] "Processing item" item="[operator.victoriametrics.com/v1beta1/VMSingle, namespace: kubentic-foresight, name: vmstack, uid: c0c6e7a7-1322-4edb-92d1-79ae48a0f259]" virtual=false
2026-06-19T12:43:03.329180079Z I0619 12:43:03.328730      12 garbagecollector.go:506] "Processing item" item="[v1/Service, namespace: kubentic-foresight, name: vmsingle-vmstack-additional-service, uid: 7fe6bb44-fd8e-4062-995d-d5e491b7f51a]" virtual=false
2026-06-19T12:43:03.329412494Z I0619 12:43:03.328961      12 garbagecollector.go:506] "Processing item" item="[v1/Service, namespace: kubentic-foresight, name: vmsingle-vmstack, uid: afedec85-ebf6-48bb-aa14-4e7bbd6e529d]" virtual=false
2026-06-19T12:43:03.329579423Z I0619 12:43:03.329469      12 garbagecollector.go:506] "Processing item" item="[apps/v1/Deployment, namespace: kubentic-foresight, name: vmsingle-vmstack, uid: 8040ce51-c2fd-494a-869c-cc801f6979ef]" virtual=false
2026-06-19T12:43:03.330005524Z I0619 12:43:03.329847      12 garbagecollector.go:506] "Processing item" item="[v1/ServiceAccount, namespace: kubentic-foresight, name: vmsingle-vmstack, uid: 05563cbf-e507-4515-809f-3e436e243371]" virtual=false
2026-06-19T12:43:03.337670466Z I0619 12:43:03.337420      12 garbagecollector.go:645] "Deleting item" item="[v1/Service, namespace: kubentic-foresight, name: vmsingle-vmstack-additional-service, uid: 7fe6bb44-fd8e-4062-995d-d5e491b7f51a]" propagationPolicy="Background"
2026-06-19T12:43:03.338651160Z I0619 12:43:03.338472      12 garbagecollector.go:645] "Deleting item" item="[v1/Service, namespace: kubentic-foresight, name: vmsingle-vmstack, uid: afedec85-ebf6-48bb-aa14-4e7bbd6e529d]" propagationPolicy="Background"
2026-06-19T12:43:03.341239968Z I0619 12:43:03.341043      12 garbagecollector.go:645] "Deleting item" item="[v1/ServiceAccount, namespace: kubentic-foresight, name: vmsingle-vmstack, uid: 05563cbf-e507-4515-809f-3e436e243371]" propagationPolicy="Background"
2026-06-19T12:43:03.341745487Z I0619 12:43:03.341618      12 garbagecollector.go:645] "Deleting item" item="[apps/v1/Deployment, namespace: kubentic-foresight, name: vmsingle-vmstack, uid: 8040ce51-c2fd-494a-869c-cc801f6979ef]" propagationPolicy="Background"
2026-06-19T12:43:03.366619163Z I0619 12:43:03.366064      12 deployment_controller.go:612] "Deployment has been deleted" deployment="kubentic-foresight/vmsingle-vmstack"
2026-06-19T12:43:03.367357450Z I0619 12:43:03.366855      12 garbagecollector.go:506] "Processing item" item="[apps/v1/ReplicaSet, namespace: kubentic-foresight, name: vmsingle-vmstack-6fd779f668, uid: 60340425-762b-4fb0-8c46-d37c4721badf]" virtual=false
2026-06-19T12:43:03.368944868Z I0619 12:43:03.368630      12 garbagecollector.go:506] "Processing item" item="[discovery.k8s.io/v1/EndpointSlice, namespace: kubentic-foresight, name: vmsingle-vmstack-5qrj7, uid: 02fcdcfa-63b7-434c-be85-594b4c7d6c55]" virtual=false
2026-06-19T12:43:03.376384906Z I0619 12:43:03.376014      12 garbagecollector.go:645] "Deleting item" item="[discovery.k8s.io/v1/EndpointSlice, namespace: kubentic-foresight, name: vmsingle-vmstack-5qrj7, uid: 02fcdcfa-63b7-434c-be85-594b4c7d6c55]" propagationPolicy="Background"
2026-06-19T12:43:03.379256541Z I0619 12:43:03.379011      12 garbagecollector.go:645] "Deleting item" item="[apps/v1/ReplicaSet, namespace: kubentic-foresight, name: vmsingle-vmstack-6fd779f668, uid: 60340425-762b-4fb0-8c46-d37c4721badf]" propagationPolicy="Background"
2026-06-19T12:43:03.390767222Z I0619 12:43:03.390490      12 garbagecollector.go:506] "Processing item" item="[v1/Pod, namespace: kubentic-foresight, name: vmsingle-vmstack-6fd779f668-6v9nw, uid: f8d9595e-28b9-4d5b-90c9-1331d30eef45]" virtual=false
2026-06-19T12:43:03.397433293Z I0619 12:43:03.397143      12 garbagecollector.go:645] "Deleting item" item="[v1/Pod, namespace: kubentic-foresight, name: vmsingle-vmstack-6fd779f668-6v9nw, uid: f8d9595e-28b9-4d5b-90c9-1331d30eef45]" propagationPolicy="Background"
2026-06-19T12:43:04.295050270Z I0619 12:43:04.294664      12 job_controller.go:626] "enqueueing job" logger="job-controller" key="kubentic-foresight/kubentic-victoria-metrics-operator-cleanup-hook" delay="1s"
2026-06-19T12:43:05.303925716Z I0619 12:43:05.303656      12 job_controller.go:626] "enqueueing job" logger="job-controller" key="kubentic-foresight/kubentic-victoria-metrics-operator-cleanup-hook" delay="1s"
2026-06-19T12:43:05.415518410Z I0619 12:43:05.415313      12 job_controller.go:626] "enqueueing job" logger="job-controller" key="kubentic-foresight/kubentic-victoria-metrics-operator-cleanup-hook" delay="1s"
2026-06-19T12:43:06.315102705Z I0619 12:43:06.314513      12 job_controller.go:626] "enqueueing job" logger="job-controller" key="kubentic-foresight/kubentic-victoria-metrics-operator-cleanup-hook" delay="1s"
2026-06-19T12:43:06.334906606Z I0619 12:43:06.334631      12 job_controller.go:626] "enqueueing job" logger="job-controller" key="kubentic-foresight/kubentic-victoria-metrics-operator-cleanup-hook" delay="1s"
2026-06-19T12:43:09.568621563Z I0619 12:43:09.567503      12 garbagecollector.go:506] "Processing item" item="[discovery.k8s.io/v1/EndpointSlice, namespace: kube-system, name: vmstack-core-dns-zwrfx, uid: b919b771-bea2-4161-8932-99ada8874be9]" virtual=false
2026-06-19T12:43:09.572053187Z I0619 12:43:09.571764      12 garbagecollector.go:645] "Deleting item" item="[discovery.k8s.io/v1/EndpointSlice, namespace: kube-system, name: vmstack-core-dns-zwrfx, uid: b919b771-bea2-4161-8932-99ada8874be9]" propagationPolicy="Background"
2026-06-19T12:43:09.595612924Z I0619 12:43:09.594350      12 garbagecollector.go:506] "Processing item" item="[discovery.k8s.io/v1/EndpointSlice, namespace: kubentic-foresight, name: kubentic-prometheus-node-exporter-m745z, uid: e6324703-5d10-4737-ba1a-7366356dd68d]" virtual=false
2026-06-19T12:43:09.604035748Z I0619 12:43:09.600940      12 garbagecollector.go:506] "Processing item" item="[discovery.k8s.io/v1/EndpointSlice, namespace: kubentic-foresight, name: kubentic-kube-state-metrics-9wpbz, uid: ad79586f-7641-498a-8b8c-9bb317357eae]" virtual=false
2026-06-19T12:43:09.604052235Z I0619 12:43:09.601482      12 garbagecollector.go:506] "Processing item" item="[discovery.k8s.io/v1/EndpointSlice, namespace: kubentic-foresight, name: kubentic-victoria-metrics-operator-qlqwg, uid: c63586a3-9ac1-4d7a-8fbf-ef61aa11a9b2]" virtual=false
2026-06-19T12:43:09.604636260Z I0619 12:43:09.604363      12 garbagecollector.go:506] "Processing item" item="[discovery.k8s.io/v1/EndpointSlice, namespace: kubentic-foresight, name: kubentic-victoria-metrics-operator-ljn8s, uid: d0ac4ac4-4305-4a0e-be90-2a39139c3dee]" virtual=false
2026-06-19T12:43:09.609579642Z I0619 12:43:09.609425      12 garbagecollector.go:645] "Deleting item" item="[discovery.k8s.io/v1/EndpointSlice, namespace: kubentic-foresight, name: kubentic-prometheus-node-exporter-m745z, uid: e6324703-5d10-4737-ba1a-7366356dd68d]" propagationPolicy="Background"
2026-06-19T12:43:09.613055627Z I0619 12:43:09.612873      12 garbagecollector.go:645] "Deleting item" item="[discovery.k8s.io/v1/EndpointSlice, namespace: kubentic-foresight, name: kubentic-victoria-metrics-operator-qlqwg, uid: c63586a3-9ac1-4d7a-8fbf-ef61aa11a9b2]" propagationPolicy="Background"
2026-06-19T12:43:09.615752477Z I0619 12:43:09.615582      12 garbagecollector.go:645] "Deleting item" item="[discovery.k8s.io/v1/EndpointSlice, namespace: kubentic-foresight, name: kubentic-kube-state-metrics-9wpbz, uid: ad79586f-7641-498a-8b8c-9bb317357eae]" propagationPolicy="Background"
2026-06-19T12:43:09.616879444Z I0619 12:43:09.616719      12 garbagecollector.go:645] "Deleting item" item="[discovery.k8s.io/v1/EndpointSlice, namespace: kubentic-foresight, name: kubentic-victoria-metrics-operator-ljn8s, uid: d0ac4ac4-4305-4a0e-be90-2a39139c3dee]" propagationPolicy="Background"
2026-06-19T12:43:09.912259698Z I0619 12:43:09.911940      12 stateful_set.go:483] "StatefulSet has been deleted" key="kubentic-foresight/vlogs-server"
2026-06-19T12:43:09.912277681Z I0619 12:43:09.912005      12 garbagecollector.go:506] "Processing item" item="[v1/Pod, namespace: kubentic-foresight, name: vlogs-server-0, uid: 616e31af-f551-4c6c-a3cc-d65dfab20054]" virtual=false
2026-06-19T12:43:09.912442002Z I0619 12:43:09.911938      12 garbagecollector.go:506] "Processing item" item="[apps/v1/ControllerRevision, namespace: kubentic-foresight, name: vlogs-server-5477fc4445, uid: 2304bed9-2c87-42a5-aaea-accd1371f29f]" virtual=false
2026-06-19T12:43:09.915802650Z I0619 12:43:09.915602      12 garbagecollector.go:645] "Deleting item" item="[apps/v1/ControllerRevision, namespace: kubentic-foresight, name: vlogs-server-5477fc4445, uid: 2304bed9-2c87-42a5-aaea-accd1371f29f]" propagationPolicy="Background"
2026-06-19T12:43:09.918124322Z I0619 12:43:09.917908      12 garbagecollector.go:645] "Deleting item" item="[v1/Pod, namespace: kubentic-foresight, name: vlogs-server-0, uid: 616e31af-f551-4c6c-a3cc-d65dfab20054]" propagationPolicy="Background"
2026-06-19T12:43:10.299850663Z I0619 12:43:10.299604      12 deployment_controller.go:612] "Deployment has been deleted" deployment="kubentic-foresight/kubentic-operator"
2026-06-19T12:43:10.299866563Z I0619 12:43:10.299540      12 garbagecollector.go:506] "Processing item" item="[apps/v1/ReplicaSet, namespace: kubentic-foresight, name: kubentic-operator-7fd99bd6d7, uid: 5c016d41-a250-4e53-a746-47f0405504f7]" virtual=false
2026-06-19T12:43:10.304036999Z I0619 12:43:10.303792      12 garbagecollector.go:645] "Deleting item" item="[apps/v1/ReplicaSet, namespace: kubentic-foresight, name: kubentic-operator-7fd99bd6d7, uid: 5c016d41-a250-4e53-a746-47f0405504f7]" propagationPolicy="Background"
2026-06-19T12:43:10.309855957Z I0619 12:43:10.309343      12 garbagecollector.go:506] "Processing item" item="[v1/Pod, namespace: kubentic-foresight, name: kubentic-operator-7fd99bd6d7-xhh4l, uid: 86664169-d140-460f-a525-4c6952d1baef]" virtual=false
2026-06-19T12:43:10.312680849Z I0619 12:43:10.312399      12 garbagecollector.go:645] "Deleting item" item="[v1/Pod, namespace: kubentic-foresight, name: kubentic-operator-7fd99bd6d7-xhh4l, uid: 86664169-d140-460f-a525-4c6952d1baef]" propagationPolicy="Background"
2026-06-19T12:43:10.382817061Z I0619 12:43:10.382524      12 garbagecollector.go:506] "Processing item" item="[apps/v1/ReplicaSet, namespace: kubentic-foresight, name: kubentic-victoria-metrics-operator-5f96779cb6, uid: 8aae61fd-34a0-49d3-91e3-8067fac29d25]" virtual=false
2026-06-19T12:43:10.383073081Z I0619 12:43:10.382465      12 deployment_controller.go:612] "Deployment has been deleted" deployment="kubentic-foresight/kubentic-victoria-metrics-operator"
2026-06-19T12:43:10.387287485Z I0619 12:43:10.386144      12 garbagecollector.go:506] "Processing item" item="[apps/v1/ReplicaSet, namespace: kubentic-foresight, name: kubentic-kube-state-metrics-84b958ff7, uid: 460d1269-d544-4c3a-b189-e49177efd60f]" virtual=false
2026-06-19T12:43:10.387303354Z I0619 12:43:10.386372      12 deployment_controller.go:612] "Deployment has been deleted" deployment="kubentic-foresight/kubentic-kube-state-metrics"
2026-06-19T12:43:10.387306982Z I0619 12:43:10.386737      12 garbagecollector.go:645] "Deleting item" item="[apps/v1/ReplicaSet, namespace: kubentic-foresight, name: kubentic-victoria-metrics-operator-5f96779cb6, uid: 8aae61fd-34a0-49d3-91e3-8067fac29d25]" propagationPolicy="Background"
2026-06-19T12:43:10.387310074Z I0619 12:43:10.386968      12 garbagecollector.go:506] "Processing item" item="[apps/v1/ReplicaSet, namespace: kubentic-foresight, name: kubentic-grafana-7bbf74d8d, uid: 12f1fa3c-043b-48a2-ace4-d17992d6d47e]" virtual=false
2026-06-19T12:43:10.387313317Z I0619 12:43:10.386987      12 deployment_controller.go:612] "Deployment has been deleted" deployment="kubentic-foresight/kubentic-grafana"
2026-06-19T12:43:10.391282057Z I0619 12:43:10.390973      12 garbagecollector.go:645] "Deleting item" item="[apps/v1/ReplicaSet, namespace: kubentic-foresight, name: kubentic-grafana-7bbf74d8d, uid: 12f1fa3c-043b-48a2-ace4-d17992d6d47e]" propagationPolicy="Background"
2026-06-19T12:43:10.391881861Z I0619 12:43:10.391674      12 garbagecollector.go:645] "Deleting item" item="[apps/v1/ReplicaSet, namespace: kubentic-foresight, name: kubentic-kube-state-metrics-84b958ff7, uid: 460d1269-d544-4c3a-b189-e49177efd60f]" propagationPolicy="Background"
2026-06-19T12:43:10.396231777Z I0619 12:43:10.396048      12 garbagecollector.go:506] "Processing item" item="[v1/Pod, namespace: kubentic-foresight, name: kubentic-victoria-metrics-operator-5f96779cb6-pzc9k, uid: d15d9e90-73f4-442b-9582-274563ffab52]" virtual=false
2026-06-19T12:43:10.402111384Z I0619 12:43:10.401214      12 garbagecollector.go:506] "Processing item" item="[v1/Pod, namespace: kubentic-foresight, name: kubentic-grafana-7bbf74d8d-84p8x, uid: 9b56e2c0-7c3a-4dfc-946c-a99cbe432097]" virtual=false
2026-06-19T12:43:10.405516051Z I0619 12:43:10.402936      12 garbagecollector.go:645] "Deleting item" item="[v1/Pod, namespace: kubentic-foresight, name: kubentic-victoria-metrics-operator-5f96779cb6-pzc9k, uid: d15d9e90-73f4-442b-9582-274563ffab52]" propagationPolicy="Background"
2026-06-19T12:43:10.405535334Z I0619 12:43:10.403172      12 garbagecollector.go:506] "Processing item" item="[v1/Pod, namespace: kubentic-foresight, name: kubentic-kube-state-metrics-84b958ff7-crh46, uid: 054c9aaa-dd1b-4038-b374-63b1f8c98c10]" virtual=false
2026-06-19T12:43:10.407356889Z I0619 12:43:10.407005      12 garbagecollector.go:645] "Deleting item" item="[v1/Pod, namespace: kubentic-foresight, name: kubentic-grafana-7bbf74d8d-84p8x, uid: 9b56e2c0-7c3a-4dfc-946c-a99cbe432097]" propagationPolicy="Background"
2026-06-19T12:43:10.410665714Z I0619 12:43:10.410489      12 garbagecollector.go:645] "Deleting item" item="[v1/Pod, namespace: kubentic-foresight, name: kubentic-kube-state-metrics-84b958ff7-crh46, uid: 054c9aaa-dd1b-4038-b374-63b1f8c98c10]" propagationPolicy="Background"
2026-06-19T12:43:10.667857181Z I0619 12:43:10.667569      12 garbagecollector.go:506] "Processing item" item="[apps/v1/ControllerRevision, namespace: kubentic-foresight, name: kubentic-vector-b47d7c46, uid: f811fc69-b7d6-43bc-b7e2-480582baaad8]" virtual=false
2026-06-19T12:43:10.668141453Z I0619 12:43:10.667787      12 garbagecollector.go:506] "Processing item" item="[v1/Pod, namespace: kubentic-foresight, name: kubentic-vector-lbn64, uid: d1bf700c-7abc-44df-8266-c103d15ca881]" virtual=false
2026-06-19T12:43:10.669386387Z I0619 12:43:10.667712      12 garbagecollector.go:506] "Processing item" item="[v1/Pod, namespace: kubentic-foresight, name: kubentic-vector-hrshv, uid: 308a1c39-3555-434a-96bd-fb6936b72685]" virtual=false
2026-06-19T12:43:10.670336236Z I0619 12:43:10.667621      12 garbagecollector.go:506] "Processing item" item="[v1/Pod, namespace: kubentic-foresight, name: kubentic-vector-6786w, uid: 21f7b817-ab85-4a33-ace9-59ea7f46b27d]" virtual=false
2026-06-19T12:43:10.674129347Z I0619 12:43:10.673938      12 garbagecollector.go:506] "Processing item" item="[v1/Pod, namespace: kubentic-foresight, name: kubentic-prometheus-node-exporter-4lxmg, uid: bdf3c7d8-92ff-4199-b025-5720c3123fe6]" virtual=false
2026-06-19T12:43:10.674267478Z I0619 12:43:10.674014      12 garbagecollector.go:506] "Processing item" item="[v1/Pod, namespace: kubentic-foresight, name: kubentic-prometheus-node-exporter-6rrfd, uid: d212fc13-f61a-4e0d-a7f7-16911988c7c2]" virtual=false
2026-06-19T12:43:10.674419785Z I0619 12:43:10.674334      12 garbagecollector.go:506] "Processing item" item="[apps/v1/ControllerRevision, namespace: kubentic-foresight, name: kubentic-prometheus-node-exporter-77dbd8ccb9, uid: b40db1df-a3e3-4254-badc-973d56e1bcc7]" virtual=false
2026-06-19T12:43:10.675251198Z I0619 12:43:10.674485      12 garbagecollector.go:506] "Processing item" item="[v1/Pod, namespace: kubentic-foresight, name: kubentic-prometheus-node-exporter-g5svk, uid: 32f5420f-c697-415d-a341-4eb8c7e45370]" virtual=false
2026-06-19T12:43:10.677423759Z I0619 12:43:10.677293      12 garbagecollector.go:645] "Deleting item" item="[v1/Pod, namespace: kubentic-foresight, name: kubentic-vector-lbn64, uid: d1bf700c-7abc-44df-8266-c103d15ca881]" propagationPolicy="Background"
2026-06-19T12:43:10.681391310Z I0619 12:43:10.678981      12 garbagecollector.go:645] "Deleting item" item="[v1/Pod, namespace: kubentic-foresight, name: kubentic-vector-6786w, uid: 21f7b817-ab85-4a33-ace9-59ea7f46b27d]" propagationPolicy="Background"
2026-06-19T12:43:10.682012509Z I0619 12:43:10.681206      12 garbagecollector.go:645] "Deleting item" item="[v1/Pod, namespace: kubentic-foresight, name: kubentic-vector-hrshv, uid: 308a1c39-3555-434a-96bd-fb6936b72685]" propagationPolicy="Background"
2026-06-19T12:43:10.682579775Z I0619 12:43:10.681593      12 garbagecollector.go:645] "Deleting item" item="[apps/v1/ControllerRevision, namespace: kubentic-foresight, name: kubentic-vector-b47d7c46, uid: f811fc69-b7d6-43bc-b7e2-480582baaad8]" propagationPolicy="Background"
2026-06-19T12:43:10.682709466Z I0619 12:43:10.681860      12 garbagecollector.go:645] "Deleting item" item="[apps/v1/ControllerRevision, namespace: kubentic-foresight, name: kubentic-prometheus-node-exporter-77dbd8ccb9, uid: b40db1df-a3e3-4254-badc-973d56e1bcc7]" propagationPolicy="Background"
2026-06-19T12:43:10.682972390Z I0619 12:43:10.682180      12 garbagecollector.go:645] "Deleting item" item="[v1/Pod, namespace: kubentic-foresight, name: kubentic-prometheus-node-exporter-4lxmg, uid: bdf3c7d8-92ff-4199-b025-5720c3123fe6]" propagationPolicy="Background"
2026-06-19T12:43:10.683337384Z I0619 12:43:10.682277      12 garbagecollector.go:645] "Deleting item" item="[v1/Pod, namespace: kubentic-foresight, name: kubentic-prometheus-node-exporter-6rrfd, uid: d212fc13-f61a-4e0d-a7f7-16911988c7c2]" propagationPolicy="Background"
2026-06-19T12:43:10.688460156Z I0619 12:43:10.686769      12 garbagecollector.go:645] "Deleting item" item="[v1/Pod, namespace: kubentic-foresight, name: kubentic-prometheus-node-exporter-g5svk, uid: 32f5420f-c697-415d-a341-4eb8c7e45370]" propagationPolicy="Background"
2026-06-19T12:43:13.871071216Z I0619 12:43:13.870486      12 reconciler.go:279] "attacherDetacher.DetachVolume started" node="i-0ecec600693268f66" volumeName="kubernetes.io/csi/ebs.csi.aws.com^vol-0f1b453e6a7af752c"
2026-06-19T12:43:13.875708729Z I0619 12:43:13.875451      12 operation_generator.go:1511] Verified volume is safe to detach for volume "pvc-145a2d39-444b-4f32-a485-a26454ae8b53" (UniqueName: "kubernetes.io/csi/ebs.csi.aws.com^vol-0f1b453e6a7af752c") on node "i-0ecec600693268f66" 
2026-06-19T12:43:18.665513460Z I0619 12:43:18.665164      12 job_controller.go:626] "enqueueing job" logger="job-controller" key="kubentic-foresight/test-3" delay="1s"
2026-06-19T12:43:18.684718135Z I0619 12:43:18.684428      12 job_controller.go:626] "enqueueing job" logger="job-controller" key="kubentic-foresight/test-3" delay="1s"
2026-06-19T12:43:19.636730575Z I0619 12:43:19.636500      12 operation_generator.go:414] DetachVolume.Detach succeeded for volume "pvc-145a2d39-444b-4f32-a485-a26454ae8b53" (UniqueName: "kubernetes.io/csi/ebs.csi.aws.com^vol-0f1b453e6a7af752c") on node "i-0ecec600693268f66" 
2026-06-19T12:43:19.676083085Z I0619 12:43:19.675727      12 job_controller.go:626] "enqueueing job" logger="job-controller" key="kubentic-foresight/test-3" delay="1s"
2026-06-19T12:43:19.691029779Z I0619 12:43:19.690668      12 job_controller.go:626] "enqueueing job" logger="job-controller" key="kubentic-foresight/test-3" delay="1s"
2026-06-19T12:43:19.702110508Z I0619 12:43:19.701806      12 job_controller.go:626] "enqueueing job" logger="job-controller" key="kubentic-foresight/test-3" delay="1s"
2026-06-19T12:43:34.448576899Z I0619 12:43:34.448274      12 garbagecollector.go:506] "Processing item" item="[discovery.k8s.io/v1/EndpointSlice, namespace: kubentic-foresight, name: vmsingle-vmstack-additional-service-9ch2h, uid: 4e4869ac-9f09-4803-8756-449f4126804a]" virtual=false
2026-06-19T12:43:34.469405067Z I0619 12:43:34.468635      12 garbagecollector.go:645] "Deleting item" item="[discovery.k8s.io/v1/EndpointSlice, namespace: kubentic-foresight, name: vmsingle-vmstack-additional-service-9ch2h, uid: 4e4869ac-9f09-4803-8756-449f4126804a]" propagationPolicy="Background"
2026-06-19T12:43:34.522018912Z I0619 12:43:34.519041      12 reconciler.go:279] "attacherDetacher.DetachVolume started" node="i-0ecec600693268f66" volumeName="kubernetes.io/csi/ebs.csi.aws.com^vol-0dd4656eba8ec6c05"
2026-06-19T12:43:34.524484771Z I0619 12:43:34.524299      12 operation_generator.go:1511] Verified volume is safe to detach for volume "pvc-aadf1544-cc0d-48a8-971b-741e09e58afb" (UniqueName: "kubernetes.io/csi/ebs.csi.aws.com^vol-0dd4656eba8ec6c05") on node "i-0ecec600693268f66" 
2026-06-19T12:43:38.101953626Z I0619 12:43:38.101715      12 operation_generator.go:414] DetachVolume.Detach succeeded for volume "pvc-aadf1544-cc0d-48a8-971b-741e09e58afb" (UniqueName: "kubernetes.io/csi/ebs.csi.aws.com^vol-0dd4656eba8ec6c05") on node "i-0ecec600693268f66" 
2026-06-19T12:43:48.898154404Z I0619 12:43:48.897959      12 job_controller.go:626] "enqueueing job" logger="job-controller" key="kubentic-foresight/test-3" delay="1s"
2026-06-19T12:43:49.444212773Z I0619 12:43:49.444002      12 job_controller.go:626] "enqueueing job" logger="job-controller" key="kubentic-foresight/test-3" delay="1s"
2026-06-19T12:43:49.450433013Z I0619 12:43:49.450155      12 job_controller.go:626] "enqueueing job" logger="job-controller" key="kubentic-foresight/test-3" delay="1s"
2026-06-19T12:43:49.907948641Z I0619 12:43:49.907506      12 job_controller.go:626] "enqueueing job" logger="job-controller" key="kubentic-foresight/test-3" delay="1s"
2026-06-19T12:43:54.838376462Z I0619 12:43:54.838124      12 job_controller.go:626] "enqueueing job" logger="job-controller" key="kubentic-foresight/kubentic-victoria-metrics-operator-cleanup-hook" delay="0s"
2026-06-19T12:43:54.844081180Z I0619 12:43:54.843838      12 job_controller.go:626] "enqueueing job" logger="job-controller" key="kubentic-foresight/test-1" delay="0s"
2026-06-19T12:43:54.846882403Z I0619 12:43:54.846373      12 job_controller.go:626] "enqueueing job" logger="job-controller" key="kubentic-foresight/test-2" delay="0s"
2026-06-19T12:43:54.851856191Z I0619 12:43:54.851208      12 job_controller.go:626] "enqueueing job" logger="job-controller" key="kubentic-foresight/test-3" delay="0s"
2026-06-19T12:43:54.978192593Z I0619 12:43:54.977159      12 pvc_protection_controller.go:378] "PVC is unused" PVC="kubentic-foresight/server-volume-vlogs-server-0"
2026-06-19T12:43:55.002713718Z I0619 12:43:55.002514      12 pv_controller.go:673] "Volume is released and reclaim policy will be executed" volumeName="pvc-aadf1544-cc0d-48a8-971b-741e09e58afb" reclaimPolicy="Delete"
2026-06-19T12:43:55.016820177Z I0619 12:43:55.016579      12 pv_controller.go:935] "Volume entered phase" volumeName="pvc-aadf1544-cc0d-48a8-971b-741e09e58afb" phase="Released"
2026-06-19T12:43:55.019742988Z I0619 12:43:55.019577      12 pv_controller.go:1436] "isVolumeReleased: volume is released" volumeName="pvc-aadf1544-cc0d-48a8-971b-741e09e58afb"
2026-06-19T12:43:55.077164047Z I0619 12:43:55.076743      12 pvc_protection_controller.go:378] "PVC is unused" PVC="kubentic-foresight/vmsingle-vmstack"
2026-06-19T12:43:55.086516509Z I0619 12:43:55.086134      12 pv_controller.go:673] "Volume is released and reclaim policy will be executed" volumeName="pvc-145a2d39-444b-4f32-a485-a26454ae8b53" reclaimPolicy="Delete"
2026-06-19T12:43:55.099177651Z I0619 12:43:55.098968      12 pv_controller.go:935] "Volume entered phase" volumeName="pvc-145a2d39-444b-4f32-a485-a26454ae8b53" phase="Released"
2026-06-19T12:43:55.106428612Z I0619 12:43:55.106176      12 pv_controller.go:1436] "isVolumeReleased: volume is released" volumeName="pvc-145a2d39-444b-4f32-a485-a26454ae8b53"
2026-06-19T12:43:55.249459627Z I0619 12:43:55.249242      12 pv_controller.go:1436] "isVolumeReleased: volume is released" volumeName="pvc-aadf1544-cc0d-48a8-971b-741e09e58afb"
2026-06-19T12:43:55.265652718Z I0619 12:43:55.265168      12 pv_controller.go:1436] "isVolumeReleased: volume is released" volumeName="pvc-aadf1544-cc0d-48a8-971b-741e09e58afb"
2026-06-19T12:43:55.276540820Z E0619 12:43:55.274466      12 pv_protection_controller.go:123] "Unhandled Error" err="PV pvc-aadf1544-cc0d-48a8-971b-741e09e58afb failed with : Operation cannot be fulfilled on persistentvolumes \"pvc-aadf1544-cc0d-48a8-971b-741e09e58afb\": the object has been modified; please apply your changes to the latest version and try again" logger="UnhandledError"
2026-06-19T12:43:55.281022699Z I0619 12:43:55.280703      12 pv_controller.go:1436] "isVolumeReleased: volume is released" volumeName="pvc-aadf1544-cc0d-48a8-971b-741e09e58afb"
2026-06-19T12:43:55.283150573Z E0619 12:43:55.282962      12 pv_protection_controller.go:123] "Unhandled Error" err="PV pvc-aadf1544-cc0d-48a8-971b-741e09e58afb failed with : Operation cannot be fulfilled on persistentvolumes \"pvc-aadf1544-cc0d-48a8-971b-741e09e58afb\": the object has been modified; please apply your changes to the latest version and try again" logger="UnhandledError"
2026-06-19T12:43:55.291293687Z I0619 12:43:55.290908      12 pv_controller_base.go:591] "Deletion of claim was already processed" claimKey="kubentic-foresight/server-volume-vlogs-server-0"
2026-06-19T12:43:55.352279512Z I0619 12:43:55.352068      12 pv_controller.go:1436] "isVolumeReleased: volume is released" volumeName="pvc-145a2d39-444b-4f32-a485-a26454ae8b53"
2026-06-19T12:43:55.370522759Z I0619 12:43:55.370183      12 pv_controller.go:1436] "isVolumeReleased: volume is released" volumeName="pvc-145a2d39-444b-4f32-a485-a26454ae8b53"
2026-06-19T12:43:55.380218378Z I0619 12:43:55.379964      12 pv_controller.go:1436] "isVolumeReleased: volume is released" volumeName="pvc-145a2d39-444b-4f32-a485-a26454ae8b53"
2026-06-19T12:43:55.397348479Z I0619 12:43:55.397162      12 pv_controller_base.go:591] "Deletion of claim was already processed" claimKey="kubentic-foresight/vmsingle-vmstack"
2026-06-19T12:45:47.591579967Z I0619 12:45:47.591337      12 namespace_controller.go:187] "Namespace has been deleted" namespace="kubentic-foresight"
2026-06-19T12:46:55.377775935Z I0619 12:46:55.377215      12 job_controller.go:626] "enqueueing job" logger="job-controller" key="kubentic-foresight/kubentic-subscription-check" delay="0s"
2026-06-19T12:46:55.377800757Z I0619 12:46:55.377331      12 job_controller.go:972] "Job has activeDeadlineSeconds configuration. Will sync this job again" key="kubentic-foresight/kubentic-subscription-check" nextSyncIn="1m59.999996502s"
2026-06-19T12:46:55.391238467Z I0619 12:46:55.389819      12 job_controller.go:626] "enqueueing job" logger="job-controller" key="kubentic-foresight/kubentic-subscription-check" delay="1s"
2026-06-19T12:46:55.402916410Z I0619 12:46:55.402003      12 job_controller.go:626] "enqueueing job" logger="job-controller" key="kubentic-foresight/kubentic-subscription-check" delay="1s"
2026-06-19T12:46:55.406681589Z I0619 12:46:55.406523      12 job_controller.go:626] "enqueueing job" logger="job-controller" key="kubentic-foresight/kubentic-subscription-check" delay="1s"
2026-06-19T12:46:55.422089991Z I0619 12:46:55.421842      12 job_controller.go:626] "enqueueing job" logger="job-controller" key="kubentic-foresight/kubentic-subscription-check" delay="1s"
2026-06-19T12:46:56.392723738Z I0619 12:46:56.392454      12 job_controller.go:972] "Job has activeDeadlineSeconds configuration. Will sync this job again" key="kubentic-foresight/kubentic-subscription-check" nextSyncIn="1m58.607558678s"
2026-06-19T12:46:56.869020679Z I0619 12:46:56.868244      12 job_controller.go:626] "enqueueing job" logger="job-controller" key="kubentic-foresight/kubentic-subscription-check" delay="1s"
2026-06-19T12:46:57.873961578Z I0619 12:46:57.873354      12 job_controller.go:972] "Job has activeDeadlineSeconds configuration. Will sync this job again" key="kubentic-foresight/kubentic-subscription-check" nextSyncIn="1m57.126666395s"
2026-06-19T12:46:58.014524599Z I0619 12:46:58.013514      12 job_controller.go:626] "enqueueing job" logger="job-controller" key="kubentic-foresight/kubentic-subscription-check" delay="1s"
2026-06-19T12:46:59.014909097Z I0619 12:46:59.014638      12 job_controller.go:972] "Job has activeDeadlineSeconds configuration. Will sync this job again" key="kubentic-foresight/kubentic-subscription-check" nextSyncIn="1m55.985375945s"
2026-06-19T12:46:59.024049552Z I0619 12:46:59.023658      12 job_controller.go:626] "enqueueing job" logger="job-controller" key="kubentic-foresight/kubentic-subscription-check" delay="1s"
2026-06-19T12:46:59.035302823Z I0619 12:46:59.034233      12 job_controller.go:626] "enqueueing job" logger="job-controller" key="kubentic-foresight/kubentic-subscription-check" delay="1s"
2026-06-19T12:46:59.339869725Z I0619 12:46:59.339658      12 job_controller.go:626] "enqueueing job" logger="job-controller" key="kubentic-foresight/kubentic-subscription-check" delay="0s"
2026-06-19T12:46:59.340059740Z I0619 12:46:59.339868      12 garbagecollector.go:506] "Processing item" item="[v1/Pod, namespace: kubentic-foresight, name: kubentic-subscription-check-95nh5, uid: 7e041cb7-c9a6-45d5-9a18-66d44940e3db]" virtual=false
2026-06-19T12:46:59.348794298Z I0619 12:46:59.348535      12 garbagecollector.go:645] "Deleting item" item="[v1/Pod, namespace: kubentic-foresight, name: kubentic-subscription-check-95nh5, uid: 7e041cb7-c9a6-45d5-9a18-66d44940e3db]" propagationPolicy="Background"
2026-06-19T12:47:06.143787279Z I0619 12:47:06.141050      12 endpointslice_controller.go:361] "Error syncing endpoint slices for service, retrying" key="kubentic-foresight/kubentic-prometheus-node-exporter" err="EndpointSlice informer cache is out of date"
2026-06-19T12:47:06.346823284Z I0619 12:47:06.346661      12 replica_set.go:620] "Too few replicas" replicaSet="kubentic-foresight/kubentic-victoria-metrics-operator-5f96779cb6" need=1 creating=1
2026-06-19T12:47:06.365246669Z I0619 12:47:06.365052      12 replica_set.go:620] "Too few replicas" replicaSet="kubentic-foresight/kubentic-operator-6f8fdb4795" need=1 creating=1
2026-06-19T12:47:06.485365704Z I0619 12:47:06.483422      12 replica_set.go:620] "Too few replicas" replicaSet="kubentic-foresight/kubentic-grafana-7bbf74d8d" need=1 creating=1
2026-06-19T12:47:06.499480972Z I0619 12:47:06.495393      12 replica_set.go:620] "Too few replicas" replicaSet="kubentic-foresight/kubentic-kube-state-metrics-84b958ff7" need=1 creating=1
2026-06-19T12:47:06.623985518Z I0619 12:47:06.619104      12 deployment_controller.go:518] "Error syncing deployment" deployment="kubentic-foresight/kubentic-victoria-metrics-operator" err="Operation cannot be fulfilled on deployments.apps \"kubentic-victoria-metrics-operator\": the object has been modified; please apply your changes to the latest version and try again"
2026-06-19T12:47:06.696619060Z I0619 12:47:06.696295      12 deployment_controller.go:518] "Error syncing deployment" deployment="kubentic-foresight/kubentic-operator" err="Operation cannot be fulfilled on deployments.apps \"kubentic-operator\": the object has been modified; please apply your changes to the latest version and try again"
2026-06-19T12:47:06.704696809Z I0619 12:47:06.704488      12 deployment_controller.go:518] "Error syncing deployment" deployment="kubentic-foresight/kubentic-grafana" err="Operation cannot be fulfilled on deployments.apps \"kubentic-grafana\": the object has been modified; please apply your changes to the latest version and try again"
2026-06-19T12:47:06.714360237Z I0619 12:47:06.714139      12 deployment_controller.go:518] "Error syncing deployment" deployment="kubentic-foresight/kubentic-kube-state-metrics" err="Operation cannot be fulfilled on deployments.apps \"kubentic-kube-state-metrics\": the object has been modified; please apply your changes to the latest version and try again"
2026-06-19T12:47:09.307597098Z I0619 12:47:09.307187      12 pv_controller.go:935] "Volume entered phase" volumeName="pvc-e2c608ed-9f91-4b79-b288-3d1c3131687b" phase="Bound"
2026-06-19T12:47:09.307617819Z I0619 12:47:09.307257      12 pv_controller.go:1071] "Volume bound to claim" PVC="kubentic-foresight/server-volume-vlogs-server-0" volumeName="pvc-e2c608ed-9f91-4b79-b288-3d1c3131687b"
2026-06-19T12:47:09.323854247Z I0619 12:47:09.323623      12 pv_controller.go:876] "Claim entered phase" PVC="kubentic-foresight/server-volume-vlogs-server-0" phase="Bound"
2026-06-19T12:47:09.612649349Z I0619 12:47:09.612383      12 replica_set.go:620] "Too few replicas" replicaSet="kubentic-foresight/vmagent-vmstack-79cbcf4595" need=1 creating=1
2026-06-19T12:47:09.661111100Z I0619 12:47:09.659053      12 deployment_controller.go:518] "Error syncing deployment" deployment="kubentic-foresight/vmagent-vmstack" err="Operation cannot be fulfilled on deployments.apps \"vmagent-vmstack\": the object has been modified; please apply your changes to the latest version and try again"
2026-06-19T12:47:10.144640429Z I0619 12:47:10.144288      12 reconciler.go:364] "attacherDetacher.AttachVolume started" volumeName="kubernetes.io/csi/ebs.csi.aws.com^vol-0f563ad56f9dc6760" nodeName="i-0ecec600693268f66" scheduledPods=["kubentic-foresight/vlogs-server-0"]
2026-06-19T12:47:13.710870136Z I0619 12:47:13.710467      12 operation_generator.go:298] AttachVolume.Attach succeeded for volume "pvc-e2c608ed-9f91-4b79-b288-3d1c3131687b" (UniqueName: "kubernetes.io/csi/ebs.csi.aws.com^vol-0f563ad56f9dc6760") from node "i-0ecec600693268f66" 
2026-06-19T12:47:14.293851871Z I0619 12:47:14.293567      12 replica_set.go:620] "Too few replicas" replicaSet="kubentic-foresight/vmsingle-vmstack-6fd779f668" need=1 creating=1
2026-06-19T12:47:14.327483651Z I0619 12:47:14.327211      12 deployment_controller.go:518] "Error syncing deployment" deployment="kubentic-foresight/vmsingle-vmstack" err="Operation cannot be fulfilled on deployments.apps \"vmsingle-vmstack\": the object has been modified; please apply your changes to the latest version and try again"
2026-06-19T12:47:16.463766853Z I0619 12:47:16.463596      12 pv_controller.go:935] "Volume entered phase" volumeName="pvc-1880076b-7d3e-4e12-959e-36682f7f4b30" phase="Bound"
2026-06-19T12:47:16.463779474Z I0619 12:47:16.463657      12 pv_controller.go:1071] "Volume bound to claim" PVC="kubentic-foresight/vmsingle-vmstack" volumeName="pvc-1880076b-7d3e-4e12-959e-36682f7f4b30"
2026-06-19T12:47:16.480524550Z I0619 12:47:16.479365      12 pv_controller.go:876] "Claim entered phase" PVC="kubentic-foresight/vmsingle-vmstack" phase="Bound"
2026-06-19T12:47:17.400474567Z I0619 12:47:17.400182      12 reconciler.go:364] "attacherDetacher.AttachVolume started" volumeName="kubernetes.io/csi/ebs.csi.aws.com^vol-063ffa3cab378b541" nodeName="i-0d94ada325e8491c5" scheduledPods=["kubentic-foresight/vmsingle-vmstack-6fd779f668-5d8gm"]
2026-06-19T12:47:20.962440784Z I0619 12:47:20.962126      12 operation_generator.go:298] AttachVolume.Attach succeeded for volume "pvc-1880076b-7d3e-4e12-959e-36682f7f4b30" (UniqueName: "kubernetes.io/csi/ebs.csi.aws.com^vol-063ffa3cab378b541") from node "i-0d94ada325e8491c5" 
2026-06-19T12:49:16.845344964Z I0619 12:49:16.845054      12 job_controller.go:626] "enqueueing job" logger="job-controller" key="kubentic-foresight/test-4" delay="0s"
2026-06-19T12:49:16.845920500Z I0619 12:49:16.845178      12 job_controller.go:972] "Job has activeDeadlineSeconds configuration. Will sync this job again" key="kubentic-foresight/test-4" nextSyncIn="29m59.99999604s"
2026-06-19T12:49:16.865230847Z I0619 12:49:16.864670      12 job_controller.go:626] "enqueueing job" logger="job-controller" key="kubentic-foresight/test-4" delay="1s"
2026-06-19T12:49:16.870511810Z I0619 12:49:16.870264      12 job_controller.go:626] "enqueueing job" logger="job-controller" key="kubentic-foresight/test-4" delay="1s"
2026-06-19T12:49:16.873148833Z I0619 12:49:16.872962      12 job_controller.go:626] "enqueueing job" logger="job-controller" key="kubentic-foresight/test-4" delay="1s"
2026-06-19T12:49:16.892613352Z I0619 12:49:16.892154      12 job_controller.go:626] "enqueueing job" logger="job-controller" key="kubentic-foresight/test-4" delay="1s"
2026-06-19T12:49:17.866064631Z I0619 12:49:17.865835      12 job_controller.go:972] "Job has activeDeadlineSeconds configuration. Will sync this job again" key="kubentic-foresight/test-4" nextSyncIn="29m58.134178212s"
2026-06-19T12:49:18.393461403Z I0619 12:49:18.393206      12 job_controller.go:626] "enqueueing job" logger="job-controller" key="kubentic-foresight/test-4" delay="1s"
2026-06-19T12:49:19.394161467Z I0619 12:49:19.393561      12 job_controller.go:972] "Job has activeDeadlineSeconds configuration. Will sync this job again" key="kubentic-foresight/test-4" nextSyncIn="29m56.606468189s"
2026-06-19T12:49:19.403384127Z I0619 12:49:19.402988      12 job_controller.go:626] "enqueueing job" logger="job-controller" key="kubentic-foresight/test-4" delay="1s"
2026-06-19T12:49:20.405694737Z I0619 12:49:20.405461      12 job_controller.go:972] "Job has activeDeadlineSeconds configuration. Will sync this job again" key="kubentic-foresight/test-4" nextSyncIn="29m55.594552207s"
2026-06-19T12:53:48.393163802Z I0619 12:53:48.392648      12 job_controller.go:626] "enqueueing job" logger="job-controller" key="kubentic-foresight/test-4" delay="1s"
2026-06-19T12:53:49.393509219Z I0619 12:53:49.393174      12 job_controller.go:972] "Job has activeDeadlineSeconds configuration. Will sync this job again" key="kubentic-foresight/test-4" nextSyncIn="25m26.606841038s"
2026-06-19T12:53:49.403575146Z I0619 12:53:49.403135      12 job_controller.go:626] "enqueueing job" logger="job-controller" key="kubentic-foresight/test-4" delay="1s"
2026-06-19T12:53:49.544830125Z I0619 12:53:49.544621      12 job_controller.go:626] "enqueueing job" logger="job-controller" key="kubentic-foresight/test-4" delay="1s"
2026-06-19T12:53:50.403917891Z I0619 12:53:50.403644      12 job_controller.go:972] "Job has activeDeadlineSeconds configuration. Will sync this job again" key="kubentic-foresight/test-4" nextSyncIn="25m25.596368934s"
2026-06-19T12:53:50.415101915Z I0619 12:53:50.414697      12 job_controller.go:626] "enqueueing job" logger="job-controller" key="kubentic-foresight/test-4" delay="1s"
2026-06-19T12:53:50.432211674Z I0619 12:53:50.431981      12 job_controller.go:626] "enqueueing job" logger="job-controller" key="kubentic-foresight/test-4" delay="1s"
2026-06-19T12:57:30.335166557Z I0619 12:57:30.334201      12 job_controller.go:626] "enqueueing job" logger="job-controller" key="kubentic-foresight/test-1" delay="0s"
2026-06-19T12:57:30.335191838Z I0619 12:57:30.334326      12 job_controller.go:972] "Job has activeDeadlineSeconds configuration. Will sync this job again" key="kubentic-foresight/test-1" nextSyncIn="29m59.999996081s"
2026-06-19T12:57:30.348645100Z I0619 12:57:30.348057      12 job_controller.go:626] "enqueueing job" logger="job-controller" key="kubentic-foresight/test-1" delay="1s"
2026-06-19T12:57:30.359601347Z I0619 12:57:30.359308      12 job_controller.go:626] "enqueueing job" logger="job-controller" key="kubentic-foresight/test-1" delay="1s"
2026-06-19T12:57:30.364476619Z I0619 12:57:30.364278      12 job_controller.go:626] "enqueueing job" logger="job-controller" key="kubentic-foresight/test-1" delay="1s"
2026-06-19T12:57:30.386467295Z I0619 12:57:30.386200      12 job_controller.go:626] "enqueueing job" logger="job-controller" key="kubentic-foresight/test-1" delay="1s"
2026-06-19T12:57:31.348671290Z I0619 12:57:31.348444      12 job_controller.go:972] "Job has activeDeadlineSeconds configuration. Will sync this job again" key="kubentic-foresight/test-1" nextSyncIn="29m58.651570003s"
2026-06-19T12:57:32.069834754Z I0619 12:57:32.069516      12 job_controller.go:626] "enqueueing job" logger="job-controller" key="kubentic-foresight/test-1" delay="1s"
2026-06-19T12:57:33.070847460Z I0619 12:57:33.070618      12 job_controller.go:972] "Job has activeDeadlineSeconds configuration. Will sync this job again" key="kubentic-foresight/test-1" nextSyncIn="29m56.929395217s"
2026-06-19T12:57:33.081177688Z I0619 12:57:33.080747      12 job_controller.go:626] "enqueueing job" logger="job-controller" key="kubentic-foresight/test-1" delay="1s"
