2026-06-19T10:00:21.081811941Z I0619 10:00:21.081618       1 batcher.go:146] Batch processing duration: 102.152619ms
2026-06-19T10:00:21.081945251Z I0619 10:00:21.081686       1 batcher.go:187] Batch size for label describe_instance is 1
2026-06-19T10:00:21.082062507Z I0619 10:00:21.081904       1 describe_instance_batch.go:85] Batched describe instances &{<nil> [] [i-0010bc1572a60c430] <nil> <nil> {}}
2026-06-19T10:00:21.243490696Z I0619 10:00:21.243328       1 instances_v2.go:106] No instance topolopy for instance type t3.medium available.
2026-06-19T10:00:21.344213475Z I0619 10:00:21.343787       1 batcher.go:146] Batch processing duration: 100.207728ms
2026-06-19T10:00:21.344262069Z I0619 10:00:21.343864       1 batcher.go:187] Batch size for label describe_instance is 1
2026-06-19T10:00:21.344265510Z I0619 10:00:21.343878       1 describe_instance_batch.go:85] Batched describe instances &{<nil> [] [i-0ecec600693268f66] <nil> <nil> {}}
2026-06-19T10:00:21.468330849Z I0619 10:00:21.468099       1 instances_v2.go:106] No instance topolopy for instance type t3.medium available.
2026-06-19T10:00:21.569645193Z I0619 10:00:21.568836       1 batcher.go:146] Batch processing duration: 100.578821ms
2026-06-19T10:00:21.569811775Z I0619 10:00:21.569684       1 batcher.go:187] Batch size for label describe_instance is 1
2026-06-19T10:00:21.570005490Z I0619 10:00:21.569892       1 describe_instance_batch.go:85] Batched describe instances &{<nil> [] [i-0d94ada325e8491c5] <nil> <nil> {}}
2026-06-19T10:00:21.726964840Z I0619 10:00:21.726645       1 instances_v2.go:106] No instance topolopy for instance type t3.medium available.
2026-06-19T10:00:21.727017277Z I0619 10:00:21.726794       1 node_controller.go:271] Update 3 nodes status took 747.345524ms.
2026-06-19T10:05:21.829693862Z I0619 10:05:21.829318       1 batcher.go:146] Batch processing duration: 100.338396ms
2026-06-19T10:05:21.829732152Z I0619 10:05:21.829382       1 batcher.go:187] Batch size for label describe_instance is 1
2026-06-19T10:05:21.829736703Z I0619 10:05:21.829395       1 describe_instance_batch.go:85] Batched describe instances &{<nil> [] [i-0010bc1572a60c430] <nil> <nil> {}}
2026-06-19T10:05:21.920913556Z I0619 10:05:21.920750       1 instances_v2.go:106] No instance topolopy for instance type t3.medium available.
2026-06-19T10:05:22.022635299Z I0619 10:05:22.021864       1 batcher.go:146] Batch processing duration: 101.01874ms
2026-06-19T10:05:22.022657671Z I0619 10:05:22.021921       1 batcher.go:187] Batch size for label describe_instance is 1
2026-06-19T10:05:22.022661241Z I0619 10:05:22.021936       1 describe_instance_batch.go:85] Batched describe instances &{<nil> [] [i-0ecec600693268f66] <nil> <nil> {}}
2026-06-19T10:05:22.131465013Z I0619 10:05:22.131281       1 instances_v2.go:106] No instance topolopy for instance type t3.medium available.
2026-06-19T10:05:22.232390146Z I0619 10:05:22.231688       1 batcher.go:146] Batch processing duration: 100.315869ms
2026-06-19T10:05:22.232413543Z I0619 10:05:22.231741       1 batcher.go:187] Batch size for label describe_instance is 1
2026-06-19T10:05:22.232416848Z I0619 10:05:22.231755       1 describe_instance_batch.go:85] Batched describe instances &{<nil> [] [i-0d94ada325e8491c5] <nil> <nil> {}}
2026-06-19T10:05:22.351297577Z I0619 10:05:22.351126       1 instances_v2.go:106] No instance topolopy for instance type t3.medium available.
2026-06-19T10:05:22.351323416Z I0619 10:05:22.351166       1 node_controller.go:271] Update 3 nodes status took 622.317997ms.
2026-06-19T10:10:22.451883824Z I0619 10:10:22.451721       1 batcher.go:146] Batch processing duration: 100.320571ms
2026-06-19T10:10:22.451929980Z I0619 10:10:22.451783       1 batcher.go:187] Batch size for label describe_instance is 1
2026-06-19T10:10:22.452145363Z I0619 10:10:22.451796       1 describe_instance_batch.go:85] Batched describe instances &{<nil> [] [i-0d94ada325e8491c5] <nil> <nil> {}}
2026-06-19T10:10:22.596390003Z I0619 10:10:22.596203       1 instances_v2.go:106] No instance topolopy for instance type t3.medium available.
2026-06-19T10:10:22.697396322Z I0619 10:10:22.696607       1 batcher.go:146] Batch processing duration: 100.280371ms
2026-06-19T10:10:22.697424321Z I0619 10:10:22.696653       1 batcher.go:187] Batch size for label describe_instance is 1
2026-06-19T10:10:22.697428561Z I0619 10:10:22.696666       1 describe_instance_batch.go:85] Batched describe instances &{<nil> [] [i-0010bc1572a60c430] <nil> <nil> {}}
2026-06-19T10:10:22.763073951Z I0619 10:10:22.762909       1 instances_v2.go:106] No instance topolopy for instance type t3.medium available.
2026-06-19T10:10:22.863912578Z I0619 10:10:22.863670       1 batcher.go:146] Batch processing duration: 100.647931ms
2026-06-19T10:10:22.864095344Z I0619 10:10:22.863865       1 batcher.go:187] Batch size for label describe_instance is 1
2026-06-19T10:10:22.864102422Z I0619 10:10:22.863883       1 describe_instance_batch.go:85] Batched describe instances &{<nil> [] [i-0ecec600693268f66] <nil> <nil> {}}
2026-06-19T10:10:22.980789702Z I0619 10:10:22.980630       1 instances_v2.go:106] No instance topolopy for instance type t3.medium available.
2026-06-19T10:10:22.980816885Z I0619 10:10:22.980668       1 node_controller.go:271] Update 3 nodes status took 629.410638ms.
2026-06-19T10:15:23.083194043Z I0619 10:15:23.082882       1 batcher.go:146] Batch processing duration: 101.011186ms
2026-06-19T10:15:23.083229424Z I0619 10:15:23.082942       1 batcher.go:187] Batch size for label describe_instance is 1
2026-06-19T10:15:23.083280286Z I0619 10:15:23.082954       1 describe_instance_batch.go:85] Batched describe instances &{<nil> [] [i-0010bc1572a60c430] <nil> <nil> {}}
2026-06-19T10:15:23.172650625Z I0619 10:15:23.172515       1 instances_v2.go:106] No instance topolopy for instance type t3.medium available.
2026-06-19T10:15:23.273453234Z I0619 10:15:23.273241       1 batcher.go:146] Batch processing duration: 100.496972ms
2026-06-19T10:15:23.273481879Z I0619 10:15:23.273311       1 batcher.go:187] Batch size for label describe_instance is 1
2026-06-19T10:15:23.273668161Z I0619 10:15:23.273324       1 describe_instance_batch.go:85] Batched describe instances &{<nil> [] [i-0ecec600693268f66] <nil> <nil> {}}
2026-06-19T10:15:23.460272546Z I0619 10:15:23.460133       1 instances_v2.go:106] No instance topolopy for instance type t3.medium available.
2026-06-19T10:15:23.560866568Z I0619 10:15:23.560743       1 batcher.go:146] Batch processing duration: 100.407285ms
2026-06-19T10:15:23.561301514Z I0619 10:15:23.560945       1 batcher.go:187] Batch size for label describe_instance is 1
2026-06-19T10:15:23.561420045Z I0619 10:15:23.561242       1 describe_instance_batch.go:85] Batched describe instances &{<nil> [] [i-0d94ada325e8491c5] <nil> <nil> {}}
2026-06-19T10:15:23.665373569Z I0619 10:15:23.665202       1 instances_v2.go:106] No instance topolopy for instance type t3.medium available.
2026-06-19T10:15:23.665406766Z I0619 10:15:23.665250       1 node_controller.go:271] Update 3 nodes status took 683.544343ms.
2026-06-19T10:20:23.766973734Z I0619 10:20:23.766792       1 batcher.go:146] Batch processing duration: 100.302824ms
2026-06-19T10:20:23.767010720Z I0619 10:20:23.766862       1 batcher.go:187] Batch size for label describe_instance is 1
2026-06-19T10:20:23.767024980Z I0619 10:20:23.766939       1 describe_instance_batch.go:85] Batched describe instances &{<nil> [] [i-0010bc1572a60c430] <nil> <nil> {}}
2026-06-19T10:20:23.840429179Z I0619 10:20:23.840277       1 instances_v2.go:106] No instance topolopy for instance type t3.medium available.
2026-06-19T10:20:23.941495450Z I0619 10:20:23.940655       1 batcher.go:146] Batch processing duration: 100.266934ms
2026-06-19T10:20:23.941523032Z I0619 10:20:23.940724       1 batcher.go:187] Batch size for label describe_instance is 1
2026-06-19T10:20:23.941527973Z I0619 10:20:23.940735       1 describe_instance_batch.go:85] Batched describe instances &{<nil> [] [i-0ecec600693268f66] <nil> <nil> {}}
2026-06-19T10:20:24.059109413Z I0619 10:20:24.058836       1 instances_v2.go:106] No instance topolopy for instance type t3.medium available.
2026-06-19T10:20:24.159479383Z I0619 10:20:24.159334       1 batcher.go:146] Batch processing duration: 100.380774ms
2026-06-19T10:20:24.159515983Z I0619 10:20:24.159460       1 batcher.go:187] Batch size for label describe_instance is 1
2026-06-19T10:20:24.159780975Z I0619 10:20:24.159595       1 describe_instance_batch.go:85] Batched describe instances &{<nil> [] [i-0d94ada325e8491c5] <nil> <nil> {}}
2026-06-19T10:20:24.281291691Z I0619 10:20:24.280870       1 instances_v2.go:106] No instance topolopy for instance type t3.medium available.
2026-06-19T10:20:24.281316414Z I0619 10:20:24.280907       1 node_controller.go:271] Update 3 nodes status took 614.534509ms.
2026-06-19T10:25:24.382397565Z I0619 10:25:24.382236       1 batcher.go:146] Batch processing duration: 100.41898ms
2026-06-19T10:25:24.382435928Z I0619 10:25:24.382301       1 batcher.go:187] Batch size for label describe_instance is 1
2026-06-19T10:25:24.382486769Z I0619 10:25:24.382315       1 describe_instance_batch.go:85] Batched describe instances &{<nil> [] [i-0d94ada325e8491c5] <nil> <nil> {}}
2026-06-19T10:25:24.513934185Z I0619 10:25:24.513754       1 instances_v2.go:106] No instance topolopy for instance type t3.medium available.
2026-06-19T10:25:24.614828587Z I0619 10:25:24.614580       1 batcher.go:146] Batch processing duration: 100.677416ms
2026-06-19T10:25:24.614963673Z I0619 10:25:24.614644       1 batcher.go:187] Batch size for label describe_instance is 1
2026-06-19T10:25:24.614969503Z I0619 10:25:24.614658       1 describe_instance_batch.go:85] Batched describe instances &{<nil> [] [i-0010bc1572a60c430] <nil> <nil> {}}
2026-06-19T10:25:24.690220952Z I0619 10:25:24.690036       1 instances_v2.go:106] No instance topolopy for instance type t3.medium available.
2026-06-19T10:25:24.790642765Z I0619 10:25:24.790445       1 batcher.go:146] Batch processing duration: 100.319961ms
2026-06-19T10:25:24.790772083Z I0619 10:25:24.790504       1 batcher.go:187] Batch size for label describe_instance is 1
2026-06-19T10:25:24.790808136Z I0619 10:25:24.790517       1 describe_instance_batch.go:85] Batched describe instances &{<nil> [] [i-0ecec600693268f66] <nil> <nil> {}}
2026-06-19T10:25:24.905624189Z I0619 10:25:24.905382       1 instances_v2.go:106] No instance topolopy for instance type t3.medium available.
2026-06-19T10:25:24.905653278Z I0619 10:25:24.905438       1 node_controller.go:271] Update 3 nodes status took 623.742042ms.
2026-06-19T10:30:25.006791575Z I0619 10:30:25.006507       1 batcher.go:146] Batch processing duration: 100.61267ms
2026-06-19T10:30:25.006995368Z I0619 10:30:25.006655       1 batcher.go:187] Batch size for label describe_instance is 1
2026-06-19T10:30:25.007006651Z I0619 10:30:25.006675       1 describe_instance_batch.go:85] Batched describe instances &{<nil> [] [i-0010bc1572a60c430] <nil> <nil> {}}
2026-06-19T10:30:25.083799724Z I0619 10:30:25.083665       1 instances_v2.go:106] No instance topolopy for instance type t3.medium available.
2026-06-19T10:30:25.184243458Z I0619 10:30:25.184100       1 batcher.go:146] Batch processing duration: 100.209966ms
2026-06-19T10:30:25.185050148Z I0619 10:30:25.184153       1 batcher.go:187] Batch size for label describe_instance is 1
2026-06-19T10:30:25.185080565Z I0619 10:30:25.184165       1 describe_instance_batch.go:85] Batched describe instances &{<nil> [] [i-0ecec600693268f66] <nil> <nil> {}}
2026-06-19T10:30:25.302084466Z I0619 10:30:25.301897       1 instances_v2.go:106] No instance topolopy for instance type t3.medium available.
2026-06-19T10:30:25.402825513Z I0619 10:30:25.402627       1 batcher.go:146] Batch processing duration: 100.609285ms
2026-06-19T10:30:25.402938453Z I0619 10:30:25.402680       1 batcher.go:187] Batch size for label describe_instance is 1
2026-06-19T10:30:25.402961368Z I0619 10:30:25.402693       1 describe_instance_batch.go:85] Batched describe instances &{<nil> [] [i-0d94ada325e8491c5] <nil> <nil> {}}
2026-06-19T10:30:25.511282654Z I0619 10:30:25.511133       1 instances_v2.go:106] No instance topolopy for instance type t3.medium available.
2026-06-19T10:30:25.511336161Z I0619 10:30:25.511166       1 node_controller.go:271] Update 3 nodes status took 605.397389ms.
2026-06-19T10:35:25.612106192Z I0619 10:35:25.611948       1 batcher.go:146] Batch processing duration: 100.091968ms
2026-06-19T10:35:25.612136349Z I0619 10:35:25.612001       1 batcher.go:187] Batch size for label describe_instance is 1
2026-06-19T10:35:25.612212562Z I0619 10:35:25.612063       1 describe_instance_batch.go:85] Batched describe instances &{<nil> [] [i-0010bc1572a60c430] <nil> <nil> {}}
2026-06-19T10:35:25.693602743Z I0619 10:35:25.693404       1 instances_v2.go:106] No instance topolopy for instance type t3.medium available.
2026-06-19T10:35:25.794045534Z I0619 10:35:25.793797       1 batcher.go:146] Batch processing duration: 100.296384ms
2026-06-19T10:35:25.794123784Z I0619 10:35:25.793873       1 batcher.go:187] Batch size for label describe_instance is 1
2026-06-19T10:35:25.794129020Z I0619 10:35:25.793886       1 describe_instance_batch.go:85] Batched describe instances &{<nil> [] [i-0ecec600693268f66] <nil> <nil> {}}
2026-06-19T10:35:25.907674642Z I0619 10:35:25.907478       1 instances_v2.go:106] No instance topolopy for instance type t3.medium available.
2026-06-19T10:35:26.008712472Z I0619 10:35:26.008567       1 batcher.go:146] Batch processing duration: 100.945936ms
2026-06-19T10:35:26.008864912Z I0619 10:35:26.008622       1 batcher.go:187] Batch size for label describe_instance is 1
2026-06-19T10:35:26.008879455Z I0619 10:35:26.008747       1 describe_instance_batch.go:85] Batched describe instances &{<nil> [] [i-0d94ada325e8491c5] <nil> <nil> {}}
2026-06-19T10:35:26.076471415Z I0619 10:35:26.076331       1 instances_v2.go:106] No instance topolopy for instance type t3.medium available.
2026-06-19T10:35:26.076493715Z I0619 10:35:26.076366       1 node_controller.go:271] Update 3 nodes status took 564.626943ms.
2026-06-19T10:40:26.177818474Z I0619 10:40:26.177630       1 batcher.go:146] Batch processing duration: 100.26423ms
2026-06-19T10:40:26.177862309Z I0619 10:40:26.177698       1 batcher.go:187] Batch size for label describe_instance is 1
2026-06-19T10:40:26.177867136Z I0619 10:40:26.177710       1 describe_instance_batch.go:85] Batched describe instances &{<nil> [] [i-0ecec600693268f66] <nil> <nil> {}}
2026-06-19T10:40:26.375960472Z I0619 10:40:26.375745       1 instances_v2.go:106] No instance topolopy for instance type t3.medium available.
2026-06-19T10:40:26.476662028Z I0619 10:40:26.476492       1 batcher.go:146] Batch processing duration: 100.654273ms
2026-06-19T10:40:26.476780632Z I0619 10:40:26.476579       1 batcher.go:187] Batch size for label describe_instance is 1
2026-06-19T10:40:26.476874556Z I0619 10:40:26.476597       1 describe_instance_batch.go:85] Batched describe instances &{<nil> [] [i-0d94ada325e8491c5] <nil> <nil> {}}
2026-06-19T10:40:26.549262479Z I0619 10:40:26.549080       1 instances_v2.go:106] No instance topolopy for instance type t3.medium available.
2026-06-19T10:40:26.649751210Z I0619 10:40:26.649465       1 batcher.go:146] Batch processing duration: 100.273464ms
2026-06-19T10:40:26.649778967Z I0619 10:40:26.649523       1 batcher.go:187] Batch size for label describe_instance is 1
2026-06-19T10:40:26.649784049Z I0619 10:40:26.649535       1 describe_instance_batch.go:85] Batched describe instances &{<nil> [] [i-0010bc1572a60c430] <nil> <nil> {}}
2026-06-19T10:40:26.747270558Z I0619 10:40:26.747112       1 instances_v2.go:106] No instance topolopy for instance type t3.medium available.
2026-06-19T10:40:26.747298903Z I0619 10:40:26.747155       1 node_controller.go:271] Update 3 nodes status took 669.983625ms.
2026-06-19T10:45:26.848047019Z I0619 10:45:26.847852       1 batcher.go:146] Batch processing duration: 100.260355ms
2026-06-19T10:45:26.848097513Z I0619 10:45:26.847917       1 batcher.go:187] Batch size for label describe_instance is 1
2026-06-19T10:45:26.848149727Z I0619 10:45:26.847930       1 describe_instance_batch.go:85] Batched describe instances &{<nil> [] [i-0d94ada325e8491c5] <nil> <nil> {}}
2026-06-19T10:45:26.992268874Z I0619 10:45:26.992068       1 instances_v2.go:106] No instance topolopy for instance type t3.medium available.
2026-06-19T10:45:27.093364694Z I0619 10:45:27.093255       1 batcher.go:146] Batch processing duration: 101.095589ms
2026-06-19T10:45:27.093760955Z I0619 10:45:27.093603       1 batcher.go:187] Batch size for label describe_instance is 1
2026-06-19T10:45:27.093934147Z I0619 10:45:27.093654       1 describe_instance_batch.go:85] Batched describe instances &{<nil> [] [i-0010bc1572a60c430] <nil> <nil> {}}
2026-06-19T10:45:27.175335783Z I0619 10:45:27.175144       1 instances_v2.go:106] No instance topolopy for instance type t3.medium available.
2026-06-19T10:45:27.276180352Z I0619 10:45:27.275940       1 batcher.go:146] Batch processing duration: 100.690562ms
2026-06-19T10:45:27.276739977Z I0619 10:45:27.276635       1 batcher.go:187] Batch size for label describe_instance is 1
2026-06-19T10:45:27.277032573Z I0619 10:45:27.276820       1 describe_instance_batch.go:85] Batched describe instances &{<nil> [] [i-0ecec600693268f66] <nil> <nil> {}}
2026-06-19T10:45:27.408155092Z I0619 10:45:27.407987       1 instances_v2.go:106] No instance topolopy for instance type t3.medium available.
2026-06-19T10:45:27.408203889Z I0619 10:45:27.408126       1 node_controller.go:271] Update 3 nodes status took 660.68144ms.
2026-06-19T10:50:27.510205543Z I0619 10:50:27.509999       1 batcher.go:146] Batch processing duration: 100.623279ms
2026-06-19T10:50:27.510240993Z I0619 10:50:27.510061       1 batcher.go:187] Batch size for label describe_instance is 1
2026-06-19T10:50:27.510246211Z I0619 10:50:27.510088       1 describe_instance_batch.go:85] Batched describe instances &{<nil> [] [i-0d94ada325e8491c5] <nil> <nil> {}}
2026-06-19T10:50:27.597759695Z I0619 10:50:27.597566       1 instances_v2.go:106] No instance topolopy for instance type t3.medium available.
2026-06-19T10:50:27.698692243Z I0619 10:50:27.697931       1 batcher.go:146] Batch processing duration: 100.263658ms
2026-06-19T10:50:27.698722737Z I0619 10:50:27.697991       1 batcher.go:187] Batch size for label describe_instance is 1
2026-06-19T10:50:27.698727764Z I0619 10:50:27.698002       1 describe_instance_batch.go:85] Batched describe instances &{<nil> [] [i-0010bc1572a60c430] <nil> <nil> {}}
2026-06-19T10:50:27.771521954Z I0619 10:50:27.771316       1 instances_v2.go:106] No instance topolopy for instance type t3.medium available.
2026-06-19T10:50:27.872236131Z I0619 10:50:27.871995       1 batcher.go:146] Batch processing duration: 100.579815ms
2026-06-19T10:50:27.872307811Z I0619 10:50:27.872072       1 batcher.go:187] Batch size for label describe_instance is 1
2026-06-19T10:50:27.872324372Z I0619 10:50:27.872086       1 describe_instance_batch.go:85] Batched describe instances &{<nil> [] [i-0ecec600693268f66] <nil> <nil> {}}
2026-06-19T10:50:27.990345577Z I0619 10:50:27.990200       1 instances_v2.go:106] No instance topolopy for instance type t3.medium available.
2026-06-19T10:50:27.990373030Z I0619 10:50:27.990236       1 node_controller.go:271] Update 3 nodes status took 581.008436ms.
2026-06-19T10:55:28.091541414Z I0619 10:55:28.091356       1 batcher.go:146] Batch processing duration: 100.696498ms
2026-06-19T10:55:28.091608450Z I0619 10:55:28.091437       1 batcher.go:187] Batch size for label describe_instance is 1
2026-06-19T10:55:28.091613853Z I0619 10:55:28.091451       1 describe_instance_batch.go:85] Batched describe instances &{<nil> [] [i-0010bc1572a60c430] <nil> <nil> {}}
2026-06-19T10:55:28.178931043Z I0619 10:55:28.178762       1 instances_v2.go:106] No instance topolopy for instance type t3.medium available.
2026-06-19T10:55:28.279344944Z I0619 10:55:28.279080       1 batcher.go:146] Batch processing duration: 100.2204ms
2026-06-19T10:55:28.279428621Z I0619 10:55:28.279263       1 batcher.go:187] Batch size for label describe_instance is 1
2026-06-19T10:55:28.279616983Z I0619 10:55:28.279429       1 describe_instance_batch.go:85] Batched describe instances &{<nil> [] [i-0ecec600693268f66] <nil> <nil> {}}
2026-06-19T10:55:28.394887222Z I0619 10:55:28.394739       1 instances_v2.go:106] No instance topolopy for instance type t3.medium available.
2026-06-19T10:55:28.496703593Z I0619 10:55:28.495832       1 batcher.go:146] Batch processing duration: 101.004587ms
2026-06-19T10:55:28.496728889Z I0619 10:55:28.495898       1 batcher.go:187] Batch size for label describe_instance is 1
2026-06-19T10:55:28.496731741Z I0619 10:55:28.495914       1 describe_instance_batch.go:85] Batched describe instances &{<nil> [] [i-0d94ada325e8491c5] <nil> <nil> {}}
2026-06-19T10:55:28.578363669Z I0619 10:55:28.578203       1 instances_v2.go:106] No instance topolopy for instance type t3.medium available.
2026-06-19T10:55:28.578413534Z I0619 10:55:28.578245       1 node_controller.go:271] Update 3 nodes status took 587.81491ms.
2026-06-19T11:00:28.679686285Z I0619 11:00:28.679184       1 batcher.go:146] Batch processing duration: 100.250163ms
2026-06-19T11:00:28.679716909Z I0619 11:00:28.679269       1 batcher.go:187] Batch size for label describe_instance is 1
2026-06-19T11:00:28.679721793Z I0619 11:00:28.679283       1 describe_instance_batch.go:85] Batched describe instances &{<nil> [] [i-0010bc1572a60c430] <nil> <nil> {}}
2026-06-19T11:00:28.762060927Z I0619 11:00:28.761891       1 instances_v2.go:106] No instance topolopy for instance type t3.medium available.
2026-06-19T11:00:28.862775753Z I0619 11:00:28.862591       1 batcher.go:146] Batch processing duration: 100.570093ms
2026-06-19T11:00:28.862802525Z I0619 11:00:28.862653       1 batcher.go:187] Batch size for label describe_instance is 1
2026-06-19T11:00:28.862806835Z I0619 11:00:28.862666       1 describe_instance_batch.go:85] Batched describe instances &{<nil> [] [i-0ecec600693268f66] <nil> <nil> {}}
2026-06-19T11:00:28.979278802Z I0619 11:00:28.979097       1 instances_v2.go:106] No instance topolopy for instance type t3.medium available.
2026-06-19T11:00:29.081465258Z I0619 11:00:29.080301       1 batcher.go:146] Batch processing duration: 101.105148ms
2026-06-19T11:00:29.081536529Z I0619 11:00:29.080369       1 batcher.go:187] Batch size for label describe_instance is 1
2026-06-19T11:00:29.081569993Z I0619 11:00:29.080582       1 describe_instance_batch.go:85] Batched describe instances &{<nil> [] [i-0d94ada325e8491c5] <nil> <nil> {}}
2026-06-19T11:00:29.182948792Z I0619 11:00:29.182785       1 instances_v2.go:106] No instance topolopy for instance type t3.medium available.
2026-06-19T11:00:29.182976976Z I0619 11:00:29.182824       1 node_controller.go:271] Update 3 nodes status took 604.015232ms.
2026-06-19T11:05:29.284398089Z I0619 11:05:29.284261       1 batcher.go:146] Batch processing duration: 100.259481ms
2026-06-19T11:05:29.284508294Z I0619 11:05:29.284325       1 batcher.go:187] Batch size for label describe_instance is 1
2026-06-19T11:05:29.284514905Z I0619 11:05:29.284339       1 describe_instance_batch.go:85] Batched describe instances &{<nil> [] [i-0010bc1572a60c430] <nil> <nil> {}}
2026-06-19T11:05:29.369379330Z I0619 11:05:29.369229       1 instances_v2.go:106] No instance topolopy for instance type t3.medium available.
2026-06-19T11:05:29.469688587Z I0619 11:05:29.469466       1 batcher.go:146] Batch processing duration: 100.046242ms
2026-06-19T11:05:29.469716493Z I0619 11:05:29.469518       1 batcher.go:187] Batch size for label describe_instance is 1
2026-06-19T11:05:29.469739787Z I0619 11:05:29.469530       1 describe_instance_batch.go:85] Batched describe instances &{<nil> [] [i-0ecec600693268f66] <nil> <nil> {}}
2026-06-19T11:05:29.589911552Z I0619 11:05:29.589689       1 instances_v2.go:106] No instance topolopy for instance type t3.medium available.
2026-06-19T11:05:29.690403891Z I0619 11:05:29.690181       1 batcher.go:146] Batch processing duration: 100.385477ms
2026-06-19T11:05:29.690480329Z I0619 11:05:29.690250       1 batcher.go:187] Batch size for label describe_instance is 1
2026-06-19T11:05:29.690484902Z I0619 11:05:29.690264       1 describe_instance_batch.go:85] Batched describe instances &{<nil> [] [i-0d94ada325e8491c5] <nil> <nil> {}}
2026-06-19T11:05:29.761271952Z I0619 11:05:29.761118       1 instances_v2.go:106] No instance topolopy for instance type t3.medium available.
2026-06-19T11:05:29.761299757Z I0619 11:05:29.761163       1 node_controller.go:271] Update 3 nodes status took 577.284242ms.
2026-06-19T11:10:29.862201475Z I0619 11:10:29.861970       1 batcher.go:146] Batch processing duration: 100.41843ms
2026-06-19T11:10:29.862237408Z I0619 11:10:29.862074       1 batcher.go:187] Batch size for label describe_instance is 1
2026-06-19T11:10:29.862243047Z I0619 11:10:29.862091       1 describe_instance_batch.go:85] Batched describe instances &{<nil> [] [i-0010bc1572a60c430] <nil> <nil> {}}
2026-06-19T11:10:29.956218693Z I0619 11:10:29.956086       1 instances_v2.go:106] No instance topolopy for instance type t3.medium available.
2026-06-19T11:10:30.056482572Z I0619 11:10:30.056254       1 batcher.go:146] Batch processing duration: 100.067317ms
2026-06-19T11:10:30.056513037Z I0619 11:10:30.056316       1 batcher.go:187] Batch size for label describe_instance is 1
2026-06-19T11:10:30.056567552Z I0619 11:10:30.056329       1 describe_instance_batch.go:85] Batched describe instances &{<nil> [] [i-0ecec600693268f66] <nil> <nil> {}}
2026-06-19T11:10:30.127462305Z I0619 11:10:30.127250       1 instances_v2.go:106] No instance topolopy for instance type t3.medium available.
2026-06-19T11:10:30.228516903Z I0619 11:10:30.228062       1 batcher.go:146] Batch processing duration: 100.711694ms
2026-06-19T11:10:30.228615319Z I0619 11:10:30.228118       1 batcher.go:187] Batch size for label describe_instance is 1
2026-06-19T11:10:30.228623743Z I0619 11:10:30.228131       1 describe_instance_batch.go:85] Batched describe instances &{<nil> [] [i-0d94ada325e8491c5] <nil> <nil> {}}
2026-06-19T11:10:30.297983449Z I0619 11:10:30.297803       1 instances_v2.go:106] No instance topolopy for instance type t3.medium available.
2026-06-19T11:10:30.298013238Z I0619 11:10:30.297843       1 node_controller.go:271] Update 3 nodes status took 536.403608ms.
2026-06-19T11:15:30.399426557Z I0619 11:15:30.399230       1 batcher.go:146] Batch processing duration: 100.394759ms
2026-06-19T11:15:30.399462310Z I0619 11:15:30.399296       1 batcher.go:187] Batch size for label describe_instance is 1
2026-06-19T11:15:30.399536310Z I0619 11:15:30.399309       1 describe_instance_batch.go:85] Batched describe instances &{<nil> [] [i-0010bc1572a60c430] <nil> <nil> {}}
2026-06-19T11:15:30.517316877Z I0619 11:15:30.516870       1 instances_v2.go:106] No instance topolopy for instance type t3.medium available.
2026-06-19T11:15:30.617869256Z I0619 11:15:30.617637       1 batcher.go:146] Batch processing duration: 100.395753ms
2026-06-19T11:15:30.618012697Z I0619 11:15:30.617779       1 batcher.go:187] Batch size for label describe_instance is 1
2026-06-19T11:15:30.618021768Z I0619 11:15:30.617833       1 describe_instance_batch.go:85] Batched describe instances &{<nil> [] [i-0ecec600693268f66] <nil> <nil> {}}
2026-06-19T11:15:30.686644291Z I0619 11:15:30.686426       1 instances_v2.go:106] No instance topolopy for instance type t3.medium available.
2026-06-19T11:15:30.788414502Z I0619 11:15:30.788185       1 batcher.go:146] Batch processing duration: 100.931557ms
2026-06-19T11:15:30.788449534Z I0619 11:15:30.788295       1 batcher.go:187] Batch size for label describe_instance is 1
2026-06-19T11:15:30.788519326Z I0619 11:15:30.788369       1 describe_instance_batch.go:85] Batched describe instances &{<nil> [] [i-0d94ada325e8491c5] <nil> <nil> {}}
2026-06-19T11:15:30.860297367Z I0619 11:15:30.860128       1 instances_v2.go:106] No instance topolopy for instance type t3.medium available.
2026-06-19T11:15:30.860340878Z I0619 11:15:30.860170       1 node_controller.go:271] Update 3 nodes status took 561.454073ms.
2026-06-19T11:20:30.960735026Z I0619 11:20:30.960574       1 batcher.go:146] Batch processing duration: 100.16935ms
2026-06-19T11:20:30.961190118Z I0619 11:20:30.960861       1 batcher.go:187] Batch size for label describe_instance is 1
2026-06-19T11:20:30.961332795Z I0619 11:20:30.961253       1 describe_instance_batch.go:85] Batched describe instances &{<nil> [] [i-0010bc1572a60c430] <nil> <nil> {}}
2026-06-19T11:20:31.071456513Z I0619 11:20:31.071288       1 instances_v2.go:106] No instance topolopy for instance type t3.medium available.
2026-06-19T11:20:31.171926531Z I0619 11:20:31.171775       1 batcher.go:146] Batch processing duration: 100.39757ms
2026-06-19T11:20:31.171973222Z I0619 11:20:31.171832       1 batcher.go:187] Batch size for label describe_instance is 1
2026-06-19T11:20:31.172085536Z I0619 11:20:31.171844       1 describe_instance_batch.go:85] Batched describe instances &{<nil> [] [i-0ecec600693268f66] <nil> <nil> {}}
2026-06-19T11:20:31.242255575Z I0619 11:20:31.242107       1 instances_v2.go:106] No instance topolopy for instance type t3.medium available.
2026-06-19T11:20:31.343417583Z I0619 11:20:31.342634       1 batcher.go:146] Batch processing duration: 100.427635ms
2026-06-19T11:20:31.343479087Z I0619 11:20:31.342693       1 batcher.go:187] Batch size for label describe_instance is 1
2026-06-19T11:20:31.343487518Z I0619 11:20:31.342812       1 describe_instance_batch.go:85] Batched describe instances &{<nil> [] [i-0d94ada325e8491c5] <nil> <nil> {}}
2026-06-19T11:20:31.413816942Z I0619 11:20:31.413623       1 instances_v2.go:106] No instance topolopy for instance type t3.medium available.
2026-06-19T11:20:31.413846115Z I0619 11:20:31.413665       1 node_controller.go:271] Update 3 nodes status took 553.415412ms.
2026-06-19T11:25:31.515061215Z I0619 11:25:31.514848       1 batcher.go:146] Batch processing duration: 100.021125ms
2026-06-19T11:25:31.515095231Z I0619 11:25:31.514908       1 batcher.go:187] Batch size for label describe_instance is 1
2026-06-19T11:25:31.515099932Z I0619 11:25:31.514922       1 describe_instance_batch.go:85] Batched describe instances &{<nil> [] [i-0d94ada325e8491c5] <nil> <nil> {}}
2026-06-19T11:25:31.594892657Z I0619 11:25:31.594711       1 instances_v2.go:106] No instance topolopy for instance type t3.medium available.
2026-06-19T11:25:31.695404518Z I0619 11:25:31.695175       1 batcher.go:146] Batch processing duration: 100.369065ms
2026-06-19T11:25:31.695432027Z I0619 11:25:31.695234       1 batcher.go:187] Batch size for label describe_instance is 1
2026-06-19T11:25:31.695436634Z I0619 11:25:31.695246       1 describe_instance_batch.go:85] Batched describe instances &{<nil> [] [i-0010bc1572a60c430] <nil> <nil> {}}
2026-06-19T11:25:31.770466791Z I0619 11:25:31.770249       1 instances_v2.go:106] No instance topolopy for instance type t3.medium available.
2026-06-19T11:25:31.870940572Z I0619 11:25:31.870723       1 batcher.go:146] Batch processing duration: 100.376071ms
2026-06-19T11:25:31.870990777Z I0619 11:25:31.870783       1 batcher.go:187] Batch size for label describe_instance is 1
2026-06-19T11:25:31.871035247Z I0619 11:25:31.870796       1 describe_instance_batch.go:85] Batched describe instances &{<nil> [] [i-0ecec600693268f66] <nil> <nil> {}}
2026-06-19T11:25:31.935214267Z I0619 11:25:31.935043       1 instances_v2.go:106] No instance topolopy for instance type t3.medium available.
2026-06-19T11:25:31.935237033Z I0619 11:25:31.935077       1 node_controller.go:271] Update 3 nodes status took 520.35655ms.
2026-06-19T11:30:32.036606393Z I0619 11:30:32.035822       1 batcher.go:146] Batch processing duration: 100.51677ms
2026-06-19T11:30:32.036640907Z I0619 11:30:32.035894       1 batcher.go:187] Batch size for label describe_instance is 1
2026-06-19T11:30:32.036645525Z I0619 11:30:32.035906       1 describe_instance_batch.go:85] Batched describe instances &{<nil> [] [i-0ecec600693268f66] <nil> <nil> {}}
2026-06-19T11:30:32.124139016Z I0619 11:30:32.123916       1 instances_v2.go:106] No instance topolopy for instance type t3.medium available.
2026-06-19T11:30:32.224632393Z I0619 11:30:32.224268       1 batcher.go:146] Batch processing duration: 100.268598ms
2026-06-19T11:30:32.224686775Z I0619 11:30:32.224317       1 batcher.go:187] Batch size for label describe_instance is 1
2026-06-19T11:30:32.224692254Z I0619 11:30:32.224330       1 describe_instance_batch.go:85] Batched describe instances &{<nil> [] [i-0d94ada325e8491c5] <nil> <nil> {}}
2026-06-19T11:30:32.391955901Z I0619 11:30:32.391805       1 instances_v2.go:106] No instance topolopy for instance type t3.medium available.
2026-06-19T11:30:32.493512802Z I0619 11:30:32.492495       1 batcher.go:146] Batch processing duration: 100.590847ms
2026-06-19T11:30:32.493539683Z I0619 11:30:32.492638       1 batcher.go:187] Batch size for label describe_instance is 1
2026-06-19T11:30:32.493560277Z I0619 11:30:32.492660       1 describe_instance_batch.go:85] Batched describe instances &{<nil> [] [i-0010bc1572a60c430] <nil> <nil> {}}
2026-06-19T11:30:32.571058983Z I0619 11:30:32.570882       1 instances_v2.go:106] No instance topolopy for instance type t3.medium available.
2026-06-19T11:30:32.571090031Z I0619 11:30:32.570925       1 node_controller.go:271] Update 3 nodes status took 635.754925ms.
2026-06-19T11:35:32.672185549Z I0619 11:35:32.672017       1 batcher.go:146] Batch processing duration: 100.300111ms
2026-06-19T11:35:32.672222615Z I0619 11:35:32.672077       1 batcher.go:187] Batch size for label describe_instance is 1
2026-06-19T11:35:32.672268493Z I0619 11:35:32.672090       1 describe_instance_batch.go:85] Batched describe instances &{<nil> [] [i-0010bc1572a60c430] <nil> <nil> {}}
2026-06-19T11:35:32.770917799Z I0619 11:35:32.770726       1 instances_v2.go:106] No instance topolopy for instance type t3.medium available.
2026-06-19T11:35:32.871535006Z I0619 11:35:32.871364       1 batcher.go:146] Batch processing duration: 100.519703ms
2026-06-19T11:35:32.871663948Z I0619 11:35:32.871453       1 batcher.go:187] Batch size for label describe_instance is 1
2026-06-19T11:35:32.871691552Z I0619 11:35:32.871470       1 describe_instance_batch.go:85] Batched describe instances &{<nil> [] [i-0ecec600693268f66] <nil> <nil> {}}
2026-06-19T11:35:32.944059581Z I0619 11:35:32.943892       1 instances_v2.go:106] No instance topolopy for instance type t3.medium available.
2026-06-19T11:35:33.045292894Z I0619 11:35:33.045127       1 batcher.go:146] Batch processing duration: 101.148674ms
2026-06-19T11:35:33.045478641Z I0619 11:35:33.045186       1 batcher.go:187] Batch size for label describe_instance is 1
2026-06-19T11:35:33.045504907Z I0619 11:35:33.045199       1 describe_instance_batch.go:85] Batched describe instances &{<nil> [] [i-0d94ada325e8491c5] <nil> <nil> {}}
2026-06-19T11:35:33.120115251Z I0619 11:35:33.119992       1 instances_v2.go:106] No instance topolopy for instance type t3.medium available.
2026-06-19T11:35:33.120154363Z I0619 11:35:33.120031       1 node_controller.go:271] Update 3 nodes status took 548.418308ms.
2026-06-19T11:40:33.221090953Z I0619 11:40:33.220773       1 batcher.go:146] Batch processing duration: 100.262223ms
2026-06-19T11:40:33.221142571Z I0619 11:40:33.220931       1 batcher.go:187] Batch size for label describe_instance is 1
2026-06-19T11:40:33.221147511Z I0619 11:40:33.220947       1 describe_instance_batch.go:85] Batched describe instances &{<nil> [] [i-0010bc1572a60c430] <nil> <nil> {}}
2026-06-19T11:40:33.304402173Z I0619 11:40:33.304242       1 instances_v2.go:106] No instance topolopy for instance type t3.medium available.
2026-06-19T11:40:33.405206318Z I0619 11:40:33.405062       1 batcher.go:146] Batch processing duration: 100.729415ms
2026-06-19T11:40:33.405485407Z I0619 11:40:33.405384       1 batcher.go:187] Batch size for label describe_instance is 1
2026-06-19T11:40:33.405566223Z I0619 11:40:33.405408       1 describe_instance_batch.go:85] Batched describe instances &{<nil> [] [i-0ecec600693268f66] <nil> <nil> {}}
2026-06-19T11:40:33.475122265Z I0619 11:40:33.474974       1 instances_v2.go:106] No instance topolopy for instance type t3.medium available.
2026-06-19T11:40:33.575971829Z I0619 11:40:33.575793       1 batcher.go:146] Batch processing duration: 100.723233ms
2026-06-19T11:40:33.576105073Z I0619 11:40:33.575852       1 batcher.go:187] Batch size for label describe_instance is 1
2026-06-19T11:40:33.576131574Z I0619 11:40:33.575864       1 describe_instance_batch.go:85] Batched describe instances &{<nil> [] [i-0d94ada325e8491c5] <nil> <nil> {}}
2026-06-19T11:40:33.654282634Z I0619 11:40:33.654075       1 instances_v2.go:106] No instance topolopy for instance type t3.medium available.
2026-06-19T11:40:33.654310278Z I0619 11:40:33.654127       1 node_controller.go:271] Update 3 nodes status took 533.728518ms.
2026-06-19T11:45:33.754760550Z I0619 11:45:33.754611       1 batcher.go:146] Batch processing duration: 100.278332ms
2026-06-19T11:45:33.754796645Z I0619 11:45:33.754685       1 batcher.go:187] Batch size for label describe_instance is 1
2026-06-19T11:45:33.754875368Z I0619 11:45:33.754698       1 describe_instance_batch.go:85] Batched describe instances &{<nil> [] [i-0010bc1572a60c430] <nil> <nil> {}}
2026-06-19T11:45:33.975323819Z I0619 11:45:33.975135       1 instances_v2.go:106] No instance topolopy for instance type t3.medium available.
2026-06-19T11:45:34.077183044Z I0619 11:45:34.076239       1 batcher.go:146] Batch processing duration: 101.013195ms
2026-06-19T11:45:34.077214777Z I0619 11:45:34.076300       1 batcher.go:187] Batch size for label describe_instance is 1
2026-06-19T11:45:34.077218481Z I0619 11:45:34.076312       1 describe_instance_batch.go:85] Batched describe instances &{<nil> [] [i-0ecec600693268f66] <nil> <nil> {}}
2026-06-19T11:45:34.198024549Z I0619 11:45:34.197855       1 instances_v2.go:106] No instance topolopy for instance type t3.medium available.
2026-06-19T11:45:34.298521973Z I0619 11:45:34.298258       1 batcher.go:146] Batch processing duration: 100.312942ms
2026-06-19T11:45:34.298614778Z I0619 11:45:34.298314       1 batcher.go:187] Batch size for label describe_instance is 1
2026-06-19T11:45:34.298621253Z I0619 11:45:34.298328       1 describe_instance_batch.go:85] Batched describe instances &{<nil> [] [i-0d94ada325e8491c5] <nil> <nil> {}}
2026-06-19T11:45:34.374344638Z I0619 11:45:34.374158       1 instances_v2.go:106] No instance topolopy for instance type t3.medium available.
2026-06-19T11:45:34.374368191Z I0619 11:45:34.374201       1 node_controller.go:271] Update 3 nodes status took 720.010785ms.
2026-06-19T11:50:34.476143349Z I0619 11:50:34.475897       1 batcher.go:146] Batch processing duration: 100.668488ms
2026-06-19T11:50:34.476177589Z I0619 11:50:34.475960       1 batcher.go:187] Batch size for label describe_instance is 1
2026-06-19T11:50:34.476198153Z I0619 11:50:34.475973       1 describe_instance_batch.go:85] Batched describe instances &{<nil> [] [i-0010bc1572a60c430] <nil> <nil> {}}
2026-06-19T11:50:34.556317727Z I0619 11:50:34.556105       1 instances_v2.go:106] No instance topolopy for instance type t3.medium available.
2026-06-19T11:50:34.656657972Z I0619 11:50:34.656456       1 batcher.go:146] Batch processing duration: 100.261679ms
2026-06-19T11:50:34.656725314Z I0619 11:50:34.656511       1 batcher.go:187] Batch size for label describe_instance is 1
2026-06-19T11:50:34.656746890Z I0619 11:50:34.656523       1 describe_instance_batch.go:85] Batched describe instances &{<nil> [] [i-0ecec600693268f66] <nil> <nil> {}}
2026-06-19T11:50:34.728374230Z I0619 11:50:34.728188       1 instances_v2.go:106] No instance topolopy for instance type t3.medium available.
2026-06-19T11:50:34.829696632Z I0619 11:50:34.828930       1 batcher.go:146] Batch processing duration: 100.659819ms
2026-06-19T11:50:34.829726616Z I0619 11:50:34.829331       1 batcher.go:187] Batch size for label describe_instance is 1
2026-06-19T11:50:34.829729253Z I0619 11:50:34.829352       1 describe_instance_batch.go:85] Batched describe instances &{<nil> [] [i-0d94ada325e8491c5] <nil> <nil> {}}
2026-06-19T11:50:34.900064626Z I0619 11:50:34.899926       1 instances_v2.go:106] No instance topolopy for instance type t3.medium available.
2026-06-19T11:50:34.900094541Z I0619 11:50:34.899966       1 node_controller.go:271] Update 3 nodes status took 524.859901ms.
2026-06-19T11:53:31.921603347Z I0619 11:53:31.921446       1 controller.go:383] Deleting existing load balancer for service kubentic-foresight/vmsingle-vmstack-additional-service
2026-06-19T11:53:31.922966176Z I0619 11:53:31.922840       1 event.go:389] "Event occurred" object="kubentic-foresight/vmsingle-vmstack-additional-service" fieldPath="" kind="Service" apiVersion="v1" type="Normal" reason="DeletingLoadBalancer" message="Deleting load balancer"
2026-06-19T11:53:32.290065982Z I0619 11:53:32.289839       1 aws.go:2834] Removing rule for traffic from the load balancer (sg-0969b4cc1f5f669e8) to instance (sg-045edc8fca1b6ef4f)
2026-06-19T11:53:32.357844903Z I0619 11:53:32.357612       1 aws.go:1305] Comparing sg-0969b4cc1f5f669e8 to sg-045edc8fca1b6ef4f
2026-06-19T11:53:32.357872961Z I0619 11:53:32.357630       1 aws.go:1305] Comparing sg-0969b4cc1f5f669e8 to sg-0634b775b94a31c79
2026-06-19T11:53:32.357876109Z I0619 11:53:32.357634       1 aws.go:1305] Comparing sg-0969b4cc1f5f669e8 to sg-0396010fe74d58d2f
2026-06-19T11:53:32.357879407Z I0619 11:53:32.357646       1 aws.go:1305] Comparing sg-0969b4cc1f5f669e8 to sg-0edb9f1ed13349739
2026-06-19T11:53:32.357885352Z I0619 11:53:32.357650       1 aws.go:1305] Comparing sg-0969b4cc1f5f669e8 to sg-0969b4cc1f5f669e8
2026-06-19T11:53:32.357888203Z I0619 11:53:32.357660       1 aws.go:1496] Removing security group ingress: sg-045edc8fca1b6ef4f [{<nil> 0xc000de8bc0 [] [] [] <nil> [{<nil> 0xc000ba4ea0 <nil> <nil> <nil> <nil> <nil> {}}] {}}]
2026-06-19T11:53:32.746386316Z I0619 11:53:32.746253       1 aws.go:2904] Ignoring DependencyViolation while deleting load-balancer security group (sg-0969b4cc1f5f669e8), assuming because LB is in process of deleting
2026-06-19T11:53:32.746427361Z I0619 11:53:32.746274       1 aws.go:2918] Waiting for load-balancer "vmsingle-vmstack-additional-service" to delete so we can delete security groups: map[sg-0969b4cc1f5f669e8:{}]
2026-06-19T11:53:37.755771598Z I0619 11:53:37.755164       1 aws.go:2904] Ignoring DependencyViolation while deleting load-balancer security group (sg-0969b4cc1f5f669e8), assuming because LB is in process of deleting
2026-06-19T11:53:37.755887720Z I0619 11:53:37.755185       1 aws.go:2918] Waiting for load-balancer "vmsingle-vmstack-additional-service" to delete so we can delete security groups: map[sg-0969b4cc1f5f669e8:{}]
2026-06-19T11:53:42.780211591Z I0619 11:53:42.780012       1 aws.go:2904] Ignoring DependencyViolation while deleting load-balancer security group (sg-0969b4cc1f5f669e8), assuming because LB is in process of deleting
2026-06-19T11:53:42.780246809Z I0619 11:53:42.780036       1 aws.go:2918] Waiting for load-balancer "vmsingle-vmstack-additional-service" to delete so we can delete security groups: map[sg-0969b4cc1f5f669e8:{}]
2026-06-19T11:53:47.902614055Z I0619 11:53:47.902400       1 aws.go:2914] Deleted all security groups for load balancer: vmsingle-vmstack-additional-service
2026-06-19T11:53:47.902682118Z I0619 11:53:47.902446       1 controller.go:959] Removing finalizer from service kubentic-foresight/vmsingle-vmstack-additional-service
2026-06-19T11:53:47.930663493Z I0619 11:53:47.929913       1 controller.go:985] Patching status for service kubentic-foresight/vmsingle-vmstack-additional-service
2026-06-19T11:53:47.930804048Z I0619 11:53:47.930658       1 event.go:389] "Event occurred" object="kubentic-foresight/vmsingle-vmstack-additional-service" fieldPath="" kind="Service" apiVersion="v1" type="Normal" reason="DeletedLoadBalancer" message="Deleted load balancer"
2026-06-19T11:53:47.989284431Z I0619 11:53:47.988509       1 controller.go:383] Deleting existing load balancer for service kubentic-foresight/vlogs-server
2026-06-19T11:53:47.989314840Z I0619 11:53:47.988956       1 event.go:389] "Event occurred" object="kubentic-foresight/vlogs-server" fieldPath="" kind="Service" apiVersion="v1" type="Normal" reason="DeletingLoadBalancer" message="Deleting load balancer"
2026-06-19T11:53:48.345705443Z I0619 11:53:48.344884       1 aws.go:2834] Removing rule for traffic from the load balancer (sg-0edb9f1ed13349739) to instance (sg-045edc8fca1b6ef4f)
2026-06-19T11:53:48.409752232Z I0619 11:53:48.409508       1 aws.go:1305] Comparing sg-0edb9f1ed13349739 to sg-045edc8fca1b6ef4f
2026-06-19T11:53:48.409802481Z I0619 11:53:48.409530       1 aws.go:1305] Comparing sg-0edb9f1ed13349739 to sg-0634b775b94a31c79
2026-06-19T11:53:48.409807122Z I0619 11:53:48.409536       1 aws.go:1305] Comparing sg-0edb9f1ed13349739 to sg-0396010fe74d58d2f
2026-06-19T11:53:48.409810921Z I0619 11:53:48.409540       1 aws.go:1305] Comparing sg-0edb9f1ed13349739 to sg-0edb9f1ed13349739
2026-06-19T11:53:48.409817339Z I0619 11:53:48.409582       1 aws.go:1496] Removing security group ingress: sg-045edc8fca1b6ef4f [{<nil> 0xc0006eb5c0 [] [] [] <nil> [{<nil> 0xc000a07500 <nil> <nil> <nil> <nil> <nil> {}}] {}}]
2026-06-19T11:53:48.748628135Z I0619 11:53:48.748476       1 aws.go:2904] Ignoring DependencyViolation while deleting load-balancer security group (sg-0edb9f1ed13349739), assuming because LB is in process of deleting
2026-06-19T11:53:48.748679163Z I0619 11:53:48.748497       1 aws.go:2918] Waiting for load-balancer "vlogs-server" to delete so we can delete security groups: map[sg-0edb9f1ed13349739:{}]
2026-06-19T11:53:53.758309009Z I0619 11:53:53.758132       1 aws.go:2904] Ignoring DependencyViolation while deleting load-balancer security group (sg-0edb9f1ed13349739), assuming because LB is in process of deleting
2026-06-19T11:53:53.758372292Z I0619 11:53:53.758152       1 aws.go:2918] Waiting for load-balancer "vlogs-server" to delete so we can delete security groups: map[sg-0edb9f1ed13349739:{}]
2026-06-19T11:53:58.763346703Z I0619 11:53:58.763226       1 aws.go:2904] Ignoring DependencyViolation while deleting load-balancer security group (sg-0edb9f1ed13349739), assuming because LB is in process of deleting
2026-06-19T11:53:58.763389939Z I0619 11:53:58.763247       1 aws.go:2918] Waiting for load-balancer "vlogs-server" to delete so we can delete security groups: map[sg-0edb9f1ed13349739:{}]
2026-06-19T11:54:03.754788567Z I0619 11:54:03.754648       1 aws.go:2904] Ignoring DependencyViolation while deleting load-balancer security group (sg-0edb9f1ed13349739), assuming because LB is in process of deleting
2026-06-19T11:54:03.754912139Z I0619 11:54:03.754760       1 aws.go:2918] Waiting for load-balancer "vlogs-server" to delete so we can delete security groups: map[sg-0edb9f1ed13349739:{}]
2026-06-19T11:54:08.763034338Z I0619 11:54:08.762902       1 aws.go:2904] Ignoring DependencyViolation while deleting load-balancer security group (sg-0edb9f1ed13349739), assuming because LB is in process of deleting
2026-06-19T11:54:08.763138343Z I0619 11:54:08.762925       1 aws.go:2918] Waiting for load-balancer "vlogs-server" to delete so we can delete security groups: map[sg-0edb9f1ed13349739:{}]
2026-06-19T11:54:13.903326999Z I0619 11:54:13.903126       1 aws.go:2914] Deleted all security groups for load balancer: vlogs-server
2026-06-19T11:54:13.903354280Z I0619 11:54:13.903167       1 controller.go:959] Removing finalizer from service kubentic-foresight/vlogs-server
2026-06-19T11:54:13.928139247Z I0619 11:54:13.927991       1 controller.go:985] Patching status for service kubentic-foresight/vlogs-server
2026-06-19T11:54:13.928702859Z I0619 11:54:13.928493       1 event.go:389] "Event occurred" object="kubentic-foresight/vlogs-server" fieldPath="" kind="Service" apiVersion="v1" type="Normal" reason="DeletedLoadBalancer" message="Deleted load balancer"
2026-06-19T11:54:14.006201499Z I0619 11:54:14.005956       1 controller.go:383] Deleting existing load balancer for service kubentic-foresight/kubentic-grafana
2026-06-19T11:54:14.007830452Z I0619 11:54:14.007589       1 event.go:389] "Event occurred" object="kubentic-foresight/kubentic-grafana" fieldPath="" kind="Service" apiVersion="v1" type="Normal" reason="DeletingLoadBalancer" message="Deleting load balancer"
2026-06-19T11:54:14.354153524Z I0619 11:54:14.353927       1 aws.go:2834] Removing rule for traffic from the load balancer (sg-0396010fe74d58d2f) to instance (sg-045edc8fca1b6ef4f)
2026-06-19T11:54:14.422010545Z I0619 11:54:14.421795       1 aws.go:1305] Comparing sg-0396010fe74d58d2f to sg-045edc8fca1b6ef4f
2026-06-19T11:54:14.422037819Z I0619 11:54:14.421814       1 aws.go:1305] Comparing sg-0396010fe74d58d2f to sg-0634b775b94a31c79
2026-06-19T11:54:14.422040713Z I0619 11:54:14.421820       1 aws.go:1305] Comparing sg-0396010fe74d58d2f to sg-0396010fe74d58d2f
2026-06-19T11:54:14.422043874Z I0619 11:54:14.421829       1 aws.go:1496] Removing security group ingress: sg-045edc8fca1b6ef4f [{<nil> 0xc000e821d0 [] [] [] <nil> [{<nil> 0xc000e399a0 <nil> <nil> <nil> <nil> <nil> {}}] {}}]
2026-06-19T11:54:14.779067534Z I0619 11:54:14.778918       1 aws.go:2904] Ignoring DependencyViolation while deleting load-balancer security group (sg-0396010fe74d58d2f), assuming because LB is in process of deleting
2026-06-19T11:54:14.779092512Z I0619 11:54:14.778939       1 aws.go:2918] Waiting for load-balancer "kubentic-grafana" to delete so we can delete security groups: map[sg-0396010fe74d58d2f:{}]
2026-06-19T11:54:19.803655938Z I0619 11:54:19.803458       1 aws.go:2904] Ignoring DependencyViolation while deleting load-balancer security group (sg-0396010fe74d58d2f), assuming because LB is in process of deleting
2026-06-19T11:54:19.803732221Z I0619 11:54:19.803479       1 aws.go:2918] Waiting for load-balancer "kubentic-grafana" to delete so we can delete security groups: map[sg-0396010fe74d58d2f:{}]
2026-06-19T11:54:24.795704863Z I0619 11:54:24.795505       1 aws.go:2904] Ignoring DependencyViolation while deleting load-balancer security group (sg-0396010fe74d58d2f), assuming because LB is in process of deleting
2026-06-19T11:54:24.795734665Z I0619 11:54:24.795540       1 aws.go:2918] Waiting for load-balancer "kubentic-grafana" to delete so we can delete security groups: map[sg-0396010fe74d58d2f:{}]
2026-06-19T11:54:29.917869547Z I0619 11:54:29.917638       1 aws.go:2914] Deleted all security groups for load balancer: kubentic-grafana
2026-06-19T11:54:29.917917978Z I0619 11:54:29.917741       1 controller.go:959] Removing finalizer from service kubentic-foresight/kubentic-grafana
2026-06-19T11:54:29.939452284Z I0619 11:54:29.939068       1 controller.go:985] Patching status for service kubentic-foresight/kubentic-grafana
2026-06-19T11:54:29.939680828Z I0619 11:54:29.939605       1 event.go:389] "Event occurred" object="kubentic-foresight/kubentic-grafana" fieldPath="" kind="Service" apiVersion="v1" type="Normal" reason="DeletedLoadBalancer" message="Deleted load balancer"
2026-06-19T11:55:35.002996988Z I0619 11:55:35.001304       1 batcher.go:146] Batch processing duration: 100.86121ms
2026-06-19T11:55:35.003918475Z I0619 11:55:35.001368       1 batcher.go:187] Batch size for label describe_instance is 1
2026-06-19T11:55:35.003929637Z I0619 11:55:35.001381       1 describe_instance_batch.go:85] Batched describe instances &{<nil> [] [i-0010bc1572a60c430] <nil> <nil> {}}
2026-06-19T11:55:35.079757067Z I0619 11:55:35.079587       1 instances_v2.go:106] No instance topolopy for instance type t3.medium available.
2026-06-19T11:55:35.180281594Z I0619 11:55:35.179960       1 batcher.go:146] Batch processing duration: 100.279392ms
2026-06-19T11:55:35.180325957Z I0619 11:55:35.180196       1 batcher.go:187] Batch size for label describe_instance is 1
2026-06-19T11:55:35.180531645Z I0619 11:55:35.180215       1 describe_instance_batch.go:85] Batched describe instances &{<nil> [] [i-0ecec600693268f66] <nil> <nil> {}}
2026-06-19T11:55:35.309089323Z I0619 11:55:35.308806       1 instances_v2.go:106] No instance topolopy for instance type t3.medium available.
2026-06-19T11:55:35.409813992Z I0619 11:55:35.409610       1 batcher.go:146] Batch processing duration: 100.699466ms
2026-06-19T11:55:35.409852640Z I0619 11:55:35.409672       1 batcher.go:187] Batch size for label describe_instance is 1
2026-06-19T11:55:35.409857234Z I0619 11:55:35.409699       1 describe_instance_batch.go:85] Batched describe instances &{<nil> [] [i-0d94ada325e8491c5] <nil> <nil> {}}
2026-06-19T11:55:35.518462890Z I0619 11:55:35.518315       1 instances_v2.go:106] No instance topolopy for instance type t3.medium available.
2026-06-19T11:55:35.518501277Z I0619 11:55:35.518346       1 node_controller.go:271] Update 3 nodes status took 618.070973ms.
2026-06-19T12:00:35.620207647Z I0619 12:00:35.619294       1 batcher.go:146] Batch processing duration: 100.329852ms
2026-06-19T12:00:35.620249946Z I0619 12:00:35.619354       1 batcher.go:187] Batch size for label describe_instance is 1
2026-06-19T12:00:35.620254438Z I0619 12:00:35.619466       1 describe_instance_batch.go:85] Batched describe instances &{<nil> [] [i-0010bc1572a60c430] <nil> <nil> {}}
2026-06-19T12:00:35.706723196Z I0619 12:00:35.706541       1 instances_v2.go:106] No instance topolopy for instance type t3.medium available.
2026-06-19T12:00:35.807272266Z I0619 12:00:35.807085       1 batcher.go:146] Batch processing duration: 100.410701ms
2026-06-19T12:00:35.807337256Z I0619 12:00:35.807166       1 batcher.go:187] Batch size for label describe_instance is 1
2026-06-19T12:00:35.807432586Z I0619 12:00:35.807180       1 describe_instance_batch.go:85] Batched describe instances &{<nil> [] [i-0ecec600693268f66] <nil> <nil> {}}
2026-06-19T12:00:35.880117759Z I0619 12:00:35.879969       1 instances_v2.go:106] No instance topolopy for instance type t3.medium available.
2026-06-19T12:00:35.980809596Z I0619 12:00:35.980620       1 batcher.go:146] Batch processing duration: 100.539295ms
2026-06-19T12:00:35.980861363Z I0619 12:00:35.980686       1 batcher.go:187] Batch size for label describe_instance is 1
2026-06-19T12:00:35.980869482Z I0619 12:00:35.980699       1 describe_instance_batch.go:85] Batched describe instances &{<nil> [] [i-0d94ada325e8491c5] <nil> <nil> {}}
2026-06-19T12:00:36.059882868Z I0619 12:00:36.059752       1 instances_v2.go:106] No instance topolopy for instance type t3.medium available.
2026-06-19T12:00:36.059909813Z I0619 12:00:36.059789       1 node_controller.go:271] Update 3 nodes status took 540.958078ms.
2026-06-19T12:05:36.161454729Z I0619 12:05:36.161214       1 batcher.go:146] Batch processing duration: 100.33902ms
2026-06-19T12:05:36.161489698Z I0619 12:05:36.161278       1 batcher.go:187] Batch size for label describe_instance is 1
2026-06-19T12:05:36.161501975Z I0619 12:05:36.161290       1 describe_instance_batch.go:85] Batched describe instances &{<nil> [] [i-0010bc1572a60c430] <nil> <nil> {}}
2026-06-19T12:05:36.254936237Z I0619 12:05:36.254722       1 instances_v2.go:106] No instance topolopy for instance type t3.medium available.
2026-06-19T12:05:36.356477392Z I0619 12:05:36.355692       1 batcher.go:146] Batch processing duration: 100.875217ms
2026-06-19T12:05:36.356507331Z I0619 12:05:36.355757       1 batcher.go:187] Batch size for label describe_instance is 1
2026-06-19T12:05:36.356512505Z I0619 12:05:36.355769       1 describe_instance_batch.go:85] Batched describe instances &{<nil> [] [i-0ecec600693268f66] <nil> <nil> {}}
2026-06-19T12:05:36.435314018Z I0619 12:05:36.435068       1 instances_v2.go:106] No instance topolopy for instance type t3.medium available.
2026-06-19T12:05:36.536199758Z I0619 12:05:36.536055       1 batcher.go:146] Batch processing duration: 100.887431ms
2026-06-19T12:05:36.536225014Z I0619 12:05:36.536115       1 batcher.go:187] Batch size for label describe_instance is 1
2026-06-19T12:05:36.537151784Z I0619 12:05:36.536127       1 describe_instance_batch.go:85] Batched describe instances &{<nil> [] [i-0d94ada325e8491c5] <nil> <nil> {}}
2026-06-19T12:05:36.664706355Z I0619 12:05:36.664469       1 instances_v2.go:106] No instance topolopy for instance type t3.medium available.
2026-06-19T12:05:36.664730530Z I0619 12:05:36.664523       1 node_controller.go:271] Update 3 nodes status took 603.753789ms.
2026-06-19T12:09:27.285677575Z I0619 12:09:27.285459       1 controller.go:402] Ensuring load balancer for service kubentic-foresight/vlogs-server
2026-06-19T12:09:27.286175855Z I0619 12:09:27.286072       1 event.go:389] "Event occurred" object="kubentic-foresight/vlogs-server" fieldPath="" kind="Service" apiVersion="v1" type="Normal" reason="EnsuringLoadBalancer" message="Ensuring load balancer"
2026-06-19T12:09:27.286304102Z I0619 12:09:27.286110       1 controller.go:944] Adding finalizer to service kubentic-foresight/vlogs-server
2026-06-19T12:09:27.300210067Z I0619 12:09:27.299959       1 aws.go:2167] EnsureLoadBalancer(mycluster.k8s.local, kubentic-foresight, vlogs-server, us-west-2, , [{http TCP <nil> 9428 {1 0 http} 31299}], map[meta.helm.sh/release-name:kubentic meta.helm.sh/release-namespace:kubentic-foresight])
2026-06-19T12:09:28.078405130Z I0619 12:09:28.078274       1 aws.go:1333] Existing security group ingress: sg-093dc6f5d574202db []
2026-06-19T12:09:28.078522085Z I0619 12:09:28.078404       1 aws.go:1364] Adding security group ingress: sg-093dc6f5d574202db [{0xc000011418 0xc000ee0c90 [{0xc000ee0c80 <nil> {}}] [] [] 0xc00001141c [] {}} {0xc000011420 0xc000ee0ca0 [{0xc000ee0c80 <nil> {}}] [] [] 0xc000011424 [] {}}]
2026-06-19T12:09:28.404784835Z I0619 12:09:28.356952       1 aws_loadbalancer.go:1183] Creating load balancer for kubentic-foresight/vlogs-server with name: afade08cd4a634690b7be9ad7425b832
2026-06-19T12:09:28.970620560Z I0619 12:09:28.970523       1 aws_loadbalancer.go:1386] Updating load-balancer attributes for "afade08cd4a634690b7be9ad7425b832"
2026-06-19T12:09:29.338849091Z I0619 12:09:29.338700       1 aws.go:2832] Adding rule for traffic from the load balancer (sg-093dc6f5d574202db) to instances (sg-045edc8fca1b6ef4f)
2026-06-19T12:09:29.399479197Z I0619 12:09:29.399312       1 aws.go:1408] Existing security group ingress: sg-045edc8fca1b6ef4f [{0xc0006b1328 0xc00046ee20 [{0xc00046ee80 <nil> {}}] [] [] 0xc0006b1358 [] {}} {<nil> 0xc00046eed0 [] [] [] <nil> [{<nil> 0xc00046f200 <nil> <nil> 0xc00046f1d0 <nil> <nil> {}} {<nil> 0xc00046f680 <nil> <nil> 0xc00046f650 <nil> <nil> {}}] {}} {0xc0006b1a28 0xc00046f6d0 [{0xc00046f710 <nil> {}}] [{0xc00046f740 <nil> {}}] [] 0xc0006b1a58 [] {}}]
2026-06-19T12:09:29.399532559Z I0619 12:09:29.399357       1 aws.go:1305] Comparing sg-093dc6f5d574202db to sg-045edc8fca1b6ef4f
2026-06-19T12:09:29.399535754Z I0619 12:09:29.399365       1 aws.go:1305] Comparing sg-093dc6f5d574202db to sg-0634b775b94a31c79
2026-06-19T12:09:29.399537900Z I0619 12:09:29.399371       1 aws.go:1436] Adding security group ingress: sg-045edc8fca1b6ef4f [{<nil> 0xc000c0da50 [] [] [] <nil> [{<nil> 0xc000cdc640 <nil> <nil> <nil> <nil> <nil> {}}] {}}]
2026-06-19T12:09:29.644912268Z I0619 12:09:29.644758       1 aws_loadbalancer.go:1631] Instances added to load-balancer afade08cd4a634690b7be9ad7425b832
2026-06-19T12:09:29.644931199Z I0619 12:09:29.644799       1 aws.go:2589] Loadbalancer afade08cd4a634690b7be9ad7425b832 (kubentic-foresight/vlogs-server) has DNS name afade08cd4a634690b7be9ad7425b832-1487676394.us-west-2.elb.amazonaws.com
2026-06-19T12:09:29.645111026Z I0619 12:09:29.645011       1 controller.go:985] Patching status for service kubentic-foresight/vlogs-server
2026-06-19T12:09:29.646150127Z I0619 12:09:29.646054       1 event.go:389] "Event occurred" object="kubentic-foresight/vlogs-server" fieldPath="" kind="Service" apiVersion="v1" type="Normal" reason="EnsuredLoadBalancer" message="Ensured load balancer"
2026-06-19T12:09:29.669677474Z I0619 12:09:29.667806       1 controller.go:402] Ensuring load balancer for service kubentic-foresight/kubentic-grafana
2026-06-19T12:09:29.669701033Z I0619 12:09:29.667864       1 controller.go:944] Adding finalizer to service kubentic-foresight/kubentic-grafana
2026-06-19T12:09:29.669704695Z I0619 12:09:29.668524       1 event.go:389] "Event occurred" object="kubentic-foresight/kubentic-grafana" fieldPath="" kind="Service" apiVersion="v1" type="Normal" reason="EnsuringLoadBalancer" message="Ensuring load balancer"
2026-06-19T12:09:29.689163905Z I0619 12:09:29.689004       1 aws.go:2167] EnsureLoadBalancer(mycluster.k8s.local, kubentic-foresight, kubentic-grafana, us-west-2, , [{service TCP <nil> 80 {1 0 grafana} 31679}], map[meta.helm.sh/release-name:kubentic meta.helm.sh/release-namespace:kubentic-foresight])
2026-06-19T12:09:30.299386119Z I0619 12:09:30.299222       1 aws.go:1333] Existing security group ingress: sg-079cd85d1229a8cc6 []
2026-06-19T12:09:30.299426922Z I0619 12:09:30.299277       1 aws.go:1364] Adding security group ingress: sg-079cd85d1229a8cc6 [{0xc0009c5768 0xc0006ea4a0 [{0xc0006ea490 <nil> {}}] [] [] 0xc0009c576c [] {}} {0xc0009c5770 0xc0006ea4b0 [{0xc0006ea490 <nil> {}}] [] [] 0xc0009c5774 [] {}}]
2026-06-19T12:09:30.481071539Z I0619 12:09:30.480719       1 aws_loadbalancer.go:1183] Creating load balancer for kubentic-foresight/kubentic-grafana with name: adf31ce46fa4046318408f9eb5ef45cc
2026-06-19T12:09:31.164321799Z I0619 12:09:31.164172       1 aws_loadbalancer.go:1386] Updating load-balancer attributes for "adf31ce46fa4046318408f9eb5ef45cc"
2026-06-19T12:09:31.498333386Z I0619 12:09:31.498200       1 aws.go:2832] Adding rule for traffic from the load balancer (sg-079cd85d1229a8cc6) to instances (sg-045edc8fca1b6ef4f)
2026-06-19T12:09:31.566268580Z I0619 12:09:31.565891       1 aws.go:1408] Existing security group ingress: sg-045edc8fca1b6ef4f [{0xc000ae4988 0xc000c90ee0 [{0xc000c90ef0 <nil> {}}] [] [] 0xc000ae4be8 [] {}} {<nil> 0xc000c90f00 [] [] [] <nil> [{<nil> 0xc000c90f20 <nil> <nil> 0xc000c90f10 <nil> <nil> {}} {<nil> 0xc000c90f40 <nil> <nil> 0xc000c90f30 <nil> <nil> {}} {<nil> 0xc000c90f60 <nil> <nil> 0xc000c90f50 <nil> <nil> {}}] {}} {0xc000ae5418 0xc000c90f70 [{0xc000c90f80 <nil> {}}] [{0xc000c90f90 <nil> {}}] [] 0xc000ae5478 [] {}}]
2026-06-19T12:09:31.566364213Z I0619 12:09:31.565968       1 aws.go:1305] Comparing sg-079cd85d1229a8cc6 to sg-045edc8fca1b6ef4f
2026-06-19T12:09:31.566368101Z I0619 12:09:31.565976       1 aws.go:1305] Comparing sg-079cd85d1229a8cc6 to sg-0634b775b94a31c79
2026-06-19T12:09:31.566370427Z I0619 12:09:31.565980       1 aws.go:1305] Comparing sg-079cd85d1229a8cc6 to sg-093dc6f5d574202db
2026-06-19T12:09:31.566373052Z I0619 12:09:31.565987       1 aws.go:1436] Adding security group ingress: sg-045edc8fca1b6ef4f [{<nil> 0xc000898690 [] [] [] <nil> [{<nil> 0xc000c908f0 <nil> <nil> <nil> <nil> <nil> {}}] {}}]
2026-06-19T12:09:31.792743412Z I0619 12:09:31.792406       1 aws_loadbalancer.go:1631] Instances added to load-balancer adf31ce46fa4046318408f9eb5ef45cc
2026-06-19T12:09:31.792788351Z I0619 12:09:31.792585       1 aws.go:2589] Loadbalancer adf31ce46fa4046318408f9eb5ef45cc (kubentic-foresight/kubentic-grafana) has DNS name adf31ce46fa4046318408f9eb5ef45cc-485197465.us-west-2.elb.amazonaws.com
2026-06-19T12:09:31.792796671Z I0619 12:09:31.792709       1 controller.go:985] Patching status for service kubentic-foresight/kubentic-grafana
2026-06-19T12:09:31.793759301Z I0619 12:09:31.793626       1 event.go:389] "Event occurred" object="kubentic-foresight/kubentic-grafana" fieldPath="" kind="Service" apiVersion="v1" type="Normal" reason="EnsuredLoadBalancer" message="Ensured load balancer"
2026-06-19T12:09:32.207778181Z I0619 12:09:32.207492       1 controller.go:402] Ensuring load balancer for service kubentic-foresight/vmsingle-vmstack-additional-service
2026-06-19T12:09:32.208047270Z I0619 12:09:32.207958       1 controller.go:944] Adding finalizer to service kubentic-foresight/vmsingle-vmstack-additional-service
2026-06-19T12:09:32.208539855Z I0619 12:09:32.208440       1 event.go:389] "Event occurred" object="kubentic-foresight/vmsingle-vmstack-additional-service" fieldPath="" kind="Service" apiVersion="v1" type="Normal" reason="EnsuringLoadBalancer" message="Ensuring load balancer"
2026-06-19T12:09:32.217074084Z I0619 12:09:32.216807       1 aws.go:2167] EnsureLoadBalancer(mycluster.k8s.local, kubentic-foresight, vmsingle-vmstack-additional-service, us-west-2, , [{http TCP <nil> 8428 {0 8428 } 32508}], map[])
2026-06-19T12:09:32.830886116Z I0619 12:09:32.830722       1 aws.go:1333] Existing security group ingress: sg-0f5ac08158e5a59f7 []
2026-06-19T12:09:32.830946661Z I0619 12:09:32.830772       1 aws.go:1364] Adding security group ingress: sg-0f5ac08158e5a59f7 [{0xc000938fc0 0xc000e38440 [{0xc000e38420 <nil> {}}] [] [] 0xc000938fc4 [] {}} {0xc000938fb8 0xc000e38430 [{0xc000e38420 <nil> {}}] [] [] 0xc000938fbc [] {}}]
2026-06-19T12:09:33.009399705Z I0619 12:09:33.009246       1 aws_loadbalancer.go:1183] Creating load balancer for kubentic-foresight/vmsingle-vmstack-additional-service with name: a7fe6bb44fd8e4062995dd5e491b7f51
2026-06-19T12:09:33.829406245Z I0619 12:09:33.829227       1 aws_loadbalancer.go:1386] Updating load-balancer attributes for "a7fe6bb44fd8e4062995dd5e491b7f51"
2026-06-19T12:09:34.213341055Z I0619 12:09:34.212651       1 aws.go:2832] Adding rule for traffic from the load balancer (sg-0f5ac08158e5a59f7) to instances (sg-045edc8fca1b6ef4f)
2026-06-19T12:09:34.270507935Z I0619 12:09:34.270330       1 aws.go:1408] Existing security group ingress: sg-045edc8fca1b6ef4f [{0xc000dc98e8 0xc000dec4c0 [{0xc000dec4d0 <nil> {}}] [] [] 0xc000dc9908 [] {}} {<nil> 0xc000dec4e0 [] [] [] <nil> [{<nil> 0xc000dec500 <nil> <nil> 0xc000dec4f0 <nil> <nil> {}} {<nil> 0xc000dec520 <nil> <nil> 0xc000dec510 <nil> <nil> {}} {<nil> 0xc000dec540 <nil> <nil> 0xc000dec530 <nil> <nil> {}} {<nil> 0xc000dec560 <nil> <nil> 0xc000dec550 <nil> <nil> {}}] {}} {0xc000dc9b48 0xc000dec570 [{0xc000dec580 <nil> {}}] [{0xc000dec590 <nil> {}}] [] 0xc000dc9b68 [] {}}]
2026-06-19T12:09:34.270635270Z I0619 12:09:34.270374       1 aws.go:1305] Comparing sg-0f5ac08158e5a59f7 to sg-045edc8fca1b6ef4f
2026-06-19T12:09:34.270639860Z I0619 12:09:34.270382       1 aws.go:1305] Comparing sg-0f5ac08158e5a59f7 to sg-0634b775b94a31c79
2026-06-19T12:09:34.270642148Z I0619 12:09:34.270385       1 aws.go:1305] Comparing sg-0f5ac08158e5a59f7 to sg-093dc6f5d574202db
2026-06-19T12:09:34.270644518Z I0619 12:09:34.270389       1 aws.go:1305] Comparing sg-0f5ac08158e5a59f7 to sg-079cd85d1229a8cc6
2026-06-19T12:09:34.270647278Z I0619 12:09:34.270394       1 aws.go:1436] Adding security group ingress: sg-045edc8fca1b6ef4f [{<nil> 0xc000e40770 [] [] [] <nil> [{<nil> 0xc000d89e50 <nil> <nil> <nil> <nil> <nil> {}}] {}}]
2026-06-19T12:09:34.544686704Z I0619 12:09:34.544025       1 aws_loadbalancer.go:1631] Instances added to load-balancer a7fe6bb44fd8e4062995dd5e491b7f51
2026-06-19T12:09:34.544712050Z I0619 12:09:34.544059       1 aws.go:2589] Loadbalancer a7fe6bb44fd8e4062995dd5e491b7f51 (kubentic-foresight/vmsingle-vmstack-additional-service) has DNS name a7fe6bb44fd8e4062995dd5e491b7f51-553748310.us-west-2.elb.amazonaws.com
2026-06-19T12:09:34.544715657Z I0619 12:09:34.544113       1 controller.go:985] Patching status for service kubentic-foresight/vmsingle-vmstack-additional-service
2026-06-19T12:09:34.544817333Z I0619 12:09:34.544728       1 event.go:389] "Event occurred" object="kubentic-foresight/vmsingle-vmstack-additional-service" fieldPath="" kind="Service" apiVersion="v1" type="Normal" reason="EnsuredLoadBalancer" message="Ensured load balancer"
2026-06-19T12:10:36.766422636Z I0619 12:10:36.766124       1 batcher.go:146] Batch processing duration: 100.368026ms
2026-06-19T12:10:36.766457990Z I0619 12:10:36.766248       1 batcher.go:187] Batch size for label describe_instance is 1
2026-06-19T12:10:36.766464903Z I0619 12:10:36.766261       1 describe_instance_batch.go:85] Batched describe instances &{<nil> [] [i-0010bc1572a60c430] <nil> <nil> {}}
2026-06-19T12:10:36.835887637Z I0619 12:10:36.835638       1 instances_v2.go:106] No instance topolopy for instance type t3.medium available.
2026-06-19T12:10:36.936369099Z I0619 12:10:36.936057       1 batcher.go:146] Batch processing duration: 100.325239ms
2026-06-19T12:10:36.936394830Z I0619 12:10:36.936117       1 batcher.go:187] Batch size for label describe_instance is 1
2026-06-19T12:10:36.936461515Z I0619 12:10:36.936129       1 describe_instance_batch.go:85] Batched describe instances &{<nil> [] [i-0ecec600693268f66] <nil> <nil> {}}
2026-06-19T12:10:37.008605989Z I0619 12:10:37.007966       1 instances_v2.go:106] No instance topolopy for instance type t3.medium available.
2026-06-19T12:10:37.108747021Z I0619 12:10:37.108509       1 batcher.go:146] Batch processing duration: 100.411916ms
2026-06-19T12:10:37.108774967Z I0619 12:10:37.108587       1 batcher.go:187] Batch size for label describe_instance is 1
2026-06-19T12:10:37.108796715Z I0619 12:10:37.108604       1 describe_instance_batch.go:85] Batched describe instances &{<nil> [] [i-0d94ada325e8491c5] <nil> <nil> {}}
2026-06-19T12:10:37.196587398Z I0619 12:10:37.196423       1 instances_v2.go:106] No instance topolopy for instance type t3.medium available.
2026-06-19T12:10:37.196614488Z I0619 12:10:37.196456       1 node_controller.go:271] Update 3 nodes status took 530.845856ms.
2026-06-19T12:15:37.299380721Z I0619 12:15:37.298529       1 batcher.go:146] Batch processing duration: 100.984624ms
2026-06-19T12:15:37.299419818Z I0619 12:15:37.298600       1 batcher.go:187] Batch size for label describe_instance is 1
2026-06-19T12:15:37.299425768Z I0619 12:15:37.298612       1 describe_instance_batch.go:85] Batched describe instances &{<nil> [] [i-0d94ada325e8491c5] <nil> <nil> {}}
2026-06-19T12:15:37.439386553Z I0619 12:15:37.439180       1 instances_v2.go:106] No instance topolopy for instance type t3.medium available.
2026-06-19T12:15:37.541241432Z I0619 12:15:37.540274       1 batcher.go:146] Batch processing duration: 100.943357ms
2026-06-19T12:15:37.541265223Z I0619 12:15:37.540332       1 batcher.go:187] Batch size for label describe_instance is 1
2026-06-19T12:15:37.541267874Z I0619 12:15:37.540343       1 describe_instance_batch.go:85] Batched describe instances &{<nil> [] [i-0010bc1572a60c430] <nil> <nil> {}}
2026-06-19T12:15:37.614274611Z I0619 12:15:37.614102       1 instances_v2.go:106] No instance topolopy for instance type t3.medium available.
2026-06-19T12:15:37.715289710Z I0619 12:15:37.714602       1 batcher.go:146] Batch processing duration: 100.407375ms
2026-06-19T12:15:37.715314844Z I0619 12:15:37.714655       1 batcher.go:187] Batch size for label describe_instance is 1
2026-06-19T12:15:37.715318213Z I0619 12:15:37.714668       1 describe_instance_batch.go:85] Batched describe instances &{<nil> [] [i-0ecec600693268f66] <nil> <nil> {}}
2026-06-19T12:15:37.791910829Z I0619 12:15:37.791755       1 instances_v2.go:106] No instance topolopy for instance type t3.medium available.
2026-06-19T12:15:37.791934654Z I0619 12:15:37.791794       1 node_controller.go:271] Update 3 nodes status took 594.366777ms.
2026-06-19T12:20:37.893106468Z I0619 12:20:37.892805       1 batcher.go:146] Batch processing duration: 100.361276ms
2026-06-19T12:20:37.893144046Z I0619 12:20:37.892879       1 batcher.go:187] Batch size for label describe_instance is 1
2026-06-19T12:20:37.893149111Z I0619 12:20:37.892895       1 describe_instance_batch.go:85] Batched describe instances &{<nil> [] [i-0010bc1572a60c430] <nil> <nil> {}}
2026-06-19T12:20:37.977611753Z I0619 12:20:37.977416       1 instances_v2.go:106] No instance topolopy for instance type t3.medium available.
2026-06-19T12:20:38.078808176Z I0619 12:20:38.078528       1 batcher.go:146] Batch processing duration: 101.009177ms
2026-06-19T12:20:38.078957809Z I0619 12:20:38.078625       1 batcher.go:187] Batch size for label describe_instance is 1
2026-06-19T12:20:38.078978043Z I0619 12:20:38.078638       1 describe_instance_batch.go:85] Batched describe instances &{<nil> [] [i-0ecec600693268f66] <nil> <nil> {}}
2026-06-19T12:20:38.147033903Z I0619 12:20:38.146849       1 instances_v2.go:106] No instance topolopy for instance type t3.medium available.
2026-06-19T12:20:38.247369885Z I0619 12:20:38.247104       1 batcher.go:146] Batch processing duration: 100.160808ms
2026-06-19T12:20:38.247423813Z I0619 12:20:38.247176       1 batcher.go:187] Batch size for label describe_instance is 1
2026-06-19T12:20:38.247437673Z I0619 12:20:38.247189       1 describe_instance_batch.go:85] Batched describe instances &{<nil> [] [i-0d94ada325e8491c5] <nil> <nil> {}}
2026-06-19T12:20:38.385728543Z I0619 12:20:38.385538       1 instances_v2.go:106] No instance topolopy for instance type t3.medium available.
2026-06-19T12:20:38.385756360Z I0619 12:20:38.385584       1 node_controller.go:271] Update 3 nodes status took 593.277946ms.
2026-06-19T12:25:38.487726744Z I0619 12:25:38.487265       1 batcher.go:146] Batch processing duration: 100.44848ms
2026-06-19T12:25:38.487756608Z I0619 12:25:38.487334       1 batcher.go:187] Batch size for label describe_instance is 1
2026-06-19T12:25:38.487760347Z I0619 12:25:38.487346       1 describe_instance_batch.go:85] Batched describe instances &{<nil> [] [i-0010bc1572a60c430] <nil> <nil> {}}
2026-06-19T12:25:38.707425084Z I0619 12:25:38.707210       1 instances_v2.go:106] No instance topolopy for instance type t3.medium available.
2026-06-19T12:25:38.808259923Z I0619 12:25:38.807586       1 batcher.go:146] Batch processing duration: 100.257328ms
2026-06-19T12:25:38.808322987Z I0619 12:25:38.807654       1 batcher.go:187] Batch size for label describe_instance is 1
2026-06-19T12:25:38.808328394Z I0619 12:25:38.807664       1 describe_instance_batch.go:85] Batched describe instances &{<nil> [] [i-0ecec600693268f66] <nil> <nil> {}}
2026-06-19T12:25:38.871662562Z I0619 12:25:38.871470       1 instances_v2.go:106] No instance topolopy for instance type t3.medium available.
2026-06-19T12:25:38.972738540Z I0619 12:25:38.972320       1 batcher.go:146] Batch processing duration: 100.761722ms
2026-06-19T12:25:38.972812750Z I0619 12:25:38.972381       1 batcher.go:187] Batch size for label describe_instance is 1
2026-06-19T12:25:38.972816579Z I0619 12:25:38.972392       1 describe_instance_batch.go:85] Batched describe instances &{<nil> [] [i-0d94ada325e8491c5] <nil> <nil> {}}
2026-06-19T12:25:39.087208476Z I0619 12:25:39.087053       1 instances_v2.go:106] No instance topolopy for instance type t3.medium available.
2026-06-19T12:25:39.087230884Z I0619 12:25:39.087093       1 node_controller.go:271] Update 3 nodes status took 700.411974ms.
2026-06-19T12:30:39.188308955Z I0619 12:30:39.188152       1 batcher.go:146] Batch processing duration: 100.265307ms
2026-06-19T12:30:39.188345121Z I0619 12:30:39.188215       1 batcher.go:187] Batch size for label describe_instance is 1
2026-06-19T12:30:39.188470938Z I0619 12:30:39.188252       1 describe_instance_batch.go:85] Batched describe instances &{<nil> [] [i-0d94ada325e8491c5] <nil> <nil> {}}
2026-06-19T12:30:39.314505529Z I0619 12:30:39.314339       1 instances_v2.go:106] No instance topolopy for instance type t3.medium available.
2026-06-19T12:30:39.415193351Z I0619 12:30:39.415040       1 batcher.go:146] Batch processing duration: 100.605686ms
2026-06-19T12:30:39.415229711Z I0619 12:30:39.415156       1 batcher.go:187] Batch size for label describe_instance is 1
2026-06-19T12:30:39.415429490Z I0619 12:30:39.415220       1 describe_instance_batch.go:85] Batched describe instances &{<nil> [] [i-0010bc1572a60c430] <nil> <nil> {}}
2026-06-19T12:30:39.482267815Z I0619 12:30:39.482125       1 instances_v2.go:106] No instance topolopy for instance type t3.medium available.
2026-06-19T12:30:39.583367946Z I0619 12:30:39.583101       1 batcher.go:146] Batch processing duration: 100.884366ms
2026-06-19T12:30:39.583396092Z I0619 12:30:39.583166       1 batcher.go:187] Batch size for label describe_instance is 1
2026-06-19T12:30:39.583400513Z I0619 12:30:39.583180       1 describe_instance_batch.go:85] Batched describe instances &{<nil> [] [i-0ecec600693268f66] <nil> <nil> {}}
2026-06-19T12:30:39.644606890Z I0619 12:30:39.644457       1 instances_v2.go:106] No instance topolopy for instance type t3.medium available.
2026-06-19T12:30:39.644625839Z I0619 12:30:39.644496       1 node_controller.go:271] Update 3 nodes status took 556.776879ms.
2026-06-19T12:35:39.746243415Z I0619 12:35:39.745517       1 batcher.go:146] Batch processing duration: 100.304694ms
2026-06-19T12:35:39.746285321Z I0619 12:35:39.745584       1 batcher.go:187] Batch size for label describe_instance is 1
2026-06-19T12:35:39.746290035Z I0619 12:35:39.745597       1 describe_instance_batch.go:85] Batched describe instances &{<nil> [] [i-0010bc1572a60c430] <nil> <nil> {}}
2026-06-19T12:35:39.820091051Z I0619 12:35:39.819922       1 instances_v2.go:106] No instance topolopy for instance type t3.medium available.
2026-06-19T12:35:39.920435998Z I0619 12:35:39.920282       1 batcher.go:146] Batch processing duration: 100.267484ms
2026-06-19T12:35:39.920535643Z I0619 12:35:39.920345       1 batcher.go:187] Batch size for label describe_instance is 1
2026-06-19T12:35:39.920585834Z I0619 12:35:39.920395       1 describe_instance_batch.go:85] Batched describe instances &{<nil> [] [i-0ecec600693268f66] <nil> <nil> {}}
2026-06-19T12:35:39.987519161Z I0619 12:35:39.987380       1 instances_v2.go:106] No instance topolopy for instance type t3.medium available.
2026-06-19T12:35:40.088629148Z I0619 12:35:40.088367       1 batcher.go:146] Batch processing duration: 100.836223ms
2026-06-19T12:35:40.088671644Z I0619 12:35:40.088452       1 batcher.go:187] Batch size for label describe_instance is 1
2026-06-19T12:35:40.088675616Z I0619 12:35:40.088472       1 describe_instance_batch.go:85] Batched describe instances &{<nil> [] [i-0d94ada325e8491c5] <nil> <nil> {}}
2026-06-19T12:35:40.206463583Z I0619 12:35:40.206318       1 instances_v2.go:106] No instance topolopy for instance type t3.medium available.
2026-06-19T12:35:40.206681824Z I0619 12:35:40.206584       1 node_controller.go:271] Update 3 nodes status took 561.712192ms.
2026-06-19T12:40:40.307747710Z I0619 12:40:40.307579       1 batcher.go:146] Batch processing duration: 100.276391ms
2026-06-19T12:40:40.307783689Z I0619 12:40:40.307641       1 batcher.go:187] Batch size for label describe_instance is 1
2026-06-19T12:40:40.307879071Z I0619 12:40:40.307686       1 describe_instance_batch.go:85] Batched describe instances &{<nil> [] [i-0010bc1572a60c430] <nil> <nil> {}}
2026-06-19T12:40:40.442601851Z I0619 12:40:40.442420       1 instances_v2.go:106] No instance topolopy for instance type t3.medium available.
2026-06-19T12:40:40.542930916Z I0619 12:40:40.542757       1 batcher.go:146] Batch processing duration: 100.234303ms
2026-06-19T12:40:40.543067679Z I0619 12:40:40.542817       1 batcher.go:187] Batch size for label describe_instance is 1
2026-06-19T12:40:40.543073805Z I0619 12:40:40.542830       1 describe_instance_batch.go:85] Batched describe instances &{<nil> [] [i-0ecec600693268f66] <nil> <nil> {}}
2026-06-19T12:40:40.609158755Z I0619 12:40:40.608846       1 instances_v2.go:106] No instance topolopy for instance type t3.medium available.
2026-06-19T12:40:40.709485700Z I0619 12:40:40.709293       1 batcher.go:146] Batch processing duration: 100.258154ms
2026-06-19T12:40:40.709588310Z I0619 12:40:40.709354       1 batcher.go:187] Batch size for label describe_instance is 1
2026-06-19T12:40:40.709611832Z I0619 12:40:40.709367       1 describe_instance_batch.go:85] Batched describe instances &{<nil> [] [i-0d94ada325e8491c5] <nil> <nil> {}}
2026-06-19T12:40:40.836710386Z I0619 12:40:40.836558       1 instances_v2.go:106] No instance topolopy for instance type t3.medium available.
2026-06-19T12:40:40.836746871Z I0619 12:40:40.836689       1 node_controller.go:271] Update 3 nodes status took 629.521649ms.
2026-06-19T12:43:03.419182244Z I0619 12:43:03.418837       1 controller.go:383] Deleting existing load balancer for service kubentic-foresight/vmsingle-vmstack-additional-service
2026-06-19T12:43:03.421541033Z I0619 12:43:03.421435       1 event.go:389] "Event occurred" object="kubentic-foresight/vmsingle-vmstack-additional-service" fieldPath="" kind="Service" apiVersion="v1" type="Normal" reason="DeletingLoadBalancer" message="Deleting load balancer"
2026-06-19T12:43:03.845706898Z I0619 12:43:03.843491       1 aws.go:2834] Removing rule for traffic from the load balancer (sg-0f5ac08158e5a59f7) to instance (sg-045edc8fca1b6ef4f)
2026-06-19T12:43:03.910757300Z I0619 12:43:03.910525       1 aws.go:1305] Comparing sg-0f5ac08158e5a59f7 to sg-045edc8fca1b6ef4f
2026-06-19T12:43:03.910807194Z I0619 12:43:03.910565       1 aws.go:1305] Comparing sg-0f5ac08158e5a59f7 to sg-0634b775b94a31c79
2026-06-19T12:43:03.910811971Z I0619 12:43:03.910569       1 aws.go:1305] Comparing sg-0f5ac08158e5a59f7 to sg-093dc6f5d574202db
2026-06-19T12:43:03.910815631Z I0619 12:43:03.910572       1 aws.go:1305] Comparing sg-0f5ac08158e5a59f7 to sg-079cd85d1229a8cc6
2026-06-19T12:43:03.910819166Z I0619 12:43:03.910576       1 aws.go:1305] Comparing sg-0f5ac08158e5a59f7 to sg-0f5ac08158e5a59f7
2026-06-19T12:43:03.910823688Z I0619 12:43:03.910584       1 aws.go:1496] Removing security group ingress: sg-045edc8fca1b6ef4f [{<nil> 0xc000e152c0 [] [] [] <nil> [{<nil> 0xc00036d670 <nil> <nil> <nil> <nil> <nil> {}}] {}}]
2026-06-19T12:43:04.280302047Z I0619 12:43:04.280030       1 aws.go:2904] Ignoring DependencyViolation while deleting load-balancer security group (sg-0f5ac08158e5a59f7), assuming because LB is in process of deleting
2026-06-19T12:43:04.280400471Z I0619 12:43:04.280090       1 aws.go:2918] Waiting for load-balancer "vmsingle-vmstack-additional-service" to delete so we can delete security groups: map[sg-0f5ac08158e5a59f7:{}]
2026-06-19T12:43:09.296114136Z I0619 12:43:09.295994       1 aws.go:2904] Ignoring DependencyViolation while deleting load-balancer security group (sg-0f5ac08158e5a59f7), assuming because LB is in process of deleting
2026-06-19T12:43:09.296140839Z I0619 12:43:09.296014       1 aws.go:2918] Waiting for load-balancer "vmsingle-vmstack-additional-service" to delete so we can delete security groups: map[sg-0f5ac08158e5a59f7:{}]
2026-06-19T12:43:14.289528606Z I0619 12:43:14.289398       1 aws.go:2904] Ignoring DependencyViolation while deleting load-balancer security group (sg-0f5ac08158e5a59f7), assuming because LB is in process of deleting
2026-06-19T12:43:14.289604289Z I0619 12:43:14.289420       1 aws.go:2918] Waiting for load-balancer "vmsingle-vmstack-additional-service" to delete so we can delete security groups: map[sg-0f5ac08158e5a59f7:{}]
2026-06-19T12:43:19.283107671Z I0619 12:43:19.282975       1 aws.go:2904] Ignoring DependencyViolation while deleting load-balancer security group (sg-0f5ac08158e5a59f7), assuming because LB is in process of deleting
2026-06-19T12:43:19.283133345Z I0619 12:43:19.282997       1 aws.go:2918] Waiting for load-balancer "vmsingle-vmstack-additional-service" to delete so we can delete security groups: map[sg-0f5ac08158e5a59f7:{}]
2026-06-19T12:43:24.302305603Z I0619 12:43:24.302154       1 aws.go:2904] Ignoring DependencyViolation while deleting load-balancer security group (sg-0f5ac08158e5a59f7), assuming because LB is in process of deleting
2026-06-19T12:43:24.302336869Z I0619 12:43:24.302175       1 aws.go:2918] Waiting for load-balancer "vmsingle-vmstack-additional-service" to delete so we can delete security groups: map[sg-0f5ac08158e5a59f7:{}]
2026-06-19T12:43:29.297362977Z I0619 12:43:29.297209       1 aws.go:2904] Ignoring DependencyViolation while deleting load-balancer security group (sg-0f5ac08158e5a59f7), assuming because LB is in process of deleting
2026-06-19T12:43:29.297391654Z I0619 12:43:29.297284       1 aws.go:2918] Waiting for load-balancer "vmsingle-vmstack-additional-service" to delete so we can delete security groups: map[sg-0f5ac08158e5a59f7:{}]
2026-06-19T12:43:34.437224212Z I0619 12:43:34.436762       1 aws.go:2914] Deleted all security groups for load balancer: vmsingle-vmstack-additional-service
2026-06-19T12:43:34.437429532Z I0619 12:43:34.437190       1 controller.go:959] Removing finalizer from service kubentic-foresight/vmsingle-vmstack-additional-service
2026-06-19T12:43:34.467097759Z I0619 12:43:34.466787       1 controller.go:985] Patching status for service kubentic-foresight/vmsingle-vmstack-additional-service
2026-06-19T12:43:34.467420200Z I0619 12:43:34.467297       1 event.go:389] "Event occurred" object="kubentic-foresight/vmsingle-vmstack-additional-service" fieldPath="" kind="Service" apiVersion="v1" type="Normal" reason="DeletedLoadBalancer" message="Deleted load balancer"
2026-06-19T12:43:34.526399913Z I0619 12:43:34.526139       1 controller.go:383] Deleting existing load balancer for service kubentic-foresight/vlogs-server
2026-06-19T12:43:34.527154600Z I0619 12:43:34.526890       1 event.go:389] "Event occurred" object="kubentic-foresight/vlogs-server" fieldPath="" kind="Service" apiVersion="v1" type="Normal" reason="DeletingLoadBalancer" message="Deleting load balancer"
2026-06-19T12:43:34.881984042Z I0619 12:43:34.881695       1 aws.go:2834] Removing rule for traffic from the load balancer (sg-093dc6f5d574202db) to instance (sg-045edc8fca1b6ef4f)
2026-06-19T12:43:34.950243264Z I0619 12:43:34.949703       1 aws.go:1305] Comparing sg-093dc6f5d574202db to sg-045edc8fca1b6ef4f
2026-06-19T12:43:34.950269662Z I0619 12:43:34.949723       1 aws.go:1305] Comparing sg-093dc6f5d574202db to sg-0634b775b94a31c79
2026-06-19T12:43:34.950273099Z I0619 12:43:34.949731       1 aws.go:1305] Comparing sg-093dc6f5d574202db to sg-093dc6f5d574202db
2026-06-19T12:43:34.950276044Z I0619 12:43:34.949739       1 aws.go:1496] Removing security group ingress: sg-045edc8fca1b6ef4f [{<nil> 0xc000a06fd0 [] [] [] <nil> [{<nil> 0xc000946560 <nil> <nil> <nil> <nil> <nil> {}}] {}}]
2026-06-19T12:43:35.294462603Z I0619 12:43:35.294300       1 aws.go:2904] Ignoring DependencyViolation while deleting load-balancer security group (sg-093dc6f5d574202db), assuming because LB is in process of deleting
2026-06-19T12:43:35.294503429Z I0619 12:43:35.294325       1 aws.go:2918] Waiting for load-balancer "vlogs-server" to delete so we can delete security groups: map[sg-093dc6f5d574202db:{}]
2026-06-19T12:43:40.313078824Z I0619 12:43:40.312740       1 aws.go:2904] Ignoring DependencyViolation while deleting load-balancer security group (sg-093dc6f5d574202db), assuming because LB is in process of deleting
2026-06-19T12:43:40.313105145Z I0619 12:43:40.312763       1 aws.go:2918] Waiting for load-balancer "vlogs-server" to delete so we can delete security groups: map[sg-093dc6f5d574202db:{}]
2026-06-19T12:43:45.313438293Z I0619 12:43:45.313295       1 aws.go:2904] Ignoring DependencyViolation while deleting load-balancer security group (sg-093dc6f5d574202db), assuming because LB is in process of deleting
2026-06-19T12:43:45.313469269Z I0619 12:43:45.313316       1 aws.go:2918] Waiting for load-balancer "vlogs-server" to delete so we can delete security groups: map[sg-093dc6f5d574202db:{}]
2026-06-19T12:43:50.317833088Z I0619 12:43:50.317682       1 aws.go:2904] Ignoring DependencyViolation while deleting load-balancer security group (sg-093dc6f5d574202db), assuming because LB is in process of deleting
2026-06-19T12:43:50.317860591Z I0619 12:43:50.317706       1 aws.go:2918] Waiting for load-balancer "vlogs-server" to delete so we can delete security groups: map[sg-093dc6f5d574202db:{}]
2026-06-19T12:43:55.444041879Z I0619 12:43:55.443683       1 aws.go:2914] Deleted all security groups for load balancer: vlogs-server
2026-06-19T12:43:55.444734439Z I0619 12:43:55.444647       1 controller.go:959] Removing finalizer from service kubentic-foresight/vlogs-server
2026-06-19T12:43:55.470982253Z I0619 12:43:55.470861       1 controller.go:985] Patching status for service kubentic-foresight/vlogs-server
2026-06-19T12:43:55.472309452Z I0619 12:43:55.471421       1 event.go:389] "Event occurred" object="kubentic-foresight/vlogs-server" fieldPath="" kind="Service" apiVersion="v1" type="Normal" reason="DeletedLoadBalancer" message="Deleted load balancer"
2026-06-19T12:43:55.539113308Z I0619 12:43:55.538930       1 controller.go:383] Deleting existing load balancer for service kubentic-foresight/kubentic-grafana
2026-06-19T12:43:55.539719261Z I0619 12:43:55.539577       1 event.go:389] "Event occurred" object="kubentic-foresight/kubentic-grafana" fieldPath="" kind="Service" apiVersion="v1" type="Normal" reason="DeletingLoadBalancer" message="Deleting load balancer"
2026-06-19T12:43:55.896815797Z I0619 12:43:55.896652       1 aws.go:2834] Removing rule for traffic from the load balancer (sg-079cd85d1229a8cc6) to instance (sg-045edc8fca1b6ef4f)
2026-06-19T12:43:55.956325132Z I0619 12:43:55.956115       1 aws.go:1305] Comparing sg-079cd85d1229a8cc6 to sg-045edc8fca1b6ef4f
2026-06-19T12:43:55.956350659Z I0619 12:43:55.956133       1 aws.go:1305] Comparing sg-079cd85d1229a8cc6 to sg-0634b775b94a31c79
2026-06-19T12:43:55.956354830Z I0619 12:43:55.956155       1 aws.go:1305] Comparing sg-079cd85d1229a8cc6 to sg-079cd85d1229a8cc6
2026-06-19T12:43:55.956374211Z I0619 12:43:55.956163       1 aws.go:1496] Removing security group ingress: sg-045edc8fca1b6ef4f [{<nil> 0xc000e38c80 [] [] [] <nil> [{<nil> 0xc000e41650 <nil> <nil> <nil> <nil> <nil> {}}] {}}]
2026-06-19T12:43:56.308375952Z I0619 12:43:56.308219       1 aws.go:2904] Ignoring DependencyViolation while deleting load-balancer security group (sg-079cd85d1229a8cc6), assuming because LB is in process of deleting
2026-06-19T12:43:56.308402877Z I0619 12:43:56.308241       1 aws.go:2918] Waiting for load-balancer "kubentic-grafana" to delete so we can delete security groups: map[sg-079cd85d1229a8cc6:{}]
2026-06-19T12:44:01.380897156Z I0619 12:44:01.379974       1 aws.go:2904] Ignoring DependencyViolation while deleting load-balancer security group (sg-079cd85d1229a8cc6), assuming because LB is in process of deleting
2026-06-19T12:44:01.407625438Z I0619 12:44:01.386853       1 aws.go:2918] Waiting for load-balancer "kubentic-grafana" to delete so we can delete security groups: map[sg-079cd85d1229a8cc6:{}]
2026-06-19T12:44:06.334253166Z I0619 12:44:06.334137       1 aws.go:2904] Ignoring DependencyViolation while deleting load-balancer security group (sg-079cd85d1229a8cc6), assuming because LB is in process of deleting
2026-06-19T12:44:06.334279548Z I0619 12:44:06.334161       1 aws.go:2918] Waiting for load-balancer "kubentic-grafana" to delete so we can delete security groups: map[sg-079cd85d1229a8cc6:{}]
2026-06-19T12:44:11.330060370Z I0619 12:44:11.329912       1 aws.go:2904] Ignoring DependencyViolation while deleting load-balancer security group (sg-079cd85d1229a8cc6), assuming because LB is in process of deleting
2026-06-19T12:44:11.330086957Z I0619 12:44:11.329934       1 aws.go:2918] Waiting for load-balancer "kubentic-grafana" to delete so we can delete security groups: map[sg-079cd85d1229a8cc6:{}]
2026-06-19T12:44:16.481957683Z I0619 12:44:16.481792       1 aws.go:2914] Deleted all security groups for load balancer: kubentic-grafana
2026-06-19T12:44:16.481984849Z I0619 12:44:16.481836       1 controller.go:959] Removing finalizer from service kubentic-foresight/kubentic-grafana
2026-06-19T12:44:16.500807013Z I0619 12:44:16.500667       1 controller.go:985] Patching status for service kubentic-foresight/kubentic-grafana
2026-06-19T12:44:16.501460075Z I0619 12:44:16.501353       1 event.go:389] "Event occurred" object="kubentic-foresight/kubentic-grafana" fieldPath="" kind="Service" apiVersion="v1" type="Normal" reason="DeletedLoadBalancer" message="Deleted load balancer"
2026-06-19T12:45:40.938353302Z I0619 12:45:40.938188       1 batcher.go:146] Batch processing duration: 100.235933ms
2026-06-19T12:45:40.938389608Z I0619 12:45:40.938247       1 batcher.go:187] Batch size for label describe_instance is 1
2026-06-19T12:45:40.938472038Z I0619 12:45:40.938290       1 describe_instance_batch.go:85] Batched describe instances &{<nil> [] [i-0ecec600693268f66] <nil> <nil> {}}
2026-06-19T12:45:41.078061174Z I0619 12:45:41.077899       1 instances_v2.go:106] No instance topolopy for instance type t3.medium available.
2026-06-19T12:45:41.179246938Z I0619 12:45:41.178358       1 batcher.go:146] Batch processing duration: 100.33802ms
2026-06-19T12:45:41.179288259Z I0619 12:45:41.178527       1 batcher.go:187] Batch size for label describe_instance is 1
2026-06-19T12:45:41.179379750Z I0619 12:45:41.178635       1 describe_instance_batch.go:85] Batched describe instances &{<nil> [] [i-0d94ada325e8491c5] <nil> <nil> {}}
2026-06-19T12:45:41.310490087Z I0619 12:45:41.310311       1 instances_v2.go:106] No instance topolopy for instance type t3.medium available.
2026-06-19T12:45:41.411116853Z I0619 12:45:41.410928       1 batcher.go:146] Batch processing duration: 100.519652ms
2026-06-19T12:45:41.411665257Z I0619 12:45:41.411048       1 batcher.go:187] Batch size for label describe_instance is 1
2026-06-19T12:45:41.411700801Z I0619 12:45:41.411184       1 describe_instance_batch.go:85] Batched describe instances &{<nil> [] [i-0010bc1572a60c430] <nil> <nil> {}}
2026-06-19T12:45:41.477227631Z I0619 12:45:41.477007       1 instances_v2.go:106] No instance topolopy for instance type t3.medium available.
2026-06-19T12:45:41.477627155Z I0619 12:45:41.477124       1 node_controller.go:271] Update 3 nodes status took 639.294043ms.
2026-06-19T12:47:05.625389114Z I0619 12:47:05.625274       1 controller.go:402] Ensuring load balancer for service kubentic-foresight/kubentic-grafana
2026-06-19T12:47:05.625749811Z I0619 12:47:05.625644       1 controller.go:944] Adding finalizer to service kubentic-foresight/kubentic-grafana
2026-06-19T12:47:05.626293903Z I0619 12:47:05.626210       1 event.go:389] "Event occurred" object="kubentic-foresight/kubentic-grafana" fieldPath="" kind="Service" apiVersion="v1" type="Normal" reason="EnsuringLoadBalancer" message="Ensuring load balancer"
2026-06-19T12:47:05.650152759Z I0619 12:47:05.649965       1 aws.go:2167] EnsureLoadBalancer(mycluster.k8s.local, kubentic-foresight, kubentic-grafana, us-west-2, , [{service TCP <nil> 80 {1 0 grafana} 31045}], map[meta.helm.sh/release-name:kubentic meta.helm.sh/release-namespace:kubentic-foresight])
2026-06-19T12:47:06.486595634Z I0619 12:47:06.486421       1 aws.go:1333] Existing security group ingress: sg-017096e80397e9ae2 []
2026-06-19T12:47:06.486614823Z I0619 12:47:06.486492       1 aws.go:1364] Adding security group ingress: sg-017096e80397e9ae2 [{0xc0008f1f38 0xc000e14f30 [{0xc000e14f20 <nil> {}}] [] [] 0xc0008f1f3c [] {}} {0xc0008f1f40 0xc000e14f40 [{0xc000e14f20 <nil> {}}] [] [] 0xc0008f1f44 [] {}}]
2026-06-19T12:47:06.689522785Z I0619 12:47:06.689334       1 aws_loadbalancer.go:1183] Creating load balancer for kubentic-foresight/kubentic-grafana with name: a87a536cd0c8f44eba6cd7b790ba8ea4
2026-06-19T12:47:07.763895408Z I0619 12:47:07.763296       1 aws_loadbalancer.go:1386] Updating load-balancer attributes for "a87a536cd0c8f44eba6cd7b790ba8ea4"
2026-06-19T12:47:08.122243889Z I0619 12:47:08.122108       1 aws.go:2832] Adding rule for traffic from the load balancer (sg-017096e80397e9ae2) to instances (sg-045edc8fca1b6ef4f)
2026-06-19T12:47:08.184639269Z I0619 12:47:08.184477       1 aws.go:1408] Existing security group ingress: sg-045edc8fca1b6ef4f [{0xc0003c1318 0xc000c0d460 [{0xc000c0d470 <nil> {}}] [] [] 0xc0003c1378 [] {}} {<nil> 0xc000c0d480 [] [] [] <nil> [{<nil> 0xc000c0d4a0 <nil> <nil> 0xc000c0d490 <nil> <nil> {}} {<nil> 0xc000c0d4c0 <nil> <nil> 0xc000c0d4b0 <nil> <nil> {}}] {}} {0xc0003c1c58 0xc000c0d4d0 [{0xc000c0d4e0 <nil> {}}] [{0xc000c0d4f0 <nil> {}}] [] 0xc0003c1c78 [] {}}]
2026-06-19T12:47:08.184780000Z I0619 12:47:08.184678       1 aws.go:1305] Comparing sg-017096e80397e9ae2 to sg-045edc8fca1b6ef4f
2026-06-19T12:47:08.184793770Z I0619 12:47:08.184763       1 aws.go:1305] Comparing sg-017096e80397e9ae2 to sg-0634b775b94a31c79
2026-06-19T12:47:08.185209185Z I0619 12:47:08.185128       1 aws.go:1436] Adding security group ingress: sg-045edc8fca1b6ef4f [{<nil> 0xc000c0ce80 [] [] [] <nil> [{<nil> 0xc000ee1020 <nil> <nil> <nil> <nil> <nil> {}}] {}}]
2026-06-19T12:47:08.405719897Z I0619 12:47:08.405424       1 aws_loadbalancer.go:1631] Instances added to load-balancer a87a536cd0c8f44eba6cd7b790ba8ea4
2026-06-19T12:47:08.406005300Z I0619 12:47:08.405898       1 aws.go:2589] Loadbalancer a87a536cd0c8f44eba6cd7b790ba8ea4 (kubentic-foresight/kubentic-grafana) has DNS name a87a536cd0c8f44eba6cd7b790ba8ea4-2078511279.us-west-2.elb.amazonaws.com
2026-06-19T12:47:08.406231126Z I0619 12:47:08.406171       1 controller.go:985] Patching status for service kubentic-foresight/kubentic-grafana
2026-06-19T12:47:08.406603215Z I0619 12:47:08.406493       1 event.go:389] "Event occurred" object="kubentic-foresight/kubentic-grafana" fieldPath="" kind="Service" apiVersion="v1" type="Normal" reason="EnsuredLoadBalancer" message="Ensured load balancer"
2026-06-19T12:47:08.416702156Z I0619 12:47:08.416482       1 controller.go:402] Ensuring load balancer for service kubentic-foresight/vlogs-server
2026-06-19T12:47:08.417137562Z I0619 12:47:08.417030       1 controller.go:944] Adding finalizer to service kubentic-foresight/vlogs-server
2026-06-19T12:47:08.417979927Z I0619 12:47:08.417846       1 event.go:389] "Event occurred" object="kubentic-foresight/vlogs-server" fieldPath="" kind="Service" apiVersion="v1" type="Normal" reason="EnsuringLoadBalancer" message="Ensuring load balancer"
2026-06-19T12:47:08.427582073Z I0619 12:47:08.427421       1 aws.go:2167] EnsureLoadBalancer(mycluster.k8s.local, kubentic-foresight, vlogs-server, us-west-2, , [{http TCP <nil> 9428 {1 0 http} 30175}], map[meta.helm.sh/release-name:kubentic meta.helm.sh/release-namespace:kubentic-foresight])
2026-06-19T12:47:09.057118948Z I0619 12:47:09.056965       1 aws.go:1333] Existing security group ingress: sg-0f7fe0539819ea19f []
2026-06-19T12:47:09.057409990Z I0619 12:47:09.057327       1 aws.go:1364] Adding security group ingress: sg-0f7fe0539819ea19f [{0xc0005311d8 0xc000947310 [{0xc000947300 <nil> {}}] [] [] 0xc0005311dc [] {}} {0xc0005311e0 0xc000947320 [{0xc000947300 <nil> {}}] [] [] 0xc0005311e4 [] {}}]
2026-06-19T12:47:09.230006250Z I0619 12:47:09.229883       1 aws_loadbalancer.go:1183] Creating load balancer for kubentic-foresight/vlogs-server with name: a6991889ad326481292d3452c21acf73
2026-06-19T12:47:09.894672137Z I0619 12:47:09.894355       1 aws_loadbalancer.go:1386] Updating load-balancer attributes for "a6991889ad326481292d3452c21acf73"
2026-06-19T12:47:10.235625761Z I0619 12:47:10.235458       1 aws.go:2832] Adding rule for traffic from the load balancer (sg-0f7fe0539819ea19f) to instances (sg-045edc8fca1b6ef4f)
2026-06-19T12:47:10.303119339Z I0619 12:47:10.302657       1 aws.go:1408] Existing security group ingress: sg-045edc8fca1b6ef4f [{0xc000dce868 0xc000898d80 [{0xc000898d90 <nil> {}}] [] [] 0xc000dce888 [] {}} {<nil> 0xc000898da0 [] [] [] <nil> [{<nil> 0xc000898dc0 <nil> <nil> 0xc000898db0 <nil> <nil> {}} {<nil> 0xc000898de0 <nil> <nil> 0xc000898dd0 <nil> <nil> {}} {<nil> 0xc000898e00 <nil> <nil> 0xc000898df0 <nil> <nil> {}}] {}} {0xc000dcea88 0xc000898e10 [{0xc000898e20 <nil> {}}] [{0xc000898e30 <nil> {}}] [] 0xc000dceaa8 [] {}}]
2026-06-19T12:47:10.303138392Z I0619 12:47:10.302709       1 aws.go:1305] Comparing sg-0f7fe0539819ea19f to sg-045edc8fca1b6ef4f
2026-06-19T12:47:10.303141575Z I0619 12:47:10.302717       1 aws.go:1305] Comparing sg-0f7fe0539819ea19f to sg-0634b775b94a31c79
2026-06-19T12:47:10.303144249Z I0619 12:47:10.302722       1 aws.go:1305] Comparing sg-0f7fe0539819ea19f to sg-017096e80397e9ae2
2026-06-19T12:47:10.303146943Z I0619 12:47:10.302729       1 aws.go:1436] Adding security group ingress: sg-045edc8fca1b6ef4f [{<nil> 0xc000a07a90 [] [] [] <nil> [{<nil> 0xc0008985f0 <nil> <nil> <nil> <nil> <nil> {}}] {}}]
2026-06-19T12:47:10.540729298Z I0619 12:47:10.540162       1 aws_loadbalancer.go:1631] Instances added to load-balancer a6991889ad326481292d3452c21acf73
2026-06-19T12:47:10.540772480Z I0619 12:47:10.540197       1 aws.go:2589] Loadbalancer a6991889ad326481292d3452c21acf73 (kubentic-foresight/vlogs-server) has DNS name a6991889ad326481292d3452c21acf73-81310642.us-west-2.elb.amazonaws.com
2026-06-19T12:47:10.540775847Z I0619 12:47:10.540279       1 controller.go:985] Patching status for service kubentic-foresight/vlogs-server
2026-06-19T12:47:10.540788269Z I0619 12:47:10.540621       1 event.go:389] "Event occurred" object="kubentic-foresight/vlogs-server" fieldPath="" kind="Service" apiVersion="v1" type="Normal" reason="EnsuredLoadBalancer" message="Ensured load balancer"
2026-06-19T12:47:14.238484894Z I0619 12:47:14.237965       1 controller.go:402] Ensuring load balancer for service kubentic-foresight/vmsingle-vmstack-additional-service
2026-06-19T12:47:14.238521890Z I0619 12:47:14.238036       1 controller.go:944] Adding finalizer to service kubentic-foresight/vmsingle-vmstack-additional-service
2026-06-19T12:47:14.239973721Z I0619 12:47:14.239848       1 event.go:389] "Event occurred" object="kubentic-foresight/vmsingle-vmstack-additional-service" fieldPath="" kind="Service" apiVersion="v1" type="Normal" reason="EnsuringLoadBalancer" message="Ensuring load balancer"
2026-06-19T12:47:14.250858778Z I0619 12:47:14.250520       1 aws.go:2167] EnsureLoadBalancer(mycluster.k8s.local, kubentic-foresight, vmsingle-vmstack-additional-service, us-west-2, , [{http TCP <nil> 8428 {0 8428 } 31873}], map[])
2026-06-19T12:47:14.858045329Z I0619 12:47:14.857905       1 aws.go:1333] Existing security group ingress: sg-0911f770a35aae5ba []
2026-06-19T12:47:14.858188718Z I0619 12:47:14.857957       1 aws.go:1364] Adding security group ingress: sg-0911f770a35aae5ba [{0xc000c08a00 0xc000e41a70 [{0xc000e41a50 <nil> {}}] [] [] 0xc000c08a04 [] {}} {0xc000c089f8 0xc000e41a60 [{0xc000e41a50 <nil> {}}] [] [] 0xc000c089fc [] {}}]
2026-06-19T12:47:15.034936723Z I0619 12:47:15.034800       1 aws_loadbalancer.go:1183] Creating load balancer for kubentic-foresight/vmsingle-vmstack-additional-service with name: a272285ccbe2f4eb39a6f5da116cb57c
2026-06-19T12:47:15.774678385Z I0619 12:47:15.774124       1 aws_loadbalancer.go:1386] Updating load-balancer attributes for "a272285ccbe2f4eb39a6f5da116cb57c"
2026-06-19T12:47:16.152277509Z I0619 12:47:16.152133       1 aws.go:2832] Adding rule for traffic from the load balancer (sg-0911f770a35aae5ba) to instances (sg-045edc8fca1b6ef4f)
2026-06-19T12:47:16.225955585Z I0619 12:47:16.225706       1 aws.go:1408] Existing security group ingress: sg-045edc8fca1b6ef4f [{0xc000c09f38 0xc000e2eb70 [{0xc000e2eb80 <nil> {}}] [] [] 0xc000c09f58 [] {}} {<nil> 0xc000e2eb90 [] [] [] <nil> [{<nil> 0xc000e2ebb0 <nil> <nil> 0xc000e2eba0 <nil> <nil> {}} {<nil> 0xc000e2ebd0 <nil> <nil> 0xc000e2ebc0 <nil> <nil> {}} {<nil> 0xc000e2ebf0 <nil> <nil> 0xc000e2ebe0 <nil> <nil> {}} {<nil> 0xc000e2ec10 <nil> <nil> 0xc000e2ec00 <nil> <nil> {}}] {}} {0xc000e52198 0xc000e2ec20 [{0xc000e2ec30 <nil> {}}] [{0xc000e2ec40 <nil> {}}] [] 0xc000e521b8 [] {}}]
2026-06-19T12:47:16.225982034Z I0619 12:47:16.225757       1 aws.go:1305] Comparing sg-0911f770a35aae5ba to sg-045edc8fca1b6ef4f
2026-06-19T12:47:16.225984558Z I0619 12:47:16.225764       1 aws.go:1305] Comparing sg-0911f770a35aae5ba to sg-0634b775b94a31c79
2026-06-19T12:47:16.225986358Z I0619 12:47:16.225768       1 aws.go:1305] Comparing sg-0911f770a35aae5ba to sg-017096e80397e9ae2
2026-06-19T12:47:16.225988146Z I0619 12:47:16.225771       1 aws.go:1305] Comparing sg-0911f770a35aae5ba to sg-0f7fe0539819ea19f
2026-06-19T12:47:16.225992990Z I0619 12:47:16.225778       1 aws.go:1436] Adding security group ingress: sg-045edc8fca1b6ef4f [{<nil> 0xc000d3f8e0 [] [] [] <nil> [{<nil> 0xc000d3f2f0 <nil> <nil> <nil> <nil> <nil> {}}] {}}]
2026-06-19T12:47:16.489115719Z I0619 12:47:16.488915       1 aws_loadbalancer.go:1631] Instances added to load-balancer a272285ccbe2f4eb39a6f5da116cb57c
2026-06-19T12:47:16.489309229Z I0619 12:47:16.489021       1 aws.go:2589] Loadbalancer a272285ccbe2f4eb39a6f5da116cb57c (kubentic-foresight/vmsingle-vmstack-additional-service) has DNS name a272285ccbe2f4eb39a6f5da116cb57c-369095712.us-west-2.elb.amazonaws.com
2026-06-19T12:47:16.489347274Z I0619 12:47:16.489110       1 controller.go:985] Patching status for service kubentic-foresight/vmsingle-vmstack-additional-service
2026-06-19T12:47:16.490169211Z I0619 12:47:16.489268       1 event.go:389] "Event occurred" object="kubentic-foresight/vmsingle-vmstack-additional-service" fieldPath="" kind="Service" apiVersion="v1" type="Normal" reason="EnsuredLoadBalancer" message="Ensured load balancer"
2026-06-19T12:50:41.578193353Z I0619 12:50:41.578026       1 batcher.go:146] Batch processing duration: 100.565031ms
2026-06-19T12:50:41.578247730Z I0619 12:50:41.578092       1 batcher.go:187] Batch size for label describe_instance is 1
2026-06-19T12:50:41.578377841Z I0619 12:50:41.578106       1 describe_instance_batch.go:85] Batched describe instances &{<nil> [] [i-0d94ada325e8491c5] <nil> <nil> {}}
2026-06-19T12:50:41.715406662Z I0619 12:50:41.715225       1 instances_v2.go:106] No instance topolopy for instance type t3.medium available.
2026-06-19T12:50:41.816736700Z I0619 12:50:41.816431       1 batcher.go:146] Batch processing duration: 101.104612ms
2026-06-19T12:50:41.816901173Z I0619 12:50:41.816494       1 batcher.go:187] Batch size for label describe_instance is 1
2026-06-19T12:50:41.816906862Z I0619 12:50:41.816507       1 describe_instance_batch.go:85] Batched describe instances &{<nil> [] [i-0010bc1572a60c430] <nil> <nil> {}}
2026-06-19T12:50:41.937920801Z I0619 12:50:41.937729       1 instances_v2.go:106] No instance topolopy for instance type t3.medium available.
2026-06-19T12:50:42.039458342Z I0619 12:50:42.038536       1 batcher.go:146] Batch processing duration: 100.723938ms
2026-06-19T12:50:42.039495471Z I0619 12:50:42.038679       1 batcher.go:187] Batch size for label describe_instance is 1
2026-06-19T12:50:42.039499482Z I0619 12:50:42.038745       1 describe_instance_batch.go:85] Batched describe instances &{<nil> [] [i-0ecec600693268f66] <nil> <nil> {}}
2026-06-19T12:50:42.163647225Z I0619 12:50:42.163447       1 instances_v2.go:106] No instance topolopy for instance type t3.medium available.
2026-06-19T12:50:42.163673805Z I0619 12:50:42.163488       1 node_controller.go:271] Update 3 nodes status took 686.140342ms.
2026-06-19T12:55:42.265940393Z I0619 12:55:42.264761       1 batcher.go:146] Batch processing duration: 100.228921ms
2026-06-19T12:55:42.266233045Z I0619 12:55:42.264824       1 batcher.go:187] Batch size for label describe_instance is 1
2026-06-19T12:55:42.266238231Z I0619 12:55:42.264936       1 describe_instance_batch.go:85] Batched describe instances &{<nil> [] [i-0d94ada325e8491c5] <nil> <nil> {}}
2026-06-19T12:55:42.415003100Z I0619 12:55:42.414825       1 instances_v2.go:106] No instance topolopy for instance type t3.medium available.
2026-06-19T12:55:42.515855244Z I0619 12:55:42.515631       1 batcher.go:146] Batch processing duration: 100.693226ms
2026-06-19T12:55:42.515894212Z I0619 12:55:42.515691       1 batcher.go:187] Batch size for label describe_instance is 1
2026-06-19T12:55:42.515899033Z I0619 12:55:42.515705       1 describe_instance_batch.go:85] Batched describe instances &{<nil> [] [i-0010bc1572a60c430] <nil> <nil> {}}
2026-06-19T12:55:42.583775543Z I0619 12:55:42.583570       1 instances_v2.go:106] No instance topolopy for instance type t3.medium available.
2026-06-19T12:55:42.684650953Z I0619 12:55:42.683940       1 batcher.go:146] Batch processing duration: 100.269583ms
2026-06-19T12:55:42.684683171Z I0619 12:55:42.683989       1 batcher.go:187] Batch size for label describe_instance is 1
2026-06-19T12:55:42.684688626Z I0619 12:55:42.684001       1 describe_instance_batch.go:85] Batched describe instances &{<nil> [] [i-0ecec600693268f66] <nil> <nil> {}}
2026-06-19T12:55:42.758356982Z I0619 12:55:42.758195       1 instances_v2.go:106] No instance topolopy for instance type t3.medium available.
2026-06-19T12:55:42.758386425Z I0619 12:55:42.758231       1 node_controller.go:271] Update 3 nodes status took 593.813953ms.
