2026-06-19T09:57:36.043660974Z I0619 09:57:36.043388       1 leaderelection.go:293] successfully renewed lease kube-system/ebs-csi-aws-com
2026-06-19T09:57:41.049402103Z I0619 09:57:41.049173       1 leaderelection.go:293] successfully renewed lease kube-system/ebs-csi-aws-com
2026-06-19T09:57:43.105660209Z I0619 09:57:43.105478       1 reflector.go:946] "Watch close" reflector="k8s.io/client-go/informers/factory.go:160" type="*v1.Node" totalItems=15
2026-06-19T09:57:46.054666952Z I0619 09:57:46.054527       1 leaderelection.go:293] successfully renewed lease kube-system/ebs-csi-aws-com
2026-06-19T09:57:50.417513207Z I0619 09:57:50.417300       1 reflector.go:946] "Watch close" reflector="sigs.k8s.io/sig-storage-lib-external-provisioner/v11/controller/controller.go:872" type="*v1.PersistentVolume" totalItems=9
2026-06-19T09:57:51.060508859Z I0619 09:57:51.060383       1 leaderelection.go:293] successfully renewed lease kube-system/ebs-csi-aws-com
2026-06-19T09:57:56.066449052Z I0619 09:57:56.066303       1 leaderelection.go:293] successfully renewed lease kube-system/ebs-csi-aws-com
2026-06-19T09:58:01.078820572Z I0619 09:58:01.078049       1 leaderelection.go:293] successfully renewed lease kube-system/ebs-csi-aws-com
2026-06-19T09:58:02.088564802Z I0619 09:58:02.087933       1 reflector.go:946] "Watch close" reflector="k8s.io/client-go/informers/factory.go:160" type="*v1.StorageClass" totalItems=6
2026-06-19T09:58:06.086628378Z I0619 09:58:06.086207       1 leaderelection.go:293] successfully renewed lease kube-system/ebs-csi-aws-com
2026-06-19T09:58:11.091244699Z I0619 09:58:11.091094       1 leaderelection.go:293] successfully renewed lease kube-system/ebs-csi-aws-com
2026-06-19T09:58:16.096875650Z I0619 09:58:16.096641       1 leaderelection.go:293] successfully renewed lease kube-system/ebs-csi-aws-com
2026-06-19T09:58:21.102728510Z I0619 09:58:21.102492       1 leaderelection.go:293] successfully renewed lease kube-system/ebs-csi-aws-com
2026-06-19T09:58:26.108882647Z I0619 09:58:26.108701       1 leaderelection.go:293] successfully renewed lease kube-system/ebs-csi-aws-com
2026-06-19T09:58:31.114486243Z I0619 09:58:31.114336       1 leaderelection.go:293] successfully renewed lease kube-system/ebs-csi-aws-com
2026-06-19T09:58:36.120295687Z I0619 09:58:36.120055       1 leaderelection.go:293] successfully renewed lease kube-system/ebs-csi-aws-com
2026-06-19T09:58:41.125665853Z I0619 09:58:41.125530       1 leaderelection.go:293] successfully renewed lease kube-system/ebs-csi-aws-com
2026-06-19T09:58:46.131295501Z I0619 09:58:46.131159       1 leaderelection.go:293] successfully renewed lease kube-system/ebs-csi-aws-com
2026-06-19T09:58:51.136587510Z I0619 09:58:51.136424       1 leaderelection.go:293] successfully renewed lease kube-system/ebs-csi-aws-com
2026-06-19T09:58:56.141826537Z I0619 09:58:56.141485       1 leaderelection.go:293] successfully renewed lease kube-system/ebs-csi-aws-com
2026-06-19T09:59:01.156449035Z I0619 09:59:01.155800       1 leaderelection.go:293] successfully renewed lease kube-system/ebs-csi-aws-com
2026-06-19T09:59:06.164569706Z I0619 09:59:06.164408       1 leaderelection.go:293] successfully renewed lease kube-system/ebs-csi-aws-com
2026-06-19T09:59:11.170070614Z I0619 09:59:11.169949       1 leaderelection.go:293] successfully renewed lease kube-system/ebs-csi-aws-com
2026-06-19T09:59:16.176026385Z I0619 09:59:16.175889       1 leaderelection.go:293] successfully renewed lease kube-system/ebs-csi-aws-com
2026-06-19T09:59:21.181720088Z I0619 09:59:21.181531       1 leaderelection.go:293] successfully renewed lease kube-system/ebs-csi-aws-com
2026-06-19T09:59:26.187448421Z I0619 09:59:26.187323       1 leaderelection.go:293] successfully renewed lease kube-system/ebs-csi-aws-com
2026-06-19T09:59:31.194924122Z I0619 09:59:31.194791       1 leaderelection.go:293] successfully renewed lease kube-system/ebs-csi-aws-com
2026-06-19T09:59:36.200844249Z I0619 09:59:36.200700       1 leaderelection.go:293] successfully renewed lease kube-system/ebs-csi-aws-com
2026-06-19T09:59:41.206353515Z I0619 09:59:41.206207       1 leaderelection.go:293] successfully renewed lease kube-system/ebs-csi-aws-com
2026-06-19T09:59:46.212394549Z I0619 09:59:46.212290       1 leaderelection.go:293] successfully renewed lease kube-system/ebs-csi-aws-com
2026-06-19T09:59:51.218125063Z I0619 09:59:51.217980       1 leaderelection.go:293] successfully renewed lease kube-system/ebs-csi-aws-com
2026-06-19T09:59:56.231120213Z I0619 09:59:56.231035       1 leaderelection.go:293] successfully renewed lease kube-system/ebs-csi-aws-com
2026-06-19T10:00:01.391007950Z I0619 10:00:01.387877       1 leaderelection.go:293] successfully renewed lease kube-system/ebs-csi-aws-com
2026-06-19T10:00:06.412585380Z I0619 10:00:06.411962       1 leaderelection.go:293] successfully renewed lease kube-system/ebs-csi-aws-com
2026-06-19T10:00:11.455729369Z I0619 10:00:11.455362       1 leaderelection.go:293] successfully renewed lease kube-system/ebs-csi-aws-com
2026-06-19T10:00:16.461933057Z I0619 10:00:16.461765       1 leaderelection.go:293] successfully renewed lease kube-system/ebs-csi-aws-com
2026-06-19T10:00:21.470580168Z I0619 10:00:21.470311       1 leaderelection.go:293] successfully renewed lease kube-system/ebs-csi-aws-com
2026-06-19T10:00:26.477472830Z I0619 10:00:26.477327       1 leaderelection.go:293] successfully renewed lease kube-system/ebs-csi-aws-com
2026-06-19T10:00:31.483303363Z I0619 10:00:31.483180       1 leaderelection.go:293] successfully renewed lease kube-system/ebs-csi-aws-com
2026-06-19T10:00:36.489420412Z I0619 10:00:36.488923       1 leaderelection.go:293] successfully renewed lease kube-system/ebs-csi-aws-com
2026-06-19T10:00:37.059034873Z I0619 10:00:37.058854       1 reflector.go:450] "Forcing resync" reflector="k8s.io/client-go/informers/factory.go:160"
2026-06-19T10:00:37.137979373Z I0619 10:00:37.137422       1 reflector.go:450] "Forcing resync" reflector="sigs.k8s.io/sig-storage-lib-external-provisioner/v11/controller/controller.go:872"
2026-06-19T10:00:37.138008815Z I0619 10:00:37.137526       1 controller.go:1185] "handleProtectionFinalizer" PV="&PersistentVolume{ObjectMeta:{pvc-1a628bbe-2164-4e38-b041-a415818a50ec    b031663e-79d8-44ff-a9be-849a9638fa56 1995 0 2026-06-19 07:49:00 +0000 UTC <nil> <nil> map[] map[pv.kubernetes.io/provisioned-by:ebs.csi.aws.com volume.kubernetes.io/provisioner-deletion-secret-name: volume.kubernetes.io/provisioner-deletion-secret-namespace:] [] [external-provisioner.volume.kubernetes.io/finalizer kubernetes.io/pv-protection external-attacher/ebs-csi-aws-com] [{csi-provisioner Update v1 2026-06-19 07:49:00 +0000 UTC FieldsV1 {\"f:metadata\":{\"f:annotations\":{\".\":{},\"f:pv.kubernetes.io/provisioned-by\":{},\"f:volume.kubernetes.io/provisioner-deletion-secret-name\":{},\"f:volume.kubernetes.io/provisioner-deletion-secret-namespace\":{}},\"f:finalizers\":{\".\":{},\"v:\\\"external-provisioner.volume.kubernetes.io/finalizer\\\"\":{}}},\"f:spec\":{\"f:accessModes\":{},\"f:capacity\":{\".\":{},\"f:storage\":{}},\"f:claimRef\":{\".\":{},\"f:apiVersion\":{},\"f:kind\":{},\"f:name\":{},\"f:namespace\":{},\"f:resourceVersion\":{},\"f:uid\":{}},\"f:csi\":{\".\":{},\"f:driver\":{},\"f:fsType\":{},\"f:volumeAttributes\":{\".\":{},\"f:storage.kubernetes.io/csiProvisionerIdentity\":{}},\"f:volumeHandle\":{}},\"f:nodeAffinity\":{\".\":{},\"f:required\":{}},\"f:persistentVolumeReclaimPolicy\":{},\"f:storageClassName\":{},\"f:volumeMode\":{}}} } {kube-controller-manager Update v1 2026-06-19 07:49:00 +0000 UTC FieldsV1 {\"f:status\":{\"f:phase\":{}}} status} {csi-attacher Update v1 2026-06-19 07:49:01 +0000 UTC FieldsV1 {\"f:metadata\":{\"f:finalizers\":{\"v:\\\"external-attacher/ebs-csi-aws-com\\\"\":{}}}} }]},Spec:PersistentVolumeSpec{Capacity:ResourceList{storage: {{10737418240 0} {<nil>} 10Gi BinarySI},},PersistentVolumeSource:PersistentVolumeSource{GCEPersistentDisk:nil,AWSElasticBlockStore:nil,HostPath:nil,Glusterfs:nil,NFS:nil,RBD:nil,ISCSI:nil,Cinder:nil,CephFS:nil,FC:nil,Flocker:nil,FlexVolume:nil,AzureFile:nil,VsphereVolume:nil,Quobyte:nil,AzureDisk:nil,PhotonPersistentDisk:nil,PortworxVolume:nil,ScaleIO:nil,Local:nil,StorageOS:nil,CSI:&CSIPersistentVolumeSource{Driver:ebs.csi.aws.com,VolumeHandle:vol-092395df607f30c5f,ReadOnly:false,FSType:ext4,VolumeAttributes:map[string]string{storage.kubernetes.io/csiProvisionerIdentity: 1781855100628-189-ebs.csi.aws.com,},ControllerPublishSecretRef:nil,NodeStageSecretRef:nil,NodePublishSecretRef:nil,ControllerExpandSecretRef:nil,NodeExpandSecretRef:nil,},},AccessModes:[ReadWriteOnce],ClaimRef:&ObjectReference{Kind:PersistentVolumeClaim,Namespace:kubentic-foresight,Name:vmsingle-vmstack,UID:1a628bbe-2164-4e38-b041-a415818a50ec,APIVersion:v1,ResourceVersion:1964,FieldPath:,},PersistentVolumeReclaimPolicy:Delete,StorageClassName:kops-csi-1-21,MountOptions:[],VolumeMode:*Filesystem,NodeAffinity:&VolumeNodeAffinity{Required:&NodeSelector{NodeSelectorTerms:[]NodeSelectorTerm{NodeSelectorTerm{MatchExpressions:[]NodeSelectorRequirement{NodeSelectorRequirement{Key:topology.kubernetes.io/zone,Operator:In,Values:[us-west-2a],},},MatchFields:[]NodeSelectorRequirement{},},},},},VolumeAttributesClassName:nil,},Status:PersistentVolumeStatus{Phase:Bound,Message:,Reason:,LastPhaseTransitionTime:2026-06-19 07:49:00 +0000 UTC,},}"
2026-06-19T10:00:37.138045301Z I0619 10:00:37.137522       1 controller.go:1185] "handleProtectionFinalizer" PV="&PersistentVolume{ObjectMeta:{pvc-5ad2bf1d-ae16-44b2-96c7-a7f846d9377a    55d3ca47-5a72-412c-9398-c6666cb964ca 1829 0 2026-06-19 07:48:46 +0000 UTC <nil> <nil> map[] map[pv.kubernetes.io/provisioned-by:ebs.csi.aws.com volume.kubernetes.io/provisioner-deletion-secret-name: volume.kubernetes.io/provisioner-deletion-secret-namespace:] [] [external-provisioner.volume.kubernetes.io/finalizer kubernetes.io/pv-protection external-attacher/ebs-csi-aws-com] [{csi-provisioner Update v1 2026-06-19 07:48:46 +0000 UTC FieldsV1 {\"f:metadata\":{\"f:annotations\":{\".\":{},\"f:pv.kubernetes.io/provisioned-by\":{},\"f:volume.kubernetes.io/provisioner-deletion-secret-name\":{},\"f:volume.kubernetes.io/provisioner-deletion-secret-namespace\":{}},\"f:finalizers\":{\".\":{},\"v:\\\"external-provisioner.volume.kubernetes.io/finalizer\\\"\":{}}},\"f:spec\":{\"f:accessModes\":{},\"f:capacity\":{\".\":{},\"f:storage\":{}},\"f:claimRef\":{\".\":{},\"f:apiVersion\":{},\"f:kind\":{},\"f:name\":{},\"f:namespace\":{},\"f:resourceVersion\":{},\"f:uid\":{}},\"f:csi\":{\".\":{},\"f:driver\":{},\"f:fsType\":{},\"f:volumeAttributes\":{\".\":{},\"f:storage.kubernetes.io/csiProvisionerIdentity\":{}},\"f:volumeHandle\":{}},\"f:nodeAffinity\":{\".\":{},\"f:required\":{}},\"f:persistentVolumeReclaimPolicy\":{},\"f:storageClassName\":{},\"f:volumeMode\":{}}} } {kube-controller-manager Update v1 2026-06-19 07:48:46 +0000 UTC FieldsV1 {\"f:status\":{\"f:phase\":{}}} status} {csi-attacher Update v1 2026-06-19 07:48:47 +0000 UTC FieldsV1 {\"f:metadata\":{\"f:finalizers\":{\"v:\\\"external-attacher/ebs-csi-aws-com\\\"\":{}}}} }]},Spec:PersistentVolumeSpec{Capacity:ResourceList{storage: {{10737418240 0} {<nil>} 10Gi BinarySI},},PersistentVolumeSource:PersistentVolumeSource{GCEPersistentDisk:nil,AWSElasticBlockStore:nil,HostPath:nil,Glusterfs:nil,NFS:nil,RBD:nil,ISCSI:nil,Cinder:nil,CephFS:nil,FC:nil,Flocker:nil,FlexVolume:nil,AzureFile:nil,VsphereVolume:nil,Quobyte:nil,AzureDisk:nil,PhotonPersistentDisk:nil,PortworxVolume:nil,ScaleIO:nil,Local:nil,StorageOS:nil,CSI:&CSIPersistentVolumeSource{Driver:ebs.csi.aws.com,VolumeHandle:vol-02992f401c0c3a97b,ReadOnly:false,FSType:ext4,VolumeAttributes:map[string]string{storage.kubernetes.io/csiProvisionerIdentity: 1781855100628-189-ebs.csi.aws.com,},ControllerPublishSecretRef:nil,NodeStageSecretRef:nil,NodePublishSecretRef:nil,ControllerExpandSecretRef:nil,NodeExpandSecretRef:nil,},},AccessModes:[ReadWriteOnce],ClaimRef:&ObjectReference{Kind:PersistentVolumeClaim,Namespace:kubentic-foresight,Name:server-volume-vlogs-server-0,UID:5ad2bf1d-ae16-44b2-96c7-a7f846d9377a,APIVersion:v1,ResourceVersion:1771,FieldPath:,},PersistentVolumeReclaimPolicy:Delete,StorageClassName:kops-csi-1-21,MountOptions:[],VolumeMode:*Filesystem,NodeAffinity:&VolumeNodeAffinity{Required:&NodeSelector{NodeSelectorTerms:[]NodeSelectorTerm{NodeSelectorTerm{MatchExpressions:[]NodeSelectorRequirement{NodeSelectorRequirement{Key:topology.kubernetes.io/zone,Operator:In,Values:[us-west-2a],},},MatchFields:[]NodeSelectorRequirement{},},},},},VolumeAttributesClassName:nil,},Status:PersistentVolumeStatus{Phase:Bound,Message:,Reason:,LastPhaseTransitionTime:2026-06-19 07:48:46 +0000 UTC,},}"
2026-06-19T10:00:37.138054508Z I0619 10:00:37.137823       1 controller.go:1272] "shouldDelete" PV="pvc-5ad2bf1d-ae16-44b2-96c7-a7f846d9377a"
2026-06-19T10:00:37.138057671Z I0619 10:00:37.137832       1 controller.go:1293] "shouldDelete is false: PersistentVolumePhase is not Released" PV="pvc-5ad2bf1d-ae16-44b2-96c7-a7f846d9377a"
2026-06-19T10:00:37.138059838Z I0619 10:00:37.137821       1 controller.go:1272] "shouldDelete" PV="pvc-1a628bbe-2164-4e38-b041-a415818a50ec"
2026-06-19T10:00:37.138061546Z I0619 10:00:37.137849       1 controller.go:1293] "shouldDelete is false: PersistentVolumePhase is not Released" PV="pvc-1a628bbe-2164-4e38-b041-a415818a50ec"
2026-06-19T10:00:41.494365923Z I0619 10:00:41.494244       1 leaderelection.go:293] successfully renewed lease kube-system/ebs-csi-aws-com
2026-06-19T10:00:46.500112177Z I0619 10:00:46.499924       1 leaderelection.go:293] successfully renewed lease kube-system/ebs-csi-aws-com
2026-06-19T10:00:51.506893150Z I0619 10:00:51.506693       1 leaderelection.go:293] successfully renewed lease kube-system/ebs-csi-aws-com
2026-06-19T10:00:56.512872115Z I0619 10:00:56.512732       1 leaderelection.go:293] successfully renewed lease kube-system/ebs-csi-aws-com
2026-06-19T10:01:01.715574826Z I0619 10:01:01.715430       1 leaderelection.go:293] successfully renewed lease kube-system/ebs-csi-aws-com
2026-06-19T10:01:06.723650541Z I0619 10:01:06.723122       1 leaderelection.go:293] successfully renewed lease kube-system/ebs-csi-aws-com
2026-06-19T10:01:11.730849984Z I0619 10:01:11.730732       1 leaderelection.go:293] successfully renewed lease kube-system/ebs-csi-aws-com
2026-06-19T10:01:16.739076636Z I0619 10:01:16.738777       1 leaderelection.go:293] successfully renewed lease kube-system/ebs-csi-aws-com
2026-06-19T10:01:21.744662171Z I0619 10:01:21.744500       1 leaderelection.go:293] successfully renewed lease kube-system/ebs-csi-aws-com
2026-06-19T10:01:26.749626645Z I0619 10:01:26.749461       1 leaderelection.go:293] successfully renewed lease kube-system/ebs-csi-aws-com
2026-06-19T10:01:31.755100058Z I0619 10:01:31.754979       1 leaderelection.go:293] successfully renewed lease kube-system/ebs-csi-aws-com
2026-06-19T10:01:36.760878595Z I0619 10:01:36.760675       1 leaderelection.go:293] successfully renewed lease kube-system/ebs-csi-aws-com
2026-06-19T10:01:41.766508372Z I0619 10:01:41.766212       1 leaderelection.go:293] successfully renewed lease kube-system/ebs-csi-aws-com
2026-06-19T10:01:46.774812947Z I0619 10:01:46.774626       1 leaderelection.go:293] successfully renewed lease kube-system/ebs-csi-aws-com
2026-06-19T10:01:51.781299728Z I0619 10:01:51.780790       1 leaderelection.go:293] successfully renewed lease kube-system/ebs-csi-aws-com
2026-06-19T10:01:56.786516509Z I0619 10:01:56.786312       1 leaderelection.go:293] successfully renewed lease kube-system/ebs-csi-aws-com
2026-06-19T10:02:02.231580831Z I0619 10:02:02.204366       1 leaderelection.go:293] successfully renewed lease kube-system/ebs-csi-aws-com
2026-06-19T10:02:03.239613568Z I0619 10:02:03.235409       1 reflector.go:946] "Watch close" reflector="k8s.io/client-go/informers/factory.go:160" type="*v1.VolumeAttachment" totalItems=9
2026-06-19T10:02:07.212835745Z I0619 10:02:07.212698       1 leaderelection.go:293] successfully renewed lease kube-system/ebs-csi-aws-com
2026-06-19T10:02:12.220171555Z I0619 10:02:12.220058       1 leaderelection.go:293] successfully renewed lease kube-system/ebs-csi-aws-com
2026-06-19T10:02:17.225525902Z I0619 10:02:17.225365       1 leaderelection.go:293] successfully renewed lease kube-system/ebs-csi-aws-com
2026-06-19T10:02:22.232023837Z I0619 10:02:22.231872       1 leaderelection.go:293] successfully renewed lease kube-system/ebs-csi-aws-com
2026-06-19T10:02:25.178229843Z I0619 10:02:25.178087       1 reflector.go:946] "Watch close" reflector="sigs.k8s.io/sig-storage-lib-external-provisioner/v11/controller/controller.go:875" type="*v1.StorageClass" totalItems=8
2026-06-19T10:02:27.238352079Z I0619 10:02:27.238217       1 leaderelection.go:293] successfully renewed lease kube-system/ebs-csi-aws-com
2026-06-19T10:02:32.242954902Z I0619 10:02:32.242748       1 leaderelection.go:293] successfully renewed lease kube-system/ebs-csi-aws-com
2026-06-19T10:02:37.267967263Z I0619 10:02:37.267837       1 leaderelection.go:293] successfully renewed lease kube-system/ebs-csi-aws-com
2026-06-19T10:02:42.275634460Z I0619 10:02:42.275401       1 leaderelection.go:293] successfully renewed lease kube-system/ebs-csi-aws-com
2026-06-19T10:02:47.281855973Z I0619 10:02:47.281725       1 leaderelection.go:293] successfully renewed lease kube-system/ebs-csi-aws-com
2026-06-19T10:02:52.288454713Z I0619 10:02:52.288336       1 leaderelection.go:293] successfully renewed lease kube-system/ebs-csi-aws-com
2026-06-19T10:02:57.295231819Z I0619 10:02:57.295122       1 leaderelection.go:293] successfully renewed lease kube-system/ebs-csi-aws-com
2026-06-19T10:03:02.329661225Z I0619 10:03:02.329409       1 leaderelection.go:293] successfully renewed lease kube-system/ebs-csi-aws-com
2026-06-19T10:03:07.336326820Z I0619 10:03:07.335913       1 leaderelection.go:293] successfully renewed lease kube-system/ebs-csi-aws-com
2026-06-19T10:03:12.341646657Z I0619 10:03:12.341504       1 leaderelection.go:293] successfully renewed lease kube-system/ebs-csi-aws-com
2026-06-19T10:03:17.347093023Z I0619 10:03:17.346965       1 leaderelection.go:293] successfully renewed lease kube-system/ebs-csi-aws-com
2026-06-19T10:03:22.352434604Z I0619 10:03:22.352308       1 leaderelection.go:293] successfully renewed lease kube-system/ebs-csi-aws-com
2026-06-19T10:03:27.357880574Z I0619 10:03:27.357742       1 leaderelection.go:293] successfully renewed lease kube-system/ebs-csi-aws-com
2026-06-19T10:03:32.363101639Z I0619 10:03:32.362649       1 leaderelection.go:293] successfully renewed lease kube-system/ebs-csi-aws-com
2026-06-19T10:03:37.368419003Z I0619 10:03:37.368271       1 leaderelection.go:293] successfully renewed lease kube-system/ebs-csi-aws-com
2026-06-19T10:03:42.375954213Z I0619 10:03:42.375754       1 leaderelection.go:293] successfully renewed lease kube-system/ebs-csi-aws-com
2026-06-19T10:03:47.382502219Z I0619 10:03:47.382357       1 leaderelection.go:293] successfully renewed lease kube-system/ebs-csi-aws-com
2026-06-19T10:03:52.390814301Z I0619 10:03:52.390680       1 leaderelection.go:293] successfully renewed lease kube-system/ebs-csi-aws-com
2026-06-19T10:03:57.395718413Z I0619 10:03:57.395598       1 leaderelection.go:293] successfully renewed lease kube-system/ebs-csi-aws-com
2026-06-19T10:04:02.632287005Z I0619 10:04:02.590650       1 leaderelection.go:293] successfully renewed lease kube-system/ebs-csi-aws-com
2026-06-19T10:04:07.615658434Z I0619 10:04:07.615449       1 leaderelection.go:293] successfully renewed lease kube-system/ebs-csi-aws-com
2026-06-19T10:04:10.421513406Z I0619 10:04:10.421236       1 reflector.go:946] "Watch close" reflector="sigs.k8s.io/sig-storage-lib-external-provisioner/v11/controller/controller.go:872" type="*v1.PersistentVolume" totalItems=7
2026-06-19T10:04:12.624599759Z I0619 10:04:12.624408       1 leaderelection.go:293] successfully renewed lease kube-system/ebs-csi-aws-com
2026-06-19T10:04:17.630822863Z I0619 10:04:17.630666       1 leaderelection.go:293] successfully renewed lease kube-system/ebs-csi-aws-com
2026-06-19T10:04:22.136619876Z I0619 10:04:22.136338       1 reflector.go:946] "Watch close" reflector="k8s.io/client-go/informers/factory.go:160" type="*v1.CSINode" totalItems=11
2026-06-19T10:04:22.637357307Z I0619 10:04:22.636912       1 leaderelection.go:293] successfully renewed lease kube-system/ebs-csi-aws-com
2026-06-19T10:04:27.643245336Z I0619 10:04:27.643117       1 leaderelection.go:293] successfully renewed lease kube-system/ebs-csi-aws-com
2026-06-19T10:04:32.649487684Z I0619 10:04:32.649360       1 leaderelection.go:293] successfully renewed lease kube-system/ebs-csi-aws-com
2026-06-19T10:04:37.655001218Z I0619 10:04:37.654853       1 leaderelection.go:293] successfully renewed lease kube-system/ebs-csi-aws-com
2026-06-19T10:04:40.114929385Z I0619 10:04:40.114711       1 reflector.go:946] "Watch close" reflector="k8s.io/client-go/informers/factory.go:160" type="*v1.PersistentVolumeClaim" totalItems=10
2026-06-19T10:04:42.661313135Z I0619 10:04:42.661136       1 leaderelection.go:293] successfully renewed lease kube-system/ebs-csi-aws-com
2026-06-19T10:04:47.666739303Z I0619 10:04:47.666613       1 leaderelection.go:293] successfully renewed lease kube-system/ebs-csi-aws-com
2026-06-19T10:04:52.674323192Z I0619 10:04:52.674112       1 leaderelection.go:293] successfully renewed lease kube-system/ebs-csi-aws-com
2026-06-19T10:04:57.680204535Z I0619 10:04:57.680018       1 leaderelection.go:293] successfully renewed lease kube-system/ebs-csi-aws-com
2026-06-19T10:05:01.093393168Z I0619 10:05:01.092691       1 reflector.go:946] "Watch close" reflector="k8s.io/client-go/informers/factory.go:160" type="*v1.StorageClass" totalItems=7
2026-06-19T10:05:02.710262329Z I0619 10:05:02.709987       1 leaderelection.go:293] successfully renewed lease kube-system/ebs-csi-aws-com
2026-06-19T10:05:07.729468249Z I0619 10:05:07.727906       1 leaderelection.go:293] successfully renewed lease kube-system/ebs-csi-aws-com
2026-06-19T10:05:12.736160798Z I0619 10:05:12.736018       1 leaderelection.go:293] successfully renewed lease kube-system/ebs-csi-aws-com
2026-06-19T10:05:17.742523800Z I0619 10:05:17.742352       1 leaderelection.go:293] successfully renewed lease kube-system/ebs-csi-aws-com
2026-06-19T10:05:22.749334292Z I0619 10:05:22.749187       1 leaderelection.go:293] successfully renewed lease kube-system/ebs-csi-aws-com
2026-06-19T10:05:27.755714851Z I0619 10:05:27.755591       1 leaderelection.go:293] successfully renewed lease kube-system/ebs-csi-aws-com
2026-06-19T10:05:30.107809968Z I0619 10:05:30.107600       1 reflector.go:946] "Watch close" reflector="k8s.io/client-go/informers/factory.go:160" type="*v1.Node" totalItems=12
2026-06-19T10:05:32.761641028Z I0619 10:05:32.761433       1 leaderelection.go:293] successfully renewed lease kube-system/ebs-csi-aws-com
2026-06-19T10:05:37.772162079Z I0619 10:05:37.772035       1 leaderelection.go:293] successfully renewed lease kube-system/ebs-csi-aws-com
2026-06-19T10:05:42.782147379Z I0619 10:05:42.781938       1 leaderelection.go:293] successfully renewed lease kube-system/ebs-csi-aws-com
2026-06-19T10:05:47.797406197Z I0619 10:05:47.797248       1 leaderelection.go:293] successfully renewed lease kube-system/ebs-csi-aws-com
2026-06-19T10:05:52.804708194Z I0619 10:05:52.804474       1 leaderelection.go:293] successfully renewed lease kube-system/ebs-csi-aws-com
2026-06-19T10:05:57.809956340Z I0619 10:05:57.809835       1 leaderelection.go:293] successfully renewed lease kube-system/ebs-csi-aws-com
2026-06-19T10:06:02.843281933Z I0619 10:06:02.843144       1 leaderelection.go:293] successfully renewed lease kube-system/ebs-csi-aws-com
2026-06-19T10:06:07.860980538Z I0619 10:06:07.858211       1 leaderelection.go:293] successfully renewed lease kube-system/ebs-csi-aws-com
2026-06-19T10:06:12.864404655Z I0619 10:06:12.864278       1 leaderelection.go:293] successfully renewed lease kube-system/ebs-csi-aws-com
2026-06-19T10:06:17.870164358Z I0619 10:06:17.870035       1 leaderelection.go:293] successfully renewed lease kube-system/ebs-csi-aws-com
2026-06-19T10:06:22.876601406Z I0619 10:06:22.876423       1 leaderelection.go:293] successfully renewed lease kube-system/ebs-csi-aws-com
2026-06-19T10:06:27.882856885Z I0619 10:06:27.882732       1 leaderelection.go:293] successfully renewed lease kube-system/ebs-csi-aws-com
2026-06-19T10:06:32.888508834Z I0619 10:06:32.888370       1 leaderelection.go:293] successfully renewed lease kube-system/ebs-csi-aws-com
2026-06-19T10:06:37.893962153Z I0619 10:06:37.893820       1 leaderelection.go:293] successfully renewed lease kube-system/ebs-csi-aws-com
2026-06-19T10:06:42.900719603Z I0619 10:06:42.900541       1 leaderelection.go:293] successfully renewed lease kube-system/ebs-csi-aws-com
2026-06-19T10:06:47.907492215Z I0619 10:06:47.907354       1 leaderelection.go:293] successfully renewed lease kube-system/ebs-csi-aws-com
2026-06-19T10:06:52.912325699Z I0619 10:06:52.912201       1 leaderelection.go:293] successfully renewed lease kube-system/ebs-csi-aws-com
2026-06-19T10:06:57.920382935Z I0619 10:06:57.920255       1 leaderelection.go:293] successfully renewed lease kube-system/ebs-csi-aws-com
2026-06-19T10:07:02.935401068Z I0619 10:07:02.935258       1 leaderelection.go:293] successfully renewed lease kube-system/ebs-csi-aws-com
2026-06-19T10:07:07.948620946Z I0619 10:07:07.947872       1 leaderelection.go:293] successfully renewed lease kube-system/ebs-csi-aws-com
2026-06-19T10:07:12.954538990Z I0619 10:07:12.954372       1 leaderelection.go:293] successfully renewed lease kube-system/ebs-csi-aws-com
2026-06-19T10:07:17.962299596Z I0619 10:07:17.962069       1 leaderelection.go:293] successfully renewed lease kube-system/ebs-csi-aws-com
2026-06-19T10:07:22.970716788Z I0619 10:07:22.970587       1 leaderelection.go:293] successfully renewed lease kube-system/ebs-csi-aws-com
2026-06-19T10:07:27.977322397Z I0619 10:07:27.976945       1 leaderelection.go:293] successfully renewed lease kube-system/ebs-csi-aws-com
2026-06-19T10:07:32.983064710Z I0619 10:07:32.982916       1 leaderelection.go:293] successfully renewed lease kube-system/ebs-csi-aws-com
2026-06-19T10:07:37.989846917Z I0619 10:07:37.989719       1 leaderelection.go:293] successfully renewed lease kube-system/ebs-csi-aws-com
2026-06-19T10:07:42.995538319Z I0619 10:07:42.995277       1 leaderelection.go:293] successfully renewed lease kube-system/ebs-csi-aws-com
2026-06-19T10:07:48.010841109Z I0619 10:07:48.010695       1 leaderelection.go:293] successfully renewed lease kube-system/ebs-csi-aws-com
2026-06-19T10:07:53.017037402Z I0619 10:07:53.016912       1 leaderelection.go:293] successfully renewed lease kube-system/ebs-csi-aws-com
2026-06-19T10:07:58.022274471Z I0619 10:07:58.022142       1 leaderelection.go:293] successfully renewed lease kube-system/ebs-csi-aws-com
2026-06-19T10:08:03.028795274Z I0619 10:08:03.028596       1 leaderelection.go:293] successfully renewed lease kube-system/ebs-csi-aws-com
2026-06-19T10:08:08.034583214Z I0619 10:08:08.034416       1 leaderelection.go:293] successfully renewed lease kube-system/ebs-csi-aws-com
2026-06-19T10:08:13.042028789Z I0619 10:08:13.041907       1 leaderelection.go:293] successfully renewed lease kube-system/ebs-csi-aws-com
2026-06-19T10:08:18.047449736Z I0619 10:08:18.047326       1 leaderelection.go:293] successfully renewed lease kube-system/ebs-csi-aws-com
2026-06-19T10:08:23.053952613Z I0619 10:08:23.053676       1 leaderelection.go:293] successfully renewed lease kube-system/ebs-csi-aws-com
2026-06-19T10:08:28.062780786Z I0619 10:08:28.062641       1 leaderelection.go:293] successfully renewed lease kube-system/ebs-csi-aws-com
2026-06-19T10:08:33.068091222Z I0619 10:08:33.067959       1 leaderelection.go:293] successfully renewed lease kube-system/ebs-csi-aws-com
2026-06-19T10:08:38.073069778Z I0619 10:08:38.072781       1 leaderelection.go:293] successfully renewed lease kube-system/ebs-csi-aws-com
2026-06-19T10:08:43.080486537Z I0619 10:08:43.080222       1 leaderelection.go:293] successfully renewed lease kube-system/ebs-csi-aws-com
2026-06-19T10:08:48.091073871Z I0619 10:08:48.090912       1 leaderelection.go:293] successfully renewed lease kube-system/ebs-csi-aws-com
2026-06-19T10:08:53.097033908Z I0619 10:08:53.096788       1 leaderelection.go:293] successfully renewed lease kube-system/ebs-csi-aws-com
2026-06-19T10:08:58.104419884Z I0619 10:08:58.104301       1 leaderelection.go:293] successfully renewed lease kube-system/ebs-csi-aws-com
2026-06-19T10:09:03.147209199Z I0619 10:09:03.147052       1 leaderelection.go:293] successfully renewed lease kube-system/ebs-csi-aws-com
2026-06-19T10:09:08.152754631Z I0619 10:09:08.152615       1 leaderelection.go:293] successfully renewed lease kube-system/ebs-csi-aws-com
2026-06-19T10:09:13.161794984Z I0619 10:09:13.161581       1 leaderelection.go:293] successfully renewed lease kube-system/ebs-csi-aws-com
2026-06-19T10:09:18.169728591Z I0619 10:09:18.169589       1 leaderelection.go:293] successfully renewed lease kube-system/ebs-csi-aws-com
2026-06-19T10:09:23.175575926Z I0619 10:09:23.175427       1 leaderelection.go:293] successfully renewed lease kube-system/ebs-csi-aws-com
2026-06-19T10:09:24.245636371Z I0619 10:09:24.245436       1 reflector.go:946] "Watch close" reflector="k8s.io/client-go/informers/factory.go:160" type="*v1.VolumeAttachment" totalItems=9
2026-06-19T10:09:28.181484981Z I0619 10:09:28.181325       1 leaderelection.go:293] successfully renewed lease kube-system/ebs-csi-aws-com
2026-06-19T10:09:33.187214358Z I0619 10:09:33.187061       1 leaderelection.go:293] successfully renewed lease kube-system/ebs-csi-aws-com
2026-06-19T10:09:38.194056199Z I0619 10:09:38.193929       1 leaderelection.go:293] successfully renewed lease kube-system/ebs-csi-aws-com
2026-06-19T10:09:43.199242533Z I0619 10:09:43.199093       1 leaderelection.go:293] successfully renewed lease kube-system/ebs-csi-aws-com
2026-06-19T10:09:48.206225877Z I0619 10:09:48.206088       1 leaderelection.go:293] successfully renewed lease kube-system/ebs-csi-aws-com
2026-06-19T10:09:53.212133470Z I0619 10:09:53.212012       1 leaderelection.go:293] successfully renewed lease kube-system/ebs-csi-aws-com
2026-06-19T10:09:58.220421554Z I0619 10:09:58.220286       1 leaderelection.go:293] successfully renewed lease kube-system/ebs-csi-aws-com
2026-06-19T10:10:02.451249511Z I0619 10:10:02.449622       1 reflector.go:946] "Watch close" reflector="sigs.k8s.io/sig-storage-lib-external-provisioner/v11/controller/controller.go:872" type="*v1.PersistentVolume" totalItems=6
2026-06-19T10:10:03.445088243Z I0619 10:10:03.443653       1 leaderelection.go:293] successfully renewed lease kube-system/ebs-csi-aws-com
2026-06-19T10:10:08.453423675Z I0619 10:10:08.453284       1 leaderelection.go:293] successfully renewed lease kube-system/ebs-csi-aws-com
2026-06-19T10:10:13.460876046Z I0619 10:10:13.460648       1 leaderelection.go:293] successfully renewed lease kube-system/ebs-csi-aws-com
2026-06-19T10:10:18.469776076Z I0619 10:10:18.469618       1 leaderelection.go:293] successfully renewed lease kube-system/ebs-csi-aws-com
2026-06-19T10:10:23.477093883Z I0619 10:10:23.476689       1 leaderelection.go:293] successfully renewed lease kube-system/ebs-csi-aws-com
2026-06-19T10:10:28.484145333Z I0619 10:10:28.484002       1 leaderelection.go:293] successfully renewed lease kube-system/ebs-csi-aws-com
2026-06-19T10:10:33.490014228Z I0619 10:10:33.489673       1 leaderelection.go:293] successfully renewed lease kube-system/ebs-csi-aws-com
2026-06-19T10:10:38.110118522Z I0619 10:10:38.109968       1 reflector.go:946] "Watch close" reflector="k8s.io/client-go/informers/factory.go:160" type="*v1.Node" totalItems=9
2026-06-19T10:10:38.495797568Z I0619 10:10:38.495639       1 leaderelection.go:293] successfully renewed lease kube-system/ebs-csi-aws-com
2026-06-19T10:10:42.180322491Z I0619 10:10:42.180116       1 reflector.go:946] "Watch close" reflector="sigs.k8s.io/sig-storage-lib-external-provisioner/v11/controller/controller.go:875" type="*v1.StorageClass" totalItems=9
2026-06-19T10:10:43.503844389Z I0619 10:10:43.503706       1 leaderelection.go:293] successfully renewed lease kube-system/ebs-csi-aws-com
2026-06-19T10:10:48.512104073Z I0619 10:10:48.511977       1 leaderelection.go:293] successfully renewed lease kube-system/ebs-csi-aws-com
2026-06-19T10:10:53.518442683Z I0619 10:10:53.518286       1 leaderelection.go:293] successfully renewed lease kube-system/ebs-csi-aws-com
2026-06-19T10:10:58.527348792Z I0619 10:10:58.527229       1 leaderelection.go:293] successfully renewed lease kube-system/ebs-csi-aws-com
2026-06-19T10:11:03.562990404Z I0619 10:11:03.562727       1 leaderelection.go:293] successfully renewed lease kube-system/ebs-csi-aws-com
2026-06-19T10:11:08.568734878Z I0619 10:11:08.568275       1 leaderelection.go:293] successfully renewed lease kube-system/ebs-csi-aws-com
2026-06-19T10:11:13.575212390Z I0619 10:11:13.574968       1 leaderelection.go:293] successfully renewed lease kube-system/ebs-csi-aws-com
2026-06-19T10:11:18.580620852Z I0619 10:11:18.580473       1 leaderelection.go:293] successfully renewed lease kube-system/ebs-csi-aws-com
2026-06-19T10:11:23.587757854Z I0619 10:11:23.587613       1 leaderelection.go:293] successfully renewed lease kube-system/ebs-csi-aws-com
2026-06-19T10:11:28.593998140Z I0619 10:11:28.593861       1 leaderelection.go:293] successfully renewed lease kube-system/ebs-csi-aws-com
2026-06-19T10:11:33.599108376Z I0619 10:11:33.598982       1 leaderelection.go:293] successfully renewed lease kube-system/ebs-csi-aws-com
2026-06-19T10:11:38.607880120Z I0619 10:11:38.607782       1 leaderelection.go:293] successfully renewed lease kube-system/ebs-csi-aws-com
2026-06-19T10:11:43.615498936Z I0619 10:11:43.615341       1 leaderelection.go:293] successfully renewed lease kube-system/ebs-csi-aws-com
2026-06-19T10:11:48.622046138Z I0619 10:11:48.621932       1 leaderelection.go:293] successfully renewed lease kube-system/ebs-csi-aws-com
2026-06-19T10:11:53.627219133Z I0619 10:11:53.627082       1 leaderelection.go:293] successfully renewed lease kube-system/ebs-csi-aws-com
2026-06-19T10:11:58.632783525Z I0619 10:11:58.632657       1 leaderelection.go:293] successfully renewed lease kube-system/ebs-csi-aws-com
2026-06-19T10:12:03.671015533Z I0619 10:12:03.669973       1 leaderelection.go:293] successfully renewed lease kube-system/ebs-csi-aws-com
2026-06-19T10:12:08.675474353Z I0619 10:12:08.675266       1 leaderelection.go:293] successfully renewed lease kube-system/ebs-csi-aws-com
2026-06-19T10:12:13.683290086Z I0619 10:12:13.683172       1 leaderelection.go:293] successfully renewed lease kube-system/ebs-csi-aws-com
2026-06-19T10:12:18.689366959Z I0619 10:12:18.689064       1 leaderelection.go:293] successfully renewed lease kube-system/ebs-csi-aws-com
2026-06-19T10:12:23.695114851Z I0619 10:12:23.694976       1 leaderelection.go:293] successfully renewed lease kube-system/ebs-csi-aws-com
2026-06-19T10:12:28.706753805Z I0619 10:12:28.705883       1 leaderelection.go:293] successfully renewed lease kube-system/ebs-csi-aws-com
2026-06-19T10:12:33.711335827Z I0619 10:12:33.711208       1 leaderelection.go:293] successfully renewed lease kube-system/ebs-csi-aws-com
2026-06-19T10:12:38.719244668Z I0619 10:12:38.718981       1 leaderelection.go:293] successfully renewed lease kube-system/ebs-csi-aws-com
2026-06-19T10:12:43.725318532Z I0619 10:12:43.725073       1 leaderelection.go:293] successfully renewed lease kube-system/ebs-csi-aws-com
2026-06-19T10:12:47.095744877Z I0619 10:12:47.095596       1 reflector.go:946] "Watch close" reflector="k8s.io/client-go/informers/factory.go:160" type="*v1.StorageClass" totalItems=8
2026-06-19T10:12:48.731381537Z I0619 10:12:48.731217       1 leaderelection.go:293] successfully renewed lease kube-system/ebs-csi-aws-com
2026-06-19T10:12:53.741774845Z I0619 10:12:53.741630       1 leaderelection.go:293] successfully renewed lease kube-system/ebs-csi-aws-com
2026-06-19T10:12:58.750636031Z I0619 10:12:58.750359       1 leaderelection.go:293] successfully renewed lease kube-system/ebs-csi-aws-com
2026-06-19T10:13:03.804270714Z I0619 10:13:03.803982       1 leaderelection.go:293] successfully renewed lease kube-system/ebs-csi-aws-com
2026-06-19T10:13:08.810103730Z I0619 10:13:08.809803       1 leaderelection.go:293] successfully renewed lease kube-system/ebs-csi-aws-com
2026-06-19T10:13:13.816785632Z I0619 10:13:13.816639       1 leaderelection.go:293] successfully renewed lease kube-system/ebs-csi-aws-com
2026-06-19T10:13:18.138632883Z I0619 10:13:18.138410       1 reflector.go:946] "Watch close" reflector="k8s.io/client-go/informers/factory.go:160" type="*v1.CSINode" totalItems=10
2026-06-19T10:13:18.825626224Z I0619 10:13:18.825430       1 leaderelection.go:293] successfully renewed lease kube-system/ebs-csi-aws-com
2026-06-19T10:13:23.832412761Z I0619 10:13:23.832223       1 leaderelection.go:293] successfully renewed lease kube-system/ebs-csi-aws-com
2026-06-19T10:13:28.836967071Z I0619 10:13:28.836838       1 leaderelection.go:293] successfully renewed lease kube-system/ebs-csi-aws-com
2026-06-19T10:13:33.842622232Z I0619 10:13:33.842464       1 leaderelection.go:293] successfully renewed lease kube-system/ebs-csi-aws-com
2026-06-19T10:13:38.850923933Z I0619 10:13:38.850794       1 leaderelection.go:293] successfully renewed lease kube-system/ebs-csi-aws-com
2026-06-19T10:13:43.857732109Z I0619 10:13:43.857589       1 leaderelection.go:293] successfully renewed lease kube-system/ebs-csi-aws-com
2026-06-19T10:13:48.863243912Z I0619 10:13:48.863000       1 leaderelection.go:293] successfully renewed lease kube-system/ebs-csi-aws-com
2026-06-19T10:13:53.870577038Z I0619 10:13:53.870400       1 leaderelection.go:293] successfully renewed lease kube-system/ebs-csi-aws-com
2026-06-19T10:13:58.876495081Z I0619 10:13:58.876371       1 leaderelection.go:293] successfully renewed lease kube-system/ebs-csi-aws-com
2026-06-19T10:14:03.892859694Z I0619 10:14:03.892713       1 leaderelection.go:293] successfully renewed lease kube-system/ebs-csi-aws-com
2026-06-19T10:14:08.899351243Z I0619 10:14:08.899217       1 leaderelection.go:293] successfully renewed lease kube-system/ebs-csi-aws-com
2026-06-19T10:14:13.907313531Z I0619 10:14:13.907118       1 leaderelection.go:293] successfully renewed lease kube-system/ebs-csi-aws-com
2026-06-19T10:14:18.914318887Z I0619 10:14:18.914184       1 leaderelection.go:293] successfully renewed lease kube-system/ebs-csi-aws-com
2026-06-19T10:14:23.920317540Z I0619 10:14:23.920197       1 leaderelection.go:293] successfully renewed lease kube-system/ebs-csi-aws-com
2026-06-19T10:14:28.928351229Z I0619 10:14:28.928220       1 leaderelection.go:293] successfully renewed lease kube-system/ebs-csi-aws-com
2026-06-19T10:14:33.936823263Z I0619 10:14:33.936636       1 leaderelection.go:293] successfully renewed lease kube-system/ebs-csi-aws-com
2026-06-19T10:14:35.116629768Z I0619 10:14:35.116427       1 reflector.go:946] "Watch close" reflector="k8s.io/client-go/informers/factory.go:160" type="*v1.PersistentVolumeClaim" totalItems=10
2026-06-19T10:14:38.942443301Z I0619 10:14:38.942290       1 leaderelection.go:293] successfully renewed lease kube-system/ebs-csi-aws-com
2026-06-19T10:14:43.948166618Z I0619 10:14:43.948027       1 leaderelection.go:293] successfully renewed lease kube-system/ebs-csi-aws-com
2026-06-19T10:14:48.954139583Z I0619 10:14:48.954015       1 leaderelection.go:293] successfully renewed lease kube-system/ebs-csi-aws-com
2026-06-19T10:14:53.959517412Z I0619 10:14:53.959392       1 leaderelection.go:293] successfully renewed lease kube-system/ebs-csi-aws-com
2026-06-19T10:14:58.965408923Z I0619 10:14:58.965288       1 leaderelection.go:293] successfully renewed lease kube-system/ebs-csi-aws-com
2026-06-19T10:15:03.998921436Z I0619 10:15:03.998758       1 leaderelection.go:293] successfully renewed lease kube-system/ebs-csi-aws-com
2026-06-19T10:15:09.008365369Z I0619 10:15:09.008258       1 leaderelection.go:293] successfully renewed lease kube-system/ebs-csi-aws-com
2026-06-19T10:15:14.017492225Z I0619 10:15:14.017374       1 leaderelection.go:293] successfully renewed lease kube-system/ebs-csi-aws-com
2026-06-19T10:15:19.026823910Z I0619 10:15:19.026666       1 leaderelection.go:293] successfully renewed lease kube-system/ebs-csi-aws-com
2026-06-19T10:15:24.033461013Z I0619 10:15:24.033318       1 leaderelection.go:293] successfully renewed lease kube-system/ebs-csi-aws-com
2026-06-19T10:15:29.039320727Z I0619 10:15:29.039165       1 leaderelection.go:293] successfully renewed lease kube-system/ebs-csi-aws-com
2026-06-19T10:15:34.044811999Z I0619 10:15:34.044696       1 leaderelection.go:293] successfully renewed lease kube-system/ebs-csi-aws-com
2026-06-19T10:15:37.060055789Z I0619 10:15:37.059791       1 reflector.go:450] "Forcing resync" reflector="k8s.io/client-go/informers/factory.go:160"
2026-06-19T10:15:37.139055894Z I0619 10:15:37.138474       1 reflector.go:450] "Forcing resync" reflector="sigs.k8s.io/sig-storage-lib-external-provisioner/v11/controller/controller.go:872"
2026-06-19T10:15:37.139087652Z I0619 10:15:37.138598       1 controller.go:1185] "handleProtectionFinalizer" PV="&PersistentVolume{ObjectMeta:{pvc-5ad2bf1d-ae16-44b2-96c7-a7f846d9377a    55d3ca47-5a72-412c-9398-c6666cb964ca 1829 0 2026-06-19 07:48:46 +0000 UTC <nil> <nil> map[] map[pv.kubernetes.io/provisioned-by:ebs.csi.aws.com volume.kubernetes.io/provisioner-deletion-secret-name: volume.kubernetes.io/provisioner-deletion-secret-namespace:] [] [external-provisioner.volume.kubernetes.io/finalizer kubernetes.io/pv-protection external-attacher/ebs-csi-aws-com] [{csi-provisioner Update v1 2026-06-19 07:48:46 +0000 UTC FieldsV1 {\"f:metadata\":{\"f:annotations\":{\".\":{},\"f:pv.kubernetes.io/provisioned-by\":{},\"f:volume.kubernetes.io/provisioner-deletion-secret-name\":{},\"f:volume.kubernetes.io/provisioner-deletion-secret-namespace\":{}},\"f:finalizers\":{\".\":{},\"v:\\\"external-provisioner.volume.kubernetes.io/finalizer\\\"\":{}}},\"f:spec\":{\"f:accessModes\":{},\"f:capacity\":{\".\":{},\"f:storage\":{}},\"f:claimRef\":{\".\":{},\"f:apiVersion\":{},\"f:kind\":{},\"f:name\":{},\"f:namespace\":{},\"f:resourceVersion\":{},\"f:uid\":{}},\"f:csi\":{\".\":{},\"f:driver\":{},\"f:fsType\":{},\"f:volumeAttributes\":{\".\":{},\"f:storage.kubernetes.io/csiProvisionerIdentity\":{}},\"f:volumeHandle\":{}},\"f:nodeAffinity\":{\".\":{},\"f:required\":{}},\"f:persistentVolumeReclaimPolicy\":{},\"f:storageClassName\":{},\"f:volumeMode\":{}}} } {kube-controller-manager Update v1 2026-06-19 07:48:46 +0000 UTC FieldsV1 {\"f:status\":{\"f:phase\":{}}} status} {csi-attacher Update v1 2026-06-19 07:48:47 +0000 UTC FieldsV1 {\"f:metadata\":{\"f:finalizers\":{\"v:\\\"external-attacher/ebs-csi-aws-com\\\"\":{}}}} }]},Spec:PersistentVolumeSpec{Capacity:ResourceList{storage: {{10737418240 0} {<nil>} 10Gi BinarySI},},PersistentVolumeSource:PersistentVolumeSource{GCEPersistentDisk:nil,AWSElasticBlockStore:nil,HostPath:nil,Glusterfs:nil,NFS:nil,RBD:nil,ISCSI:nil,Cinder:nil,CephFS:nil,FC:nil,Flocker:nil,FlexVolume:nil,AzureFile:nil,VsphereVolume:nil,Quobyte:nil,AzureDisk:nil,PhotonPersistentDisk:nil,PortworxVolume:nil,ScaleIO:nil,Local:nil,StorageOS:nil,CSI:&CSIPersistentVolumeSource{Driver:ebs.csi.aws.com,VolumeHandle:vol-02992f401c0c3a97b,ReadOnly:false,FSType:ext4,VolumeAttributes:map[string]string{storage.kubernetes.io/csiProvisionerIdentity: 1781855100628-189-ebs.csi.aws.com,},ControllerPublishSecretRef:nil,NodeStageSecretRef:nil,NodePublishSecretRef:nil,ControllerExpandSecretRef:nil,NodeExpandSecretRef:nil,},},AccessModes:[ReadWriteOnce],ClaimRef:&ObjectReference{Kind:PersistentVolumeClaim,Namespace:kubentic-foresight,Name:server-volume-vlogs-server-0,UID:5ad2bf1d-ae16-44b2-96c7-a7f846d9377a,APIVersion:v1,ResourceVersion:1771,FieldPath:,},PersistentVolumeReclaimPolicy:Delete,StorageClassName:kops-csi-1-21,MountOptions:[],VolumeMode:*Filesystem,NodeAffinity:&VolumeNodeAffinity{Required:&NodeSelector{NodeSelectorTerms:[]NodeSelectorTerm{NodeSelectorTerm{MatchExpressions:[]NodeSelectorRequirement{NodeSelectorRequirement{Key:topology.kubernetes.io/zone,Operator:In,Values:[us-west-2a],},},MatchFields:[]NodeSelectorRequirement{},},},},},VolumeAttributesClassName:nil,},Status:PersistentVolumeStatus{Phase:Bound,Message:,Reason:,LastPhaseTransitionTime:2026-06-19 07:48:46 +0000 UTC,},}"
2026-06-19T10:15:37.139110697Z I0619 10:15:37.138808       1 controller.go:1272] "shouldDelete" PV="pvc-5ad2bf1d-ae16-44b2-96c7-a7f846d9377a"
2026-06-19T10:15:37.139113065Z I0619 10:15:37.138820       1 controller.go:1293] "shouldDelete is false: PersistentVolumePhase is not Released" PV="pvc-5ad2bf1d-ae16-44b2-96c7-a7f846d9377a"
2026-06-19T10:15:37.139131482Z I0619 10:15:37.138865       1 controller.go:1185] "handleProtectionFinalizer" PV="&PersistentVolume{ObjectMeta:{pvc-1a628bbe-2164-4e38-b041-a415818a50ec    b031663e-79d8-44ff-a9be-849a9638fa56 1995 0 2026-06-19 07:49:00 +0000 UTC <nil> <nil> map[] map[pv.kubernetes.io/provisioned-by:ebs.csi.aws.com volume.kubernetes.io/provisioner-deletion-secret-name: volume.kubernetes.io/provisioner-deletion-secret-namespace:] [] [external-provisioner.volume.kubernetes.io/finalizer kubernetes.io/pv-protection external-attacher/ebs-csi-aws-com] [{csi-provisioner Update v1 2026-06-19 07:49:00 +0000 UTC FieldsV1 {\"f:metadata\":{\"f:annotations\":{\".\":{},\"f:pv.kubernetes.io/provisioned-by\":{},\"f:volume.kubernetes.io/provisioner-deletion-secret-name\":{},\"f:volume.kubernetes.io/provisioner-deletion-secret-namespace\":{}},\"f:finalizers\":{\".\":{},\"v:\\\"external-provisioner.volume.kubernetes.io/finalizer\\\"\":{}}},\"f:spec\":{\"f:accessModes\":{},\"f:capacity\":{\".\":{},\"f:storage\":{}},\"f:claimRef\":{\".\":{},\"f:apiVersion\":{},\"f:kind\":{},\"f:name\":{},\"f:namespace\":{},\"f:resourceVersion\":{},\"f:uid\":{}},\"f:csi\":{\".\":{},\"f:driver\":{},\"f:fsType\":{},\"f:volumeAttributes\":{\".\":{},\"f:storage.kubernetes.io/csiProvisionerIdentity\":{}},\"f:volumeHandle\":{}},\"f:nodeAffinity\":{\".\":{},\"f:required\":{}},\"f:persistentVolumeReclaimPolicy\":{},\"f:storageClassName\":{},\"f:volumeMode\":{}}} } {kube-controller-manager Update v1 2026-06-19 07:49:00 +0000 UTC FieldsV1 {\"f:status\":{\"f:phase\":{}}} status} {csi-attacher Update v1 2026-06-19 07:49:01 +0000 UTC FieldsV1 {\"f:metadata\":{\"f:finalizers\":{\"v:\\\"external-attacher/ebs-csi-aws-com\\\"\":{}}}} }]},Spec:PersistentVolumeSpec{Capacity:ResourceList{storage: {{10737418240 0} {<nil>} 10Gi BinarySI},},PersistentVolumeSource:PersistentVolumeSource{GCEPersistentDisk:nil,AWSElasticBlockStore:nil,HostPath:nil,Glusterfs:nil,NFS:nil,RBD:nil,ISCSI:nil,Cinder:nil,CephFS:nil,FC:nil,Flocker:nil,FlexVolume:nil,AzureFile:nil,VsphereVolume:nil,Quobyte:nil,AzureDisk:nil,PhotonPersistentDisk:nil,PortworxVolume:nil,ScaleIO:nil,Local:nil,StorageOS:nil,CSI:&CSIPersistentVolumeSource{Driver:ebs.csi.aws.com,VolumeHandle:vol-092395df607f30c5f,ReadOnly:false,FSType:ext4,VolumeAttributes:map[string]string{storage.kubernetes.io/csiProvisionerIdentity: 1781855100628-189-ebs.csi.aws.com,},ControllerPublishSecretRef:nil,NodeStageSecretRef:nil,NodePublishSecretRef:nil,ControllerExpandSecretRef:nil,NodeExpandSecretRef:nil,},},AccessModes:[ReadWriteOnce],ClaimRef:&ObjectReference{Kind:PersistentVolumeClaim,Namespace:kubentic-foresight,Name:vmsingle-vmstack,UID:1a628bbe-2164-4e38-b041-a415818a50ec,APIVersion:v1,ResourceVersion:1964,FieldPath:,},PersistentVolumeReclaimPolicy:Delete,StorageClassName:kops-csi-1-21,MountOptions:[],VolumeMode:*Filesystem,NodeAffinity:&VolumeNodeAffinity{Required:&NodeSelector{NodeSelectorTerms:[]NodeSelectorTerm{NodeSelectorTerm{MatchExpressions:[]NodeSelectorRequirement{NodeSelectorRequirement{Key:topology.kubernetes.io/zone,Operator:In,Values:[us-west-2a],},},MatchFields:[]NodeSelectorRequirement{},},},},},VolumeAttributesClassName:nil,},Status:PersistentVolumeStatus{Phase:Bound,Message:,Reason:,LastPhaseTransitionTime:2026-06-19 07:49:00 +0000 UTC,},}"
2026-06-19T10:15:37.139139452Z I0619 10:15:37.138967       1 controller.go:1272] "shouldDelete" PV="pvc-1a628bbe-2164-4e38-b041-a415818a50ec"
2026-06-19T10:15:37.139143291Z I0619 10:15:37.138976       1 controller.go:1293] "shouldDelete is false: PersistentVolumePhase is not Released" PV="pvc-1a628bbe-2164-4e38-b041-a415818a50ec"
2026-06-19T10:15:39.050310742Z I0619 10:15:39.050179       1 leaderelection.go:293] successfully renewed lease kube-system/ebs-csi-aws-com
2026-06-19T10:15:44.071639405Z I0619 10:15:44.071290       1 leaderelection.go:293] successfully renewed lease kube-system/ebs-csi-aws-com
2026-06-19T10:15:47.467688445Z I0619 10:15:47.467475       1 reflector.go:946] "Watch close" reflector="sigs.k8s.io/sig-storage-lib-external-provisioner/v11/controller/controller.go:872" type="*v1.PersistentVolume" totalItems=7
2026-06-19T10:15:49.079524837Z I0619 10:15:49.079368       1 leaderelection.go:293] successfully renewed lease kube-system/ebs-csi-aws-com
2026-06-19T10:15:54.085625454Z I0619 10:15:54.085475       1 leaderelection.go:293] successfully renewed lease kube-system/ebs-csi-aws-com
2026-06-19T10:15:59.093746262Z I0619 10:15:59.093625       1 leaderelection.go:293] successfully renewed lease kube-system/ebs-csi-aws-com
2026-06-19T10:16:04.193903991Z I0619 10:16:04.193786       1 leaderelection.go:293] successfully renewed lease kube-system/ebs-csi-aws-com
2026-06-19T10:16:09.200219151Z I0619 10:16:09.200106       1 leaderelection.go:293] successfully renewed lease kube-system/ebs-csi-aws-com
2026-06-19T10:16:14.206068108Z I0619 10:16:14.205910       1 leaderelection.go:293] successfully renewed lease kube-system/ebs-csi-aws-com
2026-06-19T10:16:19.213300922Z I0619 10:16:19.212691       1 leaderelection.go:293] successfully renewed lease kube-system/ebs-csi-aws-com
2026-06-19T10:16:24.218315203Z I0619 10:16:24.218170       1 leaderelection.go:293] successfully renewed lease kube-system/ebs-csi-aws-com
2026-06-19T10:16:29.224530232Z I0619 10:16:29.224400       1 leaderelection.go:293] successfully renewed lease kube-system/ebs-csi-aws-com
2026-06-19T10:16:34.229665116Z I0619 10:16:34.229534       1 leaderelection.go:293] successfully renewed lease kube-system/ebs-csi-aws-com
2026-06-19T10:16:36.248239256Z I0619 10:16:36.248027       1 reflector.go:946] "Watch close" reflector="k8s.io/client-go/informers/factory.go:160" type="*v1.VolumeAttachment" totalItems=9
2026-06-19T10:16:39.236812226Z I0619 10:16:39.236675       1 leaderelection.go:293] successfully renewed lease kube-system/ebs-csi-aws-com
2026-06-19T10:16:44.243022879Z I0619 10:16:44.242877       1 leaderelection.go:293] successfully renewed lease kube-system/ebs-csi-aws-com
2026-06-19T10:16:49.248588612Z I0619 10:16:49.248420       1 leaderelection.go:293] successfully renewed lease kube-system/ebs-csi-aws-com
2026-06-19T10:16:54.253946734Z I0619 10:16:54.253827       1 leaderelection.go:293] successfully renewed lease kube-system/ebs-csi-aws-com
2026-06-19T10:16:59.260119699Z I0619 10:16:59.259904       1 leaderelection.go:293] successfully renewed lease kube-system/ebs-csi-aws-com
2026-06-19T10:17:04.300305549Z I0619 10:17:04.297807       1 leaderelection.go:293] successfully renewed lease kube-system/ebs-csi-aws-com
2026-06-19T10:17:09.303680511Z I0619 10:17:09.303491       1 leaderelection.go:293] successfully renewed lease kube-system/ebs-csi-aws-com
2026-06-19T10:17:14.310933897Z I0619 10:17:14.310780       1 leaderelection.go:293] successfully renewed lease kube-system/ebs-csi-aws-com
2026-06-19T10:17:19.317650236Z I0619 10:17:19.317458       1 leaderelection.go:293] successfully renewed lease kube-system/ebs-csi-aws-com
2026-06-19T10:17:24.322639055Z I0619 10:17:24.322493       1 leaderelection.go:293] successfully renewed lease kube-system/ebs-csi-aws-com
2026-06-19T10:17:29.330883489Z I0619 10:17:29.330758       1 leaderelection.go:293] successfully renewed lease kube-system/ebs-csi-aws-com
2026-06-19T10:17:34.338228620Z I0619 10:17:34.338098       1 leaderelection.go:293] successfully renewed lease kube-system/ebs-csi-aws-com
2026-06-19T10:17:39.345939696Z I0619 10:17:39.345769       1 leaderelection.go:293] successfully renewed lease kube-system/ebs-csi-aws-com
2026-06-19T10:17:43.183110538Z I0619 10:17:43.182666       1 reflector.go:946] "Watch close" reflector="sigs.k8s.io/sig-storage-lib-external-provisioner/v11/controller/controller.go:875" type="*v1.StorageClass" totalItems=8
2026-06-19T10:17:44.363143502Z I0619 10:17:44.362861       1 leaderelection.go:293] successfully renewed lease kube-system/ebs-csi-aws-com
2026-06-19T10:17:49.369727264Z I0619 10:17:49.369460       1 leaderelection.go:293] successfully renewed lease kube-system/ebs-csi-aws-com
2026-06-19T10:17:54.378032673Z I0619 10:17:54.377902       1 leaderelection.go:293] successfully renewed lease kube-system/ebs-csi-aws-com
2026-06-19T10:17:59.384081367Z I0619 10:17:59.383895       1 leaderelection.go:293] successfully renewed lease kube-system/ebs-csi-aws-com
2026-06-19T10:18:04.421113995Z I0619 10:18:04.419319       1 leaderelection.go:293] successfully renewed lease kube-system/ebs-csi-aws-com
2026-06-19T10:18:09.429592455Z I0619 10:18:09.429413       1 leaderelection.go:293] successfully renewed lease kube-system/ebs-csi-aws-com
2026-06-19T10:18:14.434858487Z I0619 10:18:14.434749       1 leaderelection.go:293] successfully renewed lease kube-system/ebs-csi-aws-com
2026-06-19T10:18:19.441802021Z I0619 10:18:19.441684       1 leaderelection.go:293] successfully renewed lease kube-system/ebs-csi-aws-com
2026-06-19T10:18:24.447776245Z I0619 10:18:24.447616       1 leaderelection.go:293] successfully renewed lease kube-system/ebs-csi-aws-com
2026-06-19T10:18:29.455097646Z I0619 10:18:29.454944       1 leaderelection.go:293] successfully renewed lease kube-system/ebs-csi-aws-com
2026-06-19T10:18:34.463164347Z I0619 10:18:34.463003       1 leaderelection.go:293] successfully renewed lease kube-system/ebs-csi-aws-com
2026-06-19T10:18:39.468688102Z I0619 10:18:39.468416       1 leaderelection.go:293] successfully renewed lease kube-system/ebs-csi-aws-com
2026-06-19T10:18:44.473975908Z I0619 10:18:44.473709       1 leaderelection.go:293] successfully renewed lease kube-system/ebs-csi-aws-com
2026-06-19T10:18:49.481817566Z I0619 10:18:49.481677       1 leaderelection.go:293] successfully renewed lease kube-system/ebs-csi-aws-com
2026-06-19T10:18:54.486931735Z I0619 10:18:54.486798       1 leaderelection.go:293] successfully renewed lease kube-system/ebs-csi-aws-com
2026-06-19T10:18:59.494364462Z I0619 10:18:59.494243       1 leaderelection.go:293] successfully renewed lease kube-system/ebs-csi-aws-com
2026-06-19T10:19:04.142327334Z I0619 10:19:04.142170       1 reflector.go:946] "Watch close" reflector="k8s.io/client-go/informers/factory.go:160" type="*v1.Node" totalItems=15
2026-06-19T10:19:04.504618686Z I0619 10:19:04.504348       1 leaderelection.go:293] successfully renewed lease kube-system/ebs-csi-aws-com
2026-06-19T10:19:09.510467991Z I0619 10:19:09.510347       1 leaderelection.go:293] successfully renewed lease kube-system/ebs-csi-aws-com
2026-06-19T10:19:14.517301476Z I0619 10:19:14.517173       1 leaderelection.go:293] successfully renewed lease kube-system/ebs-csi-aws-com
2026-06-19T10:19:19.523031954Z I0619 10:19:19.522913       1 leaderelection.go:293] successfully renewed lease kube-system/ebs-csi-aws-com
2026-06-19T10:19:24.530321618Z I0619 10:19:24.530102       1 leaderelection.go:293] successfully renewed lease kube-system/ebs-csi-aws-com
2026-06-19T10:19:29.538981354Z I0619 10:19:29.538516       1 leaderelection.go:293] successfully renewed lease kube-system/ebs-csi-aws-com
2026-06-19T10:19:34.544458789Z I0619 10:19:34.544306       1 leaderelection.go:293] successfully renewed lease kube-system/ebs-csi-aws-com
2026-06-19T10:19:39.550275850Z I0619 10:19:39.550128       1 leaderelection.go:293] successfully renewed lease kube-system/ebs-csi-aws-com
2026-06-19T10:19:44.559681693Z I0619 10:19:44.559527       1 leaderelection.go:293] successfully renewed lease kube-system/ebs-csi-aws-com
2026-06-19T10:19:49.565228273Z I0619 10:19:49.565034       1 leaderelection.go:293] successfully renewed lease kube-system/ebs-csi-aws-com
2026-06-19T10:19:54.571079996Z I0619 10:19:54.570953       1 leaderelection.go:293] successfully renewed lease kube-system/ebs-csi-aws-com
2026-06-19T10:19:59.576609878Z I0619 10:19:59.576437       1 leaderelection.go:293] successfully renewed lease kube-system/ebs-csi-aws-com
2026-06-19T10:20:04.634512925Z I0619 10:20:04.634365       1 leaderelection.go:293] successfully renewed lease kube-system/ebs-csi-aws-com
2026-06-19T10:20:09.642633338Z I0619 10:20:09.642468       1 leaderelection.go:293] successfully renewed lease kube-system/ebs-csi-aws-com
2026-06-19T10:20:14.648576553Z I0619 10:20:14.648416       1 leaderelection.go:293] successfully renewed lease kube-system/ebs-csi-aws-com
2026-06-19T10:20:18.119116715Z I0619 10:20:18.118908       1 reflector.go:946] "Watch close" reflector="k8s.io/client-go/informers/factory.go:160" type="*v1.PersistentVolumeClaim" totalItems=6
2026-06-19T10:20:19.654484837Z I0619 10:20:19.654373       1 leaderelection.go:293] successfully renewed lease kube-system/ebs-csi-aws-com
2026-06-19T10:20:22.140883135Z I0619 10:20:22.140572       1 reflector.go:946] "Watch close" reflector="k8s.io/client-go/informers/factory.go:160" type="*v1.CSINode" totalItems=9
2026-06-19T10:20:24.661718701Z I0619 10:20:24.661133       1 leaderelection.go:293] successfully renewed lease kube-system/ebs-csi-aws-com
2026-06-19T10:20:29.667686691Z I0619 10:20:29.667519       1 leaderelection.go:293] successfully renewed lease kube-system/ebs-csi-aws-com
2026-06-19T10:20:34.674942184Z I0619 10:20:34.674788       1 leaderelection.go:293] successfully renewed lease kube-system/ebs-csi-aws-com
2026-06-19T10:20:39.681613274Z I0619 10:20:39.681464       1 leaderelection.go:293] successfully renewed lease kube-system/ebs-csi-aws-com
2026-06-19T10:20:44.099159013Z I0619 10:20:44.098322       1 reflector.go:946] "Watch close" reflector="k8s.io/client-go/informers/factory.go:160" type="*v1.StorageClass" totalItems=9
2026-06-19T10:20:44.687766457Z I0619 10:20:44.687567       1 leaderelection.go:293] successfully renewed lease kube-system/ebs-csi-aws-com
2026-06-19T10:20:49.693784819Z I0619 10:20:49.693397       1 leaderelection.go:293] successfully renewed lease kube-system/ebs-csi-aws-com
2026-06-19T10:20:54.700142404Z I0619 10:20:54.700014       1 leaderelection.go:293] successfully renewed lease kube-system/ebs-csi-aws-com
2026-06-19T10:20:59.709629982Z I0619 10:20:59.709486       1 leaderelection.go:293] successfully renewed lease kube-system/ebs-csi-aws-com
2026-06-19T10:21:04.720209473Z I0619 10:21:04.720057       1 leaderelection.go:293] successfully renewed lease kube-system/ebs-csi-aws-com
2026-06-19T10:21:09.728211241Z I0619 10:21:09.728082       1 leaderelection.go:293] successfully renewed lease kube-system/ebs-csi-aws-com
2026-06-19T10:21:14.734422394Z I0619 10:21:14.734308       1 leaderelection.go:293] successfully renewed lease kube-system/ebs-csi-aws-com
2026-06-19T10:21:19.740499289Z I0619 10:21:19.740358       1 leaderelection.go:293] successfully renewed lease kube-system/ebs-csi-aws-com
2026-06-19T10:21:24.746227759Z I0619 10:21:24.746097       1 leaderelection.go:293] successfully renewed lease kube-system/ebs-csi-aws-com
2026-06-19T10:21:29.752467148Z I0619 10:21:29.752326       1 leaderelection.go:293] successfully renewed lease kube-system/ebs-csi-aws-com
2026-06-19T10:21:34.760206706Z I0619 10:21:34.760085       1 leaderelection.go:293] successfully renewed lease kube-system/ebs-csi-aws-com
2026-06-19T10:21:39.766463010Z I0619 10:21:39.766332       1 leaderelection.go:293] successfully renewed lease kube-system/ebs-csi-aws-com
2026-06-19T10:21:44.772286158Z I0619 10:21:44.772145       1 leaderelection.go:293] successfully renewed lease kube-system/ebs-csi-aws-com
2026-06-19T10:21:49.780384732Z I0619 10:21:49.780266       1 leaderelection.go:293] successfully renewed lease kube-system/ebs-csi-aws-com
2026-06-19T10:21:52.470076728Z I0619 10:21:52.469852       1 reflector.go:946] "Watch close" reflector="sigs.k8s.io/sig-storage-lib-external-provisioner/v11/controller/controller.go:872" type="*v1.PersistentVolume" totalItems=8
2026-06-19T10:21:54.786405552Z I0619 10:21:54.786274       1 leaderelection.go:293] successfully renewed lease kube-system/ebs-csi-aws-com
2026-06-19T10:21:58.250301562Z I0619 10:21:58.250142       1 reflector.go:946] "Watch close" reflector="k8s.io/client-go/informers/factory.go:160" type="*v1.VolumeAttachment" totalItems=6
2026-06-19T10:21:59.791809538Z I0619 10:21:59.791585       1 leaderelection.go:293] successfully renewed lease kube-system/ebs-csi-aws-com
2026-06-19T10:22:04.808361902Z I0619 10:22:04.807794       1 leaderelection.go:293] successfully renewed lease kube-system/ebs-csi-aws-com
2026-06-19T10:22:09.814296186Z I0619 10:22:09.814153       1 leaderelection.go:293] successfully renewed lease kube-system/ebs-csi-aws-com
2026-06-19T10:22:14.819916648Z I0619 10:22:14.819791       1 leaderelection.go:293] successfully renewed lease kube-system/ebs-csi-aws-com
2026-06-19T10:22:19.826261033Z I0619 10:22:19.826119       1 leaderelection.go:293] successfully renewed lease kube-system/ebs-csi-aws-com
2026-06-19T10:22:24.832054235Z I0619 10:22:24.831899       1 leaderelection.go:293] successfully renewed lease kube-system/ebs-csi-aws-com
2026-06-19T10:22:29.838766749Z I0619 10:22:29.838642       1 leaderelection.go:293] successfully renewed lease kube-system/ebs-csi-aws-com
2026-06-19T10:22:34.844155447Z I0619 10:22:34.844031       1 leaderelection.go:293] successfully renewed lease kube-system/ebs-csi-aws-com
2026-06-19T10:22:39.850242098Z I0619 10:22:39.849916       1 leaderelection.go:293] successfully renewed lease kube-system/ebs-csi-aws-com
2026-06-19T10:22:44.857596778Z I0619 10:22:44.857429       1 leaderelection.go:293] successfully renewed lease kube-system/ebs-csi-aws-com
2026-06-19T10:22:49.863209276Z I0619 10:22:49.863048       1 leaderelection.go:293] successfully renewed lease kube-system/ebs-csi-aws-com
2026-06-19T10:22:54.868163030Z I0619 10:22:54.868004       1 leaderelection.go:293] successfully renewed lease kube-system/ebs-csi-aws-com
2026-06-19T10:22:59.873888431Z I0619 10:22:59.873754       1 leaderelection.go:293] successfully renewed lease kube-system/ebs-csi-aws-com
2026-06-19T10:23:04.879877149Z I0619 10:23:04.879735       1 leaderelection.go:293] successfully renewed lease kube-system/ebs-csi-aws-com
2026-06-19T10:23:09.886147583Z I0619 10:23:09.886027       1 leaderelection.go:293] successfully renewed lease kube-system/ebs-csi-aws-com
2026-06-19T10:23:14.892462283Z I0619 10:23:14.892288       1 leaderelection.go:293] successfully renewed lease kube-system/ebs-csi-aws-com
2026-06-19T10:23:19.898744729Z I0619 10:23:19.898606       1 leaderelection.go:293] successfully renewed lease kube-system/ebs-csi-aws-com
2026-06-19T10:23:24.903347799Z I0619 10:23:24.903202       1 leaderelection.go:293] successfully renewed lease kube-system/ebs-csi-aws-com
2026-06-19T10:23:29.909378647Z I0619 10:23:29.908706       1 leaderelection.go:293] successfully renewed lease kube-system/ebs-csi-aws-com
2026-06-19T10:23:30.185729858Z I0619 10:23:30.185194       1 reflector.go:946] "Watch close" reflector="sigs.k8s.io/sig-storage-lib-external-provisioner/v11/controller/controller.go:875" type="*v1.StorageClass" totalItems=7
2026-06-19T10:23:34.915054753Z I0619 10:23:34.914923       1 leaderelection.go:293] successfully renewed lease kube-system/ebs-csi-aws-com
2026-06-19T10:23:39.920636227Z I0619 10:23:39.920374       1 leaderelection.go:293] successfully renewed lease kube-system/ebs-csi-aws-com
2026-06-19T10:23:44.926606673Z I0619 10:23:44.926419       1 leaderelection.go:293] successfully renewed lease kube-system/ebs-csi-aws-com
2026-06-19T10:23:49.932501473Z I0619 10:23:49.932375       1 leaderelection.go:293] successfully renewed lease kube-system/ebs-csi-aws-com
2026-06-19T10:23:54.938318103Z I0619 10:23:54.938168       1 leaderelection.go:293] successfully renewed lease kube-system/ebs-csi-aws-com
2026-06-19T10:23:59.943419698Z I0619 10:23:59.943268       1 leaderelection.go:293] successfully renewed lease kube-system/ebs-csi-aws-com
2026-06-19T10:24:04.980100450Z I0619 10:24:04.979940       1 leaderelection.go:293] successfully renewed lease kube-system/ebs-csi-aws-com
2026-06-19T10:24:09.987185507Z I0619 10:24:09.987050       1 leaderelection.go:293] successfully renewed lease kube-system/ebs-csi-aws-com
2026-06-19T10:24:14.993605314Z I0619 10:24:14.993414       1 leaderelection.go:293] successfully renewed lease kube-system/ebs-csi-aws-com
2026-06-19T10:24:19.999732212Z I0619 10:24:19.999429       1 leaderelection.go:293] successfully renewed lease kube-system/ebs-csi-aws-com
2026-06-19T10:24:25.006396481Z I0619 10:24:25.006186       1 leaderelection.go:293] successfully renewed lease kube-system/ebs-csi-aws-com
2026-06-19T10:24:30.011784897Z I0619 10:24:30.011608       1 leaderelection.go:293] successfully renewed lease kube-system/ebs-csi-aws-com
2026-06-19T10:24:35.017713617Z I0619 10:24:35.017584       1 leaderelection.go:293] successfully renewed lease kube-system/ebs-csi-aws-com
2026-06-19T10:24:40.026494588Z I0619 10:24:40.026359       1 leaderelection.go:293] successfully renewed lease kube-system/ebs-csi-aws-com
2026-06-19T10:24:45.035479484Z I0619 10:24:45.035110       1 leaderelection.go:293] successfully renewed lease kube-system/ebs-csi-aws-com
2026-06-19T10:24:50.042011954Z I0619 10:24:50.041883       1 leaderelection.go:293] successfully renewed lease kube-system/ebs-csi-aws-com
2026-06-19T10:24:55.047027356Z I0619 10:24:55.046652       1 leaderelection.go:293] successfully renewed lease kube-system/ebs-csi-aws-com
2026-06-19T10:25:00.096685274Z I0619 10:25:00.096262       1 leaderelection.go:293] successfully renewed lease kube-system/ebs-csi-aws-com
2026-06-19T10:25:05.115276324Z I0619 10:25:05.115130       1 leaderelection.go:293] successfully renewed lease kube-system/ebs-csi-aws-com
2026-06-19T10:25:10.121406441Z I0619 10:25:10.121212       1 leaderelection.go:293] successfully renewed lease kube-system/ebs-csi-aws-com
2026-06-19T10:25:15.129933319Z I0619 10:25:15.129793       1 leaderelection.go:293] successfully renewed lease kube-system/ebs-csi-aws-com
2026-06-19T10:25:20.136405656Z I0619 10:25:20.136217       1 leaderelection.go:293] successfully renewed lease kube-system/ebs-csi-aws-com
2026-06-19T10:25:25.141649803Z I0619 10:25:25.141514       1 leaderelection.go:293] successfully renewed lease kube-system/ebs-csi-aws-com
2026-06-19T10:25:30.147488059Z I0619 10:25:30.147251       1 leaderelection.go:293] successfully renewed lease kube-system/ebs-csi-aws-com
2026-06-19T10:25:35.153797965Z I0619 10:25:35.153681       1 leaderelection.go:293] successfully renewed lease kube-system/ebs-csi-aws-com
2026-06-19T10:25:38.121468910Z I0619 10:25:38.121320       1 reflector.go:946] "Watch close" reflector="k8s.io/client-go/informers/factory.go:160" type="*v1.PersistentVolumeClaim" totalItems=6
2026-06-19T10:25:40.159759845Z I0619 10:25:40.159639       1 leaderelection.go:293] successfully renewed lease kube-system/ebs-csi-aws-com
2026-06-19T10:25:45.166272777Z I0619 10:25:45.166118       1 leaderelection.go:293] successfully renewed lease kube-system/ebs-csi-aws-com
2026-06-19T10:25:50.172069631Z I0619 10:25:50.171502       1 leaderelection.go:293] successfully renewed lease kube-system/ebs-csi-aws-com
2026-06-19T10:25:55.179110360Z I0619 10:25:55.178999       1 leaderelection.go:293] successfully renewed lease kube-system/ebs-csi-aws-com
2026-06-19T10:26:00.208280620Z I0619 10:26:00.208065       1 leaderelection.go:293] successfully renewed lease kube-system/ebs-csi-aws-com
2026-06-19T10:26:05.215889122Z I0619 10:26:05.215742       1 leaderelection.go:293] successfully renewed lease kube-system/ebs-csi-aws-com
2026-06-19T10:26:10.224698412Z I0619 10:26:10.224523       1 leaderelection.go:293] successfully renewed lease kube-system/ebs-csi-aws-com
2026-06-19T10:26:15.233386472Z I0619 10:26:15.233247       1 leaderelection.go:293] successfully renewed lease kube-system/ebs-csi-aws-com
2026-06-19T10:26:17.143303605Z I0619 10:26:17.143053       1 reflector.go:946] "Watch close" reflector="k8s.io/client-go/informers/factory.go:160" type="*v1.CSINode" totalItems=7
2026-06-19T10:26:20.239783270Z I0619 10:26:20.239599       1 leaderelection.go:293] successfully renewed lease kube-system/ebs-csi-aws-com
2026-06-19T10:26:25.248892132Z I0619 10:26:25.248578       1 leaderelection.go:293] successfully renewed lease kube-system/ebs-csi-aws-com
2026-06-19T10:26:30.255604164Z I0619 10:26:30.255397       1 leaderelection.go:293] successfully renewed lease kube-system/ebs-csi-aws-com
2026-06-19T10:26:35.262103978Z I0619 10:26:35.261954       1 leaderelection.go:293] successfully renewed lease kube-system/ebs-csi-aws-com
2026-06-19T10:26:40.268016852Z I0619 10:26:40.267884       1 leaderelection.go:293] successfully renewed lease kube-system/ebs-csi-aws-com
2026-06-19T10:26:45.273971496Z I0619 10:26:45.273744       1 leaderelection.go:293] successfully renewed lease kube-system/ebs-csi-aws-com
2026-06-19T10:26:50.281459668Z I0619 10:26:50.281196       1 leaderelection.go:293] successfully renewed lease kube-system/ebs-csi-aws-com
2026-06-19T10:26:55.288886009Z I0619 10:26:55.288745       1 leaderelection.go:293] successfully renewed lease kube-system/ebs-csi-aws-com
2026-06-19T10:27:00.296679422Z I0619 10:27:00.296513       1 leaderelection.go:293] successfully renewed lease kube-system/ebs-csi-aws-com
2026-06-19T10:27:05.310670648Z I0619 10:27:05.310380       1 leaderelection.go:293] successfully renewed lease kube-system/ebs-csi-aws-com
2026-06-19T10:27:10.317163191Z I0619 10:27:10.316795       1 leaderelection.go:293] successfully renewed lease kube-system/ebs-csi-aws-com
2026-06-19T10:27:15.328728288Z I0619 10:27:15.328612       1 leaderelection.go:293] successfully renewed lease kube-system/ebs-csi-aws-com
2026-06-19T10:27:16.252413576Z I0619 10:27:16.251988       1 reflector.go:946] "Watch close" reflector="k8s.io/client-go/informers/factory.go:160" type="*v1.VolumeAttachment" totalItems=6
2026-06-19T10:27:20.334390731Z I0619 10:27:20.334259       1 leaderelection.go:293] successfully renewed lease kube-system/ebs-csi-aws-com
2026-06-19T10:27:25.340041949Z I0619 10:27:25.339897       1 leaderelection.go:293] successfully renewed lease kube-system/ebs-csi-aws-com
2026-06-19T10:27:30.347129297Z I0619 10:27:30.346987       1 leaderelection.go:293] successfully renewed lease kube-system/ebs-csi-aws-com
2026-06-19T10:27:35.353920017Z I0619 10:27:35.353714       1 leaderelection.go:293] successfully renewed lease kube-system/ebs-csi-aws-com
2026-06-19T10:27:40.363286666Z I0619 10:27:40.363148       1 leaderelection.go:293] successfully renewed lease kube-system/ebs-csi-aws-com
2026-06-19T10:27:42.103343426Z I0619 10:27:42.102816       1 reflector.go:946] "Watch close" reflector="k8s.io/client-go/informers/factory.go:160" type="*v1.StorageClass" totalItems=8
2026-06-19T10:27:45.368885575Z I0619 10:27:45.368713       1 leaderelection.go:293] successfully renewed lease kube-system/ebs-csi-aws-com
2026-06-19T10:27:50.374393949Z I0619 10:27:50.374213       1 leaderelection.go:293] successfully renewed lease kube-system/ebs-csi-aws-com
2026-06-19T10:27:55.382784647Z I0619 10:27:55.382576       1 leaderelection.go:293] successfully renewed lease kube-system/ebs-csi-aws-com
2026-06-19T10:28:00.388211454Z I0619 10:28:00.388078       1 leaderelection.go:293] successfully renewed lease kube-system/ebs-csi-aws-com
2026-06-19T10:28:05.395439622Z I0619 10:28:05.395302       1 leaderelection.go:293] successfully renewed lease kube-system/ebs-csi-aws-com
2026-06-19T10:28:10.401336747Z I0619 10:28:10.401203       1 leaderelection.go:293] successfully renewed lease kube-system/ebs-csi-aws-com
2026-06-19T10:28:15.407348226Z I0619 10:28:15.407215       1 leaderelection.go:293] successfully renewed lease kube-system/ebs-csi-aws-com
2026-06-19T10:28:20.413474771Z I0619 10:28:20.413265       1 leaderelection.go:293] successfully renewed lease kube-system/ebs-csi-aws-com
2026-06-19T10:28:25.418892138Z I0619 10:28:25.418770       1 leaderelection.go:293] successfully renewed lease kube-system/ebs-csi-aws-com
2026-06-19T10:28:30.427171801Z I0619 10:28:30.427047       1 leaderelection.go:293] successfully renewed lease kube-system/ebs-csi-aws-com
2026-06-19T10:28:34.187682468Z I0619 10:28:34.187506       1 reflector.go:946] "Watch close" reflector="sigs.k8s.io/sig-storage-lib-external-provisioner/v11/controller/controller.go:875" type="*v1.StorageClass" totalItems=7
2026-06-19T10:28:35.433053132Z I0619 10:28:35.432811       1 leaderelection.go:293] successfully renewed lease kube-system/ebs-csi-aws-com
2026-06-19T10:28:40.439406927Z I0619 10:28:40.439152       1 leaderelection.go:293] successfully renewed lease kube-system/ebs-csi-aws-com
2026-06-19T10:28:41.167449690Z I0619 10:28:41.167228       1 reflector.go:946] "Watch close" reflector="k8s.io/client-go/informers/factory.go:160" type="*v1.Node" totalItems=14
2026-06-19T10:28:45.447302769Z I0619 10:28:45.447181       1 leaderelection.go:293] successfully renewed lease kube-system/ebs-csi-aws-com
2026-06-19T10:28:50.454274598Z I0619 10:28:50.454121       1 leaderelection.go:293] successfully renewed lease kube-system/ebs-csi-aws-com
2026-06-19T10:28:55.459260010Z I0619 10:28:55.459116       1 leaderelection.go:293] successfully renewed lease kube-system/ebs-csi-aws-com
2026-06-19T10:29:00.465981267Z I0619 10:29:00.465825       1 leaderelection.go:293] successfully renewed lease kube-system/ebs-csi-aws-com
2026-06-19T10:29:05.474450816Z I0619 10:29:05.474281       1 leaderelection.go:293] successfully renewed lease kube-system/ebs-csi-aws-com
2026-06-19T10:29:10.480024578Z I0619 10:29:10.479903       1 leaderelection.go:293] successfully renewed lease kube-system/ebs-csi-aws-com
2026-06-19T10:29:15.485801833Z I0619 10:29:15.485675       1 leaderelection.go:293] successfully renewed lease kube-system/ebs-csi-aws-com
2026-06-19T10:29:20.492647636Z I0619 10:29:20.492467       1 leaderelection.go:293] successfully renewed lease kube-system/ebs-csi-aws-com
2026-06-19T10:29:25.499049011Z I0619 10:29:25.498931       1 leaderelection.go:293] successfully renewed lease kube-system/ebs-csi-aws-com
2026-06-19T10:29:30.505731053Z I0619 10:29:30.505586       1 leaderelection.go:293] successfully renewed lease kube-system/ebs-csi-aws-com
2026-06-19T10:29:35.511541765Z I0619 10:29:35.511395       1 leaderelection.go:293] successfully renewed lease kube-system/ebs-csi-aws-com
2026-06-19T10:29:40.518635948Z I0619 10:29:40.518421       1 leaderelection.go:293] successfully renewed lease kube-system/ebs-csi-aws-com
2026-06-19T10:29:45.524044094Z I0619 10:29:45.523916       1 leaderelection.go:293] successfully renewed lease kube-system/ebs-csi-aws-com
2026-06-19T10:29:50.535814347Z I0619 10:29:50.535733       1 leaderelection.go:293] successfully renewed lease kube-system/ebs-csi-aws-com
2026-06-19T10:29:55.543042648Z I0619 10:29:55.542894       1 leaderelection.go:293] successfully renewed lease kube-system/ebs-csi-aws-com
2026-06-19T10:30:00.553585230Z I0619 10:30:00.553432       1 leaderelection.go:293] successfully renewed lease kube-system/ebs-csi-aws-com
2026-06-19T10:30:05.573886631Z I0619 10:30:05.573424       1 leaderelection.go:293] successfully renewed lease kube-system/ebs-csi-aws-com
2026-06-19T10:30:10.583129904Z I0619 10:30:10.582663       1 leaderelection.go:293] successfully renewed lease kube-system/ebs-csi-aws-com
2026-06-19T10:30:15.591032836Z I0619 10:30:15.590910       1 leaderelection.go:293] successfully renewed lease kube-system/ebs-csi-aws-com
2026-06-19T10:30:20.601199362Z I0619 10:30:20.600886       1 leaderelection.go:293] successfully renewed lease kube-system/ebs-csi-aws-com
2026-06-19T10:30:25.607586870Z I0619 10:30:25.607448       1 leaderelection.go:293] successfully renewed lease kube-system/ebs-csi-aws-com
2026-06-19T10:30:30.613811693Z I0619 10:30:30.613675       1 leaderelection.go:293] successfully renewed lease kube-system/ebs-csi-aws-com
2026-06-19T10:30:35.620086263Z I0619 10:30:35.619927       1 leaderelection.go:293] successfully renewed lease kube-system/ebs-csi-aws-com
2026-06-19T10:30:37.060322131Z I0619 10:30:37.060162       1 reflector.go:450] "Forcing resync" reflector="k8s.io/client-go/informers/factory.go:160"
2026-06-19T10:30:37.139137877Z I0619 10:30:37.138659       1 reflector.go:450] "Forcing resync" reflector="sigs.k8s.io/sig-storage-lib-external-provisioner/v11/controller/controller.go:872"
2026-06-19T10:30:37.139218583Z I0619 10:30:37.138763       1 controller.go:1185] "handleProtectionFinalizer" PV="&PersistentVolume{ObjectMeta:{pvc-5ad2bf1d-ae16-44b2-96c7-a7f846d9377a    55d3ca47-5a72-412c-9398-c6666cb964ca 1829 0 2026-06-19 07:48:46 +0000 UTC <nil> <nil> map[] map[pv.kubernetes.io/provisioned-by:ebs.csi.aws.com volume.kubernetes.io/provisioner-deletion-secret-name: volume.kubernetes.io/provisioner-deletion-secret-namespace:] [] [external-provisioner.volume.kubernetes.io/finalizer kubernetes.io/pv-protection external-attacher/ebs-csi-aws-com] [{csi-provisioner Update v1 2026-06-19 07:48:46 +0000 UTC FieldsV1 {\"f:metadata\":{\"f:annotations\":{\".\":{},\"f:pv.kubernetes.io/provisioned-by\":{},\"f:volume.kubernetes.io/provisioner-deletion-secret-name\":{},\"f:volume.kubernetes.io/provisioner-deletion-secret-namespace\":{}},\"f:finalizers\":{\".\":{},\"v:\\\"external-provisioner.volume.kubernetes.io/finalizer\\\"\":{}}},\"f:spec\":{\"f:accessModes\":{},\"f:capacity\":{\".\":{},\"f:storage\":{}},\"f:claimRef\":{\".\":{},\"f:apiVersion\":{},\"f:kind\":{},\"f:name\":{},\"f:namespace\":{},\"f:resourceVersion\":{},\"f:uid\":{}},\"f:csi\":{\".\":{},\"f:driver\":{},\"f:fsType\":{},\"f:volumeAttributes\":{\".\":{},\"f:storage.kubernetes.io/csiProvisionerIdentity\":{}},\"f:volumeHandle\":{}},\"f:nodeAffinity\":{\".\":{},\"f:required\":{}},\"f:persistentVolumeReclaimPolicy\":{},\"f:storageClassName\":{},\"f:volumeMode\":{}}} } {kube-controller-manager Update v1 2026-06-19 07:48:46 +0000 UTC FieldsV1 {\"f:status\":{\"f:phase\":{}}} status} {csi-attacher Update v1 2026-06-19 07:48:47 +0000 UTC FieldsV1 {\"f:metadata\":{\"f:finalizers\":{\"v:\\\"external-attacher/ebs-csi-aws-com\\\"\":{}}}} }]},Spec:PersistentVolumeSpec{Capacity:ResourceList{storage: {{10737418240 0} {<nil>} 10Gi BinarySI},},PersistentVolumeSource:PersistentVolumeSource{GCEPersistentDisk:nil,AWSElasticBlockStore:nil,HostPath:nil,Glusterfs:nil,NFS:nil,RBD:nil,ISCSI:nil,Cinder:nil,CephFS:nil,FC:nil,Flocker:nil,FlexVolume:nil,AzureFile:nil,VsphereVolume:nil,Quobyte:nil,AzureDisk:nil,PhotonPersistentDisk:nil,PortworxVolume:nil,ScaleIO:nil,Local:nil,StorageOS:nil,CSI:&CSIPersistentVolumeSource{Driver:ebs.csi.aws.com,VolumeHandle:vol-02992f401c0c3a97b,ReadOnly:false,FSType:ext4,VolumeAttributes:map[string]string{storage.kubernetes.io/csiProvisionerIdentity: 1781855100628-189-ebs.csi.aws.com,},ControllerPublishSecretRef:nil,NodeStageSecretRef:nil,NodePublishSecretRef:nil,ControllerExpandSecretRef:nil,NodeExpandSecretRef:nil,},},AccessModes:[ReadWriteOnce],ClaimRef:&ObjectReference{Kind:PersistentVolumeClaim,Namespace:kubentic-foresight,Name:server-volume-vlogs-server-0,UID:5ad2bf1d-ae16-44b2-96c7-a7f846d9377a,APIVersion:v1,ResourceVersion:1771,FieldPath:,},PersistentVolumeReclaimPolicy:Delete,StorageClassName:kops-csi-1-21,MountOptions:[],VolumeMode:*Filesystem,NodeAffinity:&VolumeNodeAffinity{Required:&NodeSelector{NodeSelectorTerms:[]NodeSelectorTerm{NodeSelectorTerm{MatchExpressions:[]NodeSelectorRequirement{NodeSelectorRequirement{Key:topology.kubernetes.io/zone,Operator:In,Values:[us-west-2a],},},MatchFields:[]NodeSelectorRequirement{},},},},},VolumeAttributesClassName:nil,},Status:PersistentVolumeStatus{Phase:Bound,Message:,Reason:,LastPhaseTransitionTime:2026-06-19 07:48:46 +0000 UTC,},}"
2026-06-19T10:30:37.139241038Z I0619 10:30:37.139062       1 controller.go:1272] "shouldDelete" PV="pvc-5ad2bf1d-ae16-44b2-96c7-a7f846d9377a"
2026-06-19T10:30:37.139243838Z I0619 10:30:37.139072       1 controller.go:1293] "shouldDelete is false: PersistentVolumePhase is not Released" PV="pvc-5ad2bf1d-ae16-44b2-96c7-a7f846d9377a"
2026-06-19T10:30:37.139251731Z I0619 10:30:37.138847       1 controller.go:1185] "handleProtectionFinalizer" PV="&PersistentVolume{ObjectMeta:{pvc-1a628bbe-2164-4e38-b041-a415818a50ec    b031663e-79d8-44ff-a9be-849a9638fa56 1995 0 2026-06-19 07:49:00 +0000 UTC <nil> <nil> map[] map[pv.kubernetes.io/provisioned-by:ebs.csi.aws.com volume.kubernetes.io/provisioner-deletion-secret-name: volume.kubernetes.io/provisioner-deletion-secret-namespace:] [] [external-provisioner.volume.kubernetes.io/finalizer kubernetes.io/pv-protection external-attacher/ebs-csi-aws-com] [{csi-provisioner Update v1 2026-06-19 07:49:00 +0000 UTC FieldsV1 {\"f:metadata\":{\"f:annotations\":{\".\":{},\"f:pv.kubernetes.io/provisioned-by\":{},\"f:volume.kubernetes.io/provisioner-deletion-secret-name\":{},\"f:volume.kubernetes.io/provisioner-deletion-secret-namespace\":{}},\"f:finalizers\":{\".\":{},\"v:\\\"external-provisioner.volume.kubernetes.io/finalizer\\\"\":{}}},\"f:spec\":{\"f:accessModes\":{},\"f:capacity\":{\".\":{},\"f:storage\":{}},\"f:claimRef\":{\".\":{},\"f:apiVersion\":{},\"f:kind\":{},\"f:name\":{},\"f:namespace\":{},\"f:resourceVersion\":{},\"f:uid\":{}},\"f:csi\":{\".\":{},\"f:driver\":{},\"f:fsType\":{},\"f:volumeAttributes\":{\".\":{},\"f:storage.kubernetes.io/csiProvisionerIdentity\":{}},\"f:volumeHandle\":{}},\"f:nodeAffinity\":{\".\":{},\"f:required\":{}},\"f:persistentVolumeReclaimPolicy\":{},\"f:storageClassName\":{},\"f:volumeMode\":{}}} } {kube-controller-manager Update v1 2026-06-19 07:49:00 +0000 UTC FieldsV1 {\"f:status\":{\"f:phase\":{}}} status} {csi-attacher Update v1 2026-06-19 07:49:01 +0000 UTC FieldsV1 {\"f:metadata\":{\"f:finalizers\":{\"v:\\\"external-attacher/ebs-csi-aws-com\\\"\":{}}}} }]},Spec:PersistentVolumeSpec{Capacity:ResourceList{storage: {{10737418240 0} {<nil>} 10Gi BinarySI},},PersistentVolumeSource:PersistentVolumeSource{GCEPersistentDisk:nil,AWSElasticBlockStore:nil,HostPath:nil,Glusterfs:nil,NFS:nil,RBD:nil,ISCSI:nil,Cinder:nil,CephFS:nil,FC:nil,Flocker:nil,FlexVolume:nil,AzureFile:nil,VsphereVolume:nil,Quobyte:nil,AzureDisk:nil,PhotonPersistentDisk:nil,PortworxVolume:nil,ScaleIO:nil,Local:nil,StorageOS:nil,CSI:&CSIPersistentVolumeSource{Driver:ebs.csi.aws.com,VolumeHandle:vol-092395df607f30c5f,ReadOnly:false,FSType:ext4,VolumeAttributes:map[string]string{storage.kubernetes.io/csiProvisionerIdentity: 1781855100628-189-ebs.csi.aws.com,},ControllerPublishSecretRef:nil,NodeStageSecretRef:nil,NodePublishSecretRef:nil,ControllerExpandSecretRef:nil,NodeExpandSecretRef:nil,},},AccessModes:[ReadWriteOnce],ClaimRef:&ObjectReference{Kind:PersistentVolumeClaim,Namespace:kubentic-foresight,Name:vmsingle-vmstack,UID:1a628bbe-2164-4e38-b041-a415818a50ec,APIVersion:v1,ResourceVersion:1964,FieldPath:,},PersistentVolumeReclaimPolicy:Delete,StorageClassName:kops-csi-1-21,MountOptions:[],VolumeMode:*Filesystem,NodeAffinity:&VolumeNodeAffinity{Required:&NodeSelector{NodeSelectorTerms:[]NodeSelectorTerm{NodeSelectorTerm{MatchExpressions:[]NodeSelectorRequirement{NodeSelectorRequirement{Key:topology.kubernetes.io/zone,Operator:In,Values:[us-west-2a],},},MatchFields:[]NodeSelectorRequirement{},},},},},VolumeAttributesClassName:nil,},Status:PersistentVolumeStatus{Phase:Bound,Message:,Reason:,LastPhaseTransitionTime:2026-06-19 07:49:00 +0000 UTC,},}"
2026-06-19T10:30:37.139258899Z I0619 10:30:37.139144       1 controller.go:1272] "shouldDelete" PV="pvc-1a628bbe-2164-4e38-b041-a415818a50ec"
2026-06-19T10:30:37.139270767Z I0619 10:30:37.139167       1 controller.go:1293] "shouldDelete is false: PersistentVolumePhase is not Released" PV="pvc-1a628bbe-2164-4e38-b041-a415818a50ec"
2026-06-19T10:30:40.626968547Z I0619 10:30:40.626833       1 leaderelection.go:293] successfully renewed lease kube-system/ebs-csi-aws-com
2026-06-19T10:30:45.633871999Z I0619 10:30:45.633748       1 leaderelection.go:293] successfully renewed lease kube-system/ebs-csi-aws-com
2026-06-19T10:30:50.640261561Z I0619 10:30:50.640124       1 leaderelection.go:293] successfully renewed lease kube-system/ebs-csi-aws-com
2026-06-19T10:30:55.649636354Z I0619 10:30:55.649474       1 leaderelection.go:293] successfully renewed lease kube-system/ebs-csi-aws-com
2026-06-19T10:31:00.655332738Z I0619 10:31:00.655144       1 leaderelection.go:293] successfully renewed lease kube-system/ebs-csi-aws-com
2026-06-19T10:31:05.664026682Z I0619 10:31:05.661190       1 leaderelection.go:293] successfully renewed lease kube-system/ebs-csi-aws-com
2026-06-19T10:31:10.672413424Z I0619 10:31:10.672102       1 leaderelection.go:293] successfully renewed lease kube-system/ebs-csi-aws-com
2026-06-19T10:31:15.685143190Z I0619 10:31:15.685003       1 leaderelection.go:293] successfully renewed lease kube-system/ebs-csi-aws-com
2026-06-19T10:31:20.694105670Z I0619 10:31:20.692756       1 leaderelection.go:293] successfully renewed lease kube-system/ebs-csi-aws-com
2026-06-19T10:31:25.698674832Z I0619 10:31:25.698492       1 leaderelection.go:293] successfully renewed lease kube-system/ebs-csi-aws-com
2026-06-19T10:31:30.704563426Z I0619 10:31:30.704406       1 leaderelection.go:293] successfully renewed lease kube-system/ebs-csi-aws-com
2026-06-19T10:31:35.711270798Z I0619 10:31:35.711142       1 leaderelection.go:293] successfully renewed lease kube-system/ebs-csi-aws-com
2026-06-19T10:31:40.718104087Z I0619 10:31:40.717951       1 leaderelection.go:293] successfully renewed lease kube-system/ebs-csi-aws-com
2026-06-19T10:31:45.723022376Z I0619 10:31:45.722863       1 leaderelection.go:293] successfully renewed lease kube-system/ebs-csi-aws-com
2026-06-19T10:31:50.472669144Z I0619 10:31:50.472489       1 reflector.go:946] "Watch close" reflector="sigs.k8s.io/sig-storage-lib-external-provisioner/v11/controller/controller.go:872" type="*v1.PersistentVolume" totalItems=9
2026-06-19T10:31:50.729062899Z I0619 10:31:50.728786       1 leaderelection.go:293] successfully renewed lease kube-system/ebs-csi-aws-com
2026-06-19T10:31:55.735479900Z I0619 10:31:55.735317       1 leaderelection.go:293] successfully renewed lease kube-system/ebs-csi-aws-com
2026-06-19T10:32:00.741792257Z I0619 10:32:00.741670       1 leaderelection.go:293] successfully renewed lease kube-system/ebs-csi-aws-com
2026-06-19T10:32:05.749992384Z I0619 10:32:05.749856       1 leaderelection.go:293] successfully renewed lease kube-system/ebs-csi-aws-com
2026-06-19T10:32:10.758962669Z I0619 10:32:10.758839       1 leaderelection.go:293] successfully renewed lease kube-system/ebs-csi-aws-com
2026-06-19T10:32:15.765674609Z I0619 10:32:15.765512       1 leaderelection.go:293] successfully renewed lease kube-system/ebs-csi-aws-com
2026-06-19T10:32:20.771297456Z I0619 10:32:20.771178       1 leaderelection.go:293] successfully renewed lease kube-system/ebs-csi-aws-com
2026-06-19T10:32:25.778819011Z I0619 10:32:25.778703       1 leaderelection.go:293] successfully renewed lease kube-system/ebs-csi-aws-com
2026-06-19T10:32:30.784891749Z I0619 10:32:30.784646       1 leaderelection.go:293] successfully renewed lease kube-system/ebs-csi-aws-com
2026-06-19T10:32:31.145317608Z I0619 10:32:31.145165       1 reflector.go:946] "Watch close" reflector="k8s.io/client-go/informers/factory.go:160" type="*v1.CSINode" totalItems=8
2026-06-19T10:32:35.790468679Z I0619 10:32:35.790329       1 leaderelection.go:293] successfully renewed lease kube-system/ebs-csi-aws-com
2026-06-19T10:32:40.797145557Z I0619 10:32:40.796848       1 leaderelection.go:293] successfully renewed lease kube-system/ebs-csi-aws-com
2026-06-19T10:32:45.802964602Z I0619 10:32:45.802783       1 leaderelection.go:293] successfully renewed lease kube-system/ebs-csi-aws-com
2026-06-19T10:32:50.818900713Z I0619 10:32:50.818647       1 leaderelection.go:293] successfully renewed lease kube-system/ebs-csi-aws-com
2026-06-19T10:32:55.824812424Z I0619 10:32:55.824688       1 leaderelection.go:293] successfully renewed lease kube-system/ebs-csi-aws-com
2026-06-19T10:33:00.831260283Z I0619 10:33:00.831120       1 leaderelection.go:293] successfully renewed lease kube-system/ebs-csi-aws-com
2026-06-19T10:33:05.839617101Z I0619 10:33:05.839365       1 leaderelection.go:293] successfully renewed lease kube-system/ebs-csi-aws-com
2026-06-19T10:33:10.845953346Z I0619 10:33:10.845823       1 leaderelection.go:293] successfully renewed lease kube-system/ebs-csi-aws-com
2026-06-19T10:33:15.851699970Z I0619 10:33:15.851561       1 leaderelection.go:293] successfully renewed lease kube-system/ebs-csi-aws-com
2026-06-19T10:33:20.857274012Z I0619 10:33:20.857141       1 leaderelection.go:293] successfully renewed lease kube-system/ebs-csi-aws-com
2026-06-19T10:33:25.862981362Z I0619 10:33:25.862812       1 leaderelection.go:293] successfully renewed lease kube-system/ebs-csi-aws-com
2026-06-19T10:33:30.869655044Z I0619 10:33:30.869524       1 leaderelection.go:293] successfully renewed lease kube-system/ebs-csi-aws-com
2026-06-19T10:33:35.875240464Z I0619 10:33:35.875014       1 leaderelection.go:293] successfully renewed lease kube-system/ebs-csi-aws-com
2026-06-19T10:33:40.885510551Z I0619 10:33:40.885387       1 leaderelection.go:293] successfully renewed lease kube-system/ebs-csi-aws-com
2026-06-19T10:33:45.897724462Z I0619 10:33:45.897584       1 leaderelection.go:293] successfully renewed lease kube-system/ebs-csi-aws-com
2026-06-19T10:33:50.904083959Z I0619 10:33:50.903954       1 leaderelection.go:293] successfully renewed lease kube-system/ebs-csi-aws-com
2026-06-19T10:33:55.910252241Z I0619 10:33:55.910079       1 leaderelection.go:293] successfully renewed lease kube-system/ebs-csi-aws-com
2026-06-19T10:34:00.916508804Z I0619 10:34:00.916384       1 leaderelection.go:293] successfully renewed lease kube-system/ebs-csi-aws-com
2026-06-19T10:34:05.923381013Z I0619 10:34:05.923071       1 leaderelection.go:293] successfully renewed lease kube-system/ebs-csi-aws-com
2026-06-19T10:34:10.929932313Z I0619 10:34:10.929796       1 leaderelection.go:293] successfully renewed lease kube-system/ebs-csi-aws-com
2026-06-19T10:34:11.124457178Z I0619 10:34:11.123893       1 reflector.go:946] "Watch close" reflector="k8s.io/client-go/informers/factory.go:160" type="*v1.PersistentVolumeClaim" totalItems=9
2026-06-19T10:34:15.936186533Z I0619 10:34:15.936061       1 leaderelection.go:293] successfully renewed lease kube-system/ebs-csi-aws-com
2026-06-19T10:34:20.942241746Z I0619 10:34:20.942128       1 leaderelection.go:293] successfully renewed lease kube-system/ebs-csi-aws-com
2026-06-19T10:34:25.947502478Z I0619 10:34:25.947369       1 leaderelection.go:293] successfully renewed lease kube-system/ebs-csi-aws-com
2026-06-19T10:34:28.105405464Z I0619 10:34:28.105191       1 reflector.go:946] "Watch close" reflector="k8s.io/client-go/informers/factory.go:160" type="*v1.StorageClass" totalItems=6
2026-06-19T10:34:30.954519189Z I0619 10:34:30.954370       1 leaderelection.go:293] successfully renewed lease kube-system/ebs-csi-aws-com
2026-06-19T10:34:33.254118144Z I0619 10:34:33.253983       1 reflector.go:946] "Watch close" reflector="k8s.io/client-go/informers/factory.go:160" type="*v1.VolumeAttachment" totalItems=9
2026-06-19T10:34:35.962155706Z I0619 10:34:35.962019       1 leaderelection.go:293] successfully renewed lease kube-system/ebs-csi-aws-com
2026-06-19T10:34:40.967946507Z I0619 10:34:40.967625       1 leaderelection.go:293] successfully renewed lease kube-system/ebs-csi-aws-com
2026-06-19T10:34:45.974557674Z I0619 10:34:45.974424       1 leaderelection.go:293] successfully renewed lease kube-system/ebs-csi-aws-com
2026-06-19T10:34:50.981682210Z I0619 10:34:50.981537       1 leaderelection.go:293] successfully renewed lease kube-system/ebs-csi-aws-com
2026-06-19T10:34:55.987247403Z I0619 10:34:55.987120       1 leaderelection.go:293] successfully renewed lease kube-system/ebs-csi-aws-com
2026-06-19T10:35:00.995001046Z I0619 10:35:00.994844       1 leaderelection.go:293] successfully renewed lease kube-system/ebs-csi-aws-com
2026-06-19T10:35:06.006212111Z I0619 10:35:06.006048       1 leaderelection.go:293] successfully renewed lease kube-system/ebs-csi-aws-com
2026-06-19T10:35:11.015377303Z I0619 10:35:11.014976       1 leaderelection.go:293] successfully renewed lease kube-system/ebs-csi-aws-com
2026-06-19T10:35:16.020745049Z I0619 10:35:16.020518       1 leaderelection.go:293] successfully renewed lease kube-system/ebs-csi-aws-com
2026-06-19T10:35:21.026650994Z I0619 10:35:21.026504       1 leaderelection.go:293] successfully renewed lease kube-system/ebs-csi-aws-com
2026-06-19T10:35:26.033296024Z I0619 10:35:26.033137       1 leaderelection.go:293] successfully renewed lease kube-system/ebs-csi-aws-com
2026-06-19T10:35:31.039242194Z I0619 10:35:31.039119       1 leaderelection.go:293] successfully renewed lease kube-system/ebs-csi-aws-com
2026-06-19T10:35:36.046439788Z I0619 10:35:36.046310       1 leaderelection.go:293] successfully renewed lease kube-system/ebs-csi-aws-com
2026-06-19T10:35:41.052534730Z I0619 10:35:41.052408       1 leaderelection.go:293] successfully renewed lease kube-system/ebs-csi-aws-com
2026-06-19T10:35:46.058444062Z I0619 10:35:46.058325       1 leaderelection.go:293] successfully renewed lease kube-system/ebs-csi-aws-com
2026-06-19T10:35:51.067511973Z I0619 10:35:51.067392       1 leaderelection.go:293] successfully renewed lease kube-system/ebs-csi-aws-com
2026-06-19T10:35:56.073594518Z I0619 10:35:56.073284       1 leaderelection.go:293] successfully renewed lease kube-system/ebs-csi-aws-com
2026-06-19T10:36:00.190266584Z I0619 10:36:00.190053       1 reflector.go:946] "Watch close" reflector="sigs.k8s.io/sig-storage-lib-external-provisioner/v11/controller/controller.go:875" type="*v1.StorageClass" totalItems=9
2026-06-19T10:36:01.079058825Z I0619 10:36:01.078913       1 leaderelection.go:293] successfully renewed lease kube-system/ebs-csi-aws-com
2026-06-19T10:36:06.088127544Z I0619 10:36:06.087967       1 leaderelection.go:293] successfully renewed lease kube-system/ebs-csi-aws-com
2026-06-19T10:36:11.095459548Z I0619 10:36:11.094260       1 leaderelection.go:293] successfully renewed lease kube-system/ebs-csi-aws-com
2026-06-19T10:36:15.169273065Z I0619 10:36:15.169106       1 reflector.go:946] "Watch close" reflector="k8s.io/client-go/informers/factory.go:160" type="*v1.Node" totalItems=12
2026-06-19T10:36:16.099533393Z I0619 10:36:16.099340       1 leaderelection.go:293] successfully renewed lease kube-system/ebs-csi-aws-com
2026-06-19T10:36:21.105706739Z I0619 10:36:21.105530       1 leaderelection.go:293] successfully renewed lease kube-system/ebs-csi-aws-com
2026-06-19T10:36:26.110992463Z I0619 10:36:26.110860       1 leaderelection.go:293] successfully renewed lease kube-system/ebs-csi-aws-com
2026-06-19T10:36:31.116867485Z I0619 10:36:31.116747       1 leaderelection.go:293] successfully renewed lease kube-system/ebs-csi-aws-com
2026-06-19T10:36:36.124578620Z I0619 10:36:36.124425       1 leaderelection.go:293] successfully renewed lease kube-system/ebs-csi-aws-com
2026-06-19T10:36:41.129692988Z I0619 10:36:41.129567       1 leaderelection.go:293] successfully renewed lease kube-system/ebs-csi-aws-com
2026-06-19T10:36:46.134867977Z I0619 10:36:46.134688       1 leaderelection.go:293] successfully renewed lease kube-system/ebs-csi-aws-com
2026-06-19T10:36:51.143098415Z I0619 10:36:51.142913       1 leaderelection.go:293] successfully renewed lease kube-system/ebs-csi-aws-com
2026-06-19T10:36:56.148264025Z I0619 10:36:56.148138       1 leaderelection.go:293] successfully renewed lease kube-system/ebs-csi-aws-com
2026-06-19T10:37:01.157580418Z I0619 10:37:01.157429       1 leaderelection.go:293] successfully renewed lease kube-system/ebs-csi-aws-com
2026-06-19T10:37:06.164610554Z I0619 10:37:06.164430       1 leaderelection.go:293] successfully renewed lease kube-system/ebs-csi-aws-com
2026-06-19T10:37:11.170870367Z I0619 10:37:11.170660       1 leaderelection.go:293] successfully renewed lease kube-system/ebs-csi-aws-com
2026-06-19T10:37:16.176255618Z I0619 10:37:16.176097       1 leaderelection.go:293] successfully renewed lease kube-system/ebs-csi-aws-com
2026-06-19T10:37:21.182512625Z I0619 10:37:21.182368       1 leaderelection.go:293] successfully renewed lease kube-system/ebs-csi-aws-com
2026-06-19T10:37:26.187922185Z I0619 10:37:26.187806       1 leaderelection.go:293] successfully renewed lease kube-system/ebs-csi-aws-com
2026-06-19T10:37:31.194476651Z I0619 10:37:31.194329       1 leaderelection.go:293] successfully renewed lease kube-system/ebs-csi-aws-com
2026-06-19T10:37:35.147499569Z I0619 10:37:35.147300       1 reflector.go:946] "Watch close" reflector="k8s.io/client-go/informers/factory.go:160" type="*v1.CSINode" totalItems=6
2026-06-19T10:37:36.200620057Z I0619 10:37:36.200433       1 leaderelection.go:293] successfully renewed lease kube-system/ebs-csi-aws-com
2026-06-19T10:37:41.208172198Z I0619 10:37:41.207866       1 leaderelection.go:293] successfully renewed lease kube-system/ebs-csi-aws-com
2026-06-19T10:37:46.218110552Z I0619 10:37:46.217985       1 leaderelection.go:293] successfully renewed lease kube-system/ebs-csi-aws-com
2026-06-19T10:37:51.224375905Z I0619 10:37:51.224261       1 leaderelection.go:293] successfully renewed lease kube-system/ebs-csi-aws-com
2026-06-19T10:37:56.230450700Z I0619 10:37:56.230268       1 leaderelection.go:293] successfully renewed lease kube-system/ebs-csi-aws-com
2026-06-19T10:38:01.238670663Z I0619 10:38:01.238497       1 leaderelection.go:293] successfully renewed lease kube-system/ebs-csi-aws-com
2026-06-19T10:38:06.246578323Z I0619 10:38:06.246280       1 leaderelection.go:293] successfully renewed lease kube-system/ebs-csi-aws-com
2026-06-19T10:38:11.260412196Z I0619 10:38:11.260290       1 leaderelection.go:293] successfully renewed lease kube-system/ebs-csi-aws-com
2026-06-19T10:38:16.265301271Z I0619 10:38:16.265116       1 leaderelection.go:293] successfully renewed lease kube-system/ebs-csi-aws-com
2026-06-19T10:38:21.273809859Z I0619 10:38:21.273682       1 leaderelection.go:293] successfully renewed lease kube-system/ebs-csi-aws-com
2026-06-19T10:38:26.279598801Z I0619 10:38:26.279419       1 leaderelection.go:293] successfully renewed lease kube-system/ebs-csi-aws-com
2026-06-19T10:38:31.287281925Z I0619 10:38:31.287154       1 leaderelection.go:293] successfully renewed lease kube-system/ebs-csi-aws-com
2026-06-19T10:38:36.292611502Z I0619 10:38:36.292434       1 leaderelection.go:293] successfully renewed lease kube-system/ebs-csi-aws-com
2026-06-19T10:38:41.298926579Z I0619 10:38:41.298804       1 leaderelection.go:293] successfully renewed lease kube-system/ebs-csi-aws-com
2026-06-19T10:38:46.303642071Z I0619 10:38:46.303483       1 leaderelection.go:293] successfully renewed lease kube-system/ebs-csi-aws-com
2026-06-19T10:38:51.310364627Z I0619 10:38:51.310040       1 leaderelection.go:293] successfully renewed lease kube-system/ebs-csi-aws-com
2026-06-19T10:38:56.316707344Z I0619 10:38:56.316585       1 leaderelection.go:293] successfully renewed lease kube-system/ebs-csi-aws-com
2026-06-19T10:39:01.330587601Z I0619 10:39:01.330169       1 leaderelection.go:293] successfully renewed lease kube-system/ebs-csi-aws-com
2026-06-19T10:39:06.336281255Z I0619 10:39:06.336143       1 leaderelection.go:293] successfully renewed lease kube-system/ebs-csi-aws-com
2026-06-19T10:39:11.344729040Z I0619 10:39:11.344597       1 leaderelection.go:293] successfully renewed lease kube-system/ebs-csi-aws-com
2026-06-19T10:39:16.350138465Z I0619 10:39:16.349929       1 leaderelection.go:293] successfully renewed lease kube-system/ebs-csi-aws-com
2026-06-19T10:39:20.475314430Z I0619 10:39:20.475147       1 reflector.go:946] "Watch close" reflector="sigs.k8s.io/sig-storage-lib-external-provisioner/v11/controller/controller.go:872" type="*v1.PersistentVolume" totalItems=8
2026-06-19T10:39:21.356675056Z I0619 10:39:21.356559       1 leaderelection.go:293] successfully renewed lease kube-system/ebs-csi-aws-com
2026-06-19T10:39:26.364722873Z I0619 10:39:26.364585       1 leaderelection.go:293] successfully renewed lease kube-system/ebs-csi-aws-com
2026-06-19T10:39:31.370773628Z I0619 10:39:31.370621       1 leaderelection.go:293] successfully renewed lease kube-system/ebs-csi-aws-com
2026-06-19T10:39:36.382934376Z I0619 10:39:36.382519       1 leaderelection.go:293] successfully renewed lease kube-system/ebs-csi-aws-com
2026-06-19T10:39:41.389075370Z I0619 10:39:41.388804       1 leaderelection.go:293] successfully renewed lease kube-system/ebs-csi-aws-com
2026-06-19T10:39:46.394368310Z I0619 10:39:46.394243       1 leaderelection.go:293] successfully renewed lease kube-system/ebs-csi-aws-com
2026-06-19T10:39:51.400536311Z I0619 10:39:51.400368       1 leaderelection.go:293] successfully renewed lease kube-system/ebs-csi-aws-com
2026-06-19T10:39:56.406336226Z I0619 10:39:56.406165       1 leaderelection.go:293] successfully renewed lease kube-system/ebs-csi-aws-com
2026-06-19T10:40:01.521010214Z I0619 10:40:01.520881       1 leaderelection.go:293] successfully renewed lease kube-system/ebs-csi-aws-com
2026-06-19T10:40:06.532236414Z I0619 10:40:06.532082       1 leaderelection.go:293] successfully renewed lease kube-system/ebs-csi-aws-com
2026-06-19T10:40:11.538291629Z I0619 10:40:11.537995       1 leaderelection.go:293] successfully renewed lease kube-system/ebs-csi-aws-com
2026-06-19T10:40:16.543498297Z I0619 10:40:16.543344       1 leaderelection.go:293] successfully renewed lease kube-system/ebs-csi-aws-com
2026-06-19T10:40:21.550155469Z I0619 10:40:21.550000       1 leaderelection.go:293] successfully renewed lease kube-system/ebs-csi-aws-com
2026-06-19T10:40:26.556002229Z I0619 10:40:26.555878       1 leaderelection.go:293] successfully renewed lease kube-system/ebs-csi-aws-com
2026-06-19T10:40:31.562658516Z I0619 10:40:31.562509       1 leaderelection.go:293] successfully renewed lease kube-system/ebs-csi-aws-com
2026-06-19T10:40:36.567684665Z I0619 10:40:36.567399       1 leaderelection.go:293] successfully renewed lease kube-system/ebs-csi-aws-com
2026-06-19T10:40:41.576066716Z I0619 10:40:41.575930       1 leaderelection.go:293] successfully renewed lease kube-system/ebs-csi-aws-com
2026-06-19T10:40:46.581464829Z I0619 10:40:46.581336       1 leaderelection.go:293] successfully renewed lease kube-system/ebs-csi-aws-com
2026-06-19T10:40:51.587151992Z I0619 10:40:51.586934       1 leaderelection.go:293] successfully renewed lease kube-system/ebs-csi-aws-com
2026-06-19T10:40:56.595254356Z I0619 10:40:56.595114       1 leaderelection.go:293] successfully renewed lease kube-system/ebs-csi-aws-com
2026-06-19T10:41:01.655315658Z I0619 10:41:01.655118       1 leaderelection.go:293] successfully renewed lease kube-system/ebs-csi-aws-com
2026-06-19T10:41:06.662139435Z I0619 10:41:06.661919       1 leaderelection.go:293] successfully renewed lease kube-system/ebs-csi-aws-com
2026-06-19T10:41:11.668183141Z I0619 10:41:11.667990       1 leaderelection.go:293] successfully renewed lease kube-system/ebs-csi-aws-com
2026-06-19T10:41:16.674111185Z I0619 10:41:16.673977       1 leaderelection.go:293] successfully renewed lease kube-system/ebs-csi-aws-com
2026-06-19T10:41:21.682898740Z I0619 10:41:21.682775       1 leaderelection.go:293] successfully renewed lease kube-system/ebs-csi-aws-com
2026-06-19T10:41:26.690705074Z I0619 10:41:26.690528       1 leaderelection.go:293] successfully renewed lease kube-system/ebs-csi-aws-com
2026-06-19T10:41:27.171331060Z I0619 10:41:27.171114       1 reflector.go:946] "Watch close" reflector="k8s.io/client-go/informers/factory.go:160" type="*v1.Node" totalItems=9
2026-06-19T10:41:31.696155129Z I0619 10:41:31.696040       1 leaderelection.go:293] successfully renewed lease kube-system/ebs-csi-aws-com
2026-06-19T10:41:36.705253210Z I0619 10:41:36.704865       1 leaderelection.go:293] successfully renewed lease kube-system/ebs-csi-aws-com
2026-06-19T10:41:41.711566387Z I0619 10:41:41.711408       1 leaderelection.go:293] successfully renewed lease kube-system/ebs-csi-aws-com
2026-06-19T10:41:46.717589820Z I0619 10:41:46.717441       1 leaderelection.go:293] successfully renewed lease kube-system/ebs-csi-aws-com
2026-06-19T10:41:51.723200965Z I0619 10:41:51.723084       1 leaderelection.go:293] successfully renewed lease kube-system/ebs-csi-aws-com
2026-06-19T10:41:56.730005138Z I0619 10:41:56.729883       1 leaderelection.go:293] successfully renewed lease kube-system/ebs-csi-aws-com
2026-06-19T10:41:59.194577767Z I0619 10:41:59.194345       1 reflector.go:946] "Watch close" reflector="sigs.k8s.io/sig-storage-lib-external-provisioner/v11/controller/controller.go:875" type="*v1.StorageClass" totalItems=7
2026-06-19T10:42:02.432319810Z I0619 10:42:02.432126       1 leaderelection.go:293] successfully renewed lease kube-system/ebs-csi-aws-com
2026-06-19T10:42:04.107424669Z I0619 10:42:04.107011       1 reflector.go:946] "Watch close" reflector="k8s.io/client-go/informers/factory.go:160" type="*v1.StorageClass" totalItems=7
2026-06-19T10:42:07.438489101Z I0619 10:42:07.438307       1 leaderelection.go:293] successfully renewed lease kube-system/ebs-csi-aws-com
2026-06-19T10:42:12.444593632Z I0619 10:42:12.444426       1 leaderelection.go:293] successfully renewed lease kube-system/ebs-csi-aws-com
2026-06-19T10:42:17.452276923Z I0619 10:42:17.451998       1 leaderelection.go:293] successfully renewed lease kube-system/ebs-csi-aws-com
2026-06-19T10:42:22.460697426Z I0619 10:42:22.460561       1 leaderelection.go:293] successfully renewed lease kube-system/ebs-csi-aws-com
2026-06-19T10:42:27.466284811Z I0619 10:42:27.466055       1 leaderelection.go:293] successfully renewed lease kube-system/ebs-csi-aws-com
2026-06-19T10:42:32.472128819Z I0619 10:42:32.472011       1 leaderelection.go:293] successfully renewed lease kube-system/ebs-csi-aws-com
2026-06-19T10:42:37.478361073Z I0619 10:42:37.478203       1 leaderelection.go:293] successfully renewed lease kube-system/ebs-csi-aws-com
2026-06-19T10:42:42.484644152Z I0619 10:42:42.484480       1 leaderelection.go:293] successfully renewed lease kube-system/ebs-csi-aws-com
2026-06-19T10:42:47.489195882Z I0619 10:42:47.489037       1 leaderelection.go:293] successfully renewed lease kube-system/ebs-csi-aws-com
2026-06-19T10:42:52.495441439Z I0619 10:42:52.495308       1 leaderelection.go:293] successfully renewed lease kube-system/ebs-csi-aws-com
2026-06-19T10:42:57.501661940Z I0619 10:42:57.501379       1 leaderelection.go:293] successfully renewed lease kube-system/ebs-csi-aws-com
2026-06-19T10:43:02.142614907Z I0619 10:43:02.138667       1 reflector.go:946] "Watch close" reflector="k8s.io/client-go/informers/factory.go:160" type="*v1.PersistentVolumeClaim" totalItems=8
2026-06-19T10:43:02.527384855Z I0619 10:43:02.527173       1 leaderelection.go:293] successfully renewed lease kube-system/ebs-csi-aws-com
2026-06-19T10:43:07.536506905Z I0619 10:43:07.536378       1 leaderelection.go:293] successfully renewed lease kube-system/ebs-csi-aws-com
2026-06-19T10:43:12.545328840Z I0619 10:43:12.545207       1 leaderelection.go:293] successfully renewed lease kube-system/ebs-csi-aws-com
2026-06-19T10:43:17.551497748Z I0619 10:43:17.551359       1 leaderelection.go:293] successfully renewed lease kube-system/ebs-csi-aws-com
2026-06-19T10:43:22.557509407Z I0619 10:43:22.557388       1 leaderelection.go:293] successfully renewed lease kube-system/ebs-csi-aws-com
2026-06-19T10:43:27.563113463Z I0619 10:43:27.562957       1 leaderelection.go:293] successfully renewed lease kube-system/ebs-csi-aws-com
2026-06-19T10:43:32.569372910Z I0619 10:43:32.569049       1 leaderelection.go:293] successfully renewed lease kube-system/ebs-csi-aws-com
2026-06-19T10:43:37.574922441Z I0619 10:43:37.574780       1 leaderelection.go:293] successfully renewed lease kube-system/ebs-csi-aws-com
2026-06-19T10:43:41.256093144Z I0619 10:43:41.255927       1 reflector.go:946] "Watch close" reflector="k8s.io/client-go/informers/factory.go:160" type="*v1.VolumeAttachment" totalItems=11
2026-06-19T10:43:42.581091059Z I0619 10:43:42.580857       1 leaderelection.go:293] successfully renewed lease kube-system/ebs-csi-aws-com
2026-06-19T10:43:47.586782488Z I0619 10:43:47.586604       1 leaderelection.go:293] successfully renewed lease kube-system/ebs-csi-aws-com
2026-06-19T10:43:52.593870841Z I0619 10:43:52.593715       1 leaderelection.go:293] successfully renewed lease kube-system/ebs-csi-aws-com
2026-06-19T10:43:57.599474197Z I0619 10:43:57.599355       1 leaderelection.go:293] successfully renewed lease kube-system/ebs-csi-aws-com
2026-06-19T10:44:02.737104558Z I0619 10:44:02.732706       1 leaderelection.go:293] successfully renewed lease kube-system/ebs-csi-aws-com
2026-06-19T10:44:07.752573967Z I0619 10:44:07.752439       1 leaderelection.go:293] successfully renewed lease kube-system/ebs-csi-aws-com
2026-06-19T10:44:12.758441703Z I0619 10:44:12.758293       1 leaderelection.go:293] successfully renewed lease kube-system/ebs-csi-aws-com
2026-06-19T10:44:17.764663854Z I0619 10:44:17.764248       1 leaderelection.go:293] successfully renewed lease kube-system/ebs-csi-aws-com
2026-06-19T10:44:22.770707701Z I0619 10:44:22.770521       1 leaderelection.go:293] successfully renewed lease kube-system/ebs-csi-aws-com
2026-06-19T10:44:27.777618154Z I0619 10:44:27.777457       1 leaderelection.go:293] successfully renewed lease kube-system/ebs-csi-aws-com
2026-06-19T10:44:32.784365998Z I0619 10:44:32.784213       1 leaderelection.go:293] successfully renewed lease kube-system/ebs-csi-aws-com
2026-06-19T10:44:37.790713531Z I0619 10:44:37.790578       1 leaderelection.go:293] successfully renewed lease kube-system/ebs-csi-aws-com
2026-06-19T10:44:42.795697547Z I0619 10:44:42.795542       1 leaderelection.go:293] successfully renewed lease kube-system/ebs-csi-aws-com
2026-06-19T10:44:47.801439881Z I0619 10:44:47.801316       1 leaderelection.go:293] successfully renewed lease kube-system/ebs-csi-aws-com
2026-06-19T10:44:52.807688220Z I0619 10:44:52.807585       1 leaderelection.go:293] successfully renewed lease kube-system/ebs-csi-aws-com
2026-06-19T10:44:57.813619215Z I0619 10:44:57.813462       1 leaderelection.go:293] successfully renewed lease kube-system/ebs-csi-aws-com
2026-06-19T10:45:02.987176620Z I0619 10:45:02.983483       1 leaderelection.go:293] successfully renewed lease kube-system/ebs-csi-aws-com
2026-06-19T10:45:07.991238913Z I0619 10:45:07.990874       1 leaderelection.go:293] successfully renewed lease kube-system/ebs-csi-aws-com
2026-06-19T10:45:12.997601765Z I0619 10:45:12.997445       1 leaderelection.go:293] successfully renewed lease kube-system/ebs-csi-aws-com
2026-06-19T10:45:18.002794127Z I0619 10:45:18.002620       1 leaderelection.go:293] successfully renewed lease kube-system/ebs-csi-aws-com
2026-06-19T10:45:23.011108363Z I0619 10:45:23.010986       1 leaderelection.go:293] successfully renewed lease kube-system/ebs-csi-aws-com
2026-06-19T10:45:28.017535292Z I0619 10:45:28.017346       1 leaderelection.go:293] successfully renewed lease kube-system/ebs-csi-aws-com
2026-06-19T10:45:33.023984294Z I0619 10:45:33.023867       1 leaderelection.go:293] successfully renewed lease kube-system/ebs-csi-aws-com
2026-06-19T10:45:37.060737226Z I0619 10:45:37.060513       1 reflector.go:450] "Forcing resync" reflector="k8s.io/client-go/informers/factory.go:160"
2026-06-19T10:45:37.139510351Z I0619 10:45:37.139170       1 reflector.go:450] "Forcing resync" reflector="sigs.k8s.io/sig-storage-lib-external-provisioner/v11/controller/controller.go:872"
2026-06-19T10:45:37.139834599Z I0619 10:45:37.139264       1 controller.go:1185] "handleProtectionFinalizer" PV="&PersistentVolume{ObjectMeta:{pvc-5ad2bf1d-ae16-44b2-96c7-a7f846d9377a    55d3ca47-5a72-412c-9398-c6666cb964ca 1829 0 2026-06-19 07:48:46 +0000 UTC <nil> <nil> map[] map[pv.kubernetes.io/provisioned-by:ebs.csi.aws.com volume.kubernetes.io/provisioner-deletion-secret-name: volume.kubernetes.io/provisioner-deletion-secret-namespace:] [] [external-provisioner.volume.kubernetes.io/finalizer kubernetes.io/pv-protection external-attacher/ebs-csi-aws-com] [{csi-provisioner Update v1 2026-06-19 07:48:46 +0000 UTC FieldsV1 {\"f:metadata\":{\"f:annotations\":{\".\":{},\"f:pv.kubernetes.io/provisioned-by\":{},\"f:volume.kubernetes.io/provisioner-deletion-secret-name\":{},\"f:volume.kubernetes.io/provisioner-deletion-secret-namespace\":{}},\"f:finalizers\":{\".\":{},\"v:\\\"external-provisioner.volume.kubernetes.io/finalizer\\\"\":{}}},\"f:spec\":{\"f:accessModes\":{},\"f:capacity\":{\".\":{},\"f:storage\":{}},\"f:claimRef\":{\".\":{},\"f:apiVersion\":{},\"f:kind\":{},\"f:name\":{},\"f:namespace\":{},\"f:resourceVersion\":{},\"f:uid\":{}},\"f:csi\":{\".\":{},\"f:driver\":{},\"f:fsType\":{},\"f:volumeAttributes\":{\".\":{},\"f:storage.kubernetes.io/csiProvisionerIdentity\":{}},\"f:volumeHandle\":{}},\"f:nodeAffinity\":{\".\":{},\"f:required\":{}},\"f:persistentVolumeReclaimPolicy\":{},\"f:storageClassName\":{},\"f:volumeMode\":{}}} } {kube-controller-manager Update v1 2026-06-19 07:48:46 +0000 UTC FieldsV1 {\"f:status\":{\"f:phase\":{}}} status} {csi-attacher Update v1 2026-06-19 07:48:47 +0000 UTC FieldsV1 {\"f:metadata\":{\"f:finalizers\":{\"v:\\\"external-attacher/ebs-csi-aws-com\\\"\":{}}}} }]},Spec:PersistentVolumeSpec{Capacity:ResourceList{storage: {{10737418240 0} {<nil>} 10Gi BinarySI},},PersistentVolumeSource:PersistentVolumeSource{GCEPersistentDisk:nil,AWSElasticBlockStore:nil,HostPath:nil,Glusterfs:nil,NFS:nil,RBD:nil,ISCSI:nil,Cinder:nil,CephFS:nil,FC:nil,Flocker:nil,FlexVolume:nil,AzureFile:nil,VsphereVolume:nil,Quobyte:nil,AzureDisk:nil,PhotonPersistentDisk:nil,PortworxVolume:nil,ScaleIO:nil,Local:nil,StorageOS:nil,CSI:&CSIPersistentVolumeSource{Driver:ebs.csi.aws.com,VolumeHandle:vol-02992f401c0c3a97b,ReadOnly:false,FSType:ext4,VolumeAttributes:map[string]string{storage.kubernetes.io/csiProvisionerIdentity: 1781855100628-189-ebs.csi.aws.com,},ControllerPublishSecretRef:nil,NodeStageSecretRef:nil,NodePublishSecretRef:nil,ControllerExpandSecretRef:nil,NodeExpandSecretRef:nil,},},AccessModes:[ReadWriteOnce],ClaimRef:&ObjectReference{Kind:PersistentVolumeClaim,Namespace:kubentic-foresight,Name:server-volume-vlogs-server-0,UID:5ad2bf1d-ae16-44b2-96c7-a7f846d9377a,APIVersion:v1,ResourceVersion:1771,FieldPath:,},PersistentVolumeReclaimPolicy:Delete,StorageClassName:kops-csi-1-21,MountOptions:[],VolumeMode:*Filesystem,NodeAffinity:&VolumeNodeAffinity{Required:&NodeSelector{NodeSelectorTerms:[]NodeSelectorTerm{NodeSelectorTerm{MatchExpressions:[]NodeSelectorRequirement{NodeSelectorRequirement{Key:topology.kubernetes.io/zone,Operator:In,Values:[us-west-2a],},},MatchFields:[]NodeSelectorRequirement{},},},},},VolumeAttributesClassName:nil,},Status:PersistentVolumeStatus{Phase:Bound,Message:,Reason:,LastPhaseTransitionTime:2026-06-19 07:48:46 +0000 UTC,},}"
2026-06-19T10:45:37.139864561Z I0619 10:45:37.139529       1 controller.go:1272] "shouldDelete" PV="pvc-5ad2bf1d-ae16-44b2-96c7-a7f846d9377a"
2026-06-19T10:45:37.139868432Z I0619 10:45:37.139539       1 controller.go:1293] "shouldDelete is false: PersistentVolumePhase is not Released" PV="pvc-5ad2bf1d-ae16-44b2-96c7-a7f846d9377a"
2026-06-19T10:45:37.139891507Z I0619 10:45:37.139431       1 controller.go:1185] "handleProtectionFinalizer" PV="&PersistentVolume{ObjectMeta:{pvc-1a628bbe-2164-4e38-b041-a415818a50ec    b031663e-79d8-44ff-a9be-849a9638fa56 1995 0 2026-06-19 07:49:00 +0000 UTC <nil> <nil> map[] map[pv.kubernetes.io/provisioned-by:ebs.csi.aws.com volume.kubernetes.io/provisioner-deletion-secret-name: volume.kubernetes.io/provisioner-deletion-secret-namespace:] [] [external-provisioner.volume.kubernetes.io/finalizer kubernetes.io/pv-protection external-attacher/ebs-csi-aws-com] [{csi-provisioner Update v1 2026-06-19 07:49:00 +0000 UTC FieldsV1 {\"f:metadata\":{\"f:annotations\":{\".\":{},\"f:pv.kubernetes.io/provisioned-by\":{},\"f:volume.kubernetes.io/provisioner-deletion-secret-name\":{},\"f:volume.kubernetes.io/provisioner-deletion-secret-namespace\":{}},\"f:finalizers\":{\".\":{},\"v:\\\"external-provisioner.volume.kubernetes.io/finalizer\\\"\":{}}},\"f:spec\":{\"f:accessModes\":{},\"f:capacity\":{\".\":{},\"f:storage\":{}},\"f:claimRef\":{\".\":{},\"f:apiVersion\":{},\"f:kind\":{},\"f:name\":{},\"f:namespace\":{},\"f:resourceVersion\":{},\"f:uid\":{}},\"f:csi\":{\".\":{},\"f:driver\":{},\"f:fsType\":{},\"f:volumeAttributes\":{\".\":{},\"f:storage.kubernetes.io/csiProvisionerIdentity\":{}},\"f:volumeHandle\":{}},\"f:nodeAffinity\":{\".\":{},\"f:required\":{}},\"f:persistentVolumeReclaimPolicy\":{},\"f:storageClassName\":{},\"f:volumeMode\":{}}} } {kube-controller-manager Update v1 2026-06-19 07:49:00 +0000 UTC FieldsV1 {\"f:status\":{\"f:phase\":{}}} status} {csi-attacher Update v1 2026-06-19 07:49:01 +0000 UTC FieldsV1 {\"f:metadata\":{\"f:finalizers\":{\"v:\\\"external-attacher/ebs-csi-aws-com\\\"\":{}}}} }]},Spec:PersistentVolumeSpec{Capacity:ResourceList{storage: {{10737418240 0} {<nil>} 10Gi BinarySI},},PersistentVolumeSource:PersistentVolumeSource{GCEPersistentDisk:nil,AWSElasticBlockStore:nil,HostPath:nil,Glusterfs:nil,NFS:nil,RBD:nil,ISCSI:nil,Cinder:nil,CephFS:nil,FC:nil,Flocker:nil,FlexVolume:nil,AzureFile:nil,VsphereVolume:nil,Quobyte:nil,AzureDisk:nil,PhotonPersistentDisk:nil,PortworxVolume:nil,ScaleIO:nil,Local:nil,StorageOS:nil,CSI:&CSIPersistentVolumeSource{Driver:ebs.csi.aws.com,VolumeHandle:vol-092395df607f30c5f,ReadOnly:false,FSType:ext4,VolumeAttributes:map[string]string{storage.kubernetes.io/csiProvisionerIdentity: 1781855100628-189-ebs.csi.aws.com,},ControllerPublishSecretRef:nil,NodeStageSecretRef:nil,NodePublishSecretRef:nil,ControllerExpandSecretRef:nil,NodeExpandSecretRef:nil,},},AccessModes:[ReadWriteOnce],ClaimRef:&ObjectReference{Kind:PersistentVolumeClaim,Namespace:kubentic-foresight,Name:vmsingle-vmstack,UID:1a628bbe-2164-4e38-b041-a415818a50ec,APIVersion:v1,ResourceVersion:1964,FieldPath:,},PersistentVolumeReclaimPolicy:Delete,StorageClassName:kops-csi-1-21,MountOptions:[],VolumeMode:*Filesystem,NodeAffinity:&VolumeNodeAffinity{Required:&NodeSelector{NodeSelectorTerms:[]NodeSelectorTerm{NodeSelectorTerm{MatchExpressions:[]NodeSelectorRequirement{NodeSelectorRequirement{Key:topology.kubernetes.io/zone,Operator:In,Values:[us-west-2a],},},MatchFields:[]NodeSelectorRequirement{},},},},},VolumeAttributesClassName:nil,},Status:PersistentVolumeStatus{Phase:Bound,Message:,Reason:,LastPhaseTransitionTime:2026-06-19 07:49:00 +0000 UTC,},}"
2026-06-19T10:45:37.139898399Z I0619 10:45:37.139683       1 controller.go:1272] "shouldDelete" PV="pvc-1a628bbe-2164-4e38-b041-a415818a50ec"
2026-06-19T10:45:37.139900151Z I0619 10:45:37.139688       1 controller.go:1293] "shouldDelete is false: PersistentVolumePhase is not Released" PV="pvc-1a628bbe-2164-4e38-b041-a415818a50ec"
2026-06-19T10:45:38.030250455Z I0619 10:45:38.030103       1 leaderelection.go:293] successfully renewed lease kube-system/ebs-csi-aws-com
2026-06-19T10:45:43.035953756Z I0619 10:45:43.035748       1 leaderelection.go:293] successfully renewed lease kube-system/ebs-csi-aws-com
2026-06-19T10:45:48.041861928Z I0619 10:45:48.041731       1 leaderelection.go:293] successfully renewed lease kube-system/ebs-csi-aws-com
2026-06-19T10:45:53.048684976Z I0619 10:45:53.048489       1 leaderelection.go:293] successfully renewed lease kube-system/ebs-csi-aws-com
2026-06-19T10:45:58.056312619Z I0619 10:45:58.056191       1 leaderelection.go:293] successfully renewed lease kube-system/ebs-csi-aws-com
2026-06-19T10:46:03.093606902Z I0619 10:46:03.093472       1 leaderelection.go:293] successfully renewed lease kube-system/ebs-csi-aws-com
2026-06-19T10:46:08.100455356Z I0619 10:46:08.100310       1 leaderelection.go:293] successfully renewed lease kube-system/ebs-csi-aws-com
2026-06-19T10:46:13.108473109Z I0619 10:46:13.108193       1 leaderelection.go:293] successfully renewed lease kube-system/ebs-csi-aws-com
2026-06-19T10:46:18.114142599Z I0619 10:46:18.113999       1 leaderelection.go:293] successfully renewed lease kube-system/ebs-csi-aws-com
2026-06-19T10:46:23.119661618Z I0619 10:46:23.119380       1 leaderelection.go:293] successfully renewed lease kube-system/ebs-csi-aws-com
2026-06-19T10:46:28.124593735Z I0619 10:46:28.124409       1 leaderelection.go:293] successfully renewed lease kube-system/ebs-csi-aws-com
2026-06-19T10:46:33.129761190Z I0619 10:46:33.129463       1 leaderelection.go:293] successfully renewed lease kube-system/ebs-csi-aws-com
2026-06-19T10:46:34.149899470Z I0619 10:46:34.149690       1 reflector.go:946] "Watch close" reflector="k8s.io/client-go/informers/factory.go:160" type="*v1.CSINode" totalItems=10
2026-06-19T10:46:38.135670815Z I0619 10:46:38.135458       1 leaderelection.go:293] successfully renewed lease kube-system/ebs-csi-aws-com
2026-06-19T10:46:43.141625805Z I0619 10:46:43.141408       1 leaderelection.go:293] successfully renewed lease kube-system/ebs-csi-aws-com
2026-06-19T10:46:48.146460287Z I0619 10:46:48.146322       1 leaderelection.go:293] successfully renewed lease kube-system/ebs-csi-aws-com
2026-06-19T10:46:53.154158307Z I0619 10:46:53.153993       1 leaderelection.go:293] successfully renewed lease kube-system/ebs-csi-aws-com
2026-06-19T10:46:58.159595950Z I0619 10:46:58.159420       1 leaderelection.go:293] successfully renewed lease kube-system/ebs-csi-aws-com
2026-06-19T10:47:03.215635336Z I0619 10:47:03.215436       1 leaderelection.go:293] successfully renewed lease kube-system/ebs-csi-aws-com
2026-06-19T10:47:08.220329502Z I0619 10:47:08.220195       1 leaderelection.go:293] successfully renewed lease kube-system/ebs-csi-aws-com
2026-06-19T10:47:13.226163906Z I0619 10:47:13.226017       1 leaderelection.go:293] successfully renewed lease kube-system/ebs-csi-aws-com
2026-06-19T10:47:18.232334041Z I0619 10:47:18.232197       1 leaderelection.go:293] successfully renewed lease kube-system/ebs-csi-aws-com
2026-06-19T10:47:21.477925769Z I0619 10:47:21.477679       1 reflector.go:946] "Watch close" reflector="sigs.k8s.io/sig-storage-lib-external-provisioner/v11/controller/controller.go:872" type="*v1.PersistentVolume" totalItems=8
2026-06-19T10:47:23.242248702Z I0619 10:47:23.242154       1 leaderelection.go:293] successfully renewed lease kube-system/ebs-csi-aws-com
2026-06-19T10:47:28.248698468Z I0619 10:47:28.248475       1 leaderelection.go:293] successfully renewed lease kube-system/ebs-csi-aws-com
2026-06-19T10:47:33.259248699Z I0619 10:47:33.259030       1 leaderelection.go:293] successfully renewed lease kube-system/ebs-csi-aws-com
2026-06-19T10:47:38.264283916Z I0619 10:47:38.264150       1 leaderelection.go:293] successfully renewed lease kube-system/ebs-csi-aws-com
2026-06-19T10:47:43.287111900Z I0619 10:47:43.286980       1 leaderelection.go:293] successfully renewed lease kube-system/ebs-csi-aws-com
2026-06-19T10:47:48.292147215Z I0619 10:47:48.291995       1 leaderelection.go:293] successfully renewed lease kube-system/ebs-csi-aws-com
2026-06-19T10:47:53.299976862Z I0619 10:47:53.299851       1 leaderelection.go:293] successfully renewed lease kube-system/ebs-csi-aws-com
2026-06-19T10:47:58.305337842Z I0619 10:47:58.305214       1 leaderelection.go:293] successfully renewed lease kube-system/ebs-csi-aws-com
2026-06-19T10:48:03.436613922Z I0619 10:48:03.434368       1 leaderelection.go:293] successfully renewed lease kube-system/ebs-csi-aws-com
2026-06-19T10:48:08.447084502Z I0619 10:48:08.446920       1 leaderelection.go:293] successfully renewed lease kube-system/ebs-csi-aws-com
2026-06-19T10:48:13.454716200Z I0619 10:48:13.454433       1 leaderelection.go:293] successfully renewed lease kube-system/ebs-csi-aws-com
2026-06-19T10:48:18.459481374Z I0619 10:48:18.459355       1 leaderelection.go:293] successfully renewed lease kube-system/ebs-csi-aws-com
2026-06-19T10:48:23.466784006Z I0619 10:48:23.466635       1 leaderelection.go:293] successfully renewed lease kube-system/ebs-csi-aws-com
2026-06-19T10:48:28.473454244Z I0619 10:48:28.473075       1 leaderelection.go:293] successfully renewed lease kube-system/ebs-csi-aws-com
2026-06-19T10:48:33.480904687Z I0619 10:48:33.480745       1 leaderelection.go:293] successfully renewed lease kube-system/ebs-csi-aws-com
2026-06-19T10:48:38.486533049Z I0619 10:48:38.486345       1 leaderelection.go:293] successfully renewed lease kube-system/ebs-csi-aws-com
2026-06-19T10:48:43.491882272Z I0619 10:48:43.491753       1 leaderelection.go:293] successfully renewed lease kube-system/ebs-csi-aws-com
2026-06-19T10:48:48.496897890Z I0619 10:48:48.496764       1 leaderelection.go:293] successfully renewed lease kube-system/ebs-csi-aws-com
2026-06-19T10:48:53.502805511Z I0619 10:48:53.502677       1 leaderelection.go:293] successfully renewed lease kube-system/ebs-csi-aws-com
2026-06-19T10:48:58.511220794Z I0619 10:48:58.511074       1 leaderelection.go:293] successfully renewed lease kube-system/ebs-csi-aws-com
2026-06-19T10:49:03.528498326Z I0619 10:49:03.528346       1 leaderelection.go:293] successfully renewed lease kube-system/ebs-csi-aws-com
2026-06-19T10:49:08.533989958Z I0619 10:49:08.533853       1 leaderelection.go:293] successfully renewed lease kube-system/ebs-csi-aws-com
2026-06-19T10:49:12.196749646Z I0619 10:49:12.196608       1 reflector.go:946] "Watch close" reflector="sigs.k8s.io/sig-storage-lib-external-provisioner/v11/controller/controller.go:875" type="*v1.StorageClass" totalItems=8
2026-06-19T10:49:13.539531940Z I0619 10:49:13.539334       1 leaderelection.go:293] successfully renewed lease kube-system/ebs-csi-aws-com
2026-06-19T10:49:15.160909588Z I0619 10:49:15.160520       1 reflector.go:946] "Watch close" reflector="k8s.io/client-go/informers/factory.go:160" type="*v1.PersistentVolumeClaim" totalItems=7
2026-06-19T10:49:18.554660651Z I0619 10:49:18.554010       1 leaderelection.go:293] successfully renewed lease kube-system/ebs-csi-aws-com
2026-06-19T10:49:23.560501085Z I0619 10:49:23.560371       1 leaderelection.go:293] successfully renewed lease kube-system/ebs-csi-aws-com
2026-06-19T10:49:28.566446586Z I0619 10:49:28.566237       1 leaderelection.go:293] successfully renewed lease kube-system/ebs-csi-aws-com
2026-06-19T10:49:33.572447591Z I0619 10:49:33.572243       1 leaderelection.go:293] successfully renewed lease kube-system/ebs-csi-aws-com
2026-06-19T10:49:38.586682938Z I0619 10:49:38.586283       1 leaderelection.go:293] successfully renewed lease kube-system/ebs-csi-aws-com
2026-06-19T10:49:39.109722287Z I0619 10:49:39.109587       1 reflector.go:946] "Watch close" reflector="k8s.io/client-go/informers/factory.go:160" type="*v1.StorageClass" totalItems=8
2026-06-19T10:49:43.605409982Z I0619 10:49:43.605285       1 leaderelection.go:293] successfully renewed lease kube-system/ebs-csi-aws-com
2026-06-19T10:49:48.614136935Z I0619 10:49:48.614021       1 leaderelection.go:293] successfully renewed lease kube-system/ebs-csi-aws-com
2026-06-19T10:49:53.620615658Z I0619 10:49:53.620468       1 leaderelection.go:293] successfully renewed lease kube-system/ebs-csi-aws-com
2026-06-19T10:49:58.626456371Z I0619 10:49:58.626334       1 leaderelection.go:293] successfully renewed lease kube-system/ebs-csi-aws-com
2026-06-19T10:50:03.654687654Z I0619 10:50:03.654511       1 leaderelection.go:293] successfully renewed lease kube-system/ebs-csi-aws-com
2026-06-19T10:50:08.660674063Z I0619 10:50:08.660525       1 leaderelection.go:293] successfully renewed lease kube-system/ebs-csi-aws-com
2026-06-19T10:50:13.667307809Z I0619 10:50:13.667185       1 leaderelection.go:293] successfully renewed lease kube-system/ebs-csi-aws-com
2026-06-19T10:50:16.257963320Z I0619 10:50:16.257580       1 reflector.go:946] "Watch close" reflector="k8s.io/client-go/informers/factory.go:160" type="*v1.VolumeAttachment" totalItems=7
2026-06-19T10:50:18.674223256Z I0619 10:50:18.673932       1 leaderelection.go:293] successfully renewed lease kube-system/ebs-csi-aws-com
2026-06-19T10:50:23.680883958Z I0619 10:50:23.680746       1 leaderelection.go:293] successfully renewed lease kube-system/ebs-csi-aws-com
2026-06-19T10:50:28.687360307Z I0619 10:50:28.687197       1 leaderelection.go:293] successfully renewed lease kube-system/ebs-csi-aws-com
2026-06-19T10:50:33.693655436Z I0619 10:50:33.693434       1 leaderelection.go:293] successfully renewed lease kube-system/ebs-csi-aws-com
2026-06-19T10:50:38.699872142Z I0619 10:50:38.699722       1 leaderelection.go:293] successfully renewed lease kube-system/ebs-csi-aws-com
2026-06-19T10:50:43.705720905Z I0619 10:50:43.705604       1 leaderelection.go:293] successfully renewed lease kube-system/ebs-csi-aws-com
2026-06-19T10:50:48.714422810Z I0619 10:50:48.714290       1 leaderelection.go:293] successfully renewed lease kube-system/ebs-csi-aws-com
2026-06-19T10:50:53.720103398Z I0619 10:50:53.719971       1 leaderelection.go:293] successfully renewed lease kube-system/ebs-csi-aws-com
2026-06-19T10:50:58.733416048Z I0619 10:50:58.732402       1 leaderelection.go:293] successfully renewed lease kube-system/ebs-csi-aws-com
2026-06-19T10:51:03.765359583Z I0619 10:51:03.765232       1 leaderelection.go:293] successfully renewed lease kube-system/ebs-csi-aws-com
2026-06-19T10:51:08.772359324Z I0619 10:51:08.772242       1 leaderelection.go:293] successfully renewed lease kube-system/ebs-csi-aws-com
2026-06-19T10:51:10.174428791Z I0619 10:51:10.173448       1 reflector.go:946] "Watch close" reflector="k8s.io/client-go/informers/factory.go:160" type="*v1.Node" totalItems=16
2026-06-19T10:51:13.779587044Z I0619 10:51:13.779373       1 leaderelection.go:293] successfully renewed lease kube-system/ebs-csi-aws-com
2026-06-19T10:51:18.789425533Z I0619 10:51:18.789267       1 leaderelection.go:293] successfully renewed lease kube-system/ebs-csi-aws-com
2026-06-19T10:51:23.797294280Z I0619 10:51:23.796932       1 leaderelection.go:293] successfully renewed lease kube-system/ebs-csi-aws-com
2026-06-19T10:51:28.804454814Z I0619 10:51:28.804262       1 leaderelection.go:293] successfully renewed lease kube-system/ebs-csi-aws-com
2026-06-19T10:51:33.810982668Z I0619 10:51:33.810826       1 leaderelection.go:293] successfully renewed lease kube-system/ebs-csi-aws-com
2026-06-19T10:51:38.817953402Z I0619 10:51:38.817798       1 leaderelection.go:293] successfully renewed lease kube-system/ebs-csi-aws-com
2026-06-19T10:51:43.823127361Z I0619 10:51:43.822998       1 leaderelection.go:293] successfully renewed lease kube-system/ebs-csi-aws-com
2026-06-19T10:51:48.828899266Z I0619 10:51:48.828686       1 leaderelection.go:293] successfully renewed lease kube-system/ebs-csi-aws-com
2026-06-19T10:51:53.834646408Z I0619 10:51:53.834499       1 leaderelection.go:293] successfully renewed lease kube-system/ebs-csi-aws-com
2026-06-19T10:51:58.840577762Z I0619 10:51:58.840419       1 leaderelection.go:293] successfully renewed lease kube-system/ebs-csi-aws-com
2026-06-19T10:52:02.201460566Z I0619 10:52:02.170596       1 reflector.go:946] "Watch close" reflector="k8s.io/client-go/informers/factory.go:160" type="*v1.CSINode" totalItems=7
2026-06-19T10:52:03.858278406Z I0619 10:52:03.858113       1 leaderelection.go:293] successfully renewed lease kube-system/ebs-csi-aws-com
2026-06-19T10:52:08.864390774Z I0619 10:52:08.864247       1 leaderelection.go:293] successfully renewed lease kube-system/ebs-csi-aws-com
2026-06-19T10:52:13.870400052Z I0619 10:52:13.870211       1 leaderelection.go:293] successfully renewed lease kube-system/ebs-csi-aws-com
2026-06-19T10:52:18.875143579Z I0619 10:52:18.875015       1 leaderelection.go:293] successfully renewed lease kube-system/ebs-csi-aws-com
2026-06-19T10:52:23.881317567Z I0619 10:52:23.880915       1 leaderelection.go:293] successfully renewed lease kube-system/ebs-csi-aws-com
2026-06-19T10:52:28.886987758Z I0619 10:52:28.886407       1 leaderelection.go:293] successfully renewed lease kube-system/ebs-csi-aws-com
2026-06-19T10:52:33.891631470Z I0619 10:52:33.891400       1 leaderelection.go:293] successfully renewed lease kube-system/ebs-csi-aws-com
2026-06-19T10:52:38.898151882Z I0619 10:52:38.898007       1 leaderelection.go:293] successfully renewed lease kube-system/ebs-csi-aws-com
2026-06-19T10:52:43.907217822Z I0619 10:52:43.907090       1 leaderelection.go:293] successfully renewed lease kube-system/ebs-csi-aws-com
2026-06-19T10:52:48.913203965Z I0619 10:52:48.912774       1 leaderelection.go:293] successfully renewed lease kube-system/ebs-csi-aws-com
2026-06-19T10:52:53.920209150Z I0619 10:52:53.920055       1 leaderelection.go:293] successfully renewed lease kube-system/ebs-csi-aws-com
2026-06-19T10:52:58.927865742Z I0619 10:52:58.927715       1 leaderelection.go:293] successfully renewed lease kube-system/ebs-csi-aws-com
2026-06-19T10:53:03.937278331Z I0619 10:53:03.936902       1 leaderelection.go:293] successfully renewed lease kube-system/ebs-csi-aws-com
2026-06-19T10:53:08.942766304Z I0619 10:53:08.942618       1 leaderelection.go:293] successfully renewed lease kube-system/ebs-csi-aws-com
2026-06-19T10:53:13.949191094Z I0619 10:53:13.948830       1 leaderelection.go:293] successfully renewed lease kube-system/ebs-csi-aws-com
2026-06-19T10:53:18.956504578Z I0619 10:53:18.956359       1 leaderelection.go:293] successfully renewed lease kube-system/ebs-csi-aws-com
2026-06-19T10:53:23.963122686Z I0619 10:53:23.963000       1 leaderelection.go:293] successfully renewed lease kube-system/ebs-csi-aws-com
2026-06-19T10:53:28.968595620Z I0619 10:53:28.968453       1 leaderelection.go:293] successfully renewed lease kube-system/ebs-csi-aws-com
2026-06-19T10:53:33.976257425Z I0619 10:53:33.976027       1 leaderelection.go:293] successfully renewed lease kube-system/ebs-csi-aws-com
2026-06-19T10:53:38.984768118Z I0619 10:53:38.984570       1 leaderelection.go:293] successfully renewed lease kube-system/ebs-csi-aws-com
2026-06-19T10:53:43.991784423Z I0619 10:53:43.991660       1 leaderelection.go:293] successfully renewed lease kube-system/ebs-csi-aws-com
2026-06-19T10:53:48.999199612Z I0619 10:53:48.999043       1 leaderelection.go:293] successfully renewed lease kube-system/ebs-csi-aws-com
2026-06-19T10:53:54.006193573Z I0619 10:53:54.005966       1 leaderelection.go:293] successfully renewed lease kube-system/ebs-csi-aws-com
2026-06-19T10:53:59.012569318Z I0619 10:53:59.012370       1 leaderelection.go:293] successfully renewed lease kube-system/ebs-csi-aws-com
2026-06-19T10:54:04.043608284Z I0619 10:54:04.043471       1 leaderelection.go:293] successfully renewed lease kube-system/ebs-csi-aws-com
2026-06-19T10:54:09.049205559Z I0619 10:54:09.048860       1 leaderelection.go:293] successfully renewed lease kube-system/ebs-csi-aws-com
2026-06-19T10:54:11.480117217Z I0619 10:54:11.479648       1 reflector.go:946] "Watch close" reflector="sigs.k8s.io/sig-storage-lib-external-provisioner/v11/controller/controller.go:872" type="*v1.PersistentVolume" totalItems=8
2026-06-19T10:54:14.055842074Z I0619 10:54:14.055729       1 leaderelection.go:293] successfully renewed lease kube-system/ebs-csi-aws-com
2026-06-19T10:54:19.062200673Z I0619 10:54:19.061833       1 leaderelection.go:293] successfully renewed lease kube-system/ebs-csi-aws-com
2026-06-19T10:54:24.068404992Z I0619 10:54:24.068281       1 leaderelection.go:293] successfully renewed lease kube-system/ebs-csi-aws-com
2026-06-19T10:54:29.074493265Z I0619 10:54:29.074328       1 leaderelection.go:293] successfully renewed lease kube-system/ebs-csi-aws-com
2026-06-19T10:54:34.080273416Z I0619 10:54:34.080101       1 leaderelection.go:293] successfully renewed lease kube-system/ebs-csi-aws-com
2026-06-19T10:54:39.086664244Z I0619 10:54:39.086512       1 leaderelection.go:293] successfully renewed lease kube-system/ebs-csi-aws-com
2026-06-19T10:54:44.092370302Z I0619 10:54:44.092243       1 leaderelection.go:293] successfully renewed lease kube-system/ebs-csi-aws-com
2026-06-19T10:54:49.098579193Z I0619 10:54:49.098421       1 leaderelection.go:293] successfully renewed lease kube-system/ebs-csi-aws-com
2026-06-19T10:54:54.106244054Z I0619 10:54:54.106088       1 leaderelection.go:293] successfully renewed lease kube-system/ebs-csi-aws-com
2026-06-19T10:54:59.112255846Z I0619 10:54:59.112110       1 leaderelection.go:293] successfully renewed lease kube-system/ebs-csi-aws-com
2026-06-19T10:55:04.125489023Z I0619 10:55:04.125299       1 leaderelection.go:293] successfully renewed lease kube-system/ebs-csi-aws-com
2026-06-19T10:55:06.162749342Z I0619 10:55:06.162567       1 reflector.go:946] "Watch close" reflector="k8s.io/client-go/informers/factory.go:160" type="*v1.PersistentVolumeClaim" totalItems=7
2026-06-19T10:55:09.131446848Z I0619 10:55:09.131307       1 leaderelection.go:293] successfully renewed lease kube-system/ebs-csi-aws-com
2026-06-19T10:55:14.138793048Z I0619 10:55:14.138624       1 leaderelection.go:293] successfully renewed lease kube-system/ebs-csi-aws-com
2026-06-19T10:55:19.144939794Z I0619 10:55:19.144821       1 leaderelection.go:293] successfully renewed lease kube-system/ebs-csi-aws-com
2026-06-19T10:55:24.150524642Z I0619 10:55:24.150330       1 leaderelection.go:293] successfully renewed lease kube-system/ebs-csi-aws-com
2026-06-19T10:55:29.157725725Z I0619 10:55:29.157607       1 leaderelection.go:293] successfully renewed lease kube-system/ebs-csi-aws-com
2026-06-19T10:55:34.163130834Z I0619 10:55:34.162990       1 leaderelection.go:293] successfully renewed lease kube-system/ebs-csi-aws-com
2026-06-19T10:55:39.168640601Z I0619 10:55:39.168502       1 leaderelection.go:293] successfully renewed lease kube-system/ebs-csi-aws-com
2026-06-19T10:55:44.185714408Z I0619 10:55:44.185519       1 leaderelection.go:293] successfully renewed lease kube-system/ebs-csi-aws-com
2026-06-19T10:55:49.191170628Z I0619 10:55:49.191052       1 leaderelection.go:293] successfully renewed lease kube-system/ebs-csi-aws-com
2026-06-19T10:55:54.197501864Z I0619 10:55:54.197350       1 leaderelection.go:293] successfully renewed lease kube-system/ebs-csi-aws-com
2026-06-19T10:55:59.203362638Z I0619 10:55:59.203243       1 leaderelection.go:293] successfully renewed lease kube-system/ebs-csi-aws-com
2026-06-19T10:56:04.202956618Z I0619 10:56:04.202824       1 reflector.go:946] "Watch close" reflector="sigs.k8s.io/sig-storage-lib-external-provisioner/v11/controller/controller.go:875" type="*v1.StorageClass" totalItems=8
2026-06-19T10:56:04.222737185Z I0619 10:56:04.222591       1 leaderelection.go:293] successfully renewed lease kube-system/ebs-csi-aws-com
2026-06-19T10:56:09.228740244Z I0619 10:56:09.228535       1 leaderelection.go:293] successfully renewed lease kube-system/ebs-csi-aws-com
2026-06-19T10:56:14.235224205Z I0619 10:56:14.235099       1 leaderelection.go:293] successfully renewed lease kube-system/ebs-csi-aws-com
2026-06-19T10:56:19.243592364Z I0619 10:56:19.243440       1 leaderelection.go:293] successfully renewed lease kube-system/ebs-csi-aws-com
2026-06-19T10:56:24.249336501Z I0619 10:56:24.249119       1 leaderelection.go:293] successfully renewed lease kube-system/ebs-csi-aws-com
2026-06-19T10:56:29.254963659Z I0619 10:56:29.254821       1 leaderelection.go:293] successfully renewed lease kube-system/ebs-csi-aws-com
2026-06-19T10:56:33.176293233Z I0619 10:56:33.176058       1 reflector.go:946] "Watch close" reflector="k8s.io/client-go/informers/factory.go:160" type="*v1.Node" totalItems=9
2026-06-19T10:56:34.261595812Z I0619 10:56:34.261314       1 leaderelection.go:293] successfully renewed lease kube-system/ebs-csi-aws-com
2026-06-19T10:56:39.266794832Z I0619 10:56:39.266640       1 leaderelection.go:293] successfully renewed lease kube-system/ebs-csi-aws-com
2026-06-19T10:56:41.112180202Z I0619 10:56:41.112021       1 reflector.go:946] "Watch close" reflector="k8s.io/client-go/informers/factory.go:160" type="*v1.StorageClass" totalItems=8
2026-06-19T10:56:44.286217283Z I0619 10:56:44.286019       1 leaderelection.go:293] successfully renewed lease kube-system/ebs-csi-aws-com
2026-06-19T10:56:49.291385274Z I0619 10:56:49.291220       1 leaderelection.go:293] successfully renewed lease kube-system/ebs-csi-aws-com
2026-06-19T10:56:54.298125047Z I0619 10:56:54.297981       1 leaderelection.go:293] successfully renewed lease kube-system/ebs-csi-aws-com
2026-06-19T10:56:59.303584514Z I0619 10:56:59.303440       1 leaderelection.go:293] successfully renewed lease kube-system/ebs-csi-aws-com
2026-06-19T10:57:04.324099981Z I0619 10:57:04.321794       1 leaderelection.go:293] successfully renewed lease kube-system/ebs-csi-aws-com
2026-06-19T10:57:09.330772912Z I0619 10:57:09.330610       1 leaderelection.go:293] successfully renewed lease kube-system/ebs-csi-aws-com
2026-06-19T10:57:14.338905946Z I0619 10:57:14.338759       1 leaderelection.go:293] successfully renewed lease kube-system/ebs-csi-aws-com
2026-06-19T10:57:19.344370086Z I0619 10:57:19.344250       1 leaderelection.go:293] successfully renewed lease kube-system/ebs-csi-aws-com
2026-06-19T10:57:24.352260524Z I0619 10:57:24.352056       1 leaderelection.go:293] successfully renewed lease kube-system/ebs-csi-aws-com
2026-06-19T10:57:29.357590935Z I0619 10:57:29.357447       1 leaderelection.go:293] successfully renewed lease kube-system/ebs-csi-aws-com
2026-06-19T10:57:34.363294021Z I0619 10:57:34.363153       1 leaderelection.go:293] successfully renewed lease kube-system/ebs-csi-aws-com
2026-06-19T10:57:39.369606577Z I0619 10:57:39.369434       1 leaderelection.go:293] successfully renewed lease kube-system/ebs-csi-aws-com
2026-06-19T10:57:44.376825592Z I0619 10:57:44.376705       1 leaderelection.go:293] successfully renewed lease kube-system/ebs-csi-aws-com
2026-06-19T10:57:49.382171538Z I0619 10:57:49.382032       1 leaderelection.go:293] successfully renewed lease kube-system/ebs-csi-aws-com
2026-06-19T10:57:54.389511978Z I0619 10:57:54.388807       1 leaderelection.go:293] successfully renewed lease kube-system/ebs-csi-aws-com
2026-06-19T10:57:59.394405690Z I0619 10:57:59.394279       1 leaderelection.go:293] successfully renewed lease kube-system/ebs-csi-aws-com
2026-06-19T10:58:04.399394766Z I0619 10:58:04.399243       1 leaderelection.go:293] successfully renewed lease kube-system/ebs-csi-aws-com
2026-06-19T10:58:09.404435763Z I0619 10:58:09.404315       1 leaderelection.go:293] successfully renewed lease kube-system/ebs-csi-aws-com
2026-06-19T10:58:14.409377353Z I0619 10:58:14.409146       1 leaderelection.go:293] successfully renewed lease kube-system/ebs-csi-aws-com
2026-06-19T10:58:19.414752068Z I0619 10:58:19.414635       1 leaderelection.go:293] successfully renewed lease kube-system/ebs-csi-aws-com
2026-06-19T10:58:24.420207908Z I0619 10:58:24.420070       1 leaderelection.go:293] successfully renewed lease kube-system/ebs-csi-aws-com
2026-06-19T10:58:29.426287559Z I0619 10:58:29.426106       1 leaderelection.go:293] successfully renewed lease kube-system/ebs-csi-aws-com
2026-06-19T10:58:30.243731154Z I0619 10:58:30.243352       1 reflector.go:946] "Watch close" reflector="k8s.io/client-go/informers/factory.go:160" type="*v1.CSINode" totalItems=7
2026-06-19T10:58:34.431726940Z I0619 10:58:34.431599       1 leaderelection.go:293] successfully renewed lease kube-system/ebs-csi-aws-com
2026-06-19T10:58:39.437843512Z I0619 10:58:39.437666       1 leaderelection.go:293] successfully renewed lease kube-system/ebs-csi-aws-com
2026-06-19T10:58:44.448497278Z I0619 10:58:44.447299       1 leaderelection.go:293] successfully renewed lease kube-system/ebs-csi-aws-com
2026-06-19T10:58:49.457734586Z I0619 10:58:49.457617       1 leaderelection.go:293] successfully renewed lease kube-system/ebs-csi-aws-com
2026-06-19T10:58:54.463386632Z I0619 10:58:54.463234       1 leaderelection.go:293] successfully renewed lease kube-system/ebs-csi-aws-com
2026-06-19T10:58:59.469858628Z I0619 10:58:59.469449       1 leaderelection.go:293] successfully renewed lease kube-system/ebs-csi-aws-com
2026-06-19T10:59:04.487469725Z I0619 10:59:04.487332       1 leaderelection.go:293] successfully renewed lease kube-system/ebs-csi-aws-com
2026-06-19T10:59:09.495055169Z I0619 10:59:09.494922       1 leaderelection.go:293] successfully renewed lease kube-system/ebs-csi-aws-com
2026-06-19T10:59:14.500841348Z I0619 10:59:14.500722       1 leaderelection.go:293] successfully renewed lease kube-system/ebs-csi-aws-com
2026-06-19T10:59:19.507118319Z I0619 10:59:19.507000       1 leaderelection.go:293] successfully renewed lease kube-system/ebs-csi-aws-com
2026-06-19T10:59:24.515143200Z I0619 10:59:24.514916       1 leaderelection.go:293] successfully renewed lease kube-system/ebs-csi-aws-com
2026-06-19T10:59:29.524491799Z I0619 10:59:29.524349       1 leaderelection.go:293] successfully renewed lease kube-system/ebs-csi-aws-com
2026-06-19T10:59:34.260244340Z I0619 10:59:34.260080       1 reflector.go:946] "Watch close" reflector="k8s.io/client-go/informers/factory.go:160" type="*v1.VolumeAttachment" totalItems=11
2026-06-19T10:59:34.530413844Z I0619 10:59:34.530281       1 leaderelection.go:293] successfully renewed lease kube-system/ebs-csi-aws-com
2026-06-19T10:59:39.538063760Z I0619 10:59:39.537828       1 leaderelection.go:293] successfully renewed lease kube-system/ebs-csi-aws-com
2026-06-19T10:59:44.544277709Z I0619 10:59:44.544125       1 leaderelection.go:293] successfully renewed lease kube-system/ebs-csi-aws-com
2026-06-19T10:59:49.550482109Z I0619 10:59:49.550330       1 leaderelection.go:293] successfully renewed lease kube-system/ebs-csi-aws-com
2026-06-19T10:59:54.556036933Z I0619 10:59:54.555807       1 leaderelection.go:293] successfully renewed lease kube-system/ebs-csi-aws-com
2026-06-19T10:59:59.562634377Z I0619 10:59:59.562464       1 leaderelection.go:293] successfully renewed lease kube-system/ebs-csi-aws-com
2026-06-19T11:00:04.726956418Z I0619 11:00:04.726558       1 leaderelection.go:293] successfully renewed lease kube-system/ebs-csi-aws-com
2026-06-19T11:00:09.758400012Z I0619 11:00:09.757484       1 leaderelection.go:293] successfully renewed lease kube-system/ebs-csi-aws-com
2026-06-19T11:00:14.764081265Z I0619 11:00:14.763848       1 leaderelection.go:293] successfully renewed lease kube-system/ebs-csi-aws-com
2026-06-19T11:00:19.772361087Z I0619 11:00:19.770723       1 leaderelection.go:293] successfully renewed lease kube-system/ebs-csi-aws-com
2026-06-19T11:00:24.776767854Z I0619 11:00:24.776640       1 leaderelection.go:293] successfully renewed lease kube-system/ebs-csi-aws-com
2026-06-19T11:00:29.782362037Z I0619 11:00:29.782230       1 leaderelection.go:293] successfully renewed lease kube-system/ebs-csi-aws-com
2026-06-19T11:00:34.790385569Z I0619 11:00:34.790224       1 leaderelection.go:293] successfully renewed lease kube-system/ebs-csi-aws-com
2026-06-19T11:00:37.060807216Z I0619 11:00:37.060657       1 reflector.go:450] "Forcing resync" reflector="k8s.io/client-go/informers/factory.go:160"
2026-06-19T11:00:37.139648610Z I0619 11:00:37.139242       1 reflector.go:450] "Forcing resync" reflector="sigs.k8s.io/sig-storage-lib-external-provisioner/v11/controller/controller.go:872"
2026-06-19T11:00:37.139678986Z I0619 11:00:37.139354       1 controller.go:1185] "handleProtectionFinalizer" PV="&PersistentVolume{ObjectMeta:{pvc-1a628bbe-2164-4e38-b041-a415818a50ec    b031663e-79d8-44ff-a9be-849a9638fa56 1995 0 2026-06-19 07:49:00 +0000 UTC <nil> <nil> map[] map[pv.kubernetes.io/provisioned-by:ebs.csi.aws.com volume.kubernetes.io/provisioner-deletion-secret-name: volume.kubernetes.io/provisioner-deletion-secret-namespace:] [] [external-provisioner.volume.kubernetes.io/finalizer kubernetes.io/pv-protection external-attacher/ebs-csi-aws-com] [{csi-provisioner Update v1 2026-06-19 07:49:00 +0000 UTC FieldsV1 {\"f:metadata\":{\"f:annotations\":{\".\":{},\"f:pv.kubernetes.io/provisioned-by\":{},\"f:volume.kubernetes.io/provisioner-deletion-secret-name\":{},\"f:volume.kubernetes.io/provisioner-deletion-secret-namespace\":{}},\"f:finalizers\":{\".\":{},\"v:\\\"external-provisioner.volume.kubernetes.io/finalizer\\\"\":{}}},\"f:spec\":{\"f:accessModes\":{},\"f:capacity\":{\".\":{},\"f:storage\":{}},\"f:claimRef\":{\".\":{},\"f:apiVersion\":{},\"f:kind\":{},\"f:name\":{},\"f:namespace\":{},\"f:resourceVersion\":{},\"f:uid\":{}},\"f:csi\":{\".\":{},\"f:driver\":{},\"f:fsType\":{},\"f:volumeAttributes\":{\".\":{},\"f:storage.kubernetes.io/csiProvisionerIdentity\":{}},\"f:volumeHandle\":{}},\"f:nodeAffinity\":{\".\":{},\"f:required\":{}},\"f:persistentVolumeReclaimPolicy\":{},\"f:storageClassName\":{},\"f:volumeMode\":{}}} } {kube-controller-manager Update v1 2026-06-19 07:49:00 +0000 UTC FieldsV1 {\"f:status\":{\"f:phase\":{}}} status} {csi-attacher Update v1 2026-06-19 07:49:01 +0000 UTC FieldsV1 {\"f:metadata\":{\"f:finalizers\":{\"v:\\\"external-attacher/ebs-csi-aws-com\\\"\":{}}}} }]},Spec:PersistentVolumeSpec{Capacity:ResourceList{storage: {{10737418240 0} {<nil>} 10Gi BinarySI},},PersistentVolumeSource:PersistentVolumeSource{GCEPersistentDisk:nil,AWSElasticBlockStore:nil,HostPath:nil,Glusterfs:nil,NFS:nil,RBD:nil,ISCSI:nil,Cinder:nil,CephFS:nil,FC:nil,Flocker:nil,FlexVolume:nil,AzureFile:nil,VsphereVolume:nil,Quobyte:nil,AzureDisk:nil,PhotonPersistentDisk:nil,PortworxVolume:nil,ScaleIO:nil,Local:nil,StorageOS:nil,CSI:&CSIPersistentVolumeSource{Driver:ebs.csi.aws.com,VolumeHandle:vol-092395df607f30c5f,ReadOnly:false,FSType:ext4,VolumeAttributes:map[string]string{storage.kubernetes.io/csiProvisionerIdentity: 1781855100628-189-ebs.csi.aws.com,},ControllerPublishSecretRef:nil,NodeStageSecretRef:nil,NodePublishSecretRef:nil,ControllerExpandSecretRef:nil,NodeExpandSecretRef:nil,},},AccessModes:[ReadWriteOnce],ClaimRef:&ObjectReference{Kind:PersistentVolumeClaim,Namespace:kubentic-foresight,Name:vmsingle-vmstack,UID:1a628bbe-2164-4e38-b041-a415818a50ec,APIVersion:v1,ResourceVersion:1964,FieldPath:,},PersistentVolumeReclaimPolicy:Delete,StorageClassName:kops-csi-1-21,MountOptions:[],VolumeMode:*Filesystem,NodeAffinity:&VolumeNodeAffinity{Required:&NodeSelector{NodeSelectorTerms:[]NodeSelectorTerm{NodeSelectorTerm{MatchExpressions:[]NodeSelectorRequirement{NodeSelectorRequirement{Key:topology.kubernetes.io/zone,Operator:In,Values:[us-west-2a],},},MatchFields:[]NodeSelectorRequirement{},},},},},VolumeAttributesClassName:nil,},Status:PersistentVolumeStatus{Phase:Bound,Message:,Reason:,LastPhaseTransitionTime:2026-06-19 07:49:00 +0000 UTC,},}"
2026-06-19T11:00:37.139711679Z I0619 11:00:37.139657       1 controller.go:1272] "shouldDelete" PV="pvc-1a628bbe-2164-4e38-b041-a415818a50ec"
2026-06-19T11:00:37.139801127Z I0619 11:00:37.139733       1 controller.go:1293] "shouldDelete is false: PersistentVolumePhase is not Released" PV="pvc-1a628bbe-2164-4e38-b041-a415818a50ec"
2026-06-19T11:00:37.139808217Z I0619 11:00:37.139320       1 controller.go:1185] "handleProtectionFinalizer" PV="&PersistentVolume{ObjectMeta:{pvc-5ad2bf1d-ae16-44b2-96c7-a7f846d9377a    55d3ca47-5a72-412c-9398-c6666cb964ca 1829 0 2026-06-19 07:48:46 +0000 UTC <nil> <nil> map[] map[pv.kubernetes.io/provisioned-by:ebs.csi.aws.com volume.kubernetes.io/provisioner-deletion-secret-name: volume.kubernetes.io/provisioner-deletion-secret-namespace:] [] [external-provisioner.volume.kubernetes.io/finalizer kubernetes.io/pv-protection external-attacher/ebs-csi-aws-com] [{csi-provisioner Update v1 2026-06-19 07:48:46 +0000 UTC FieldsV1 {\"f:metadata\":{\"f:annotations\":{\".\":{},\"f:pv.kubernetes.io/provisioned-by\":{},\"f:volume.kubernetes.io/provisioner-deletion-secret-name\":{},\"f:volume.kubernetes.io/provisioner-deletion-secret-namespace\":{}},\"f:finalizers\":{\".\":{},\"v:\\\"external-provisioner.volume.kubernetes.io/finalizer\\\"\":{}}},\"f:spec\":{\"f:accessModes\":{},\"f:capacity\":{\".\":{},\"f:storage\":{}},\"f:claimRef\":{\".\":{},\"f:apiVersion\":{},\"f:kind\":{},\"f:name\":{},\"f:namespace\":{},\"f:resourceVersion\":{},\"f:uid\":{}},\"f:csi\":{\".\":{},\"f:driver\":{},\"f:fsType\":{},\"f:volumeAttributes\":{\".\":{},\"f:storage.kubernetes.io/csiProvisionerIdentity\":{}},\"f:volumeHandle\":{}},\"f:nodeAffinity\":{\".\":{},\"f:required\":{}},\"f:persistentVolumeReclaimPolicy\":{},\"f:storageClassName\":{},\"f:volumeMode\":{}}} } {kube-controller-manager Update v1 2026-06-19 07:48:46 +0000 UTC FieldsV1 {\"f:status\":{\"f:phase\":{}}} status} {csi-attacher Update v1 2026-06-19 07:48:47 +0000 UTC FieldsV1 {\"f:metadata\":{\"f:finalizers\":{\"v:\\\"external-attacher/ebs-csi-aws-com\\\"\":{}}}} }]},Spec:PersistentVolumeSpec{Capacity:ResourceList{storage: {{10737418240 0} {<nil>} 10Gi BinarySI},},PersistentVolumeSource:PersistentVolumeSource{GCEPersistentDisk:nil,AWSElasticBlockStore:nil,HostPath:nil,Glusterfs:nil,NFS:nil,RBD:nil,ISCSI:nil,Cinder:nil,CephFS:nil,FC:nil,Flocker:nil,FlexVolume:nil,AzureFile:nil,VsphereVolume:nil,Quobyte:nil,AzureDisk:nil,PhotonPersistentDisk:nil,PortworxVolume:nil,ScaleIO:nil,Local:nil,StorageOS:nil,CSI:&CSIPersistentVolumeSource{Driver:ebs.csi.aws.com,VolumeHandle:vol-02992f401c0c3a97b,ReadOnly:false,FSType:ext4,VolumeAttributes:map[string]string{storage.kubernetes.io/csiProvisionerIdentity: 1781855100628-189-ebs.csi.aws.com,},ControllerPublishSecretRef:nil,NodeStageSecretRef:nil,NodePublishSecretRef:nil,ControllerExpandSecretRef:nil,NodeExpandSecretRef:nil,},},AccessModes:[ReadWriteOnce],ClaimRef:&ObjectReference{Kind:PersistentVolumeClaim,Namespace:kubentic-foresight,Name:server-volume-vlogs-server-0,UID:5ad2bf1d-ae16-44b2-96c7-a7f846d9377a,APIVersion:v1,ResourceVersion:1771,FieldPath:,},PersistentVolumeReclaimPolicy:Delete,StorageClassName:kops-csi-1-21,MountOptions:[],VolumeMode:*Filesystem,NodeAffinity:&VolumeNodeAffinity{Required:&NodeSelector{NodeSelectorTerms:[]NodeSelectorTerm{NodeSelectorTerm{MatchExpressions:[]NodeSelectorRequirement{NodeSelectorRequirement{Key:topology.kubernetes.io/zone,Operator:In,Values:[us-west-2a],},},MatchFields:[]NodeSelectorRequirement{},},},},},VolumeAttributesClassName:nil,},Status:PersistentVolumeStatus{Phase:Bound,Message:,Reason:,LastPhaseTransitionTime:2026-06-19 07:48:46 +0000 UTC,},}"
2026-06-19T11:00:37.139818017Z I0619 11:00:37.139758       1 controller.go:1272] "shouldDelete" PV="pvc-5ad2bf1d-ae16-44b2-96c7-a7f846d9377a"
2026-06-19T11:00:37.139870913Z I0619 11:00:37.139813       1 controller.go:1293] "shouldDelete is false: PersistentVolumePhase is not Released" PV="pvc-5ad2bf1d-ae16-44b2-96c7-a7f846d9377a"
2026-06-19T11:00:39.803851859Z I0619 11:00:39.803722       1 leaderelection.go:293] successfully renewed lease kube-system/ebs-csi-aws-com
2026-06-19T11:00:44.810602893Z I0619 11:00:44.810448       1 leaderelection.go:293] successfully renewed lease kube-system/ebs-csi-aws-com
2026-06-19T11:00:46.481976423Z I0619 11:00:46.481539       1 reflector.go:946] "Watch close" reflector="sigs.k8s.io/sig-storage-lib-external-provisioner/v11/controller/controller.go:872" type="*v1.PersistentVolume" totalItems=8
2026-06-19T11:00:49.821332320Z I0619 11:00:49.821233       1 leaderelection.go:293] successfully renewed lease kube-system/ebs-csi-aws-com
2026-06-19T11:00:54.826714085Z I0619 11:00:54.826577       1 leaderelection.go:293] successfully renewed lease kube-system/ebs-csi-aws-com
2026-06-19T11:00:59.832874345Z I0619 11:00:59.832525       1 leaderelection.go:293] successfully renewed lease kube-system/ebs-csi-aws-com
2026-06-19T11:01:04.940481068Z I0619 11:01:04.940283       1 leaderelection.go:293] successfully renewed lease kube-system/ebs-csi-aws-com
2026-06-19T11:01:09.946628493Z I0619 11:01:09.946466       1 leaderelection.go:293] successfully renewed lease kube-system/ebs-csi-aws-com
2026-06-19T11:01:14.952304421Z I0619 11:01:14.952191       1 leaderelection.go:293] successfully renewed lease kube-system/ebs-csi-aws-com
2026-06-19T11:01:19.960314630Z I0619 11:01:19.959671       1 leaderelection.go:293] successfully renewed lease kube-system/ebs-csi-aws-com
2026-06-19T11:01:24.965511290Z I0619 11:01:24.965382       1 leaderelection.go:293] successfully renewed lease kube-system/ebs-csi-aws-com
2026-06-19T11:01:29.972715134Z I0619 11:01:29.972580       1 leaderelection.go:293] successfully renewed lease kube-system/ebs-csi-aws-com
2026-06-19T11:01:34.979887012Z I0619 11:01:34.979664       1 leaderelection.go:293] successfully renewed lease kube-system/ebs-csi-aws-com
2026-06-19T11:01:39.995217211Z I0619 11:01:39.995092       1 leaderelection.go:293] successfully renewed lease kube-system/ebs-csi-aws-com
2026-06-19T11:01:45.009976408Z I0619 11:01:45.009701       1 leaderelection.go:293] successfully renewed lease kube-system/ebs-csi-aws-com
2026-06-19T11:01:50.019190408Z I0619 11:01:50.019005       1 leaderelection.go:293] successfully renewed lease kube-system/ebs-csi-aws-com
2026-06-19T11:01:55.024465120Z I0619 11:01:55.024270       1 leaderelection.go:293] successfully renewed lease kube-system/ebs-csi-aws-com
2026-06-19T11:02:00.053985139Z I0619 11:02:00.053851       1 leaderelection.go:293] successfully renewed lease kube-system/ebs-csi-aws-com
2026-06-19T11:02:05.059220076Z I0619 11:02:05.059090       1 leaderelection.go:293] successfully renewed lease kube-system/ebs-csi-aws-com
2026-06-19T11:02:10.066684368Z I0619 11:02:10.066571       1 leaderelection.go:293] successfully renewed lease kube-system/ebs-csi-aws-com
2026-06-19T11:02:15.078836559Z I0619 11:02:15.078660       1 leaderelection.go:293] successfully renewed lease kube-system/ebs-csi-aws-com
2026-06-19T11:02:20.087294559Z I0619 11:02:20.087174       1 leaderelection.go:293] successfully renewed lease kube-system/ebs-csi-aws-com
2026-06-19T11:02:25.093281743Z I0619 11:02:25.092958       1 leaderelection.go:293] successfully renewed lease kube-system/ebs-csi-aws-com
2026-06-19T11:02:30.101288218Z I0619 11:02:30.101130       1 leaderelection.go:293] successfully renewed lease kube-system/ebs-csi-aws-com
2026-06-19T11:02:35.107097661Z I0619 11:02:35.106954       1 leaderelection.go:293] successfully renewed lease kube-system/ebs-csi-aws-com
2026-06-19T11:02:40.113259076Z I0619 11:02:40.113113       1 leaderelection.go:293] successfully renewed lease kube-system/ebs-csi-aws-com
2026-06-19T11:02:45.118978515Z I0619 11:02:45.118850       1 leaderelection.go:293] successfully renewed lease kube-system/ebs-csi-aws-com
2026-06-19T11:02:50.124929729Z I0619 11:02:50.124777       1 leaderelection.go:293] successfully renewed lease kube-system/ebs-csi-aws-com
2026-06-19T11:02:52.164486340Z I0619 11:02:52.164270       1 reflector.go:946] "Watch close" reflector="k8s.io/client-go/informers/factory.go:160" type="*v1.PersistentVolumeClaim" totalItems=8
2026-06-19T11:02:55.131432325Z I0619 11:02:55.131240       1 leaderelection.go:293] successfully renewed lease kube-system/ebs-csi-aws-com
2026-06-19T11:02:58.178754040Z I0619 11:02:58.178598       1 reflector.go:946] "Watch close" reflector="k8s.io/client-go/informers/factory.go:160" type="*v1.Node" totalItems=11
2026-06-19T11:03:00.186411500Z I0619 11:03:00.181010       1 leaderelection.go:293] successfully renewed lease kube-system/ebs-csi-aws-com
2026-06-19T11:03:05.187944081Z I0619 11:03:05.187783       1 leaderelection.go:293] successfully renewed lease kube-system/ebs-csi-aws-com
2026-06-19T11:03:10.196265687Z I0619 11:03:10.196153       1 leaderelection.go:293] successfully renewed lease kube-system/ebs-csi-aws-com
2026-06-19T11:03:15.203263358Z I0619 11:03:15.203074       1 leaderelection.go:293] successfully renewed lease kube-system/ebs-csi-aws-com
2026-06-19T11:03:15.214156315Z I0619 11:03:15.213688       1 reflector.go:946] "Watch close" reflector="sigs.k8s.io/sig-storage-lib-external-provisioner/v11/controller/controller.go:875" type="*v1.StorageClass" totalItems=8
2026-06-19T11:03:20.210360882Z I0619 11:03:20.210237       1 leaderelection.go:293] successfully renewed lease kube-system/ebs-csi-aws-com
2026-06-19T11:03:25.218588162Z I0619 11:03:25.218445       1 leaderelection.go:293] successfully renewed lease kube-system/ebs-csi-aws-com
2026-06-19T11:03:30.224119888Z I0619 11:03:30.223987       1 leaderelection.go:293] successfully renewed lease kube-system/ebs-csi-aws-com
2026-06-19T11:03:35.232314237Z I0619 11:03:35.232192       1 leaderelection.go:293] successfully renewed lease kube-system/ebs-csi-aws-com
2026-06-19T11:03:40.238403741Z I0619 11:03:40.238248       1 leaderelection.go:293] successfully renewed lease kube-system/ebs-csi-aws-com
2026-06-19T11:03:45.244739890Z I0619 11:03:45.244600       1 leaderelection.go:293] successfully renewed lease kube-system/ebs-csi-aws-com
2026-06-19T11:03:50.250873204Z I0619 11:03:50.250751       1 leaderelection.go:293] successfully renewed lease kube-system/ebs-csi-aws-com
2026-06-19T11:03:55.256605343Z I0619 11:03:55.256315       1 leaderelection.go:293] successfully renewed lease kube-system/ebs-csi-aws-com
2026-06-19T11:04:00.269321852Z I0619 11:04:00.269110       1 leaderelection.go:293] successfully renewed lease kube-system/ebs-csi-aws-com
2026-06-19T11:04:05.276657175Z I0619 11:04:05.276528       1 leaderelection.go:293] successfully renewed lease kube-system/ebs-csi-aws-com
2026-06-19T11:04:10.283423853Z I0619 11:04:10.283307       1 leaderelection.go:293] successfully renewed lease kube-system/ebs-csi-aws-com
2026-06-19T11:04:15.290957984Z I0619 11:04:15.290799       1 leaderelection.go:293] successfully renewed lease kube-system/ebs-csi-aws-com
2026-06-19T11:04:20.299678127Z I0619 11:04:20.299508       1 leaderelection.go:293] successfully renewed lease kube-system/ebs-csi-aws-com
2026-06-19T11:04:25.305831494Z I0619 11:04:25.305665       1 leaderelection.go:293] successfully renewed lease kube-system/ebs-csi-aws-com
2026-06-19T11:04:30.314013110Z I0619 11:04:30.313853       1 leaderelection.go:293] successfully renewed lease kube-system/ebs-csi-aws-com
2026-06-19T11:04:34.245730438Z I0619 11:04:34.245509       1 reflector.go:946] "Watch close" reflector="k8s.io/client-go/informers/factory.go:160" type="*v1.CSINode" totalItems=7
2026-06-19T11:04:35.319652684Z I0619 11:04:35.319498       1 leaderelection.go:293] successfully renewed lease kube-system/ebs-csi-aws-com
2026-06-19T11:04:40.325511607Z I0619 11:04:40.325315       1 leaderelection.go:293] successfully renewed lease kube-system/ebs-csi-aws-com
2026-06-19T11:04:45.331482112Z I0619 11:04:45.331325       1 leaderelection.go:293] successfully renewed lease kube-system/ebs-csi-aws-com
2026-06-19T11:04:50.337689556Z I0619 11:04:50.337525       1 leaderelection.go:293] successfully renewed lease kube-system/ebs-csi-aws-com
2026-06-19T11:04:54.114962683Z I0619 11:04:54.114764       1 reflector.go:946] "Watch close" reflector="k8s.io/client-go/informers/factory.go:160" type="*v1.StorageClass" totalItems=10
2026-06-19T11:04:55.343731491Z I0619 11:04:55.343589       1 leaderelection.go:293] successfully renewed lease kube-system/ebs-csi-aws-com
2026-06-19T11:05:00.351132054Z I0619 11:05:00.351000       1 leaderelection.go:293] successfully renewed lease kube-system/ebs-csi-aws-com
2026-06-19T11:05:05.368092962Z I0619 11:05:05.367615       1 leaderelection.go:293] successfully renewed lease kube-system/ebs-csi-aws-com
2026-06-19T11:05:10.376669294Z I0619 11:05:10.376519       1 leaderelection.go:293] successfully renewed lease kube-system/ebs-csi-aws-com
2026-06-19T11:05:15.383135141Z I0619 11:05:15.383014       1 leaderelection.go:293] successfully renewed lease kube-system/ebs-csi-aws-com
2026-06-19T11:05:20.391581649Z I0619 11:05:20.391402       1 leaderelection.go:293] successfully renewed lease kube-system/ebs-csi-aws-com
2026-06-19T11:05:25.397560606Z I0619 11:05:25.397381       1 leaderelection.go:293] successfully renewed lease kube-system/ebs-csi-aws-com
2026-06-19T11:05:30.404290091Z I0619 11:05:30.404131       1 leaderelection.go:293] successfully renewed lease kube-system/ebs-csi-aws-com
2026-06-19T11:05:35.409767912Z I0619 11:05:35.409639       1 leaderelection.go:293] successfully renewed lease kube-system/ebs-csi-aws-com
2026-06-19T11:05:40.416426369Z I0619 11:05:40.416229       1 leaderelection.go:293] successfully renewed lease kube-system/ebs-csi-aws-com
2026-06-19T11:05:45.421713641Z I0619 11:05:45.421444       1 leaderelection.go:293] successfully renewed lease kube-system/ebs-csi-aws-com
2026-06-19T11:05:50.428087678Z I0619 11:05:50.427940       1 leaderelection.go:293] successfully renewed lease kube-system/ebs-csi-aws-com
2026-06-19T11:05:55.433801411Z I0619 11:05:55.433662       1 leaderelection.go:293] successfully renewed lease kube-system/ebs-csi-aws-com
2026-06-19T11:06:00.441843095Z I0619 11:06:00.441658       1 leaderelection.go:293] successfully renewed lease kube-system/ebs-csi-aws-com
2026-06-19T11:06:05.482227532Z I0619 11:06:05.473745       1 leaderelection.go:293] successfully renewed lease kube-system/ebs-csi-aws-com
2026-06-19T11:06:10.480655253Z I0619 11:06:10.480408       1 leaderelection.go:293] successfully renewed lease kube-system/ebs-csi-aws-com
2026-06-19T11:06:15.486406434Z I0619 11:06:15.486265       1 leaderelection.go:293] successfully renewed lease kube-system/ebs-csi-aws-com
2026-06-19T11:06:20.495046113Z I0619 11:06:20.494924       1 leaderelection.go:293] successfully renewed lease kube-system/ebs-csi-aws-com
2026-06-19T11:06:25.500393155Z I0619 11:06:25.500245       1 leaderelection.go:293] successfully renewed lease kube-system/ebs-csi-aws-com
2026-06-19T11:06:30.509480548Z I0619 11:06:30.508941       1 leaderelection.go:293] successfully renewed lease kube-system/ebs-csi-aws-com
2026-06-19T11:06:35.515164224Z I0619 11:06:35.514955       1 leaderelection.go:293] successfully renewed lease kube-system/ebs-csi-aws-com
2026-06-19T11:06:40.520462803Z I0619 11:06:40.520333       1 leaderelection.go:293] successfully renewed lease kube-system/ebs-csi-aws-com
2026-06-19T11:06:45.525301757Z I0619 11:06:45.525154       1 leaderelection.go:293] successfully renewed lease kube-system/ebs-csi-aws-com
2026-06-19T11:06:50.531522661Z I0619 11:06:50.531386       1 leaderelection.go:293] successfully renewed lease kube-system/ebs-csi-aws-com
2026-06-19T11:06:55.536890983Z I0619 11:06:55.536654       1 leaderelection.go:293] successfully renewed lease kube-system/ebs-csi-aws-com
2026-06-19T11:07:00.551354311Z I0619 11:07:00.551196       1 leaderelection.go:293] successfully renewed lease kube-system/ebs-csi-aws-com
2026-06-19T11:07:05.559091005Z I0619 11:07:05.558964       1 leaderelection.go:293] successfully renewed lease kube-system/ebs-csi-aws-com
2026-06-19T11:07:09.262257954Z I0619 11:07:09.262072       1 reflector.go:946] "Watch close" reflector="k8s.io/client-go/informers/factory.go:160" type="*v1.VolumeAttachment" totalItems=9
2026-06-19T11:07:10.564384119Z I0619 11:07:10.564242       1 leaderelection.go:293] successfully renewed lease kube-system/ebs-csi-aws-com
2026-06-19T11:07:15.571761330Z I0619 11:07:15.571608       1 leaderelection.go:293] successfully renewed lease kube-system/ebs-csi-aws-com
2026-06-19T11:07:20.577853841Z I0619 11:07:20.577689       1 leaderelection.go:293] successfully renewed lease kube-system/ebs-csi-aws-com
2026-06-19T11:07:25.584158446Z I0619 11:07:25.584036       1 leaderelection.go:293] successfully renewed lease kube-system/ebs-csi-aws-com
2026-06-19T11:07:30.591504394Z I0619 11:07:30.591381       1 leaderelection.go:293] successfully renewed lease kube-system/ebs-csi-aws-com
2026-06-19T11:07:35.597665179Z I0619 11:07:35.597406       1 leaderelection.go:293] successfully renewed lease kube-system/ebs-csi-aws-com
2026-06-19T11:07:40.605471923Z I0619 11:07:40.605270       1 leaderelection.go:293] successfully renewed lease kube-system/ebs-csi-aws-com
2026-06-19T11:07:45.611447956Z I0619 11:07:45.611283       1 leaderelection.go:293] successfully renewed lease kube-system/ebs-csi-aws-com
2026-06-19T11:07:50.483600937Z I0619 11:07:50.483133       1 reflector.go:946] "Watch close" reflector="sigs.k8s.io/sig-storage-lib-external-provisioner/v11/controller/controller.go:872" type="*v1.PersistentVolume" totalItems=7
2026-06-19T11:07:50.617495932Z I0619 11:07:50.617360       1 leaderelection.go:293] successfully renewed lease kube-system/ebs-csi-aws-com
2026-06-19T11:07:55.622838652Z I0619 11:07:55.622711       1 leaderelection.go:293] successfully renewed lease kube-system/ebs-csi-aws-com
2026-06-19T11:08:00.629177361Z I0619 11:08:00.628872       1 leaderelection.go:293] successfully renewed lease kube-system/ebs-csi-aws-com
2026-06-19T11:08:05.634606843Z I0619 11:08:05.634442       1 leaderelection.go:293] successfully renewed lease kube-system/ebs-csi-aws-com
2026-06-19T11:08:10.640628918Z I0619 11:08:10.640442       1 leaderelection.go:293] successfully renewed lease kube-system/ebs-csi-aws-com
2026-06-19T11:08:15.646470332Z I0619 11:08:15.646302       1 leaderelection.go:293] successfully renewed lease kube-system/ebs-csi-aws-com
2026-06-19T11:08:20.652786613Z I0619 11:08:20.652663       1 leaderelection.go:293] successfully renewed lease kube-system/ebs-csi-aws-com
2026-06-19T11:08:25.657908226Z I0619 11:08:25.657439       1 leaderelection.go:293] successfully renewed lease kube-system/ebs-csi-aws-com
2026-06-19T11:08:30.666076092Z I0619 11:08:30.665935       1 leaderelection.go:293] successfully renewed lease kube-system/ebs-csi-aws-com
2026-06-19T11:08:35.673682110Z I0619 11:08:35.673533       1 leaderelection.go:293] successfully renewed lease kube-system/ebs-csi-aws-com
2026-06-19T11:08:40.681920293Z I0619 11:08:40.681796       1 leaderelection.go:293] successfully renewed lease kube-system/ebs-csi-aws-com
2026-06-19T11:08:45.697584307Z I0619 11:08:45.697137       1 leaderelection.go:293] successfully renewed lease kube-system/ebs-csi-aws-com
2026-06-19T11:08:50.705198140Z I0619 11:08:50.704952       1 leaderelection.go:293] successfully renewed lease kube-system/ebs-csi-aws-com
2026-06-19T11:08:55.710056149Z I0619 11:08:55.709935       1 leaderelection.go:293] successfully renewed lease kube-system/ebs-csi-aws-com
2026-06-19T11:09:00.716422415Z I0619 11:09:00.716316       1 leaderelection.go:293] successfully renewed lease kube-system/ebs-csi-aws-com
2026-06-19T11:09:05.732357257Z I0619 11:09:05.728643       1 leaderelection.go:293] successfully renewed lease kube-system/ebs-csi-aws-com
2026-06-19T11:09:10.735359992Z I0619 11:09:10.735197       1 leaderelection.go:293] successfully renewed lease kube-system/ebs-csi-aws-com
2026-06-19T11:09:15.741712239Z I0619 11:09:15.741594       1 leaderelection.go:293] successfully renewed lease kube-system/ebs-csi-aws-com
2026-06-19T11:09:20.748414540Z I0619 11:09:20.748260       1 leaderelection.go:293] successfully renewed lease kube-system/ebs-csi-aws-com
2026-06-19T11:09:25.754370546Z I0619 11:09:25.754222       1 leaderelection.go:293] successfully renewed lease kube-system/ebs-csi-aws-com
2026-06-19T11:09:30.762081133Z I0619 11:09:30.761939       1 leaderelection.go:293] successfully renewed lease kube-system/ebs-csi-aws-com
2026-06-19T11:09:35.767068610Z I0619 11:09:35.766934       1 leaderelection.go:293] successfully renewed lease kube-system/ebs-csi-aws-com
2026-06-19T11:09:40.772759319Z I0619 11:09:40.772624       1 leaderelection.go:293] successfully renewed lease kube-system/ebs-csi-aws-com
2026-06-19T11:09:45.778426337Z I0619 11:09:45.778249       1 leaderelection.go:293] successfully renewed lease kube-system/ebs-csi-aws-com
2026-06-19T11:09:50.784779443Z I0619 11:09:50.784539       1 leaderelection.go:293] successfully renewed lease kube-system/ebs-csi-aws-com
2026-06-19T11:09:55.792091753Z I0619 11:09:55.791652       1 leaderelection.go:293] successfully renewed lease kube-system/ebs-csi-aws-com
2026-06-19T11:10:00.798427605Z I0619 11:10:00.798281       1 leaderelection.go:293] successfully renewed lease kube-system/ebs-csi-aws-com
2026-06-19T11:10:01.218023162Z I0619 11:10:01.217883       1 reflector.go:946] "Watch close" reflector="sigs.k8s.io/sig-storage-lib-external-provisioner/v11/controller/controller.go:875" type="*v1.StorageClass" totalItems=8
2026-06-19T11:10:03.149955587Z I0619 11:10:03.149758       1 reflector.go:946] "Watch close" reflector="k8s.io/client-go/informers/factory.go:160" type="*v1.StorageClass" totalItems=7
2026-06-19T11:10:05.812019170Z I0619 11:10:05.811403       1 leaderelection.go:293] successfully renewed lease kube-system/ebs-csi-aws-com
2026-06-19T11:10:10.819100411Z I0619 11:10:10.818976       1 leaderelection.go:293] successfully renewed lease kube-system/ebs-csi-aws-com
2026-06-19T11:10:15.824597335Z I0619 11:10:15.824438       1 leaderelection.go:293] successfully renewed lease kube-system/ebs-csi-aws-com
2026-06-19T11:10:18.166976392Z I0619 11:10:18.166752       1 reflector.go:946] "Watch close" reflector="k8s.io/client-go/informers/factory.go:160" type="*v1.PersistentVolumeClaim" totalItems=8
2026-06-19T11:10:20.831354556Z I0619 11:10:20.831216       1 leaderelection.go:293] successfully renewed lease kube-system/ebs-csi-aws-com
2026-06-19T11:10:25.836365202Z I0619 11:10:25.836248       1 leaderelection.go:293] successfully renewed lease kube-system/ebs-csi-aws-com
2026-06-19T11:10:30.842317816Z I0619 11:10:30.842201       1 leaderelection.go:293] successfully renewed lease kube-system/ebs-csi-aws-com
2026-06-19T11:10:35.847926079Z I0619 11:10:35.847802       1 leaderelection.go:293] successfully renewed lease kube-system/ebs-csi-aws-com
2026-06-19T11:10:40.854375411Z I0619 11:10:40.854157       1 leaderelection.go:293] successfully renewed lease kube-system/ebs-csi-aws-com
2026-06-19T11:10:45.860117064Z I0619 11:10:45.859965       1 leaderelection.go:293] successfully renewed lease kube-system/ebs-csi-aws-com
2026-06-19T11:10:50.866354771Z I0619 11:10:50.866234       1 leaderelection.go:293] successfully renewed lease kube-system/ebs-csi-aws-com
2026-06-19T11:10:54.247664739Z I0619 11:10:54.247496       1 reflector.go:946] "Watch close" reflector="k8s.io/client-go/informers/factory.go:160" type="*v1.CSINode" totalItems=8
2026-06-19T11:10:55.871807334Z I0619 11:10:55.871515       1 leaderelection.go:293] successfully renewed lease kube-system/ebs-csi-aws-com
2026-06-19T11:11:00.878898468Z I0619 11:11:00.878642       1 leaderelection.go:293] successfully renewed lease kube-system/ebs-csi-aws-com
2026-06-19T11:11:05.884754798Z I0619 11:11:05.884629       1 leaderelection.go:293] successfully renewed lease kube-system/ebs-csi-aws-com
2026-06-19T11:11:10.891425423Z I0619 11:11:10.891296       1 leaderelection.go:293] successfully renewed lease kube-system/ebs-csi-aws-com
2026-06-19T11:11:15.896609051Z I0619 11:11:15.896350       1 leaderelection.go:293] successfully renewed lease kube-system/ebs-csi-aws-com
2026-06-19T11:11:20.912619606Z I0619 11:11:20.912454       1 leaderelection.go:293] successfully renewed lease kube-system/ebs-csi-aws-com
2026-06-19T11:11:25.921761121Z I0619 11:11:25.921618       1 leaderelection.go:293] successfully renewed lease kube-system/ebs-csi-aws-com
2026-06-19T11:11:30.931153094Z I0619 11:11:30.931021       1 leaderelection.go:293] successfully renewed lease kube-system/ebs-csi-aws-com
2026-06-19T11:11:35.936902665Z I0619 11:11:35.936746       1 leaderelection.go:293] successfully renewed lease kube-system/ebs-csi-aws-com
2026-06-19T11:11:40.945280087Z I0619 11:11:40.945110       1 leaderelection.go:293] successfully renewed lease kube-system/ebs-csi-aws-com
2026-06-19T11:11:45.951169442Z I0619 11:11:45.951039       1 leaderelection.go:293] successfully renewed lease kube-system/ebs-csi-aws-com
2026-06-19T11:11:50.956615185Z I0619 11:11:50.956356       1 leaderelection.go:293] successfully renewed lease kube-system/ebs-csi-aws-com
2026-06-19T11:11:55.961768760Z I0619 11:11:55.961636       1 leaderelection.go:293] successfully renewed lease kube-system/ebs-csi-aws-com
2026-06-19T11:12:00.967838771Z I0619 11:12:00.967684       1 leaderelection.go:293] successfully renewed lease kube-system/ebs-csi-aws-com
2026-06-19T11:12:05.974894067Z I0619 11:12:05.974523       1 leaderelection.go:293] successfully renewed lease kube-system/ebs-csi-aws-com
2026-06-19T11:12:10.981630109Z I0619 11:12:10.981467       1 leaderelection.go:293] successfully renewed lease kube-system/ebs-csi-aws-com
2026-06-19T11:12:15.995810315Z I0619 11:12:15.995652       1 leaderelection.go:293] successfully renewed lease kube-system/ebs-csi-aws-com
2026-06-19T11:12:21.004799024Z I0619 11:12:21.004635       1 leaderelection.go:293] successfully renewed lease kube-system/ebs-csi-aws-com
2026-06-19T11:12:26.012104696Z I0619 11:12:26.011964       1 leaderelection.go:293] successfully renewed lease kube-system/ebs-csi-aws-com
2026-06-19T11:12:31.018622312Z I0619 11:12:31.018471       1 leaderelection.go:293] successfully renewed lease kube-system/ebs-csi-aws-com
2026-06-19T11:12:36.023621010Z I0619 11:12:36.023399       1 leaderelection.go:293] successfully renewed lease kube-system/ebs-csi-aws-com
2026-06-19T11:12:41.029369768Z I0619 11:12:41.029154       1 leaderelection.go:293] successfully renewed lease kube-system/ebs-csi-aws-com
2026-06-19T11:12:45.181337907Z I0619 11:12:45.180772       1 reflector.go:946] "Watch close" reflector="k8s.io/client-go/informers/factory.go:160" type="*v1.Node" totalItems=16
2026-06-19T11:12:46.034656768Z I0619 11:12:46.034484       1 leaderelection.go:293] successfully renewed lease kube-system/ebs-csi-aws-com
2026-06-19T11:12:51.041172259Z I0619 11:12:51.040790       1 leaderelection.go:293] successfully renewed lease kube-system/ebs-csi-aws-com
2026-06-19T11:12:56.046347402Z I0619 11:12:56.046195       1 leaderelection.go:293] successfully renewed lease kube-system/ebs-csi-aws-com
2026-06-19T11:13:01.054729980Z I0619 11:13:01.054453       1 leaderelection.go:293] successfully renewed lease kube-system/ebs-csi-aws-com
2026-06-19T11:13:06.066186816Z I0619 11:13:06.066017       1 leaderelection.go:293] successfully renewed lease kube-system/ebs-csi-aws-com
2026-06-19T11:13:11.074352754Z I0619 11:13:11.074159       1 leaderelection.go:293] successfully renewed lease kube-system/ebs-csi-aws-com
2026-06-19T11:13:16.079461651Z I0619 11:13:16.079321       1 leaderelection.go:293] successfully renewed lease kube-system/ebs-csi-aws-com
2026-06-19T11:13:21.087502134Z I0619 11:13:21.087370       1 leaderelection.go:293] successfully renewed lease kube-system/ebs-csi-aws-com
2026-06-19T11:13:26.092512915Z I0619 11:13:26.092379       1 leaderelection.go:293] successfully renewed lease kube-system/ebs-csi-aws-com
2026-06-19T11:13:31.099490774Z I0619 11:13:31.099373       1 leaderelection.go:293] successfully renewed lease kube-system/ebs-csi-aws-com
2026-06-19T11:13:36.107754349Z I0619 11:13:36.107596       1 leaderelection.go:293] successfully renewed lease kube-system/ebs-csi-aws-com
2026-06-19T11:13:38.264756171Z I0619 11:13:38.264602       1 reflector.go:946] "Watch close" reflector="k8s.io/client-go/informers/factory.go:160" type="*v1.VolumeAttachment" totalItems=8
2026-06-19T11:13:41.114210841Z I0619 11:13:41.114058       1 leaderelection.go:293] successfully renewed lease kube-system/ebs-csi-aws-com
2026-06-19T11:13:46.118807329Z I0619 11:13:46.118661       1 leaderelection.go:293] successfully renewed lease kube-system/ebs-csi-aws-com
2026-06-19T11:13:51.124720769Z I0619 11:13:51.124525       1 leaderelection.go:293] successfully renewed lease kube-system/ebs-csi-aws-com
2026-06-19T11:13:56.129567776Z I0619 11:13:56.129435       1 leaderelection.go:293] successfully renewed lease kube-system/ebs-csi-aws-com
2026-06-19T11:14:01.136721689Z I0619 11:14:01.136600       1 leaderelection.go:293] successfully renewed lease kube-system/ebs-csi-aws-com
2026-06-19T11:14:06.142581403Z I0619 11:14:06.142446       1 leaderelection.go:293] successfully renewed lease kube-system/ebs-csi-aws-com
2026-06-19T11:14:11.148468830Z I0619 11:14:11.148332       1 leaderelection.go:293] successfully renewed lease kube-system/ebs-csi-aws-com
2026-06-19T11:14:16.156102608Z I0619 11:14:16.155963       1 leaderelection.go:293] successfully renewed lease kube-system/ebs-csi-aws-com
2026-06-19T11:14:21.162121945Z I0619 11:14:21.161998       1 leaderelection.go:293] successfully renewed lease kube-system/ebs-csi-aws-com
2026-06-19T11:14:26.168005599Z I0619 11:14:26.167854       1 leaderelection.go:293] successfully renewed lease kube-system/ebs-csi-aws-com
2026-06-19T11:14:31.173381273Z I0619 11:14:31.173263       1 leaderelection.go:293] successfully renewed lease kube-system/ebs-csi-aws-com
2026-06-19T11:14:36.178697939Z I0619 11:14:36.178536       1 leaderelection.go:293] successfully renewed lease kube-system/ebs-csi-aws-com
2026-06-19T11:14:41.184871277Z I0619 11:14:41.184722       1 leaderelection.go:293] successfully renewed lease kube-system/ebs-csi-aws-com
2026-06-19T11:14:46.190334497Z I0619 11:14:46.190161       1 leaderelection.go:293] successfully renewed lease kube-system/ebs-csi-aws-com
2026-06-19T11:14:51.196331734Z I0619 11:14:51.196216       1 leaderelection.go:293] successfully renewed lease kube-system/ebs-csi-aws-com
2026-06-19T11:14:56.201689291Z I0619 11:14:56.201460       1 leaderelection.go:293] successfully renewed lease kube-system/ebs-csi-aws-com
2026-06-19T11:15:01.211804291Z I0619 11:15:01.211572       1 leaderelection.go:293] successfully renewed lease kube-system/ebs-csi-aws-com
2026-06-19T11:15:06.218008775Z I0619 11:15:06.217845       1 leaderelection.go:293] successfully renewed lease kube-system/ebs-csi-aws-com
2026-06-19T11:15:11.224079809Z I0619 11:15:11.223954       1 leaderelection.go:293] successfully renewed lease kube-system/ebs-csi-aws-com
2026-06-19T11:15:16.229615937Z I0619 11:15:16.229329       1 leaderelection.go:293] successfully renewed lease kube-system/ebs-csi-aws-com
2026-06-19T11:15:21.236153218Z I0619 11:15:21.236019       1 leaderelection.go:293] successfully renewed lease kube-system/ebs-csi-aws-com
2026-06-19T11:15:26.241636852Z I0619 11:15:26.241479       1 leaderelection.go:293] successfully renewed lease kube-system/ebs-csi-aws-com
2026-06-19T11:15:31.247877076Z I0619 11:15:31.247729       1 leaderelection.go:293] successfully renewed lease kube-system/ebs-csi-aws-com
2026-06-19T11:15:36.253310852Z I0619 11:15:36.253106       1 leaderelection.go:293] successfully renewed lease kube-system/ebs-csi-aws-com
2026-06-19T11:15:37.061810931Z I0619 11:15:37.061600       1 reflector.go:450] "Forcing resync" reflector="k8s.io/client-go/informers/factory.go:160"
2026-06-19T11:15:37.139532019Z I0619 11:15:37.139330       1 reflector.go:450] "Forcing resync" reflector="sigs.k8s.io/sig-storage-lib-external-provisioner/v11/controller/controller.go:872"
2026-06-19T11:15:37.139985068Z I0619 11:15:37.139683       1 controller.go:1185] "handleProtectionFinalizer" PV="&PersistentVolume{ObjectMeta:{pvc-5ad2bf1d-ae16-44b2-96c7-a7f846d9377a    55d3ca47-5a72-412c-9398-c6666cb964ca 1829 0 2026-06-19 07:48:46 +0000 UTC <nil> <nil> map[] map[pv.kubernetes.io/provisioned-by:ebs.csi.aws.com volume.kubernetes.io/provisioner-deletion-secret-name: volume.kubernetes.io/provisioner-deletion-secret-namespace:] [] [external-provisioner.volume.kubernetes.io/finalizer kubernetes.io/pv-protection external-attacher/ebs-csi-aws-com] [{csi-provisioner Update v1 2026-06-19 07:48:46 +0000 UTC FieldsV1 {\"f:metadata\":{\"f:annotations\":{\".\":{},\"f:pv.kubernetes.io/provisioned-by\":{},\"f:volume.kubernetes.io/provisioner-deletion-secret-name\":{},\"f:volume.kubernetes.io/provisioner-deletion-secret-namespace\":{}},\"f:finalizers\":{\".\":{},\"v:\\\"external-provisioner.volume.kubernetes.io/finalizer\\\"\":{}}},\"f:spec\":{\"f:accessModes\":{},\"f:capacity\":{\".\":{},\"f:storage\":{}},\"f:claimRef\":{\".\":{},\"f:apiVersion\":{},\"f:kind\":{},\"f:name\":{},\"f:namespace\":{},\"f:resourceVersion\":{},\"f:uid\":{}},\"f:csi\":{\".\":{},\"f:driver\":{},\"f:fsType\":{},\"f:volumeAttributes\":{\".\":{},\"f:storage.kubernetes.io/csiProvisionerIdentity\":{}},\"f:volumeHandle\":{}},\"f:nodeAffinity\":{\".\":{},\"f:required\":{}},\"f:persistentVolumeReclaimPolicy\":{},\"f:storageClassName\":{},\"f:volumeMode\":{}}} } {kube-controller-manager Update v1 2026-06-19 07:48:46 +0000 UTC FieldsV1 {\"f:status\":{\"f:phase\":{}}} status} {csi-attacher Update v1 2026-06-19 07:48:47 +0000 UTC FieldsV1 {\"f:metadata\":{\"f:finalizers\":{\"v:\\\"external-attacher/ebs-csi-aws-com\\\"\":{}}}} }]},Spec:PersistentVolumeSpec{Capacity:ResourceList{storage: {{10737418240 0} {<nil>} 10Gi BinarySI},},PersistentVolumeSource:PersistentVolumeSource{GCEPersistentDisk:nil,AWSElasticBlockStore:nil,HostPath:nil,Glusterfs:nil,NFS:nil,RBD:nil,ISCSI:nil,Cinder:nil,CephFS:nil,FC:nil,Flocker:nil,FlexVolume:nil,AzureFile:nil,VsphereVolume:nil,Quobyte:nil,AzureDisk:nil,PhotonPersistentDisk:nil,PortworxVolume:nil,ScaleIO:nil,Local:nil,StorageOS:nil,CSI:&CSIPersistentVolumeSource{Driver:ebs.csi.aws.com,VolumeHandle:vol-02992f401c0c3a97b,ReadOnly:false,FSType:ext4,VolumeAttributes:map[string]string{storage.kubernetes.io/csiProvisionerIdentity: 1781855100628-189-ebs.csi.aws.com,},ControllerPublishSecretRef:nil,NodeStageSecretRef:nil,NodePublishSecretRef:nil,ControllerExpandSecretRef:nil,NodeExpandSecretRef:nil,},},AccessModes:[ReadWriteOnce],ClaimRef:&ObjectReference{Kind:PersistentVolumeClaim,Namespace:kubentic-foresight,Name:server-volume-vlogs-server-0,UID:5ad2bf1d-ae16-44b2-96c7-a7f846d9377a,APIVersion:v1,ResourceVersion:1771,FieldPath:,},PersistentVolumeReclaimPolicy:Delete,StorageClassName:kops-csi-1-21,MountOptions:[],VolumeMode:*Filesystem,NodeAffinity:&VolumeNodeAffinity{Required:&NodeSelector{NodeSelectorTerms:[]NodeSelectorTerm{NodeSelectorTerm{MatchExpressions:[]NodeSelectorRequirement{NodeSelectorRequirement{Key:topology.kubernetes.io/zone,Operator:In,Values:[us-west-2a],},},MatchFields:[]NodeSelectorRequirement{},},},},},VolumeAttributesClassName:nil,},Status:PersistentVolumeStatus{Phase:Bound,Message:,Reason:,LastPhaseTransitionTime:2026-06-19 07:48:46 +0000 UTC,},}"
2026-06-19T11:15:37.140033344Z I0619 11:15:37.139872       1 controller.go:1272] "shouldDelete" PV="pvc-5ad2bf1d-ae16-44b2-96c7-a7f846d9377a"
2026-06-19T11:15:37.140037526Z I0619 11:15:37.139882       1 controller.go:1293] "shouldDelete is false: PersistentVolumePhase is not Released" PV="pvc-5ad2bf1d-ae16-44b2-96c7-a7f846d9377a"
2026-06-19T11:15:37.140044160Z I0619 11:15:37.139532       1 controller.go:1185] "handleProtectionFinalizer" PV="&PersistentVolume{ObjectMeta:{pvc-1a628bbe-2164-4e38-b041-a415818a50ec    b031663e-79d8-44ff-a9be-849a9638fa56 1995 0 2026-06-19 07:49:00 +0000 UTC <nil> <nil> map[] map[pv.kubernetes.io/provisioned-by:ebs.csi.aws.com volume.kubernetes.io/provisioner-deletion-secret-name: volume.kubernetes.io/provisioner-deletion-secret-namespace:] [] [external-provisioner.volume.kubernetes.io/finalizer kubernetes.io/pv-protection external-attacher/ebs-csi-aws-com] [{csi-provisioner Update v1 2026-06-19 07:49:00 +0000 UTC FieldsV1 {\"f:metadata\":{\"f:annotations\":{\".\":{},\"f:pv.kubernetes.io/provisioned-by\":{},\"f:volume.kubernetes.io/provisioner-deletion-secret-name\":{},\"f:volume.kubernetes.io/provisioner-deletion-secret-namespace\":{}},\"f:finalizers\":{\".\":{},\"v:\\\"external-provisioner.volume.kubernetes.io/finalizer\\\"\":{}}},\"f:spec\":{\"f:accessModes\":{},\"f:capacity\":{\".\":{},\"f:storage\":{}},\"f:claimRef\":{\".\":{},\"f:apiVersion\":{},\"f:kind\":{},\"f:name\":{},\"f:namespace\":{},\"f:resourceVersion\":{},\"f:uid\":{}},\"f:csi\":{\".\":{},\"f:driver\":{},\"f:fsType\":{},\"f:volumeAttributes\":{\".\":{},\"f:storage.kubernetes.io/csiProvisionerIdentity\":{}},\"f:volumeHandle\":{}},\"f:nodeAffinity\":{\".\":{},\"f:required\":{}},\"f:persistentVolumeReclaimPolicy\":{},\"f:storageClassName\":{},\"f:volumeMode\":{}}} } {kube-controller-manager Update v1 2026-06-19 07:49:00 +0000 UTC FieldsV1 {\"f:status\":{\"f:phase\":{}}} status} {csi-attacher Update v1 2026-06-19 07:49:01 +0000 UTC FieldsV1 {\"f:metadata\":{\"f:finalizers\":{\"v:\\\"external-attacher/ebs-csi-aws-com\\\"\":{}}}} }]},Spec:PersistentVolumeSpec{Capacity:ResourceList{storage: {{10737418240 0} {<nil>} 10Gi BinarySI},},PersistentVolumeSource:PersistentVolumeSource{GCEPersistentDisk:nil,AWSElasticBlockStore:nil,HostPath:nil,Glusterfs:nil,NFS:nil,RBD:nil,ISCSI:nil,Cinder:nil,CephFS:nil,FC:nil,Flocker:nil,FlexVolume:nil,AzureFile:nil,VsphereVolume:nil,Quobyte:nil,AzureDisk:nil,PhotonPersistentDisk:nil,PortworxVolume:nil,ScaleIO:nil,Local:nil,StorageOS:nil,CSI:&CSIPersistentVolumeSource{Driver:ebs.csi.aws.com,VolumeHandle:vol-092395df607f30c5f,ReadOnly:false,FSType:ext4,VolumeAttributes:map[string]string{storage.kubernetes.io/csiProvisionerIdentity: 1781855100628-189-ebs.csi.aws.com,},ControllerPublishSecretRef:nil,NodeStageSecretRef:nil,NodePublishSecretRef:nil,ControllerExpandSecretRef:nil,NodeExpandSecretRef:nil,},},AccessModes:[ReadWriteOnce],ClaimRef:&ObjectReference{Kind:PersistentVolumeClaim,Namespace:kubentic-foresight,Name:vmsingle-vmstack,UID:1a628bbe-2164-4e38-b041-a415818a50ec,APIVersion:v1,ResourceVersion:1964,FieldPath:,},PersistentVolumeReclaimPolicy:Delete,StorageClassName:kops-csi-1-21,MountOptions:[],VolumeMode:*Filesystem,NodeAffinity:&VolumeNodeAffinity{Required:&NodeSelector{NodeSelectorTerms:[]NodeSelectorTerm{NodeSelectorTerm{MatchExpressions:[]NodeSelectorRequirement{NodeSelectorRequirement{Key:topology.kubernetes.io/zone,Operator:In,Values:[us-west-2a],},},MatchFields:[]NodeSelectorRequirement{},},},},},VolumeAttributesClassName:nil,},Status:PersistentVolumeStatus{Phase:Bound,Message:,Reason:,LastPhaseTransitionTime:2026-06-19 07:49:00 +0000 UTC,},}"
2026-06-19T11:15:37.140091363Z I0619 11:15:37.139905       1 controller.go:1272] "shouldDelete" PV="pvc-1a628bbe-2164-4e38-b041-a415818a50ec"
2026-06-19T11:15:37.140096442Z I0619 11:15:37.139913       1 controller.go:1293] "shouldDelete is false: PersistentVolumePhase is not Released" PV="pvc-1a628bbe-2164-4e38-b041-a415818a50ec"
2026-06-19T11:15:37.152937252Z I0619 11:15:37.152519       1 reflector.go:946] "Watch close" reflector="k8s.io/client-go/informers/factory.go:160" type="*v1.StorageClass" totalItems=6
2026-06-19T11:15:41.262514428Z I0619 11:15:41.262388       1 leaderelection.go:293] successfully renewed lease kube-system/ebs-csi-aws-com
2026-06-19T11:15:46.268012017Z I0619 11:15:46.267764       1 leaderelection.go:293] successfully renewed lease kube-system/ebs-csi-aws-com
2026-06-19T11:15:51.273786130Z I0619 11:15:51.273672       1 leaderelection.go:293] successfully renewed lease kube-system/ebs-csi-aws-com
2026-06-19T11:15:56.279530257Z I0619 11:15:56.279384       1 leaderelection.go:293] successfully renewed lease kube-system/ebs-csi-aws-com
2026-06-19T11:16:01.298223675Z I0619 11:16:01.297952       1 leaderelection.go:293] successfully renewed lease kube-system/ebs-csi-aws-com
2026-06-19T11:16:03.244862306Z I0619 11:16:03.244661       1 reflector.go:946] "Watch close" reflector="sigs.k8s.io/sig-storage-lib-external-provisioner/v11/controller/controller.go:875" type="*v1.StorageClass" totalItems=7
2026-06-19T11:16:06.305708621Z I0619 11:16:06.305414       1 leaderelection.go:293] successfully renewed lease kube-system/ebs-csi-aws-com
2026-06-19T11:16:11.310835368Z I0619 11:16:11.310671       1 leaderelection.go:293] successfully renewed lease kube-system/ebs-csi-aws-com
2026-06-19T11:16:16.315376356Z I0619 11:16:16.315249       1 leaderelection.go:293] successfully renewed lease kube-system/ebs-csi-aws-com
2026-06-19T11:16:21.321378999Z I0619 11:16:21.321238       1 leaderelection.go:293] successfully renewed lease kube-system/ebs-csi-aws-com
2026-06-19T11:16:26.326632307Z I0619 11:16:26.326440       1 leaderelection.go:293] successfully renewed lease kube-system/ebs-csi-aws-com
2026-06-19T11:16:31.333269500Z I0619 11:16:31.332951       1 leaderelection.go:293] successfully renewed lease kube-system/ebs-csi-aws-com
2026-06-19T11:16:36.340298015Z I0619 11:16:36.340140       1 leaderelection.go:293] successfully renewed lease kube-system/ebs-csi-aws-com
2026-06-19T11:16:41.346219410Z I0619 11:16:41.346098       1 leaderelection.go:293] successfully renewed lease kube-system/ebs-csi-aws-com
2026-06-19T11:16:46.351642975Z I0619 11:16:46.351446       1 leaderelection.go:293] successfully renewed lease kube-system/ebs-csi-aws-com
2026-06-19T11:16:51.359879610Z I0619 11:16:51.359748       1 leaderelection.go:293] successfully renewed lease kube-system/ebs-csi-aws-com
2026-06-19T11:16:56.365644555Z I0619 11:16:56.365464       1 leaderelection.go:293] successfully renewed lease kube-system/ebs-csi-aws-com
2026-06-19T11:17:01.451528861Z I0619 11:17:01.448872       1 leaderelection.go:293] successfully renewed lease kube-system/ebs-csi-aws-com
2026-06-19T11:17:06.457691960Z I0619 11:17:06.457531       1 leaderelection.go:293] successfully renewed lease kube-system/ebs-csi-aws-com
2026-06-19T11:17:10.486123864Z I0619 11:17:10.485684       1 reflector.go:946] "Watch close" reflector="sigs.k8s.io/sig-storage-lib-external-provisioner/v11/controller/controller.go:872" type="*v1.PersistentVolume" totalItems=9
2026-06-19T11:17:11.464652307Z I0619 11:17:11.464492       1 leaderelection.go:293] successfully renewed lease kube-system/ebs-csi-aws-com
2026-06-19T11:17:16.470134392Z I0619 11:17:16.469990       1 leaderelection.go:293] successfully renewed lease kube-system/ebs-csi-aws-com
2026-06-19T11:17:21.475327065Z I0619 11:17:21.475147       1 leaderelection.go:293] successfully renewed lease kube-system/ebs-csi-aws-com
2026-06-19T11:17:26.480467285Z I0619 11:17:26.480297       1 leaderelection.go:293] successfully renewed lease kube-system/ebs-csi-aws-com
2026-06-19T11:17:31.487912830Z I0619 11:17:31.487778       1 leaderelection.go:293] successfully renewed lease kube-system/ebs-csi-aws-com
2026-06-19T11:17:36.496323182Z I0619 11:17:36.496147       1 leaderelection.go:293] successfully renewed lease kube-system/ebs-csi-aws-com
2026-06-19T11:17:41.502040827Z I0619 11:17:41.501914       1 leaderelection.go:293] successfully renewed lease kube-system/ebs-csi-aws-com
2026-06-19T11:17:46.508065462Z I0619 11:17:46.507933       1 leaderelection.go:293] successfully renewed lease kube-system/ebs-csi-aws-com
2026-06-19T11:17:51.513735657Z I0619 11:17:51.513619       1 leaderelection.go:293] successfully renewed lease kube-system/ebs-csi-aws-com
2026-06-19T11:17:52.249785868Z I0619 11:17:52.249431       1 reflector.go:946] "Watch close" reflector="k8s.io/client-go/informers/factory.go:160" type="*v1.CSINode" totalItems=8
2026-06-19T11:17:56.521071206Z I0619 11:17:56.520707       1 leaderelection.go:293] successfully renewed lease kube-system/ebs-csi-aws-com
2026-06-19T11:18:01.923950250Z I0619 11:18:01.923779       1 leaderelection.go:293] successfully renewed lease kube-system/ebs-csi-aws-com
2026-06-19T11:18:06.930432119Z I0619 11:18:06.930301       1 leaderelection.go:293] successfully renewed lease kube-system/ebs-csi-aws-com
2026-06-19T11:18:11.936895251Z I0619 11:18:11.936644       1 leaderelection.go:293] successfully renewed lease kube-system/ebs-csi-aws-com
2026-06-19T11:18:16.944383321Z I0619 11:18:16.944199       1 leaderelection.go:293] successfully renewed lease kube-system/ebs-csi-aws-com
2026-06-19T11:18:20.183314402Z I0619 11:18:20.183144       1 reflector.go:946] "Watch close" reflector="k8s.io/client-go/informers/factory.go:160" type="*v1.Node" totalItems=10
2026-06-19T11:18:21.951578320Z I0619 11:18:21.951409       1 leaderelection.go:293] successfully renewed lease kube-system/ebs-csi-aws-com
2026-06-19T11:18:26.961496376Z I0619 11:18:26.961353       1 leaderelection.go:293] successfully renewed lease kube-system/ebs-csi-aws-com
2026-06-19T11:18:31.967050094Z I0619 11:18:31.966927       1 leaderelection.go:293] successfully renewed lease kube-system/ebs-csi-aws-com
2026-06-19T11:18:36.972891246Z I0619 11:18:36.972759       1 leaderelection.go:293] successfully renewed lease kube-system/ebs-csi-aws-com
2026-06-19T11:18:41.978807406Z I0619 11:18:41.978601       1 leaderelection.go:293] successfully renewed lease kube-system/ebs-csi-aws-com
2026-06-19T11:18:46.988149548Z I0619 11:18:46.986190       1 leaderelection.go:293] successfully renewed lease kube-system/ebs-csi-aws-com
2026-06-19T11:18:51.992475741Z I0619 11:18:51.992228       1 leaderelection.go:293] successfully renewed lease kube-system/ebs-csi-aws-com
2026-06-19T11:18:56.998171591Z I0619 11:18:56.997921       1 leaderelection.go:293] successfully renewed lease kube-system/ebs-csi-aws-com
2026-06-19T11:19:02.384027524Z I0619 11:19:02.383897       1 leaderelection.go:293] successfully renewed lease kube-system/ebs-csi-aws-com
2026-06-19T11:19:07.389270026Z I0619 11:19:07.389059       1 leaderelection.go:293] successfully renewed lease kube-system/ebs-csi-aws-com
2026-06-19T11:19:12.395776561Z I0619 11:19:12.395641       1 leaderelection.go:293] successfully renewed lease kube-system/ebs-csi-aws-com
2026-06-19T11:19:17.400684660Z I0619 11:19:17.400510       1 leaderelection.go:293] successfully renewed lease kube-system/ebs-csi-aws-com
2026-06-19T11:19:22.406717406Z I0619 11:19:22.406521       1 leaderelection.go:293] successfully renewed lease kube-system/ebs-csi-aws-com
2026-06-19T11:19:27.412257882Z I0619 11:19:27.411843       1 leaderelection.go:293] successfully renewed lease kube-system/ebs-csi-aws-com
2026-06-19T11:19:32.417702373Z I0619 11:19:32.417529       1 leaderelection.go:293] successfully renewed lease kube-system/ebs-csi-aws-com
2026-06-19T11:19:37.425470310Z I0619 11:19:37.425342       1 leaderelection.go:293] successfully renewed lease kube-system/ebs-csi-aws-com
2026-06-19T11:19:42.431275855Z I0619 11:19:42.431150       1 leaderelection.go:293] successfully renewed lease kube-system/ebs-csi-aws-com
2026-06-19T11:19:47.436324566Z I0619 11:19:47.436182       1 leaderelection.go:293] successfully renewed lease kube-system/ebs-csi-aws-com
2026-06-19T11:19:52.444002149Z I0619 11:19:52.443820       1 leaderelection.go:293] successfully renewed lease kube-system/ebs-csi-aws-com
2026-06-19T11:19:53.169242052Z I0619 11:19:53.168890       1 reflector.go:946] "Watch close" reflector="k8s.io/client-go/informers/factory.go:160" type="*v1.PersistentVolumeClaim" totalItems=11
2026-06-19T11:19:57.448709255Z I0619 11:19:57.448395       1 leaderelection.go:293] successfully renewed lease kube-system/ebs-csi-aws-com
2026-06-19T11:20:02.547326624Z I0619 11:20:02.542810       1 leaderelection.go:293] successfully renewed lease kube-system/ebs-csi-aws-com
2026-06-19T11:20:07.552323136Z I0619 11:20:07.552195       1 leaderelection.go:293] successfully renewed lease kube-system/ebs-csi-aws-com
2026-06-19T11:20:12.560286020Z I0619 11:20:12.560145       1 leaderelection.go:293] successfully renewed lease kube-system/ebs-csi-aws-com
2026-06-19T11:20:17.566915857Z I0619 11:20:17.566769       1 leaderelection.go:293] successfully renewed lease kube-system/ebs-csi-aws-com
2026-06-19T11:20:22.573776255Z I0619 11:20:22.573656       1 leaderelection.go:293] successfully renewed lease kube-system/ebs-csi-aws-com
2026-06-19T11:20:27.580619838Z I0619 11:20:27.580467       1 leaderelection.go:293] successfully renewed lease kube-system/ebs-csi-aws-com
2026-06-19T11:20:32.586229033Z I0619 11:20:32.585984       1 leaderelection.go:293] successfully renewed lease kube-system/ebs-csi-aws-com
2026-06-19T11:20:37.592427395Z I0619 11:20:37.592266       1 leaderelection.go:293] successfully renewed lease kube-system/ebs-csi-aws-com
2026-06-19T11:20:42.599383750Z I0619 11:20:42.599226       1 leaderelection.go:293] successfully renewed lease kube-system/ebs-csi-aws-com
2026-06-19T11:20:47.604809307Z I0619 11:20:47.604678       1 leaderelection.go:293] successfully renewed lease kube-system/ebs-csi-aws-com
2026-06-19T11:20:52.613657393Z I0619 11:20:52.613459       1 leaderelection.go:293] successfully renewed lease kube-system/ebs-csi-aws-com
2026-06-19T11:20:57.622947074Z I0619 11:20:57.621880       1 leaderelection.go:293] successfully renewed lease kube-system/ebs-csi-aws-com
2026-06-19T11:20:58.267188014Z I0619 11:20:58.266899       1 reflector.go:946] "Watch close" reflector="k8s.io/client-go/informers/factory.go:160" type="*v1.VolumeAttachment" totalItems=9
2026-06-19T11:21:02.809823420Z I0619 11:21:02.793085       1 leaderelection.go:293] successfully renewed lease kube-system/ebs-csi-aws-com
2026-06-19T11:21:07.802941770Z I0619 11:21:07.802650       1 leaderelection.go:293] successfully renewed lease kube-system/ebs-csi-aws-com
2026-06-19T11:21:12.809385999Z I0619 11:21:12.809264       1 leaderelection.go:293] successfully renewed lease kube-system/ebs-csi-aws-com
2026-06-19T11:21:17.817627799Z I0619 11:21:17.817496       1 leaderelection.go:293] successfully renewed lease kube-system/ebs-csi-aws-com
2026-06-19T11:21:18.246430905Z I0619 11:21:18.246271       1 reflector.go:946] "Watch close" reflector="sigs.k8s.io/sig-storage-lib-external-provisioner/v11/controller/controller.go:875" type="*v1.StorageClass" totalItems=7
2026-06-19T11:21:22.823004762Z I0619 11:21:22.822868       1 leaderelection.go:293] successfully renewed lease kube-system/ebs-csi-aws-com
2026-06-19T11:21:27.830286756Z I0619 11:21:27.830136       1 leaderelection.go:293] successfully renewed lease kube-system/ebs-csi-aws-com
2026-06-19T11:21:28.155119575Z I0619 11:21:28.154866       1 reflector.go:946] "Watch close" reflector="k8s.io/client-go/informers/factory.go:160" type="*v1.StorageClass" totalItems=6
2026-06-19T11:21:32.836424879Z I0619 11:21:32.836075       1 leaderelection.go:293] successfully renewed lease kube-system/ebs-csi-aws-com
2026-06-19T11:21:37.841989395Z I0619 11:21:37.841868       1 leaderelection.go:293] successfully renewed lease kube-system/ebs-csi-aws-com
2026-06-19T11:21:42.848039201Z I0619 11:21:42.847908       1 leaderelection.go:293] successfully renewed lease kube-system/ebs-csi-aws-com
2026-06-19T11:21:47.853666076Z I0619 11:21:47.853510       1 leaderelection.go:293] successfully renewed lease kube-system/ebs-csi-aws-com
2026-06-19T11:21:52.859849198Z I0619 11:21:52.859729       1 leaderelection.go:293] successfully renewed lease kube-system/ebs-csi-aws-com
2026-06-19T11:21:57.868198726Z I0619 11:21:57.868047       1 leaderelection.go:293] successfully renewed lease kube-system/ebs-csi-aws-com
2026-06-19T11:22:02.985587137Z I0619 11:22:02.974367       1 leaderelection.go:293] successfully renewed lease kube-system/ebs-csi-aws-com
2026-06-19T11:22:07.996668832Z I0619 11:22:07.996556       1 leaderelection.go:293] successfully renewed lease kube-system/ebs-csi-aws-com
2026-06-19T11:22:13.010108730Z I0619 11:22:13.009965       1 leaderelection.go:293] successfully renewed lease kube-system/ebs-csi-aws-com
2026-06-19T11:22:18.015392211Z I0619 11:22:18.015262       1 leaderelection.go:293] successfully renewed lease kube-system/ebs-csi-aws-com
2026-06-19T11:22:23.021818976Z I0619 11:22:23.021689       1 leaderelection.go:293] successfully renewed lease kube-system/ebs-csi-aws-com
2026-06-19T11:22:28.027118543Z I0619 11:22:28.026991       1 leaderelection.go:293] successfully renewed lease kube-system/ebs-csi-aws-com
2026-06-19T11:22:28.488271669Z I0619 11:22:28.488071       1 reflector.go:946] "Watch close" reflector="sigs.k8s.io/sig-storage-lib-external-provisioner/v11/controller/controller.go:872" type="*v1.PersistentVolume" totalItems=6
2026-06-19T11:22:33.033533427Z I0619 11:22:33.033344       1 leaderelection.go:293] successfully renewed lease kube-system/ebs-csi-aws-com
2026-06-19T11:22:38.041764734Z I0619 11:22:38.041609       1 leaderelection.go:293] successfully renewed lease kube-system/ebs-csi-aws-com
2026-06-19T11:22:43.049165654Z I0619 11:22:43.048845       1 leaderelection.go:293] successfully renewed lease kube-system/ebs-csi-aws-com
2026-06-19T11:22:48.059388550Z I0619 11:22:48.059239       1 leaderelection.go:293] successfully renewed lease kube-system/ebs-csi-aws-com
2026-06-19T11:22:53.065540960Z I0619 11:22:53.065390       1 leaderelection.go:293] successfully renewed lease kube-system/ebs-csi-aws-com
2026-06-19T11:22:58.070578969Z I0619 11:22:58.070438       1 leaderelection.go:293] successfully renewed lease kube-system/ebs-csi-aws-com
2026-06-19T11:23:03.108302741Z I0619 11:23:03.108182       1 leaderelection.go:293] successfully renewed lease kube-system/ebs-csi-aws-com
2026-06-19T11:23:08.113870703Z I0619 11:23:08.113751       1 leaderelection.go:293] successfully renewed lease kube-system/ebs-csi-aws-com
2026-06-19T11:23:13.121752360Z I0619 11:23:13.121486       1 leaderelection.go:293] successfully renewed lease kube-system/ebs-csi-aws-com
2026-06-19T11:23:18.129256108Z I0619 11:23:18.129043       1 leaderelection.go:293] successfully renewed lease kube-system/ebs-csi-aws-com
2026-06-19T11:23:23.134875949Z I0619 11:23:23.134754       1 leaderelection.go:293] successfully renewed lease kube-system/ebs-csi-aws-com
2026-06-19T11:23:28.143034917Z I0619 11:23:28.142800       1 leaderelection.go:293] successfully renewed lease kube-system/ebs-csi-aws-com
2026-06-19T11:23:33.149440685Z I0619 11:23:33.149308       1 leaderelection.go:293] successfully renewed lease kube-system/ebs-csi-aws-com
2026-06-19T11:23:38.155840563Z I0619 11:23:38.155652       1 leaderelection.go:293] successfully renewed lease kube-system/ebs-csi-aws-com
2026-06-19T11:23:43.162522476Z I0619 11:23:43.162236       1 leaderelection.go:293] successfully renewed lease kube-system/ebs-csi-aws-com
2026-06-19T11:23:48.168049374Z I0619 11:23:48.167857       1 leaderelection.go:293] successfully renewed lease kube-system/ebs-csi-aws-com
2026-06-19T11:23:53.173719989Z I0619 11:23:53.173585       1 leaderelection.go:293] successfully renewed lease kube-system/ebs-csi-aws-com
2026-06-19T11:23:58.179445599Z I0619 11:23:58.179292       1 leaderelection.go:293] successfully renewed lease kube-system/ebs-csi-aws-com
2026-06-19T11:24:03.255681791Z I0619 11:24:03.255439       1 leaderelection.go:293] successfully renewed lease kube-system/ebs-csi-aws-com
2026-06-19T11:24:08.264278490Z I0619 11:24:08.264092       1 leaderelection.go:293] successfully renewed lease kube-system/ebs-csi-aws-com
2026-06-19T11:24:13.270515947Z I0619 11:24:13.270393       1 leaderelection.go:293] successfully renewed lease kube-system/ebs-csi-aws-com
2026-06-19T11:24:18.279442609Z I0619 11:24:18.279280       1 leaderelection.go:293] successfully renewed lease kube-system/ebs-csi-aws-com
2026-06-19T11:24:23.285761855Z I0619 11:24:23.285540       1 leaderelection.go:293] successfully renewed lease kube-system/ebs-csi-aws-com
2026-06-19T11:24:28.291359240Z I0619 11:24:28.291219       1 leaderelection.go:293] successfully renewed lease kube-system/ebs-csi-aws-com
2026-06-19T11:24:33.297355408Z I0619 11:24:33.297234       1 leaderelection.go:293] successfully renewed lease kube-system/ebs-csi-aws-com
2026-06-19T11:24:38.302809559Z I0619 11:24:38.302657       1 leaderelection.go:293] successfully renewed lease kube-system/ebs-csi-aws-com
2026-06-19T11:24:43.312181780Z I0619 11:24:43.312055       1 leaderelection.go:293] successfully renewed lease kube-system/ebs-csi-aws-com
2026-06-19T11:24:48.318925074Z I0619 11:24:48.318775       1 leaderelection.go:293] successfully renewed lease kube-system/ebs-csi-aws-com
2026-06-19T11:24:53.325342165Z I0619 11:24:53.325225       1 leaderelection.go:293] successfully renewed lease kube-system/ebs-csi-aws-com
2026-06-19T11:24:58.332054823Z I0619 11:24:58.331863       1 leaderelection.go:293] successfully renewed lease kube-system/ebs-csi-aws-com
2026-06-19T11:25:03.371912727Z I0619 11:25:03.371766       1 leaderelection.go:293] successfully renewed lease kube-system/ebs-csi-aws-com
2026-06-19T11:25:08.384973217Z I0619 11:25:08.384681       1 leaderelection.go:293] successfully renewed lease kube-system/ebs-csi-aws-com
2026-06-19T11:25:13.391056412Z I0619 11:25:13.390937       1 leaderelection.go:293] successfully renewed lease kube-system/ebs-csi-aws-com
2026-06-19T11:25:18.396843102Z I0619 11:25:18.396697       1 leaderelection.go:293] successfully renewed lease kube-system/ebs-csi-aws-com
2026-06-19T11:25:23.402505653Z I0619 11:25:23.402327       1 leaderelection.go:293] successfully renewed lease kube-system/ebs-csi-aws-com
2026-06-19T11:25:28.410142165Z I0619 11:25:28.409942       1 leaderelection.go:293] successfully renewed lease kube-system/ebs-csi-aws-com
2026-06-19T11:25:33.418491717Z I0619 11:25:33.418307       1 leaderelection.go:293] successfully renewed lease kube-system/ebs-csi-aws-com
2026-06-19T11:25:38.425318409Z I0619 11:25:38.425181       1 leaderelection.go:293] successfully renewed lease kube-system/ebs-csi-aws-com
2026-06-19T11:25:43.430647033Z I0619 11:25:43.430502       1 leaderelection.go:293] successfully renewed lease kube-system/ebs-csi-aws-com
2026-06-19T11:25:48.436704398Z I0619 11:25:48.436570       1 leaderelection.go:293] successfully renewed lease kube-system/ebs-csi-aws-com
2026-06-19T11:25:53.442253987Z I0619 11:25:53.442139       1 leaderelection.go:293] successfully renewed lease kube-system/ebs-csi-aws-com
2026-06-19T11:25:58.448295963Z I0619 11:25:58.448161       1 leaderelection.go:293] successfully renewed lease kube-system/ebs-csi-aws-com
2026-06-19T11:26:03.616481783Z I0619 11:26:03.616349       1 leaderelection.go:293] successfully renewed lease kube-system/ebs-csi-aws-com
2026-06-19T11:26:08.623473029Z I0619 11:26:08.623361       1 leaderelection.go:293] successfully renewed lease kube-system/ebs-csi-aws-com
2026-06-19T11:26:13.632206647Z I0619 11:26:13.631913       1 leaderelection.go:293] successfully renewed lease kube-system/ebs-csi-aws-com
2026-06-19T11:26:18.638959375Z I0619 11:26:18.638818       1 leaderelection.go:293] successfully renewed lease kube-system/ebs-csi-aws-com
2026-06-19T11:26:23.644658022Z I0619 11:26:23.644513       1 leaderelection.go:293] successfully renewed lease kube-system/ebs-csi-aws-com
2026-06-19T11:26:28.651745307Z I0619 11:26:28.651602       1 leaderelection.go:293] successfully renewed lease kube-system/ebs-csi-aws-com
2026-06-19T11:26:33.658244770Z I0619 11:26:33.657868       1 leaderelection.go:293] successfully renewed lease kube-system/ebs-csi-aws-com
2026-06-19T11:26:38.663497873Z I0619 11:26:38.663210       1 leaderelection.go:293] successfully renewed lease kube-system/ebs-csi-aws-com
2026-06-19T11:26:43.669250378Z I0619 11:26:43.668842       1 leaderelection.go:293] successfully renewed lease kube-system/ebs-csi-aws-com
2026-06-19T11:26:48.674383631Z I0619 11:26:48.674122       1 leaderelection.go:293] successfully renewed lease kube-system/ebs-csi-aws-com
2026-06-19T11:26:53.679861464Z I0619 11:26:53.679679       1 leaderelection.go:293] successfully renewed lease kube-system/ebs-csi-aws-com
2026-06-19T11:26:58.687178140Z I0619 11:26:58.687023       1 leaderelection.go:293] successfully renewed lease kube-system/ebs-csi-aws-com
2026-06-19T11:27:02.266063326Z I0619 11:27:02.258488       1 reflector.go:946] "Watch close" reflector="k8s.io/client-go/informers/factory.go:160" type="*v1.CSINode" totalItems=10
2026-06-19T11:27:03.707779959Z I0619 11:27:03.707630       1 leaderelection.go:293] successfully renewed lease kube-system/ebs-csi-aws-com
2026-06-19T11:27:08.717432418Z I0619 11:27:08.717306       1 leaderelection.go:293] successfully renewed lease kube-system/ebs-csi-aws-com
2026-06-19T11:27:13.722951480Z I0619 11:27:13.722777       1 leaderelection.go:293] successfully renewed lease kube-system/ebs-csi-aws-com
2026-06-19T11:27:18.728843593Z I0619 11:27:18.728718       1 leaderelection.go:293] successfully renewed lease kube-system/ebs-csi-aws-com
2026-06-19T11:27:23.735009302Z I0619 11:27:23.734878       1 leaderelection.go:293] successfully renewed lease kube-system/ebs-csi-aws-com
2026-06-19T11:27:27.185393043Z I0619 11:27:27.184771       1 reflector.go:946] "Watch close" reflector="k8s.io/client-go/informers/factory.go:160" type="*v1.Node" totalItems=15
2026-06-19T11:27:28.744509961Z I0619 11:27:28.744373       1 leaderelection.go:293] successfully renewed lease kube-system/ebs-csi-aws-com
2026-06-19T11:27:33.750280250Z I0619 11:27:33.750143       1 leaderelection.go:293] successfully renewed lease kube-system/ebs-csi-aws-com
2026-06-19T11:27:38.758036952Z I0619 11:27:38.757906       1 leaderelection.go:293] successfully renewed lease kube-system/ebs-csi-aws-com
2026-06-19T11:27:43.763853546Z I0619 11:27:43.763630       1 leaderelection.go:293] successfully renewed lease kube-system/ebs-csi-aws-com
2026-06-19T11:27:48.769284660Z I0619 11:27:48.769150       1 leaderelection.go:293] successfully renewed lease kube-system/ebs-csi-aws-com
2026-06-19T11:27:53.490982763Z I0619 11:27:53.490517       1 reflector.go:946] "Watch close" reflector="sigs.k8s.io/sig-storage-lib-external-provisioner/v11/controller/controller.go:872" type="*v1.PersistentVolume" totalItems=6
2026-06-19T11:27:53.775386799Z I0619 11:27:53.775220       1 leaderelection.go:293] successfully renewed lease kube-system/ebs-csi-aws-com
2026-06-19T11:27:58.781762527Z I0619 11:27:58.781614       1 leaderelection.go:293] successfully renewed lease kube-system/ebs-csi-aws-com
2026-06-19T11:28:03.797153724Z I0619 11:28:03.792650       1 leaderelection.go:293] successfully renewed lease kube-system/ebs-csi-aws-com
2026-06-19T11:28:08.798669973Z I0619 11:28:08.798518       1 leaderelection.go:293] successfully renewed lease kube-system/ebs-csi-aws-com
2026-06-19T11:28:13.804509924Z I0619 11:28:13.804386       1 leaderelection.go:293] successfully renewed lease kube-system/ebs-csi-aws-com
2026-06-19T11:28:18.811783304Z I0619 11:28:18.811639       1 leaderelection.go:293] successfully renewed lease kube-system/ebs-csi-aws-com
2026-06-19T11:28:23.817584212Z I0619 11:28:23.817432       1 leaderelection.go:293] successfully renewed lease kube-system/ebs-csi-aws-com
2026-06-19T11:28:28.823485666Z I0619 11:28:28.823347       1 leaderelection.go:293] successfully renewed lease kube-system/ebs-csi-aws-com
2026-06-19T11:28:33.829917671Z I0619 11:28:33.829765       1 leaderelection.go:293] successfully renewed lease kube-system/ebs-csi-aws-com
2026-06-19T11:28:36.269603969Z I0619 11:28:36.269378       1 reflector.go:946] "Watch close" reflector="k8s.io/client-go/informers/factory.go:160" type="*v1.VolumeAttachment" totalItems=8
2026-06-19T11:28:38.836386032Z I0619 11:28:38.836233       1 leaderelection.go:293] successfully renewed lease kube-system/ebs-csi-aws-com
2026-06-19T11:28:43.156896308Z I0619 11:28:43.156726       1 reflector.go:946] "Watch close" reflector="k8s.io/client-go/informers/factory.go:160" type="*v1.StorageClass" totalItems=9
2026-06-19T11:28:43.843840735Z I0619 11:28:43.843695       1 leaderelection.go:293] successfully renewed lease kube-system/ebs-csi-aws-com
2026-06-19T11:28:48.849122099Z I0619 11:28:48.848841       1 leaderelection.go:293] successfully renewed lease kube-system/ebs-csi-aws-com
2026-06-19T11:28:53.855049455Z I0619 11:28:53.854922       1 leaderelection.go:293] successfully renewed lease kube-system/ebs-csi-aws-com
2026-06-19T11:28:58.861670760Z I0619 11:28:58.861540       1 leaderelection.go:293] successfully renewed lease kube-system/ebs-csi-aws-com
2026-06-19T11:29:03.927770389Z I0619 11:29:03.927646       1 leaderelection.go:293] successfully renewed lease kube-system/ebs-csi-aws-com
2026-06-19T11:29:05.171706785Z I0619 11:29:05.171484       1 reflector.go:946] "Watch close" reflector="k8s.io/client-go/informers/factory.go:160" type="*v1.PersistentVolumeClaim" totalItems=10
2026-06-19T11:29:08.933378026Z I0619 11:29:08.933259       1 leaderelection.go:293] successfully renewed lease kube-system/ebs-csi-aws-com
2026-06-19T11:29:13.941147476Z I0619 11:29:13.940994       1 leaderelection.go:293] successfully renewed lease kube-system/ebs-csi-aws-com
2026-06-19T11:29:18.945974849Z I0619 11:29:18.945578       1 leaderelection.go:293] successfully renewed lease kube-system/ebs-csi-aws-com
2026-06-19T11:29:23.950995881Z I0619 11:29:23.950871       1 leaderelection.go:293] successfully renewed lease kube-system/ebs-csi-aws-com
2026-06-19T11:29:28.958036772Z I0619 11:29:28.957640       1 leaderelection.go:293] successfully renewed lease kube-system/ebs-csi-aws-com
2026-06-19T11:29:33.963652583Z I0619 11:29:33.963388       1 leaderelection.go:293] successfully renewed lease kube-system/ebs-csi-aws-com
2026-06-19T11:29:38.969325686Z I0619 11:29:38.969171       1 leaderelection.go:293] successfully renewed lease kube-system/ebs-csi-aws-com
2026-06-19T11:29:43.977924235Z I0619 11:29:43.977797       1 leaderelection.go:293] successfully renewed lease kube-system/ebs-csi-aws-com
2026-06-19T11:29:48.983478376Z I0619 11:29:48.983341       1 leaderelection.go:293] successfully renewed lease kube-system/ebs-csi-aws-com
2026-06-19T11:29:53.989995306Z I0619 11:29:53.989841       1 leaderelection.go:293] successfully renewed lease kube-system/ebs-csi-aws-com
2026-06-19T11:29:58.995566613Z I0619 11:29:58.995425       1 leaderelection.go:293] successfully renewed lease kube-system/ebs-csi-aws-com
2026-06-19T11:30:04.048277106Z I0619 11:30:04.048059       1 leaderelection.go:293] successfully renewed lease kube-system/ebs-csi-aws-com
2026-06-19T11:30:09.055591016Z I0619 11:30:09.055429       1 leaderelection.go:293] successfully renewed lease kube-system/ebs-csi-aws-com
2026-06-19T11:30:14.061708553Z I0619 11:30:14.061569       1 leaderelection.go:293] successfully renewed lease kube-system/ebs-csi-aws-com
2026-06-19T11:30:19.068413503Z I0619 11:30:19.068267       1 leaderelection.go:293] successfully renewed lease kube-system/ebs-csi-aws-com
2026-06-19T11:30:24.074921341Z I0619 11:30:24.074803       1 leaderelection.go:293] successfully renewed lease kube-system/ebs-csi-aws-com
2026-06-19T11:30:29.080366526Z I0619 11:30:29.080231       1 leaderelection.go:293] successfully renewed lease kube-system/ebs-csi-aws-com
2026-06-19T11:30:34.085468985Z I0619 11:30:34.085285       1 leaderelection.go:293] successfully renewed lease kube-system/ebs-csi-aws-com
2026-06-19T11:30:37.062587089Z I0619 11:30:37.062357       1 reflector.go:450] "Forcing resync" reflector="k8s.io/client-go/informers/factory.go:160"
2026-06-19T11:30:37.140354697Z I0619 11:30:37.139943       1 reflector.go:450] "Forcing resync" reflector="sigs.k8s.io/sig-storage-lib-external-provisioner/v11/controller/controller.go:872"
2026-06-19T11:30:37.140401524Z I0619 11:30:37.140047       1 controller.go:1185] "handleProtectionFinalizer" PV="&PersistentVolume{ObjectMeta:{pvc-1a628bbe-2164-4e38-b041-a415818a50ec    b031663e-79d8-44ff-a9be-849a9638fa56 1995 0 2026-06-19 07:49:00 +0000 UTC <nil> <nil> map[] map[pv.kubernetes.io/provisioned-by:ebs.csi.aws.com volume.kubernetes.io/provisioner-deletion-secret-name: volume.kubernetes.io/provisioner-deletion-secret-namespace:] [] [external-provisioner.volume.kubernetes.io/finalizer kubernetes.io/pv-protection external-attacher/ebs-csi-aws-com] [{csi-provisioner Update v1 2026-06-19 07:49:00 +0000 UTC FieldsV1 {\"f:metadata\":{\"f:annotations\":{\".\":{},\"f:pv.kubernetes.io/provisioned-by\":{},\"f:volume.kubernetes.io/provisioner-deletion-secret-name\":{},\"f:volume.kubernetes.io/provisioner-deletion-secret-namespace\":{}},\"f:finalizers\":{\".\":{},\"v:\\\"external-provisioner.volume.kubernetes.io/finalizer\\\"\":{}}},\"f:spec\":{\"f:accessModes\":{},\"f:capacity\":{\".\":{},\"f:storage\":{}},\"f:claimRef\":{\".\":{},\"f:apiVersion\":{},\"f:kind\":{},\"f:name\":{},\"f:namespace\":{},\"f:resourceVersion\":{},\"f:uid\":{}},\"f:csi\":{\".\":{},\"f:driver\":{},\"f:fsType\":{},\"f:volumeAttributes\":{\".\":{},\"f:storage.kubernetes.io/csiProvisionerIdentity\":{}},\"f:volumeHandle\":{}},\"f:nodeAffinity\":{\".\":{},\"f:required\":{}},\"f:persistentVolumeReclaimPolicy\":{},\"f:storageClassName\":{},\"f:volumeMode\":{}}} } {kube-controller-manager Update v1 2026-06-19 07:49:00 +0000 UTC FieldsV1 {\"f:status\":{\"f:phase\":{}}} status} {csi-attacher Update v1 2026-06-19 07:49:01 +0000 UTC FieldsV1 {\"f:metadata\":{\"f:finalizers\":{\"v:\\\"external-attacher/ebs-csi-aws-com\\\"\":{}}}} }]},Spec:PersistentVolumeSpec{Capacity:ResourceList{storage: {{10737418240 0} {<nil>} 10Gi BinarySI},},PersistentVolumeSource:PersistentVolumeSource{GCEPersistentDisk:nil,AWSElasticBlockStore:nil,HostPath:nil,Glusterfs:nil,NFS:nil,RBD:nil,ISCSI:nil,Cinder:nil,CephFS:nil,FC:nil,Flocker:nil,FlexVolume:nil,AzureFile:nil,VsphereVolume:nil,Quobyte:nil,AzureDisk:nil,PhotonPersistentDisk:nil,PortworxVolume:nil,ScaleIO:nil,Local:nil,StorageOS:nil,CSI:&CSIPersistentVolumeSource{Driver:ebs.csi.aws.com,VolumeHandle:vol-092395df607f30c5f,ReadOnly:false,FSType:ext4,VolumeAttributes:map[string]string{storage.kubernetes.io/csiProvisionerIdentity: 1781855100628-189-ebs.csi.aws.com,},ControllerPublishSecretRef:nil,NodeStageSecretRef:nil,NodePublishSecretRef:nil,ControllerExpandSecretRef:nil,NodeExpandSecretRef:nil,},},AccessModes:[ReadWriteOnce],ClaimRef:&ObjectReference{Kind:PersistentVolumeClaim,Namespace:kubentic-foresight,Name:vmsingle-vmstack,UID:1a628bbe-2164-4e38-b041-a415818a50ec,APIVersion:v1,ResourceVersion:1964,FieldPath:,},PersistentVolumeReclaimPolicy:Delete,StorageClassName:kops-csi-1-21,MountOptions:[],VolumeMode:*Filesystem,NodeAffinity:&VolumeNodeAffinity{Required:&NodeSelector{NodeSelectorTerms:[]NodeSelectorTerm{NodeSelectorTerm{MatchExpressions:[]NodeSelectorRequirement{NodeSelectorRequirement{Key:topology.kubernetes.io/zone,Operator:In,Values:[us-west-2a],},},MatchFields:[]NodeSelectorRequirement{},},},},},VolumeAttributesClassName:nil,},Status:PersistentVolumeStatus{Phase:Bound,Message:,Reason:,LastPhaseTransitionTime:2026-06-19 07:49:00 +0000 UTC,},}"
2026-06-19T11:30:37.140427561Z I0619 11:30:37.140272       1 controller.go:1272] "shouldDelete" PV="pvc-1a628bbe-2164-4e38-b041-a415818a50ec"
2026-06-19T11:30:37.140430358Z I0619 11:30:37.140283       1 controller.go:1293] "shouldDelete is false: PersistentVolumePhase is not Released" PV="pvc-1a628bbe-2164-4e38-b041-a415818a50ec"
2026-06-19T11:30:37.140596752Z I0619 11:30:37.140041       1 controller.go:1185] "handleProtectionFinalizer" PV="&PersistentVolume{ObjectMeta:{pvc-5ad2bf1d-ae16-44b2-96c7-a7f846d9377a    55d3ca47-5a72-412c-9398-c6666cb964ca 1829 0 2026-06-19 07:48:46 +0000 UTC <nil> <nil> map[] map[pv.kubernetes.io/provisioned-by:ebs.csi.aws.com volume.kubernetes.io/provisioner-deletion-secret-name: volume.kubernetes.io/provisioner-deletion-secret-namespace:] [] [external-provisioner.volume.kubernetes.io/finalizer kubernetes.io/pv-protection external-attacher/ebs-csi-aws-com] [{csi-provisioner Update v1 2026-06-19 07:48:46 +0000 UTC FieldsV1 {\"f:metadata\":{\"f:annotations\":{\".\":{},\"f:pv.kubernetes.io/provisioned-by\":{},\"f:volume.kubernetes.io/provisioner-deletion-secret-name\":{},\"f:volume.kubernetes.io/provisioner-deletion-secret-namespace\":{}},\"f:finalizers\":{\".\":{},\"v:\\\"external-provisioner.volume.kubernetes.io/finalizer\\\"\":{}}},\"f:spec\":{\"f:accessModes\":{},\"f:capacity\":{\".\":{},\"f:storage\":{}},\"f:claimRef\":{\".\":{},\"f:apiVersion\":{},\"f:kind\":{},\"f:name\":{},\"f:namespace\":{},\"f:resourceVersion\":{},\"f:uid\":{}},\"f:csi\":{\".\":{},\"f:driver\":{},\"f:fsType\":{},\"f:volumeAttributes\":{\".\":{},\"f:storage.kubernetes.io/csiProvisionerIdentity\":{}},\"f:volumeHandle\":{}},\"f:nodeAffinity\":{\".\":{},\"f:required\":{}},\"f:persistentVolumeReclaimPolicy\":{},\"f:storageClassName\":{},\"f:volumeMode\":{}}} } {kube-controller-manager Update v1 2026-06-19 07:48:46 +0000 UTC FieldsV1 {\"f:status\":{\"f:phase\":{}}} status} {csi-attacher Update v1 2026-06-19 07:48:47 +0000 UTC FieldsV1 {\"f:metadata\":{\"f:finalizers\":{\"v:\\\"external-attacher/ebs-csi-aws-com\\\"\":{}}}} }]},Spec:PersistentVolumeSpec{Capacity:ResourceList{storage: {{10737418240 0} {<nil>} 10Gi BinarySI},},PersistentVolumeSource:PersistentVolumeSource{GCEPersistentDisk:nil,AWSElasticBlockStore:nil,HostPath:nil,Glusterfs:nil,NFS:nil,RBD:nil,ISCSI:nil,Cinder:nil,CephFS:nil,FC:nil,Flocker:nil,FlexVolume:nil,AzureFile:nil,VsphereVolume:nil,Quobyte:nil,AzureDisk:nil,PhotonPersistentDisk:nil,PortworxVolume:nil,ScaleIO:nil,Local:nil,StorageOS:nil,CSI:&CSIPersistentVolumeSource{Driver:ebs.csi.aws.com,VolumeHandle:vol-02992f401c0c3a97b,ReadOnly:false,FSType:ext4,VolumeAttributes:map[string]string{storage.kubernetes.io/csiProvisionerIdentity: 1781855100628-189-ebs.csi.aws.com,},ControllerPublishSecretRef:nil,NodeStageSecretRef:nil,NodePublishSecretRef:nil,ControllerExpandSecretRef:nil,NodeExpandSecretRef:nil,},},AccessModes:[ReadWriteOnce],ClaimRef:&ObjectReference{Kind:PersistentVolumeClaim,Namespace:kubentic-foresight,Name:server-volume-vlogs-server-0,UID:5ad2bf1d-ae16-44b2-96c7-a7f846d9377a,APIVersion:v1,ResourceVersion:1771,FieldPath:,},PersistentVolumeReclaimPolicy:Delete,StorageClassName:kops-csi-1-21,MountOptions:[],VolumeMode:*Filesystem,NodeAffinity:&VolumeNodeAffinity{Required:&NodeSelector{NodeSelectorTerms:[]NodeSelectorTerm{NodeSelectorTerm{MatchExpressions:[]NodeSelectorRequirement{NodeSelectorRequirement{Key:topology.kubernetes.io/zone,Operator:In,Values:[us-west-2a],},},MatchFields:[]NodeSelectorRequirement{},},},},},VolumeAttributesClassName:nil,},Status:PersistentVolumeStatus{Phase:Bound,Message:,Reason:,LastPhaseTransitionTime:2026-06-19 07:48:46 +0000 UTC,},}"
2026-06-19T11:30:37.140607811Z I0619 11:30:37.140510       1 controller.go:1272] "shouldDelete" PV="pvc-5ad2bf1d-ae16-44b2-96c7-a7f846d9377a"
2026-06-19T11:30:37.140620494Z I0619 11:30:37.140522       1 controller.go:1293] "shouldDelete is false: PersistentVolumePhase is not Released" PV="pvc-5ad2bf1d-ae16-44b2-96c7-a7f846d9377a"
2026-06-19T11:30:39.091457977Z I0619 11:30:39.091341       1 leaderelection.go:293] successfully renewed lease kube-system/ebs-csi-aws-com
2026-06-19T11:30:44.097398994Z I0619 11:30:44.097222       1 leaderelection.go:293] successfully renewed lease kube-system/ebs-csi-aws-com
2026-06-19T11:30:49.105423838Z I0619 11:30:49.105279       1 leaderelection.go:293] successfully renewed lease kube-system/ebs-csi-aws-com
2026-06-19T11:30:54.111371556Z I0619 11:30:54.111138       1 leaderelection.go:293] successfully renewed lease kube-system/ebs-csi-aws-com
2026-06-19T11:30:59.117493884Z I0619 11:30:59.117365       1 leaderelection.go:293] successfully renewed lease kube-system/ebs-csi-aws-com
2026-06-19T11:31:04.125179846Z I0619 11:31:04.124600       1 leaderelection.go:293] successfully renewed lease kube-system/ebs-csi-aws-com
2026-06-19T11:31:05.248649672Z I0619 11:31:05.248396       1 reflector.go:946] "Watch close" reflector="sigs.k8s.io/sig-storage-lib-external-provisioner/v11/controller/controller.go:875" type="*v1.StorageClass" totalItems=11
2026-06-19T11:31:09.132642194Z I0619 11:31:09.132525       1 leaderelection.go:293] successfully renewed lease kube-system/ebs-csi-aws-com
2026-06-19T11:31:14.140459607Z I0619 11:31:14.140226       1 leaderelection.go:293] successfully renewed lease kube-system/ebs-csi-aws-com
2026-06-19T11:31:19.147257747Z I0619 11:31:19.147032       1 leaderelection.go:293] successfully renewed lease kube-system/ebs-csi-aws-com
2026-06-19T11:31:24.153192328Z I0619 11:31:24.152904       1 leaderelection.go:293] successfully renewed lease kube-system/ebs-csi-aws-com
2026-06-19T11:31:29.160489694Z I0619 11:31:29.160254       1 leaderelection.go:293] successfully renewed lease kube-system/ebs-csi-aws-com
2026-06-19T11:31:34.168598215Z I0619 11:31:34.168438       1 leaderelection.go:293] successfully renewed lease kube-system/ebs-csi-aws-com
2026-06-19T11:31:39.176636508Z I0619 11:31:39.176436       1 leaderelection.go:293] successfully renewed lease kube-system/ebs-csi-aws-com
2026-06-19T11:31:44.183612829Z I0619 11:31:44.183458       1 leaderelection.go:293] successfully renewed lease kube-system/ebs-csi-aws-com
2026-06-19T11:31:49.192288045Z I0619 11:31:49.192103       1 leaderelection.go:293] successfully renewed lease kube-system/ebs-csi-aws-com
2026-06-19T11:31:54.199504626Z I0619 11:31:54.199302       1 leaderelection.go:293] successfully renewed lease kube-system/ebs-csi-aws-com
2026-06-19T11:31:59.205726312Z I0619 11:31:59.205526       1 leaderelection.go:293] successfully renewed lease kube-system/ebs-csi-aws-com
2026-06-19T11:32:04.212517966Z I0619 11:32:04.212168       1 leaderelection.go:293] successfully renewed lease kube-system/ebs-csi-aws-com
2026-06-19T11:32:09.217720441Z I0619 11:32:09.217596       1 leaderelection.go:293] successfully renewed lease kube-system/ebs-csi-aws-com
2026-06-19T11:32:14.224307925Z I0619 11:32:14.224011       1 leaderelection.go:293] successfully renewed lease kube-system/ebs-csi-aws-com
2026-06-19T11:32:19.229921222Z I0619 11:32:19.229706       1 leaderelection.go:293] successfully renewed lease kube-system/ebs-csi-aws-com
2026-06-19T11:32:24.235769544Z I0619 11:32:24.235638       1 leaderelection.go:293] successfully renewed lease kube-system/ebs-csi-aws-com
2026-06-19T11:32:29.242388664Z I0619 11:32:29.242250       1 leaderelection.go:293] successfully renewed lease kube-system/ebs-csi-aws-com
2026-06-19T11:32:34.248299043Z I0619 11:32:34.248144       1 leaderelection.go:293] successfully renewed lease kube-system/ebs-csi-aws-com
2026-06-19T11:32:39.256296999Z I0619 11:32:39.255933       1 leaderelection.go:293] successfully renewed lease kube-system/ebs-csi-aws-com
2026-06-19T11:32:40.267500723Z I0619 11:32:40.267344       1 reflector.go:946] "Watch close" reflector="k8s.io/client-go/informers/factory.go:160" type="*v1.CSINode" totalItems=7
2026-06-19T11:32:44.263792076Z I0619 11:32:44.263635       1 leaderelection.go:293] successfully renewed lease kube-system/ebs-csi-aws-com
2026-06-19T11:32:49.270188302Z I0619 11:32:49.270057       1 leaderelection.go:293] successfully renewed lease kube-system/ebs-csi-aws-com
2026-06-19T11:32:54.278190609Z I0619 11:32:54.278063       1 leaderelection.go:293] successfully renewed lease kube-system/ebs-csi-aws-com
2026-06-19T11:32:59.286253113Z I0619 11:32:59.286078       1 leaderelection.go:293] successfully renewed lease kube-system/ebs-csi-aws-com
2026-06-19T11:33:04.293661619Z I0619 11:33:04.293522       1 leaderelection.go:293] successfully renewed lease kube-system/ebs-csi-aws-com
2026-06-19T11:33:09.299309103Z I0619 11:33:09.299173       1 leaderelection.go:293] successfully renewed lease kube-system/ebs-csi-aws-com
2026-06-19T11:33:14.305893307Z I0619 11:33:14.305755       1 leaderelection.go:293] successfully renewed lease kube-system/ebs-csi-aws-com
2026-06-19T11:33:19.310978999Z I0619 11:33:19.310755       1 leaderelection.go:293] successfully renewed lease kube-system/ebs-csi-aws-com
2026-06-19T11:33:24.317717151Z I0619 11:33:24.317589       1 leaderelection.go:293] successfully renewed lease kube-system/ebs-csi-aws-com
2026-06-19T11:33:29.324686638Z I0619 11:33:29.324501       1 leaderelection.go:293] successfully renewed lease kube-system/ebs-csi-aws-com
2026-06-19T11:33:34.335798741Z I0619 11:33:34.335640       1 leaderelection.go:293] successfully renewed lease kube-system/ebs-csi-aws-com
2026-06-19T11:33:39.343602695Z I0619 11:33:39.343463       1 leaderelection.go:293] successfully renewed lease kube-system/ebs-csi-aws-com
2026-06-19T11:33:44.351953613Z I0619 11:33:44.351778       1 leaderelection.go:293] successfully renewed lease kube-system/ebs-csi-aws-com
2026-06-19T11:33:49.357895598Z I0619 11:33:49.357673       1 leaderelection.go:293] successfully renewed lease kube-system/ebs-csi-aws-com
2026-06-19T11:33:54.364466605Z I0619 11:33:54.364307       1 leaderelection.go:293] successfully renewed lease kube-system/ebs-csi-aws-com
2026-06-19T11:33:59.370489637Z I0619 11:33:59.370373       1 leaderelection.go:293] successfully renewed lease kube-system/ebs-csi-aws-com
2026-06-19T11:34:04.387234869Z I0619 11:34:04.387100       1 leaderelection.go:293] successfully renewed lease kube-system/ebs-csi-aws-com
2026-06-19T11:34:09.392480329Z I0619 11:34:09.392337       1 leaderelection.go:293] successfully renewed lease kube-system/ebs-csi-aws-com
2026-06-19T11:34:14.398298092Z I0619 11:34:14.398179       1 leaderelection.go:293] successfully renewed lease kube-system/ebs-csi-aws-com
2026-06-19T11:34:19.406071406Z I0619 11:34:19.405951       1 leaderelection.go:293] successfully renewed lease kube-system/ebs-csi-aws-com
2026-06-19T11:34:24.414416406Z I0619 11:34:24.414246       1 leaderelection.go:293] successfully renewed lease kube-system/ebs-csi-aws-com
2026-06-19T11:34:26.159449628Z I0619 11:34:26.159174       1 reflector.go:946] "Watch close" reflector="k8s.io/client-go/informers/factory.go:160" type="*v1.StorageClass" totalItems=6
2026-06-19T11:34:29.422986824Z I0619 11:34:29.422804       1 leaderelection.go:293] successfully renewed lease kube-system/ebs-csi-aws-com
2026-06-19T11:34:34.430466640Z I0619 11:34:34.430283       1 leaderelection.go:293] successfully renewed lease kube-system/ebs-csi-aws-com
2026-06-19T11:34:39.437965809Z I0619 11:34:39.437823       1 leaderelection.go:293] successfully renewed lease kube-system/ebs-csi-aws-com
2026-06-19T11:34:44.443775140Z I0619 11:34:44.443649       1 leaderelection.go:293] successfully renewed lease kube-system/ebs-csi-aws-com
2026-06-19T11:34:49.449326880Z I0619 11:34:49.449178       1 leaderelection.go:293] successfully renewed lease kube-system/ebs-csi-aws-com
2026-06-19T11:34:54.455865748Z I0619 11:34:54.455739       1 leaderelection.go:293] successfully renewed lease kube-system/ebs-csi-aws-com
2026-06-19T11:34:59.462354075Z I0619 11:34:59.462226       1 leaderelection.go:293] successfully renewed lease kube-system/ebs-csi-aws-com
2026-06-19T11:35:04.567403504Z I0619 11:35:04.566519       1 leaderelection.go:293] successfully renewed lease kube-system/ebs-csi-aws-com
2026-06-19T11:35:09.578397100Z I0619 11:35:09.577473       1 leaderelection.go:293] successfully renewed lease kube-system/ebs-csi-aws-com
2026-06-19T11:35:14.582625428Z I0619 11:35:14.582473       1 leaderelection.go:293] successfully renewed lease kube-system/ebs-csi-aws-com
2026-06-19T11:35:19.592850699Z I0619 11:35:19.592782       1 leaderelection.go:293] successfully renewed lease kube-system/ebs-csi-aws-com
2026-06-19T11:35:24.598627437Z I0619 11:35:24.598274       1 leaderelection.go:293] successfully renewed lease kube-system/ebs-csi-aws-com
2026-06-19T11:35:29.604631773Z I0619 11:35:29.604496       1 leaderelection.go:293] successfully renewed lease kube-system/ebs-csi-aws-com
2026-06-19T11:35:34.610929781Z I0619 11:35:34.610802       1 leaderelection.go:293] successfully renewed lease kube-system/ebs-csi-aws-com
2026-06-19T11:35:36.175450778Z I0619 11:35:36.175322       1 reflector.go:946] "Watch close" reflector="k8s.io/client-go/informers/factory.go:160" type="*v1.PersistentVolumeClaim" totalItems=6
2026-06-19T11:35:39.615947934Z I0619 11:35:39.615766       1 leaderelection.go:293] successfully renewed lease kube-system/ebs-csi-aws-com
2026-06-19T11:35:44.622909514Z I0619 11:35:44.622788       1 leaderelection.go:293] successfully renewed lease kube-system/ebs-csi-aws-com
2026-06-19T11:35:49.628148703Z I0619 11:35:49.628015       1 leaderelection.go:293] successfully renewed lease kube-system/ebs-csi-aws-com
2026-06-19T11:35:54.637364366Z I0619 11:35:54.637250       1 leaderelection.go:293] successfully renewed lease kube-system/ebs-csi-aws-com
2026-06-19T11:35:59.642636395Z I0619 11:35:59.642417       1 leaderelection.go:293] successfully renewed lease kube-system/ebs-csi-aws-com
2026-06-19T11:36:04.669598490Z I0619 11:36:04.668823       1 leaderelection.go:293] successfully renewed lease kube-system/ebs-csi-aws-com
2026-06-19T11:36:09.493099146Z I0619 11:36:09.492746       1 reflector.go:946] "Watch close" reflector="sigs.k8s.io/sig-storage-lib-external-provisioner/v11/controller/controller.go:872" type="*v1.PersistentVolume" totalItems=10
2026-06-19T11:36:09.675209382Z I0619 11:36:09.675024       1 leaderelection.go:293] successfully renewed lease kube-system/ebs-csi-aws-com
2026-06-19T11:36:14.683599535Z I0619 11:36:14.683429       1 leaderelection.go:293] successfully renewed lease kube-system/ebs-csi-aws-com
2026-06-19T11:36:19.691689172Z I0619 11:36:19.691576       1 leaderelection.go:293] successfully renewed lease kube-system/ebs-csi-aws-com
2026-06-19T11:36:22.187163562Z I0619 11:36:22.187010       1 reflector.go:946] "Watch close" reflector="k8s.io/client-go/informers/factory.go:160" type="*v1.Node" totalItems=14
2026-06-19T11:36:24.697780189Z I0619 11:36:24.697659       1 leaderelection.go:293] successfully renewed lease kube-system/ebs-csi-aws-com
2026-06-19T11:36:29.702976358Z I0619 11:36:29.702827       1 leaderelection.go:293] successfully renewed lease kube-system/ebs-csi-aws-com
2026-06-19T11:36:34.708342072Z I0619 11:36:34.708211       1 leaderelection.go:293] successfully renewed lease kube-system/ebs-csi-aws-com
2026-06-19T11:36:39.714402602Z I0619 11:36:39.714273       1 leaderelection.go:293] successfully renewed lease kube-system/ebs-csi-aws-com
2026-06-19T11:36:44.720615625Z I0619 11:36:44.720470       1 leaderelection.go:293] successfully renewed lease kube-system/ebs-csi-aws-com
2026-06-19T11:36:49.726570854Z I0619 11:36:49.726421       1 leaderelection.go:293] successfully renewed lease kube-system/ebs-csi-aws-com
2026-06-19T11:36:54.733180994Z I0619 11:36:54.732616       1 leaderelection.go:293] successfully renewed lease kube-system/ebs-csi-aws-com
2026-06-19T11:36:59.740434463Z I0619 11:36:59.740301       1 leaderelection.go:293] successfully renewed lease kube-system/ebs-csi-aws-com
2026-06-19T11:37:03.261376100Z I0619 11:37:03.260958       1 reflector.go:946] "Watch close" reflector="sigs.k8s.io/sig-storage-lib-external-provisioner/v11/controller/controller.go:875" type="*v1.StorageClass" totalItems=7
2026-06-19T11:37:04.747367916Z I0619 11:37:04.747235       1 leaderelection.go:293] successfully renewed lease kube-system/ebs-csi-aws-com
2026-06-19T11:37:09.752184009Z I0619 11:37:09.752052       1 leaderelection.go:293] successfully renewed lease kube-system/ebs-csi-aws-com
2026-06-19T11:37:14.757444986Z I0619 11:37:14.757317       1 leaderelection.go:293] successfully renewed lease kube-system/ebs-csi-aws-com
2026-06-19T11:37:19.763777485Z I0619 11:37:19.763661       1 leaderelection.go:293] successfully renewed lease kube-system/ebs-csi-aws-com
2026-06-19T11:37:24.769855216Z I0619 11:37:24.769687       1 leaderelection.go:293] successfully renewed lease kube-system/ebs-csi-aws-com
2026-06-19T11:37:29.775586954Z I0619 11:37:29.775380       1 leaderelection.go:293] successfully renewed lease kube-system/ebs-csi-aws-com
2026-06-19T11:37:34.781431313Z I0619 11:37:34.781309       1 leaderelection.go:293] successfully renewed lease kube-system/ebs-csi-aws-com
2026-06-19T11:37:39.789649850Z I0619 11:37:39.789431       1 leaderelection.go:293] successfully renewed lease kube-system/ebs-csi-aws-com
2026-06-19T11:37:44.795565087Z I0619 11:37:44.795424       1 leaderelection.go:293] successfully renewed lease kube-system/ebs-csi-aws-com
2026-06-19T11:37:49.800830957Z I0619 11:37:49.800703       1 leaderelection.go:293] successfully renewed lease kube-system/ebs-csi-aws-com
2026-06-19T11:37:54.818680630Z I0619 11:37:54.818559       1 leaderelection.go:293] successfully renewed lease kube-system/ebs-csi-aws-com
2026-06-19T11:37:59.824397318Z I0619 11:37:59.824121       1 leaderelection.go:293] successfully renewed lease kube-system/ebs-csi-aws-com
2026-06-19T11:38:00.271698332Z I0619 11:38:00.271131       1 reflector.go:946] "Watch close" reflector="k8s.io/client-go/informers/factory.go:160" type="*v1.VolumeAttachment" totalItems=11
2026-06-19T11:38:04.841317442Z I0619 11:38:04.840376       1 leaderelection.go:293] successfully renewed lease kube-system/ebs-csi-aws-com
2026-06-19T11:38:09.846483134Z I0619 11:38:09.846327       1 leaderelection.go:293] successfully renewed lease kube-system/ebs-csi-aws-com
2026-06-19T11:38:14.852189381Z I0619 11:38:14.852045       1 leaderelection.go:293] successfully renewed lease kube-system/ebs-csi-aws-com
2026-06-19T11:38:19.857665548Z I0619 11:38:19.857491       1 leaderelection.go:293] successfully renewed lease kube-system/ebs-csi-aws-com
2026-06-19T11:38:24.862683852Z I0619 11:38:24.862512       1 leaderelection.go:293] successfully renewed lease kube-system/ebs-csi-aws-com
2026-06-19T11:38:29.869825145Z I0619 11:38:29.869637       1 leaderelection.go:293] successfully renewed lease kube-system/ebs-csi-aws-com
2026-06-19T11:38:34.875394135Z I0619 11:38:34.875254       1 leaderelection.go:293] successfully renewed lease kube-system/ebs-csi-aws-com
2026-06-19T11:38:39.881495458Z I0619 11:38:39.881368       1 leaderelection.go:293] successfully renewed lease kube-system/ebs-csi-aws-com
2026-06-19T11:38:44.890035659Z I0619 11:38:44.889901       1 leaderelection.go:293] successfully renewed lease kube-system/ebs-csi-aws-com
2026-06-19T11:38:49.896577238Z I0619 11:38:49.896424       1 leaderelection.go:293] successfully renewed lease kube-system/ebs-csi-aws-com
2026-06-19T11:38:54.902612101Z I0619 11:38:54.902438       1 leaderelection.go:293] successfully renewed lease kube-system/ebs-csi-aws-com
2026-06-19T11:38:59.908990509Z I0619 11:38:59.908750       1 leaderelection.go:293] successfully renewed lease kube-system/ebs-csi-aws-com
2026-06-19T11:39:04.922422395Z I0619 11:39:04.922207       1 leaderelection.go:293] successfully renewed lease kube-system/ebs-csi-aws-com
2026-06-19T11:39:09.930251787Z I0619 11:39:09.930063       1 leaderelection.go:293] successfully renewed lease kube-system/ebs-csi-aws-com
2026-06-19T11:39:14.936105603Z I0619 11:39:14.935928       1 leaderelection.go:293] successfully renewed lease kube-system/ebs-csi-aws-com
2026-06-19T11:39:19.944283700Z I0619 11:39:19.944148       1 leaderelection.go:293] successfully renewed lease kube-system/ebs-csi-aws-com
2026-06-19T11:39:20.269370923Z I0619 11:39:20.269211       1 reflector.go:946] "Watch close" reflector="k8s.io/client-go/informers/factory.go:160" type="*v1.CSINode" totalItems=7
2026-06-19T11:39:24.950370277Z I0619 11:39:24.950243       1 leaderelection.go:293] successfully renewed lease kube-system/ebs-csi-aws-com
2026-06-19T11:39:29.957669318Z I0619 11:39:29.957442       1 leaderelection.go:293] successfully renewed lease kube-system/ebs-csi-aws-com
2026-06-19T11:39:34.964131004Z I0619 11:39:34.964004       1 leaderelection.go:293] successfully renewed lease kube-system/ebs-csi-aws-com
2026-06-19T11:39:39.969163101Z I0619 11:39:39.969035       1 leaderelection.go:293] successfully renewed lease kube-system/ebs-csi-aws-com
2026-06-19T11:39:44.975960047Z I0619 11:39:44.975816       1 leaderelection.go:293] successfully renewed lease kube-system/ebs-csi-aws-com
2026-06-19T11:39:49.981649408Z I0619 11:39:49.981455       1 leaderelection.go:293] successfully renewed lease kube-system/ebs-csi-aws-com
2026-06-19T11:39:54.987295507Z I0619 11:39:54.987153       1 leaderelection.go:293] successfully renewed lease kube-system/ebs-csi-aws-com
2026-06-19T11:39:59.992223403Z I0619 11:39:59.992064       1 leaderelection.go:293] successfully renewed lease kube-system/ebs-csi-aws-com
2026-06-19T11:40:05.068740954Z I0619 11:40:05.068474       1 leaderelection.go:293] successfully renewed lease kube-system/ebs-csi-aws-com
2026-06-19T11:40:10.074168118Z I0619 11:40:10.073928       1 leaderelection.go:293] successfully renewed lease kube-system/ebs-csi-aws-com
2026-06-19T11:40:15.081518166Z I0619 11:40:15.081394       1 leaderelection.go:293] successfully renewed lease kube-system/ebs-csi-aws-com
2026-06-19T11:40:20.086660258Z I0619 11:40:20.086512       1 leaderelection.go:293] successfully renewed lease kube-system/ebs-csi-aws-com
2026-06-19T11:40:25.092412263Z I0619 11:40:25.092274       1 leaderelection.go:293] successfully renewed lease kube-system/ebs-csi-aws-com
2026-06-19T11:40:30.098969779Z I0619 11:40:30.098793       1 leaderelection.go:293] successfully renewed lease kube-system/ebs-csi-aws-com
2026-06-19T11:40:35.106351742Z I0619 11:40:35.106232       1 leaderelection.go:293] successfully renewed lease kube-system/ebs-csi-aws-com
2026-06-19T11:40:40.114342608Z I0619 11:40:40.114210       1 leaderelection.go:293] successfully renewed lease kube-system/ebs-csi-aws-com
2026-06-19T11:40:45.121318566Z I0619 11:40:45.121193       1 leaderelection.go:293] successfully renewed lease kube-system/ebs-csi-aws-com
2026-06-19T11:40:50.126017396Z I0619 11:40:50.125887       1 leaderelection.go:293] successfully renewed lease kube-system/ebs-csi-aws-com
2026-06-19T11:40:55.132266878Z I0619 11:40:55.132086       1 leaderelection.go:293] successfully renewed lease kube-system/ebs-csi-aws-com
2026-06-19T11:41:00.145706903Z I0619 11:41:00.145493       1 leaderelection.go:293] successfully renewed lease kube-system/ebs-csi-aws-com
2026-06-19T11:41:05.152459025Z I0619 11:41:05.152254       1 leaderelection.go:293] successfully renewed lease kube-system/ebs-csi-aws-com
2026-06-19T11:41:10.160999082Z I0619 11:41:10.160683       1 leaderelection.go:293] successfully renewed lease kube-system/ebs-csi-aws-com
2026-06-19T11:41:15.167189850Z I0619 11:41:15.167069       1 leaderelection.go:293] successfully renewed lease kube-system/ebs-csi-aws-com
2026-06-19T11:41:20.173418827Z I0619 11:41:20.173282       1 leaderelection.go:293] successfully renewed lease kube-system/ebs-csi-aws-com
2026-06-19T11:41:25.180285045Z I0619 11:41:25.180124       1 leaderelection.go:293] successfully renewed lease kube-system/ebs-csi-aws-com
2026-06-19T11:41:30.185995397Z I0619 11:41:30.185760       1 leaderelection.go:293] successfully renewed lease kube-system/ebs-csi-aws-com
2026-06-19T11:41:35.192289469Z I0619 11:41:35.192051       1 leaderelection.go:293] successfully renewed lease kube-system/ebs-csi-aws-com
2026-06-19T11:41:40.198043545Z I0619 11:41:40.197900       1 leaderelection.go:293] successfully renewed lease kube-system/ebs-csi-aws-com
2026-06-19T11:41:45.203645949Z I0619 11:41:45.203481       1 leaderelection.go:293] successfully renewed lease kube-system/ebs-csi-aws-com
2026-06-19T11:41:50.210584570Z I0619 11:41:50.210404       1 leaderelection.go:293] successfully renewed lease kube-system/ebs-csi-aws-com
2026-06-19T11:41:55.216735172Z I0619 11:41:55.216602       1 leaderelection.go:293] successfully renewed lease kube-system/ebs-csi-aws-com
2026-06-19T11:42:00.225596950Z I0619 11:42:00.225446       1 leaderelection.go:293] successfully renewed lease kube-system/ebs-csi-aws-com
2026-06-19T11:42:05.234276201Z I0619 11:42:05.234149       1 leaderelection.go:293] successfully renewed lease kube-system/ebs-csi-aws-com
2026-06-19T11:42:08.495473066Z I0619 11:42:08.495053       1 reflector.go:946] "Watch close" reflector="sigs.k8s.io/sig-storage-lib-external-provisioner/v11/controller/controller.go:872" type="*v1.PersistentVolume" totalItems=7
2026-06-19T11:42:10.240174716Z I0619 11:42:10.239975       1 leaderelection.go:293] successfully renewed lease kube-system/ebs-csi-aws-com
2026-06-19T11:42:15.248025491Z I0619 11:42:15.247832       1 leaderelection.go:293] successfully renewed lease kube-system/ebs-csi-aws-com
2026-06-19T11:42:20.254834607Z I0619 11:42:20.254688       1 leaderelection.go:293] successfully renewed lease kube-system/ebs-csi-aws-com
2026-06-19T11:42:25.259861651Z I0619 11:42:25.259694       1 leaderelection.go:293] successfully renewed lease kube-system/ebs-csi-aws-com
2026-06-19T11:42:30.265830846Z I0619 11:42:30.265482       1 leaderelection.go:293] successfully renewed lease kube-system/ebs-csi-aws-com
2026-06-19T11:42:35.271208079Z I0619 11:42:35.271082       1 leaderelection.go:293] successfully renewed lease kube-system/ebs-csi-aws-com
2026-06-19T11:42:40.276426256Z I0619 11:42:40.276254       1 leaderelection.go:293] successfully renewed lease kube-system/ebs-csi-aws-com
2026-06-19T11:42:42.189982960Z I0619 11:42:42.189817       1 reflector.go:946] "Watch close" reflector="k8s.io/client-go/informers/factory.go:160" type="*v1.Node" totalItems=9
2026-06-19T11:42:44.161639011Z I0619 11:42:44.161329       1 reflector.go:946] "Watch close" reflector="k8s.io/client-go/informers/factory.go:160" type="*v1.StorageClass" totalItems=10
2026-06-19T11:42:45.285073029Z I0619 11:42:45.284679       1 leaderelection.go:293] successfully renewed lease kube-system/ebs-csi-aws-com
2026-06-19T11:42:50.292342184Z I0619 11:42:50.292158       1 leaderelection.go:293] successfully renewed lease kube-system/ebs-csi-aws-com
2026-06-19T11:42:55.298656776Z I0619 11:42:55.298399       1 leaderelection.go:293] successfully renewed lease kube-system/ebs-csi-aws-com
2026-06-19T11:43:00.265677894Z I0619 11:43:00.265509       1 reflector.go:946] "Watch close" reflector="sigs.k8s.io/sig-storage-lib-external-provisioner/v11/controller/controller.go:875" type="*v1.StorageClass" totalItems=7
2026-06-19T11:43:00.305061697Z I0619 11:43:00.304593       1 leaderelection.go:293] successfully renewed lease kube-system/ebs-csi-aws-com
2026-06-19T11:43:05.311334229Z I0619 11:43:05.311171       1 leaderelection.go:293] successfully renewed lease kube-system/ebs-csi-aws-com
2026-06-19T11:43:10.317909588Z I0619 11:43:10.317595       1 leaderelection.go:293] successfully renewed lease kube-system/ebs-csi-aws-com
2026-06-19T11:43:15.323145539Z I0619 11:43:15.322970       1 leaderelection.go:293] successfully renewed lease kube-system/ebs-csi-aws-com
2026-06-19T11:43:20.328710527Z I0619 11:43:20.328534       1 leaderelection.go:293] successfully renewed lease kube-system/ebs-csi-aws-com
2026-06-19T11:43:22.177798467Z I0619 11:43:22.177610       1 reflector.go:946] "Watch close" reflector="k8s.io/client-go/informers/factory.go:160" type="*v1.PersistentVolumeClaim" totalItems=8
2026-06-19T11:43:25.334644062Z I0619 11:43:25.334471       1 leaderelection.go:293] successfully renewed lease kube-system/ebs-csi-aws-com
2026-06-19T11:43:30.341416659Z I0619 11:43:30.341273       1 leaderelection.go:293] successfully renewed lease kube-system/ebs-csi-aws-com
2026-06-19T11:43:35.348072170Z I0619 11:43:35.347899       1 leaderelection.go:293] successfully renewed lease kube-system/ebs-csi-aws-com
2026-06-19T11:43:40.355651403Z I0619 11:43:40.355411       1 leaderelection.go:293] successfully renewed lease kube-system/ebs-csi-aws-com
2026-06-19T11:43:45.361359403Z I0619 11:43:45.361158       1 leaderelection.go:293] successfully renewed lease kube-system/ebs-csi-aws-com
2026-06-19T11:43:50.370362554Z I0619 11:43:50.370192       1 leaderelection.go:293] successfully renewed lease kube-system/ebs-csi-aws-com
2026-06-19T11:43:55.376227003Z I0619 11:43:55.376098       1 leaderelection.go:293] successfully renewed lease kube-system/ebs-csi-aws-com
2026-06-19T11:44:00.384519621Z I0619 11:44:00.384389       1 leaderelection.go:293] successfully renewed lease kube-system/ebs-csi-aws-com
2026-06-19T11:44:05.397018288Z I0619 11:44:05.395613       1 leaderelection.go:293] successfully renewed lease kube-system/ebs-csi-aws-com
2026-06-19T11:44:10.402709143Z I0619 11:44:10.402535       1 leaderelection.go:293] successfully renewed lease kube-system/ebs-csi-aws-com
2026-06-19T11:44:15.409648013Z I0619 11:44:15.409486       1 leaderelection.go:293] successfully renewed lease kube-system/ebs-csi-aws-com
2026-06-19T11:44:20.418071333Z I0619 11:44:20.417775       1 leaderelection.go:293] successfully renewed lease kube-system/ebs-csi-aws-com
2026-06-19T11:44:25.425161492Z I0619 11:44:25.424810       1 leaderelection.go:293] successfully renewed lease kube-system/ebs-csi-aws-com
2026-06-19T11:44:30.433242350Z I0619 11:44:30.433113       1 leaderelection.go:293] successfully renewed lease kube-system/ebs-csi-aws-com
2026-06-19T11:44:35.439158935Z I0619 11:44:35.439025       1 leaderelection.go:293] successfully renewed lease kube-system/ebs-csi-aws-com
2026-06-19T11:44:40.456212781Z I0619 11:44:40.456055       1 leaderelection.go:293] successfully renewed lease kube-system/ebs-csi-aws-com
2026-06-19T11:44:45.464656746Z I0619 11:44:45.464355       1 leaderelection.go:293] successfully renewed lease kube-system/ebs-csi-aws-com
2026-06-19T11:44:50.470040436Z I0619 11:44:50.469822       1 leaderelection.go:293] successfully renewed lease kube-system/ebs-csi-aws-com
2026-06-19T11:44:55.475815236Z I0619 11:44:55.475688       1 leaderelection.go:293] successfully renewed lease kube-system/ebs-csi-aws-com
2026-06-19T11:45:00.482057893Z I0619 11:45:00.481917       1 leaderelection.go:293] successfully renewed lease kube-system/ebs-csi-aws-com
2026-06-19T11:45:05.495415921Z I0619 11:45:05.494851       1 leaderelection.go:293] successfully renewed lease kube-system/ebs-csi-aws-com
2026-06-19T11:45:10.500799565Z I0619 11:45:10.500651       1 leaderelection.go:293] successfully renewed lease kube-system/ebs-csi-aws-com
2026-06-19T11:45:15.508783358Z I0619 11:45:15.508602       1 leaderelection.go:293] successfully renewed lease kube-system/ebs-csi-aws-com
2026-06-19T11:45:20.516676686Z I0619 11:45:20.516557       1 leaderelection.go:293] successfully renewed lease kube-system/ebs-csi-aws-com
2026-06-19T11:45:25.523225151Z I0619 11:45:25.523096       1 leaderelection.go:293] successfully renewed lease kube-system/ebs-csi-aws-com
2026-06-19T11:45:30.528292388Z I0619 11:45:30.528167       1 leaderelection.go:293] successfully renewed lease kube-system/ebs-csi-aws-com
2026-06-19T11:45:35.538452186Z I0619 11:45:35.538325       1 leaderelection.go:293] successfully renewed lease kube-system/ebs-csi-aws-com
2026-06-19T11:45:37.063081488Z I0619 11:45:37.062891       1 reflector.go:450] "Forcing resync" reflector="k8s.io/client-go/informers/factory.go:160"
2026-06-19T11:45:37.141223282Z I0619 11:45:37.140479       1 reflector.go:450] "Forcing resync" reflector="sigs.k8s.io/sig-storage-lib-external-provisioner/v11/controller/controller.go:872"
2026-06-19T11:45:37.141255210Z I0619 11:45:37.140597       1 controller.go:1185] "handleProtectionFinalizer" PV="&PersistentVolume{ObjectMeta:{pvc-5ad2bf1d-ae16-44b2-96c7-a7f846d9377a    55d3ca47-5a72-412c-9398-c6666cb964ca 1829 0 2026-06-19 07:48:46 +0000 UTC <nil> <nil> map[] map[pv.kubernetes.io/provisioned-by:ebs.csi.aws.com volume.kubernetes.io/provisioner-deletion-secret-name: volume.kubernetes.io/provisioner-deletion-secret-namespace:] [] [external-provisioner.volume.kubernetes.io/finalizer kubernetes.io/pv-protection external-attacher/ebs-csi-aws-com] [{csi-provisioner Update v1 2026-06-19 07:48:46 +0000 UTC FieldsV1 {\"f:metadata\":{\"f:annotations\":{\".\":{},\"f:pv.kubernetes.io/provisioned-by\":{},\"f:volume.kubernetes.io/provisioner-deletion-secret-name\":{},\"f:volume.kubernetes.io/provisioner-deletion-secret-namespace\":{}},\"f:finalizers\":{\".\":{},\"v:\\\"external-provisioner.volume.kubernetes.io/finalizer\\\"\":{}}},\"f:spec\":{\"f:accessModes\":{},\"f:capacity\":{\".\":{},\"f:storage\":{}},\"f:claimRef\":{\".\":{},\"f:apiVersion\":{},\"f:kind\":{},\"f:name\":{},\"f:namespace\":{},\"f:resourceVersion\":{},\"f:uid\":{}},\"f:csi\":{\".\":{},\"f:driver\":{},\"f:fsType\":{},\"f:volumeAttributes\":{\".\":{},\"f:storage.kubernetes.io/csiProvisionerIdentity\":{}},\"f:volumeHandle\":{}},\"f:nodeAffinity\":{\".\":{},\"f:required\":{}},\"f:persistentVolumeReclaimPolicy\":{},\"f:storageClassName\":{},\"f:volumeMode\":{}}} } {kube-controller-manager Update v1 2026-06-19 07:48:46 +0000 UTC FieldsV1 {\"f:status\":{\"f:phase\":{}}} status} {csi-attacher Update v1 2026-06-19 07:48:47 +0000 UTC FieldsV1 {\"f:metadata\":{\"f:finalizers\":{\"v:\\\"external-attacher/ebs-csi-aws-com\\\"\":{}}}} }]},Spec:PersistentVolumeSpec{Capacity:ResourceList{storage: {{10737418240 0} {<nil>} 10Gi BinarySI},},PersistentVolumeSource:PersistentVolumeSource{GCEPersistentDisk:nil,AWSElasticBlockStore:nil,HostPath:nil,Glusterfs:nil,NFS:nil,RBD:nil,ISCSI:nil,Cinder:nil,CephFS:nil,FC:nil,Flocker:nil,FlexVolume:nil,AzureFile:nil,VsphereVolume:nil,Quobyte:nil,AzureDisk:nil,PhotonPersistentDisk:nil,PortworxVolume:nil,ScaleIO:nil,Local:nil,StorageOS:nil,CSI:&CSIPersistentVolumeSource{Driver:ebs.csi.aws.com,VolumeHandle:vol-02992f401c0c3a97b,ReadOnly:false,FSType:ext4,VolumeAttributes:map[string]string{storage.kubernetes.io/csiProvisionerIdentity: 1781855100628-189-ebs.csi.aws.com,},ControllerPublishSecretRef:nil,NodeStageSecretRef:nil,NodePublishSecretRef:nil,ControllerExpandSecretRef:nil,NodeExpandSecretRef:nil,},},AccessModes:[ReadWriteOnce],ClaimRef:&ObjectReference{Kind:PersistentVolumeClaim,Namespace:kubentic-foresight,Name:server-volume-vlogs-server-0,UID:5ad2bf1d-ae16-44b2-96c7-a7f846d9377a,APIVersion:v1,ResourceVersion:1771,FieldPath:,},PersistentVolumeReclaimPolicy:Delete,StorageClassName:kops-csi-1-21,MountOptions:[],VolumeMode:*Filesystem,NodeAffinity:&VolumeNodeAffinity{Required:&NodeSelector{NodeSelectorTerms:[]NodeSelectorTerm{NodeSelectorTerm{MatchExpressions:[]NodeSelectorRequirement{NodeSelectorRequirement{Key:topology.kubernetes.io/zone,Operator:In,Values:[us-west-2a],},},MatchFields:[]NodeSelectorRequirement{},},},},},VolumeAttributesClassName:nil,},Status:PersistentVolumeStatus{Phase:Bound,Message:,Reason:,LastPhaseTransitionTime:2026-06-19 07:48:46 +0000 UTC,},}"
2026-06-19T11:45:37.141276337Z I0619 11:45:37.140806       1 controller.go:1272] "shouldDelete" PV="pvc-5ad2bf1d-ae16-44b2-96c7-a7f846d9377a"
2026-06-19T11:45:37.141279269Z I0619 11:45:37.140817       1 controller.go:1293] "shouldDelete is false: PersistentVolumePhase is not Released" PV="pvc-5ad2bf1d-ae16-44b2-96c7-a7f846d9377a"
2026-06-19T11:45:37.141292794Z I0619 11:45:37.140835       1 controller.go:1185] "handleProtectionFinalizer" PV="&PersistentVolume{ObjectMeta:{pvc-1a628bbe-2164-4e38-b041-a415818a50ec    b031663e-79d8-44ff-a9be-849a9638fa56 1995 0 2026-06-19 07:49:00 +0000 UTC <nil> <nil> map[] map[pv.kubernetes.io/provisioned-by:ebs.csi.aws.com volume.kubernetes.io/provisioner-deletion-secret-name: volume.kubernetes.io/provisioner-deletion-secret-namespace:] [] [external-provisioner.volume.kubernetes.io/finalizer kubernetes.io/pv-protection external-attacher/ebs-csi-aws-com] [{csi-provisioner Update v1 2026-06-19 07:49:00 +0000 UTC FieldsV1 {\"f:metadata\":{\"f:annotations\":{\".\":{},\"f:pv.kubernetes.io/provisioned-by\":{},\"f:volume.kubernetes.io/provisioner-deletion-secret-name\":{},\"f:volume.kubernetes.io/provisioner-deletion-secret-namespace\":{}},\"f:finalizers\":{\".\":{},\"v:\\\"external-provisioner.volume.kubernetes.io/finalizer\\\"\":{}}},\"f:spec\":{\"f:accessModes\":{},\"f:capacity\":{\".\":{},\"f:storage\":{}},\"f:claimRef\":{\".\":{},\"f:apiVersion\":{},\"f:kind\":{},\"f:name\":{},\"f:namespace\":{},\"f:resourceVersion\":{},\"f:uid\":{}},\"f:csi\":{\".\":{},\"f:driver\":{},\"f:fsType\":{},\"f:volumeAttributes\":{\".\":{},\"f:storage.kubernetes.io/csiProvisionerIdentity\":{}},\"f:volumeHandle\":{}},\"f:nodeAffinity\":{\".\":{},\"f:required\":{}},\"f:persistentVolumeReclaimPolicy\":{},\"f:storageClassName\":{},\"f:volumeMode\":{}}} } {kube-controller-manager Update v1 2026-06-19 07:49:00 +0000 UTC FieldsV1 {\"f:status\":{\"f:phase\":{}}} status} {csi-attacher Update v1 2026-06-19 07:49:01 +0000 UTC FieldsV1 {\"f:metadata\":{\"f:finalizers\":{\"v:\\\"external-attacher/ebs-csi-aws-com\\\"\":{}}}} }]},Spec:PersistentVolumeSpec{Capacity:ResourceList{storage: {{10737418240 0} {<nil>} 10Gi BinarySI},},PersistentVolumeSource:PersistentVolumeSource{GCEPersistentDisk:nil,AWSElasticBlockStore:nil,HostPath:nil,Glusterfs:nil,NFS:nil,RBD:nil,ISCSI:nil,Cinder:nil,CephFS:nil,FC:nil,Flocker:nil,FlexVolume:nil,AzureFile:nil,VsphereVolume:nil,Quobyte:nil,AzureDisk:nil,PhotonPersistentDisk:nil,PortworxVolume:nil,ScaleIO:nil,Local:nil,StorageOS:nil,CSI:&CSIPersistentVolumeSource{Driver:ebs.csi.aws.com,VolumeHandle:vol-092395df607f30c5f,ReadOnly:false,FSType:ext4,VolumeAttributes:map[string]string{storage.kubernetes.io/csiProvisionerIdentity: 1781855100628-189-ebs.csi.aws.com,},ControllerPublishSecretRef:nil,NodeStageSecretRef:nil,NodePublishSecretRef:nil,ControllerExpandSecretRef:nil,NodeExpandSecretRef:nil,},},AccessModes:[ReadWriteOnce],ClaimRef:&ObjectReference{Kind:PersistentVolumeClaim,Namespace:kubentic-foresight,Name:vmsingle-vmstack,UID:1a628bbe-2164-4e38-b041-a415818a50ec,APIVersion:v1,ResourceVersion:1964,FieldPath:,},PersistentVolumeReclaimPolicy:Delete,StorageClassName:kops-csi-1-21,MountOptions:[],VolumeMode:*Filesystem,NodeAffinity:&VolumeNodeAffinity{Required:&NodeSelector{NodeSelectorTerms:[]NodeSelectorTerm{NodeSelectorTerm{MatchExpressions:[]NodeSelectorRequirement{NodeSelectorRequirement{Key:topology.kubernetes.io/zone,Operator:In,Values:[us-west-2a],},},MatchFields:[]NodeSelectorRequirement{},},},},},VolumeAttributesClassName:nil,},Status:PersistentVolumeStatus{Phase:Bound,Message:,Reason:,LastPhaseTransitionTime:2026-06-19 07:49:00 +0000 UTC,},}"
2026-06-19T11:45:37.141301016Z I0619 11:45:37.141127       1 controller.go:1272] "shouldDelete" PV="pvc-1a628bbe-2164-4e38-b041-a415818a50ec"
2026-06-19T11:45:37.141303826Z I0619 11:45:37.141136       1 controller.go:1293] "shouldDelete is false: PersistentVolumePhase is not Released" PV="pvc-1a628bbe-2164-4e38-b041-a415818a50ec"
2026-06-19T11:45:40.544248512Z I0619 11:45:40.544118       1 leaderelection.go:293] successfully renewed lease kube-system/ebs-csi-aws-com
2026-06-19T11:45:45.550602504Z I0619 11:45:45.550428       1 leaderelection.go:293] successfully renewed lease kube-system/ebs-csi-aws-com
2026-06-19T11:45:50.556711863Z I0619 11:45:50.556533       1 leaderelection.go:293] successfully renewed lease kube-system/ebs-csi-aws-com
2026-06-19T11:45:55.567866636Z I0619 11:45:55.567739       1 leaderelection.go:293] successfully renewed lease kube-system/ebs-csi-aws-com
2026-06-19T11:46:00.574502669Z I0619 11:46:00.574367       1 leaderelection.go:293] successfully renewed lease kube-system/ebs-csi-aws-com
2026-06-19T11:46:05.585647966Z I0619 11:46:05.584452       1 leaderelection.go:293] successfully renewed lease kube-system/ebs-csi-aws-com
2026-06-19T11:46:10.589907534Z I0619 11:46:10.589719       1 leaderelection.go:293] successfully renewed lease kube-system/ebs-csi-aws-com
2026-06-19T11:46:15.597519773Z I0619 11:46:15.597381       1 leaderelection.go:293] successfully renewed lease kube-system/ebs-csi-aws-com
2026-06-19T11:46:20.603285712Z I0619 11:46:20.603143       1 leaderelection.go:293] successfully renewed lease kube-system/ebs-csi-aws-com
2026-06-19T11:46:25.612069759Z I0619 11:46:25.611943       1 leaderelection.go:293] successfully renewed lease kube-system/ebs-csi-aws-com
2026-06-19T11:46:30.617829597Z I0619 11:46:30.617669       1 leaderelection.go:293] successfully renewed lease kube-system/ebs-csi-aws-com
2026-06-19T11:46:35.624052615Z I0619 11:46:35.623926       1 leaderelection.go:293] successfully renewed lease kube-system/ebs-csi-aws-com
2026-06-19T11:46:40.631597749Z I0619 11:46:40.631362       1 leaderelection.go:293] successfully renewed lease kube-system/ebs-csi-aws-com
2026-06-19T11:46:45.637723882Z I0619 11:46:45.637578       1 leaderelection.go:293] successfully renewed lease kube-system/ebs-csi-aws-com
2026-06-19T11:46:50.643415019Z I0619 11:46:50.643270       1 leaderelection.go:293] successfully renewed lease kube-system/ebs-csi-aws-com
2026-06-19T11:46:55.648520260Z I0619 11:46:55.648396       1 leaderelection.go:293] successfully renewed lease kube-system/ebs-csi-aws-com
2026-06-19T11:47:00.655489166Z I0619 11:47:00.655356       1 leaderelection.go:293] successfully renewed lease kube-system/ebs-csi-aws-com
2026-06-19T11:47:05.662964505Z I0619 11:47:05.662533       1 leaderelection.go:293] successfully renewed lease kube-system/ebs-csi-aws-com
2026-06-19T11:47:10.667911927Z I0619 11:47:10.667743       1 leaderelection.go:293] successfully renewed lease kube-system/ebs-csi-aws-com
2026-06-19T11:47:15.681159543Z I0619 11:47:15.680802       1 leaderelection.go:293] successfully renewed lease kube-system/ebs-csi-aws-com
2026-06-19T11:47:20.688872654Z I0619 11:47:20.688233       1 leaderelection.go:293] successfully renewed lease kube-system/ebs-csi-aws-com
2026-06-19T11:47:25.693992181Z I0619 11:47:25.693866       1 leaderelection.go:293] successfully renewed lease kube-system/ebs-csi-aws-com
2026-06-19T11:47:30.699282927Z I0619 11:47:30.699126       1 leaderelection.go:293] successfully renewed lease kube-system/ebs-csi-aws-com
2026-06-19T11:47:35.704282709Z I0619 11:47:35.704133       1 leaderelection.go:293] successfully renewed lease kube-system/ebs-csi-aws-com
2026-06-19T11:47:40.710145989Z I0619 11:47:40.710007       1 leaderelection.go:293] successfully renewed lease kube-system/ebs-csi-aws-com
2026-06-19T11:47:42.275520179Z I0619 11:47:42.275316       1 reflector.go:946] "Watch close" reflector="k8s.io/client-go/informers/factory.go:160" type="*v1.VolumeAttachment" totalItems=11
2026-06-19T11:47:45.715379554Z I0619 11:47:45.715199       1 leaderelection.go:293] successfully renewed lease kube-system/ebs-csi-aws-com
2026-06-19T11:47:50.722045173Z I0619 11:47:50.721918       1 leaderelection.go:293] successfully renewed lease kube-system/ebs-csi-aws-com
2026-06-19T11:47:55.728047834Z I0619 11:47:55.727925       1 leaderelection.go:293] successfully renewed lease kube-system/ebs-csi-aws-com
2026-06-19T11:48:00.733639287Z I0619 11:48:00.733478       1 leaderelection.go:293] successfully renewed lease kube-system/ebs-csi-aws-com
2026-06-19T11:48:05.743974120Z I0619 11:48:05.743791       1 leaderelection.go:293] successfully renewed lease kube-system/ebs-csi-aws-com
2026-06-19T11:48:10.749721501Z I0619 11:48:10.749601       1 leaderelection.go:293] successfully renewed lease kube-system/ebs-csi-aws-com
2026-06-19T11:48:15.755032058Z I0619 11:48:15.754869       1 leaderelection.go:293] successfully renewed lease kube-system/ebs-csi-aws-com
2026-06-19T11:48:20.271225956Z I0619 11:48:20.270877       1 reflector.go:946] "Watch close" reflector="k8s.io/client-go/informers/factory.go:160" type="*v1.CSINode" totalItems=10
2026-06-19T11:48:20.760568221Z I0619 11:48:20.760395       1 leaderelection.go:293] successfully renewed lease kube-system/ebs-csi-aws-com
2026-06-19T11:48:25.767074666Z I0619 11:48:25.766932       1 leaderelection.go:293] successfully renewed lease kube-system/ebs-csi-aws-com
2026-06-19T11:48:30.773409393Z I0619 11:48:30.773292       1 leaderelection.go:293] successfully renewed lease kube-system/ebs-csi-aws-com
2026-06-19T11:48:35.779363839Z I0619 11:48:35.779010       1 leaderelection.go:293] successfully renewed lease kube-system/ebs-csi-aws-com
2026-06-19T11:48:40.784881636Z I0619 11:48:40.784753       1 leaderelection.go:293] successfully renewed lease kube-system/ebs-csi-aws-com
2026-06-19T11:48:45.793281254Z I0619 11:48:45.793121       1 leaderelection.go:293] successfully renewed lease kube-system/ebs-csi-aws-com
2026-06-19T11:48:50.801357478Z I0619 11:48:50.800920       1 leaderelection.go:293] successfully renewed lease kube-system/ebs-csi-aws-com
2026-06-19T11:48:55.807297982Z I0619 11:48:55.807159       1 leaderelection.go:293] successfully renewed lease kube-system/ebs-csi-aws-com
2026-06-19T11:49:00.815605704Z I0619 11:49:00.815474       1 leaderelection.go:293] successfully renewed lease kube-system/ebs-csi-aws-com
2026-06-19T11:49:05.840540522Z I0619 11:49:05.839931       1 leaderelection.go:293] successfully renewed lease kube-system/ebs-csi-aws-com
2026-06-19T11:49:10.846216033Z I0619 11:49:10.846052       1 leaderelection.go:293] successfully renewed lease kube-system/ebs-csi-aws-com
2026-06-19T11:49:15.851387723Z I0619 11:49:15.851246       1 leaderelection.go:293] successfully renewed lease kube-system/ebs-csi-aws-com
2026-06-19T11:49:20.857536134Z I0619 11:49:20.857405       1 leaderelection.go:293] successfully renewed lease kube-system/ebs-csi-aws-com
2026-06-19T11:49:25.865309898Z I0619 11:49:25.865170       1 leaderelection.go:293] successfully renewed lease kube-system/ebs-csi-aws-com
2026-06-19T11:49:30.871425042Z I0619 11:49:30.871298       1 leaderelection.go:293] successfully renewed lease kube-system/ebs-csi-aws-com
2026-06-19T11:49:33.163282769Z I0619 11:49:33.163039       1 reflector.go:946] "Watch close" reflector="k8s.io/client-go/informers/factory.go:160" type="*v1.StorageClass" totalItems=8
2026-06-19T11:49:35.877624497Z I0619 11:49:35.877485       1 leaderelection.go:293] successfully renewed lease kube-system/ebs-csi-aws-com
2026-06-19T11:49:40.886650874Z I0619 11:49:40.886333       1 leaderelection.go:293] successfully renewed lease kube-system/ebs-csi-aws-com
2026-06-19T11:49:45.893346927Z I0619 11:49:45.893207       1 leaderelection.go:293] successfully renewed lease kube-system/ebs-csi-aws-com
2026-06-19T11:49:50.898564080Z I0619 11:49:50.898414       1 leaderelection.go:293] successfully renewed lease kube-system/ebs-csi-aws-com
2026-06-19T11:49:55.903756571Z I0619 11:49:55.903498       1 leaderelection.go:293] successfully renewed lease kube-system/ebs-csi-aws-com
2026-06-19T11:50:00.916620709Z I0619 11:50:00.916465       1 leaderelection.go:293] successfully renewed lease kube-system/ebs-csi-aws-com
2026-06-19T11:50:05.929654677Z I0619 11:50:05.929470       1 leaderelection.go:293] successfully renewed lease kube-system/ebs-csi-aws-com
2026-06-19T11:50:10.936622701Z I0619 11:50:10.936436       1 leaderelection.go:293] successfully renewed lease kube-system/ebs-csi-aws-com
2026-06-19T11:50:15.945426968Z I0619 11:50:15.945290       1 leaderelection.go:293] successfully renewed lease kube-system/ebs-csi-aws-com
2026-06-19T11:50:20.954237523Z I0619 11:50:20.954089       1 leaderelection.go:293] successfully renewed lease kube-system/ebs-csi-aws-com
2026-06-19T11:50:25.961393840Z I0619 11:50:25.961273       1 leaderelection.go:293] successfully renewed lease kube-system/ebs-csi-aws-com
2026-06-19T11:50:30.966826507Z I0619 11:50:30.966690       1 leaderelection.go:293] successfully renewed lease kube-system/ebs-csi-aws-com
2026-06-19T11:50:35.972524072Z I0619 11:50:35.972383       1 leaderelection.go:293] successfully renewed lease kube-system/ebs-csi-aws-com
2026-06-19T11:50:40.978795105Z I0619 11:50:40.978519       1 leaderelection.go:293] successfully renewed lease kube-system/ebs-csi-aws-com
2026-06-19T11:50:42.269299837Z I0619 11:50:42.269092       1 reflector.go:946] "Watch close" reflector="sigs.k8s.io/sig-storage-lib-external-provisioner/v11/controller/controller.go:875" type="*v1.StorageClass" totalItems=9
2026-06-19T11:50:45.984646547Z I0619 11:50:45.984296       1 leaderelection.go:293] successfully renewed lease kube-system/ebs-csi-aws-com
2026-06-19T11:50:50.989894542Z I0619 11:50:50.989738       1 leaderelection.go:293] successfully renewed lease kube-system/ebs-csi-aws-com
2026-06-19T11:50:55.996610290Z I0619 11:50:55.996461       1 leaderelection.go:293] successfully renewed lease kube-system/ebs-csi-aws-com
2026-06-19T11:51:01.002603560Z I0619 11:51:01.002431       1 leaderelection.go:293] successfully renewed lease kube-system/ebs-csi-aws-com
2026-06-19T11:51:06.013450085Z I0619 11:51:06.013318       1 leaderelection.go:293] successfully renewed lease kube-system/ebs-csi-aws-com
2026-06-19T11:51:11.018313250Z I0619 11:51:11.018185       1 leaderelection.go:293] successfully renewed lease kube-system/ebs-csi-aws-com
2026-06-19T11:51:16.024025198Z I0619 11:51:16.023801       1 leaderelection.go:293] successfully renewed lease kube-system/ebs-csi-aws-com
2026-06-19T11:51:21.031268355Z I0619 11:51:21.031138       1 leaderelection.go:293] successfully renewed lease kube-system/ebs-csi-aws-com
2026-06-19T11:51:26.036699751Z I0619 11:51:26.036515       1 leaderelection.go:293] successfully renewed lease kube-system/ebs-csi-aws-com
2026-06-19T11:51:31.043109139Z I0619 11:51:31.042960       1 leaderelection.go:293] successfully renewed lease kube-system/ebs-csi-aws-com
2026-06-19T11:51:36.049917491Z I0619 11:51:36.049769       1 leaderelection.go:293] successfully renewed lease kube-system/ebs-csi-aws-com
2026-06-19T11:51:41.054729992Z I0619 11:51:41.054594       1 leaderelection.go:293] successfully renewed lease kube-system/ebs-csi-aws-com
2026-06-19T11:51:42.180225851Z I0619 11:51:42.180076       1 reflector.go:946] "Watch close" reflector="k8s.io/client-go/informers/factory.go:160" type="*v1.PersistentVolumeClaim" totalItems=8
2026-06-19T11:51:46.062476153Z I0619 11:51:46.062334       1 leaderelection.go:293] successfully renewed lease kube-system/ebs-csi-aws-com
2026-06-19T11:51:51.067387644Z I0619 11:51:51.067163       1 leaderelection.go:293] successfully renewed lease kube-system/ebs-csi-aws-com
2026-06-19T11:51:56.072357738Z I0619 11:51:56.072226       1 leaderelection.go:293] successfully renewed lease kube-system/ebs-csi-aws-com
2026-06-19T11:52:01.077861823Z I0619 11:52:01.077750       1 leaderelection.go:293] successfully renewed lease kube-system/ebs-csi-aws-com
2026-06-19T11:52:05.497199323Z I0619 11:52:05.496780       1 reflector.go:946] "Watch close" reflector="sigs.k8s.io/sig-storage-lib-external-provisioner/v11/controller/controller.go:872" type="*v1.PersistentVolume" totalItems=10
2026-06-19T11:52:06.084143682Z I0619 11:52:06.084013       1 leaderelection.go:293] successfully renewed lease kube-system/ebs-csi-aws-com
2026-06-19T11:52:11.089378044Z I0619 11:52:11.089247       1 leaderelection.go:293] successfully renewed lease kube-system/ebs-csi-aws-com
2026-06-19T11:52:16.095371180Z I0619 11:52:16.095142       1 leaderelection.go:293] successfully renewed lease kube-system/ebs-csi-aws-com
2026-06-19T11:52:21.102364876Z I0619 11:52:21.102239       1 leaderelection.go:293] successfully renewed lease kube-system/ebs-csi-aws-com
2026-06-19T11:52:26.107612799Z I0619 11:52:26.107450       1 leaderelection.go:293] successfully renewed lease kube-system/ebs-csi-aws-com
2026-06-19T11:52:31.113266288Z I0619 11:52:31.112957       1 leaderelection.go:293] successfully renewed lease kube-system/ebs-csi-aws-com
2026-06-19T11:52:36.120321317Z I0619 11:52:36.120183       1 leaderelection.go:293] successfully renewed lease kube-system/ebs-csi-aws-com
2026-06-19T11:52:40.192351741Z I0619 11:52:40.192019       1 reflector.go:946] "Watch close" reflector="k8s.io/client-go/informers/factory.go:160" type="*v1.Node" totalItems=15
2026-06-19T11:52:41.127372770Z I0619 11:52:41.127207       1 leaderelection.go:293] successfully renewed lease kube-system/ebs-csi-aws-com
2026-06-19T11:52:46.133974604Z I0619 11:52:46.133840       1 leaderelection.go:293] successfully renewed lease kube-system/ebs-csi-aws-com
2026-06-19T11:52:51.140303190Z I0619 11:52:51.140169       1 leaderelection.go:293] successfully renewed lease kube-system/ebs-csi-aws-com
2026-06-19T11:52:56.146500717Z I0619 11:52:56.146366       1 leaderelection.go:293] successfully renewed lease kube-system/ebs-csi-aws-com
2026-06-19T11:53:01.156035728Z I0619 11:53:01.155911       1 leaderelection.go:293] successfully renewed lease kube-system/ebs-csi-aws-com
2026-06-19T11:53:06.162340861Z I0619 11:53:06.162169       1 leaderelection.go:293] successfully renewed lease kube-system/ebs-csi-aws-com
2026-06-19T11:53:11.168757442Z I0619 11:53:11.168635       1 leaderelection.go:293] successfully renewed lease kube-system/ebs-csi-aws-com
2026-06-19T11:53:16.175312048Z I0619 11:53:16.175161       1 leaderelection.go:293] successfully renewed lease kube-system/ebs-csi-aws-com
2026-06-19T11:53:21.181318695Z I0619 11:53:21.181195       1 leaderelection.go:293] successfully renewed lease kube-system/ebs-csi-aws-com
2026-06-19T11:53:26.187324972Z I0619 11:53:26.187146       1 leaderelection.go:293] successfully renewed lease kube-system/ebs-csi-aws-com
2026-06-19T11:53:31.194172884Z I0619 11:53:31.194048       1 leaderelection.go:293] successfully renewed lease kube-system/ebs-csi-aws-com
2026-06-19T11:53:36.203185207Z I0619 11:53:36.203028       1 leaderelection.go:293] successfully renewed lease kube-system/ebs-csi-aws-com
2026-06-19T11:53:41.211607696Z I0619 11:53:41.211430       1 leaderelection.go:293] successfully renewed lease kube-system/ebs-csi-aws-com
2026-06-19T11:53:46.217755846Z I0619 11:53:46.217606       1 leaderelection.go:293] successfully renewed lease kube-system/ebs-csi-aws-com
2026-06-19T11:53:51.223052302Z I0619 11:53:51.222908       1 leaderelection.go:293] successfully renewed lease kube-system/ebs-csi-aws-com
2026-06-19T11:53:56.228603956Z I0619 11:53:56.228460       1 leaderelection.go:293] successfully renewed lease kube-system/ebs-csi-aws-com
2026-06-19T11:54:01.263977827Z I0619 11:54:01.260193       1 leaderelection.go:293] successfully renewed lease kube-system/ebs-csi-aws-com
2026-06-19T11:54:06.267394493Z I0619 11:54:06.267076       1 leaderelection.go:293] successfully renewed lease kube-system/ebs-csi-aws-com
2026-06-19T11:54:11.272960691Z I0619 11:54:11.272817       1 leaderelection.go:293] successfully renewed lease kube-system/ebs-csi-aws-com
2026-06-19T11:54:16.279243876Z I0619 11:54:16.279113       1 leaderelection.go:293] successfully renewed lease kube-system/ebs-csi-aws-com
2026-06-19T11:54:21.284371382Z I0619 11:54:21.284196       1 leaderelection.go:293] successfully renewed lease kube-system/ebs-csi-aws-com
2026-06-19T11:54:23.140865716Z I0619 11:54:23.140301       1 controller.go:1185] "handleProtectionFinalizer" PV="&PersistentVolume{ObjectMeta:{pvc-5ad2bf1d-ae16-44b2-96c7-a7f846d9377a    55d3ca47-5a72-412c-9398-c6666cb964ca 70642 0 2026-06-19 07:48:46 +0000 UTC <nil> <nil> map[] map[pv.kubernetes.io/provisioned-by:ebs.csi.aws.com volume.kubernetes.io/provisioner-deletion-secret-name: volume.kubernetes.io/provisioner-deletion-secret-namespace:] [] [external-provisioner.volume.kubernetes.io/finalizer kubernetes.io/pv-protection external-attacher/ebs-csi-aws-com] [{csi-provisioner Update v1 2026-06-19 07:48:46 +0000 UTC FieldsV1 {\"f:metadata\":{\"f:annotations\":{\".\":{},\"f:pv.kubernetes.io/provisioned-by\":{},\"f:volume.kubernetes.io/provisioner-deletion-secret-name\":{},\"f:volume.kubernetes.io/provisioner-deletion-secret-namespace\":{}},\"f:finalizers\":{\".\":{},\"v:\\\"external-provisioner.volume.kubernetes.io/finalizer\\\"\":{}}},\"f:spec\":{\"f:accessModes\":{},\"f:capacity\":{\".\":{},\"f:storage\":{}},\"f:claimRef\":{\".\":{},\"f:apiVersion\":{},\"f:kind\":{},\"f:name\":{},\"f:namespace\":{},\"f:resourceVersion\":{},\"f:uid\":{}},\"f:csi\":{\".\":{},\"f:driver\":{},\"f:fsType\":{},\"f:volumeAttributes\":{\".\":{},\"f:storage.kubernetes.io/csiProvisionerIdentity\":{}},\"f:volumeHandle\":{}},\"f:nodeAffinity\":{\".\":{},\"f:required\":{}},\"f:persistentVolumeReclaimPolicy\":{},\"f:storageClassName\":{},\"f:volumeMode\":{}}} } {csi-attacher Update v1 2026-06-19 07:48:47 +0000 UTC FieldsV1 {\"f:metadata\":{\"f:finalizers\":{\"v:\\\"external-attacher/ebs-csi-aws-com\\\"\":{}}}} } {kube-controller-manager Update v1 2026-06-19 11:54:23 +0000 UTC FieldsV1 {\"f:status\":{\"f:phase\":{}}} status}]},Spec:PersistentVolumeSpec{Capacity:ResourceList{storage: {{10737418240 0} {<nil>} 10Gi BinarySI},},PersistentVolumeSource:PersistentVolumeSource{GCEPersistentDisk:nil,AWSElasticBlockStore:nil,HostPath:nil,Glusterfs:nil,NFS:nil,RBD:nil,ISCSI:nil,Cinder:nil,CephFS:nil,FC:nil,Flocker:nil,FlexVolume:nil,AzureFile:nil,VsphereVolume:nil,Quobyte:nil,AzureDisk:nil,PhotonPersistentDisk:nil,PortworxVolume:nil,ScaleIO:nil,Local:nil,StorageOS:nil,CSI:&CSIPersistentVolumeSource{Driver:ebs.csi.aws.com,VolumeHandle:vol-02992f401c0c3a97b,ReadOnly:false,FSType:ext4,VolumeAttributes:map[string]string{storage.kubernetes.io/csiProvisionerIdentity: 1781855100628-189-ebs.csi.aws.com,},ControllerPublishSecretRef:nil,NodeStageSecretRef:nil,NodePublishSecretRef:nil,ControllerExpandSecretRef:nil,NodeExpandSecretRef:nil,},},AccessModes:[ReadWriteOnce],ClaimRef:&ObjectReference{Kind:PersistentVolumeClaim,Namespace:kubentic-foresight,Name:server-volume-vlogs-server-0,UID:5ad2bf1d-ae16-44b2-96c7-a7f846d9377a,APIVersion:v1,ResourceVersion:1771,FieldPath:,},PersistentVolumeReclaimPolicy:Delete,StorageClassName:kops-csi-1-21,MountOptions:[],VolumeMode:*Filesystem,NodeAffinity:&VolumeNodeAffinity{Required:&NodeSelector{NodeSelectorTerms:[]NodeSelectorTerm{NodeSelectorTerm{MatchExpressions:[]NodeSelectorRequirement{NodeSelectorRequirement{Key:topology.kubernetes.io/zone,Operator:In,Values:[us-west-2a],},},MatchFields:[]NodeSelectorRequirement{},},},},},VolumeAttributesClassName:nil,},Status:PersistentVolumeStatus{Phase:Released,Message:,Reason:,LastPhaseTransitionTime:2026-06-19 11:54:23 +0000 UTC,},}"
2026-06-19T11:54:23.141151712Z I0619 11:54:23.140782       1 controller.go:1272] "shouldDelete" PV="pvc-5ad2bf1d-ae16-44b2-96c7-a7f846d9377a"
2026-06-19T11:54:23.141159844Z I0619 11:54:23.140795       1 controller.go:1302] "shouldDelete is true" PV="pvc-5ad2bf1d-ae16-44b2-96c7-a7f846d9377a"
2026-06-19T11:54:23.141162342Z I0619 11:54:23.140803       1 controller.go:1146] "shouldDelete" PV="pvc-5ad2bf1d-ae16-44b2-96c7-a7f846d9377a"
2026-06-19T11:54:23.141164769Z I0619 11:54:23.140811       1 controller.go:1559] "Started" PV="pvc-5ad2bf1d-ae16-44b2-96c7-a7f846d9377a"
2026-06-19T11:54:23.142658726Z I0619 11:54:23.142523       1 controller.go:1317] volume pvc-5ad2bf1d-ae16-44b2-96c7-a7f846d9377a does not need any deletion secrets
2026-06-19T11:54:23.142873791Z I0619 11:54:23.142594       1 connection.go:264] "GRPC call" method="/csi.v1.Controller/DeleteVolume" request="{\"volume_id\":\"vol-02992f401c0c3a97b\"}"
2026-06-19T11:54:23.233284768Z I0619 11:54:23.232785       1 controller.go:1185] "handleProtectionFinalizer" PV="&PersistentVolume{ObjectMeta:{pvc-1a628bbe-2164-4e38-b041-a415818a50ec    b031663e-79d8-44ff-a9be-849a9638fa56 70645 0 2026-06-19 07:49:00 +0000 UTC <nil> <nil> map[] map[pv.kubernetes.io/provisioned-by:ebs.csi.aws.com volume.kubernetes.io/provisioner-deletion-secret-name: volume.kubernetes.io/provisioner-deletion-secret-namespace:] [] [external-provisioner.volume.kubernetes.io/finalizer kubernetes.io/pv-protection external-attacher/ebs-csi-aws-com] [{csi-provisioner Update v1 2026-06-19 07:49:00 +0000 UTC FieldsV1 {\"f:metadata\":{\"f:annotations\":{\".\":{},\"f:pv.kubernetes.io/provisioned-by\":{},\"f:volume.kubernetes.io/provisioner-deletion-secret-name\":{},\"f:volume.kubernetes.io/provisioner-deletion-secret-namespace\":{}},\"f:finalizers\":{\".\":{},\"v:\\\"external-provisioner.volume.kubernetes.io/finalizer\\\"\":{}}},\"f:spec\":{\"f:accessModes\":{},\"f:capacity\":{\".\":{},\"f:storage\":{}},\"f:claimRef\":{\".\":{},\"f:apiVersion\":{},\"f:kind\":{},\"f:name\":{},\"f:namespace\":{},\"f:resourceVersion\":{},\"f:uid\":{}},\"f:csi\":{\".\":{},\"f:driver\":{},\"f:fsType\":{},\"f:volumeAttributes\":{\".\":{},\"f:storage.kubernetes.io/csiProvisionerIdentity\":{}},\"f:volumeHandle\":{}},\"f:nodeAffinity\":{\".\":{},\"f:required\":{}},\"f:persistentVolumeReclaimPolicy\":{},\"f:storageClassName\":{},\"f:volumeMode\":{}}} } {csi-attacher Update v1 2026-06-19 07:49:01 +0000 UTC FieldsV1 {\"f:metadata\":{\"f:finalizers\":{\"v:\\\"external-attacher/ebs-csi-aws-com\\\"\":{}}}} } {kube-controller-manager Update v1 2026-06-19 11:54:23 +0000 UTC FieldsV1 {\"f:status\":{\"f:phase\":{}}} status}]},Spec:PersistentVolumeSpec{Capacity:ResourceList{storage: {{10737418240 0} {<nil>} 10Gi BinarySI},},PersistentVolumeSource:PersistentVolumeSource{GCEPersistentDisk:nil,AWSElasticBlockStore:nil,HostPath:nil,Glusterfs:nil,NFS:nil,RBD:nil,ISCSI:nil,Cinder:nil,CephFS:nil,FC:nil,Flocker:nil,FlexVolume:nil,AzureFile:nil,VsphereVolume:nil,Quobyte:nil,AzureDisk:nil,PhotonPersistentDisk:nil,PortworxVolume:nil,ScaleIO:nil,Local:nil,StorageOS:nil,CSI:&CSIPersistentVolumeSource{Driver:ebs.csi.aws.com,VolumeHandle:vol-092395df607f30c5f,ReadOnly:false,FSType:ext4,VolumeAttributes:map[string]string{storage.kubernetes.io/csiProvisionerIdentity: 1781855100628-189-ebs.csi.aws.com,},ControllerPublishSecretRef:nil,NodeStageSecretRef:nil,NodePublishSecretRef:nil,ControllerExpandSecretRef:nil,NodeExpandSecretRef:nil,},},AccessModes:[ReadWriteOnce],ClaimRef:&ObjectReference{Kind:PersistentVolumeClaim,Namespace:kubentic-foresight,Name:vmsingle-vmstack,UID:1a628bbe-2164-4e38-b041-a415818a50ec,APIVersion:v1,ResourceVersion:1964,FieldPath:,},PersistentVolumeReclaimPolicy:Delete,StorageClassName:kops-csi-1-21,MountOptions:[],VolumeMode:*Filesystem,NodeAffinity:&VolumeNodeAffinity{Required:&NodeSelector{NodeSelectorTerms:[]NodeSelectorTerm{NodeSelectorTerm{MatchExpressions:[]NodeSelectorRequirement{NodeSelectorRequirement{Key:topology.kubernetes.io/zone,Operator:In,Values:[us-west-2a],},},MatchFields:[]NodeSelectorRequirement{},},},},},VolumeAttributesClassName:nil,},Status:PersistentVolumeStatus{Phase:Released,Message:,Reason:,LastPhaseTransitionTime:2026-06-19 11:54:23 +0000 UTC,},}"
2026-06-19T11:54:23.233359647Z I0619 11:54:23.233115       1 controller.go:1272] "shouldDelete" PV="pvc-1a628bbe-2164-4e38-b041-a415818a50ec"
2026-06-19T11:54:23.233367799Z I0619 11:54:23.233127       1 controller.go:1302] "shouldDelete is true" PV="pvc-1a628bbe-2164-4e38-b041-a415818a50ec"
2026-06-19T11:54:23.233370684Z I0619 11:54:23.233133       1 controller.go:1146] "shouldDelete" PV="pvc-1a628bbe-2164-4e38-b041-a415818a50ec"
2026-06-19T11:54:23.233373168Z I0619 11:54:23.233141       1 controller.go:1559] "Started" PV="pvc-1a628bbe-2164-4e38-b041-a415818a50ec"
2026-06-19T11:54:23.233375873Z I0619 11:54:23.233158       1 controller.go:1317] volume pvc-1a628bbe-2164-4e38-b041-a415818a50ec does not need any deletion secrets
2026-06-19T11:54:23.233401379Z I0619 11:54:23.233182       1 connection.go:264] "GRPC call" method="/csi.v1.Controller/DeleteVolume" request="{\"volume_id\":\"vol-092395df607f30c5f\"}"
2026-06-19T11:54:23.360224915Z I0619 11:54:23.359980       1 connection.go:270] "GRPC response" response="{}" err=null
2026-06-19T11:54:23.360608752Z I0619 11:54:23.360318       1 controller.go:1574] "Volume deleted" PV="pvc-5ad2bf1d-ae16-44b2-96c7-a7f846d9377a"
2026-06-19T11:54:23.422820732Z I0619 11:54:23.422664       1 controller.go:1617] "PersistentVolume deleted succeeded" PV="pvc-5ad2bf1d-ae16-44b2-96c7-a7f846d9377a"
2026-06-19T11:54:23.493768827Z I0619 11:54:23.493498       1 connection.go:270] "GRPC response" response="{}" err=null
2026-06-19T11:54:23.493792180Z I0619 11:54:23.493528       1 controller.go:1574] "Volume deleted" PV="pvc-1a628bbe-2164-4e38-b041-a415818a50ec"
2026-06-19T11:54:23.528303836Z I0619 11:54:23.528156       1 controller.go:1617] "PersistentVolume deleted succeeded" PV="pvc-1a628bbe-2164-4e38-b041-a415818a50ec"
2026-06-19T11:54:23.528925691Z I0619 11:54:23.528575       1 controller.go:1185] "handleProtectionFinalizer" PV="&PersistentVolume{ObjectMeta:{pvc-1a628bbe-2164-4e38-b041-a415818a50ec    b031663e-79d8-44ff-a9be-849a9638fa56 70653 0 2026-06-19 07:49:00 +0000 UTC 2026-06-19 11:54:23 +0000 UTC 0xc0007bf3b8 map[] map[pv.kubernetes.io/provisioned-by:ebs.csi.aws.com volume.kubernetes.io/provisioner-deletion-secret-name: volume.kubernetes.io/provisioner-deletion-secret-namespace:] [] [external-provisioner.volume.kubernetes.io/finalizer external-attacher/ebs-csi-aws-com] [{csi-provisioner Update v1 2026-06-19 07:49:00 +0000 UTC FieldsV1 {\"f:metadata\":{\"f:annotations\":{\".\":{},\"f:pv.kubernetes.io/provisioned-by\":{},\"f:volume.kubernetes.io/provisioner-deletion-secret-name\":{},\"f:volume.kubernetes.io/provisioner-deletion-secret-namespace\":{}},\"f:finalizers\":{\".\":{},\"v:\\\"external-provisioner.volume.kubernetes.io/finalizer\\\"\":{}}},\"f:spec\":{\"f:accessModes\":{},\"f:capacity\":{\".\":{},\"f:storage\":{}},\"f:claimRef\":{\".\":{},\"f:apiVersion\":{},\"f:kind\":{},\"f:name\":{},\"f:namespace\":{},\"f:resourceVersion\":{},\"f:uid\":{}},\"f:csi\":{\".\":{},\"f:driver\":{},\"f:fsType\":{},\"f:volumeAttributes\":{\".\":{},\"f:storage.kubernetes.io/csiProvisionerIdentity\":{}},\"f:volumeHandle\":{}},\"f:nodeAffinity\":{\".\":{},\"f:required\":{}},\"f:persistentVolumeReclaimPolicy\":{},\"f:storageClassName\":{},\"f:volumeMode\":{}}} } {csi-attacher Update v1 2026-06-19 07:49:01 +0000 UTC FieldsV1 {\"f:metadata\":{\"f:finalizers\":{\"v:\\\"external-attacher/ebs-csi-aws-com\\\"\":{}}}} } {kube-controller-manager Update v1 2026-06-19 11:54:23 +0000 UTC FieldsV1 {\"f:status\":{\"f:phase\":{}}} status}]},Spec:PersistentVolumeSpec{Capacity:ResourceList{storage: {{10737418240 0} {<nil>} 10Gi BinarySI},},PersistentVolumeSource:PersistentVolumeSource{GCEPersistentDisk:nil,AWSElasticBlockStore:nil,HostPath:nil,Glusterfs:nil,NFS:nil,RBD:nil,ISCSI:nil,Cinder:nil,CephFS:nil,FC:nil,Flocker:nil,FlexVolume:nil,AzureFile:nil,VsphereVolume:nil,Quobyte:nil,AzureDisk:nil,PhotonPersistentDisk:nil,PortworxVolume:nil,ScaleIO:nil,Local:nil,StorageOS:nil,CSI:&CSIPersistentVolumeSource{Driver:ebs.csi.aws.com,VolumeHandle:vol-092395df607f30c5f,ReadOnly:false,FSType:ext4,VolumeAttributes:map[string]string{storage.kubernetes.io/csiProvisionerIdentity: 1781855100628-189-ebs.csi.aws.com,},ControllerPublishSecretRef:nil,NodeStageSecretRef:nil,NodePublishSecretRef:nil,ControllerExpandSecretRef:nil,NodeExpandSecretRef:nil,},},AccessModes:[ReadWriteOnce],ClaimRef:&ObjectReference{Kind:PersistentVolumeClaim,Namespace:kubentic-foresight,Name:vmsingle-vmstack,UID:1a628bbe-2164-4e38-b041-a415818a50ec,APIVersion:v1,ResourceVersion:1964,FieldPath:,},PersistentVolumeReclaimPolicy:Delete,StorageClassName:kops-csi-1-21,MountOptions:[],VolumeMode:*Filesystem,NodeAffinity:&VolumeNodeAffinity{Required:&NodeSelector{NodeSelectorTerms:[]NodeSelectorTerm{NodeSelectorTerm{MatchExpressions:[]NodeSelectorRequirement{NodeSelectorRequirement{Key:topology.kubernetes.io/zone,Operator:In,Values:[us-west-2a],},},MatchFields:[]NodeSelectorRequirement{},},},},},VolumeAttributesClassName:nil,},Status:PersistentVolumeStatus{Phase:Released,Message:,Reason:,LastPhaseTransitionTime:2026-06-19 11:54:23 +0000 UTC,},}"
2026-06-19T11:54:23.529097947Z I0619 11:54:23.529016       1 controller.go:1272] "shouldDelete" PV="pvc-1a628bbe-2164-4e38-b041-a415818a50ec"
2026-06-19T11:54:23.533121832Z I0619 11:54:23.532942       1 controller.go:1302] "shouldDelete is true" PV="pvc-1a628bbe-2164-4e38-b041-a415818a50ec"
2026-06-19T11:54:23.533879084Z I0619 11:54:23.533632       1 controller.go:1146] "shouldDelete" PV="pvc-1a628bbe-2164-4e38-b041-a415818a50ec"
2026-06-19T11:54:23.533888663Z I0619 11:54:23.533809       1 controller.go:1559] "Started" PV="pvc-1a628bbe-2164-4e38-b041-a415818a50ec"
2026-06-19T11:54:23.533986375Z I0619 11:54:23.533848       1 controller.go:1317] volume pvc-1a628bbe-2164-4e38-b041-a415818a50ec does not need any deletion secrets
2026-06-19T11:54:23.533995258Z I0619 11:54:23.533892       1 connection.go:264] "GRPC call" method="/csi.v1.Controller/DeleteVolume" request="{\"volume_id\":\"vol-092395df607f30c5f\"}"
2026-06-19T11:54:23.708202121Z I0619 11:54:23.708090       1 connection.go:270] "GRPC response" response="{}" err=null
2026-06-19T11:54:23.708278011Z I0619 11:54:23.708196       1 controller.go:1574] "Volume deleted" PV="pvc-1a628bbe-2164-4e38-b041-a415818a50ec"
2026-06-19T11:54:23.712265176Z I0619 11:54:23.712149       1 controller.go:1580] "Failed to delete persistentvolume" PV="pvc-1a628bbe-2164-4e38-b041-a415818a50ec" err="persistentvolumes \"pvc-1a628bbe-2164-4e38-b041-a415818a50ec\" not found"
2026-06-19T11:54:23.712436090Z I0619 11:54:23.712288       1 controller.go:1021] "Retrying syncing volume" key="pvc-1a628bbe-2164-4e38-b041-a415818a50ec" failures=0
2026-06-19T11:54:23.713487110Z E0619 11:54:23.713365       1 controller.go:1039] "Unhandled Error" err="error syncing volume \"pvc-1a628bbe-2164-4e38-b041-a415818a50ec\": persistentvolumes \"pvc-1a628bbe-2164-4e38-b041-a415818a50ec\" not found" logger="UnhandledError"
2026-06-19T11:54:26.291085948Z I0619 11:54:26.290962       1 leaderelection.go:293] successfully renewed lease kube-system/ebs-csi-aws-com
2026-06-19T11:54:31.297591068Z I0619 11:54:31.297375       1 leaderelection.go:293] successfully renewed lease kube-system/ebs-csi-aws-com
2026-06-19T11:54:36.303356438Z I0619 11:54:36.303226       1 leaderelection.go:293] successfully renewed lease kube-system/ebs-csi-aws-com
2026-06-19T11:54:41.309448650Z I0619 11:54:41.309231       1 leaderelection.go:293] successfully renewed lease kube-system/ebs-csi-aws-com
2026-06-19T11:54:46.314811335Z I0619 11:54:46.314626       1 leaderelection.go:293] successfully renewed lease kube-system/ebs-csi-aws-com
2026-06-19T11:54:51.322131743Z I0619 11:54:51.321872       1 leaderelection.go:293] successfully renewed lease kube-system/ebs-csi-aws-com
2026-06-19T11:54:56.328923097Z I0619 11:54:56.328573       1 leaderelection.go:293] successfully renewed lease kube-system/ebs-csi-aws-com
2026-06-19T11:55:01.354138770Z I0619 11:55:01.349083       1 leaderelection.go:293] successfully renewed lease kube-system/ebs-csi-aws-com
2026-06-19T11:55:06.355752757Z I0619 11:55:06.355598       1 leaderelection.go:293] successfully renewed lease kube-system/ebs-csi-aws-com
2026-06-19T11:55:11.362893730Z I0619 11:55:11.362510       1 leaderelection.go:293] successfully renewed lease kube-system/ebs-csi-aws-com
2026-06-19T11:55:16.368827819Z I0619 11:55:16.368697       1 leaderelection.go:293] successfully renewed lease kube-system/ebs-csi-aws-com
2026-06-19T11:55:21.374981664Z I0619 11:55:21.374762       1 leaderelection.go:293] successfully renewed lease kube-system/ebs-csi-aws-com
2026-06-19T11:55:23.277692168Z I0619 11:55:23.277178       1 reflector.go:946] "Watch close" reflector="k8s.io/client-go/informers/factory.go:160" type="*v1.VolumeAttachment" totalItems=11
2026-06-19T11:55:26.380618178Z I0619 11:55:26.380467       1 leaderelection.go:293] successfully renewed lease kube-system/ebs-csi-aws-com
2026-06-19T11:55:31.385935624Z I0619 11:55:31.385698       1 leaderelection.go:293] successfully renewed lease kube-system/ebs-csi-aws-com
2026-06-19T11:55:36.392295851Z I0619 11:55:36.392168       1 leaderelection.go:293] successfully renewed lease kube-system/ebs-csi-aws-com
2026-06-19T11:55:41.397344382Z I0619 11:55:41.397122       1 leaderelection.go:293] successfully renewed lease kube-system/ebs-csi-aws-com
2026-06-19T11:55:46.403211168Z I0619 11:55:46.403096       1 leaderelection.go:293] successfully renewed lease kube-system/ebs-csi-aws-com
2026-06-19T11:55:51.408437320Z I0619 11:55:51.408307       1 leaderelection.go:293] successfully renewed lease kube-system/ebs-csi-aws-com
2026-06-19T11:55:56.413979221Z I0619 11:55:56.413819       1 leaderelection.go:293] successfully renewed lease kube-system/ebs-csi-aws-com
2026-06-19T11:56:01.456587051Z I0619 11:56:01.456325       1 leaderelection.go:293] successfully renewed lease kube-system/ebs-csi-aws-com
2026-06-19T11:56:06.463359804Z I0619 11:56:06.463093       1 leaderelection.go:293] successfully renewed lease kube-system/ebs-csi-aws-com
2026-06-19T11:56:11.471412328Z I0619 11:56:11.471283       1 leaderelection.go:293] successfully renewed lease kube-system/ebs-csi-aws-com
2026-06-19T11:56:16.477253963Z I0619 11:56:16.476924       1 leaderelection.go:293] successfully renewed lease kube-system/ebs-csi-aws-com
2026-06-19T11:56:21.484114779Z I0619 11:56:21.483979       1 leaderelection.go:293] successfully renewed lease kube-system/ebs-csi-aws-com
2026-06-19T11:56:26.491040531Z I0619 11:56:26.490893       1 leaderelection.go:293] successfully renewed lease kube-system/ebs-csi-aws-com
2026-06-19T11:56:31.497608821Z I0619 11:56:31.497449       1 leaderelection.go:293] successfully renewed lease kube-system/ebs-csi-aws-com
2026-06-19T11:56:36.503456357Z I0619 11:56:36.503310       1 leaderelection.go:293] successfully renewed lease kube-system/ebs-csi-aws-com
2026-06-19T11:56:41.511487729Z I0619 11:56:41.511308       1 leaderelection.go:293] successfully renewed lease kube-system/ebs-csi-aws-com
2026-06-19T11:56:46.517763279Z I0619 11:56:46.517453       1 leaderelection.go:293] successfully renewed lease kube-system/ebs-csi-aws-com
2026-06-19T11:56:51.522508388Z I0619 11:56:51.522387       1 leaderelection.go:293] successfully renewed lease kube-system/ebs-csi-aws-com
2026-06-19T11:56:56.529275543Z I0619 11:56:56.529145       1 leaderelection.go:293] successfully renewed lease kube-system/ebs-csi-aws-com
2026-06-19T11:57:01.538158046Z I0619 11:57:01.537841       1 leaderelection.go:293] successfully renewed lease kube-system/ebs-csi-aws-com
2026-06-19T11:57:06.544131602Z I0619 11:57:06.543980       1 leaderelection.go:293] successfully renewed lease kube-system/ebs-csi-aws-com
2026-06-19T11:57:11.551624040Z I0619 11:57:11.551483       1 leaderelection.go:293] successfully renewed lease kube-system/ebs-csi-aws-com
2026-06-19T11:57:16.560597712Z I0619 11:57:16.560366       1 leaderelection.go:293] successfully renewed lease kube-system/ebs-csi-aws-com
2026-06-19T11:57:21.567396630Z I0619 11:57:21.567092       1 leaderelection.go:293] successfully renewed lease kube-system/ebs-csi-aws-com
2026-06-19T11:57:26.573574993Z I0619 11:57:26.573425       1 leaderelection.go:293] successfully renewed lease kube-system/ebs-csi-aws-com
2026-06-19T11:57:31.579444032Z I0619 11:57:31.579323       1 leaderelection.go:293] successfully renewed lease kube-system/ebs-csi-aws-com
2026-06-19T11:57:36.586442609Z I0619 11:57:36.586324       1 leaderelection.go:293] successfully renewed lease kube-system/ebs-csi-aws-com
2026-06-19T11:57:41.593762859Z I0619 11:57:41.593609       1 leaderelection.go:293] successfully renewed lease kube-system/ebs-csi-aws-com
2026-06-19T11:57:46.599675847Z I0619 11:57:46.599512       1 leaderelection.go:293] successfully renewed lease kube-system/ebs-csi-aws-com
2026-06-19T11:57:51.605278130Z I0619 11:57:51.604937       1 leaderelection.go:293] successfully renewed lease kube-system/ebs-csi-aws-com
2026-06-19T11:57:56.273370648Z I0619 11:57:56.273158       1 reflector.go:946] "Watch close" reflector="k8s.io/client-go/informers/factory.go:160" type="*v1.CSINode" totalItems=11
2026-06-19T11:57:56.611732706Z I0619 11:57:56.611562       1 leaderelection.go:293] successfully renewed lease kube-system/ebs-csi-aws-com
2026-06-19T11:58:01.841405515Z I0619 11:58:01.841272       1 leaderelection.go:293] successfully renewed lease kube-system/ebs-csi-aws-com
2026-06-19T11:58:02.195003976Z I0619 11:58:02.194849       1 reflector.go:946] "Watch close" reflector="k8s.io/client-go/informers/factory.go:160" type="*v1.Node" totalItems=12
2026-06-19T11:58:06.846602574Z I0619 11:58:06.846444       1 leaderelection.go:293] successfully renewed lease kube-system/ebs-csi-aws-com
2026-06-19T11:58:11.852294086Z I0619 11:58:11.852121       1 leaderelection.go:293] successfully renewed lease kube-system/ebs-csi-aws-com
2026-06-19T11:58:16.858430326Z I0619 11:58:16.858140       1 leaderelection.go:293] successfully renewed lease kube-system/ebs-csi-aws-com
2026-06-19T11:58:21.866417681Z I0619 11:58:21.866293       1 leaderelection.go:293] successfully renewed lease kube-system/ebs-csi-aws-com
2026-06-19T11:58:26.872797102Z I0619 11:58:26.872638       1 leaderelection.go:293] successfully renewed lease kube-system/ebs-csi-aws-com
2026-06-19T11:58:31.878823851Z I0619 11:58:31.878699       1 leaderelection.go:293] successfully renewed lease kube-system/ebs-csi-aws-com
2026-06-19T11:58:36.884501678Z I0619 11:58:36.884376       1 leaderelection.go:293] successfully renewed lease kube-system/ebs-csi-aws-com
2026-06-19T11:58:41.890757838Z I0619 11:58:41.890595       1 leaderelection.go:293] successfully renewed lease kube-system/ebs-csi-aws-com
2026-06-19T11:58:46.895974192Z I0619 11:58:46.895842       1 leaderelection.go:293] successfully renewed lease kube-system/ebs-csi-aws-com
2026-06-19T11:58:51.906896082Z I0619 11:58:51.906651       1 leaderelection.go:293] successfully renewed lease kube-system/ebs-csi-aws-com
2026-06-19T11:58:56.913319102Z I0619 11:58:56.913185       1 leaderelection.go:293] successfully renewed lease kube-system/ebs-csi-aws-com
2026-06-19T11:59:02.077753416Z I0619 11:59:02.068527       1 leaderelection.go:293] successfully renewed lease kube-system/ebs-csi-aws-com
2026-06-19T11:59:07.094759753Z I0619 11:59:07.094593       1 leaderelection.go:293] successfully renewed lease kube-system/ebs-csi-aws-com
2026-06-19T11:59:12.102838647Z I0619 11:59:12.102696       1 leaderelection.go:293] successfully renewed lease kube-system/ebs-csi-aws-com
2026-06-19T11:59:17.110517587Z I0619 11:59:17.110392       1 leaderelection.go:293] successfully renewed lease kube-system/ebs-csi-aws-com
2026-06-19T11:59:22.115874324Z I0619 11:59:22.115743       1 leaderelection.go:293] successfully renewed lease kube-system/ebs-csi-aws-com
2026-06-19T11:59:24.165205973Z I0619 11:59:24.164670       1 reflector.go:946] "Watch close" reflector="k8s.io/client-go/informers/factory.go:160" type="*v1.StorageClass" totalItems=11
2026-06-19T11:59:27.122277323Z I0619 11:59:27.122124       1 leaderelection.go:293] successfully renewed lease kube-system/ebs-csi-aws-com
2026-06-19T11:59:32.128126484Z I0619 11:59:32.128004       1 leaderelection.go:293] successfully renewed lease kube-system/ebs-csi-aws-com
2026-06-19T11:59:37.134512691Z I0619 11:59:37.134383       1 leaderelection.go:293] successfully renewed lease kube-system/ebs-csi-aws-com
2026-06-19T11:59:42.140285292Z I0619 11:59:42.140149       1 leaderelection.go:293] successfully renewed lease kube-system/ebs-csi-aws-com
2026-06-19T11:59:47.146827597Z I0619 11:59:47.146597       1 leaderelection.go:293] successfully renewed lease kube-system/ebs-csi-aws-com
2026-06-19T11:59:52.152240988Z I0619 11:59:52.152089       1 leaderelection.go:293] successfully renewed lease kube-system/ebs-csi-aws-com
2026-06-19T11:59:57.158166285Z I0619 11:59:57.158029       1 leaderelection.go:293] successfully renewed lease kube-system/ebs-csi-aws-com
2026-06-19T12:00:00.183455599Z I0619 12:00:00.183279       1 reflector.go:946] "Watch close" reflector="k8s.io/client-go/informers/factory.go:160" type="*v1.PersistentVolumeClaim" totalItems=13
2026-06-19T12:00:02.163160894Z I0619 12:00:02.163011       1 leaderelection.go:293] successfully renewed lease kube-system/ebs-csi-aws-com
2026-06-19T12:00:07.235274816Z I0619 12:00:07.235140       1 leaderelection.go:293] successfully renewed lease kube-system/ebs-csi-aws-com
2026-06-19T12:00:12.244153853Z I0619 12:00:12.244028       1 leaderelection.go:293] successfully renewed lease kube-system/ebs-csi-aws-com
2026-06-19T12:00:17.251227801Z I0619 12:00:17.251093       1 leaderelection.go:293] successfully renewed lease kube-system/ebs-csi-aws-com
2026-06-19T12:00:22.256523206Z I0619 12:00:22.256382       1 leaderelection.go:293] successfully renewed lease kube-system/ebs-csi-aws-com
2026-06-19T12:00:27.261876302Z I0619 12:00:27.261658       1 leaderelection.go:293] successfully renewed lease kube-system/ebs-csi-aws-com
2026-06-19T12:00:32.269613248Z I0619 12:00:32.269434       1 leaderelection.go:293] successfully renewed lease kube-system/ebs-csi-aws-com
2026-06-19T12:00:37.063716161Z I0619 12:00:37.063540       1 reflector.go:450] "Forcing resync" reflector="k8s.io/client-go/informers/factory.go:160"
2026-06-19T12:00:37.141284501Z I0619 12:00:37.141159       1 reflector.go:450] "Forcing resync" reflector="sigs.k8s.io/sig-storage-lib-external-provisioner/v11/controller/controller.go:872"
2026-06-19T12:00:37.275805398Z I0619 12:00:37.275683       1 leaderelection.go:293] successfully renewed lease kube-system/ebs-csi-aws-com
2026-06-19T12:00:38.271733606Z I0619 12:00:38.271477       1 reflector.go:946] "Watch close" reflector="sigs.k8s.io/sig-storage-lib-external-provisioner/v11/controller/controller.go:875" type="*v1.StorageClass" totalItems=10
2026-06-19T12:00:42.281760430Z I0619 12:00:42.281640       1 leaderelection.go:293] successfully renewed lease kube-system/ebs-csi-aws-com
2026-06-19T12:00:47.288365160Z I0619 12:00:47.288196       1 leaderelection.go:293] successfully renewed lease kube-system/ebs-csi-aws-com
2026-06-19T12:00:52.294149633Z I0619 12:00:52.293688       1 leaderelection.go:293] successfully renewed lease kube-system/ebs-csi-aws-com
2026-06-19T12:00:57.299881957Z I0619 12:00:57.299745       1 leaderelection.go:293] successfully renewed lease kube-system/ebs-csi-aws-com
2026-06-19T12:01:02.398484187Z I0619 12:01:02.398351       1 leaderelection.go:293] successfully renewed lease kube-system/ebs-csi-aws-com
2026-06-19T12:01:07.406507922Z I0619 12:01:07.406341       1 leaderelection.go:293] successfully renewed lease kube-system/ebs-csi-aws-com
2026-06-19T12:01:12.411600764Z I0619 12:01:12.411456       1 leaderelection.go:293] successfully renewed lease kube-system/ebs-csi-aws-com
2026-06-19T12:01:17.417780263Z I0619 12:01:17.417656       1 leaderelection.go:293] successfully renewed lease kube-system/ebs-csi-aws-com
2026-06-19T12:01:22.423025901Z I0619 12:01:22.422904       1 leaderelection.go:293] successfully renewed lease kube-system/ebs-csi-aws-com
2026-06-19T12:01:25.498959891Z I0619 12:01:25.498675       1 reflector.go:946] "Watch close" reflector="sigs.k8s.io/sig-storage-lib-external-provisioner/v11/controller/controller.go:872" type="*v1.PersistentVolume" totalItems=21
2026-06-19T12:01:27.429416730Z I0619 12:01:27.429276       1 leaderelection.go:293] successfully renewed lease kube-system/ebs-csi-aws-com
2026-06-19T12:01:32.435131587Z I0619 12:01:32.434994       1 leaderelection.go:293] successfully renewed lease kube-system/ebs-csi-aws-com
2026-06-19T12:01:37.441447671Z I0619 12:01:37.441268       1 leaderelection.go:293] successfully renewed lease kube-system/ebs-csi-aws-com
2026-06-19T12:01:42.446579098Z I0619 12:01:42.446407       1 leaderelection.go:293] successfully renewed lease kube-system/ebs-csi-aws-com
2026-06-19T12:01:47.453225074Z I0619 12:01:47.452896       1 leaderelection.go:293] successfully renewed lease kube-system/ebs-csi-aws-com
2026-06-19T12:01:52.458814355Z I0619 12:01:52.458638       1 leaderelection.go:293] successfully renewed lease kube-system/ebs-csi-aws-com
2026-06-19T12:01:57.467123325Z I0619 12:01:57.466969       1 leaderelection.go:293] successfully renewed lease kube-system/ebs-csi-aws-com
2026-06-19T12:02:02.498175217Z I0619 12:02:02.497088       1 leaderelection.go:293] successfully renewed lease kube-system/ebs-csi-aws-com
2026-06-19T12:02:07.502590316Z I0619 12:02:07.502412       1 leaderelection.go:293] successfully renewed lease kube-system/ebs-csi-aws-com
2026-06-19T12:02:12.509275371Z I0619 12:02:12.508850       1 leaderelection.go:293] successfully renewed lease kube-system/ebs-csi-aws-com
2026-06-19T12:02:17.515156360Z I0619 12:02:17.515026       1 leaderelection.go:293] successfully renewed lease kube-system/ebs-csi-aws-com
2026-06-19T12:02:22.523055991Z I0619 12:02:22.522933       1 leaderelection.go:293] successfully renewed lease kube-system/ebs-csi-aws-com
2026-06-19T12:02:27.529560202Z I0619 12:02:27.529398       1 leaderelection.go:293] successfully renewed lease kube-system/ebs-csi-aws-com
2026-06-19T12:02:32.534464693Z I0619 12:02:32.534323       1 leaderelection.go:293] successfully renewed lease kube-system/ebs-csi-aws-com
2026-06-19T12:02:37.540567833Z I0619 12:02:37.540285       1 leaderelection.go:293] successfully renewed lease kube-system/ebs-csi-aws-com
2026-06-19T12:02:39.279405862Z I0619 12:02:39.278884       1 reflector.go:946] "Watch close" reflector="k8s.io/client-go/informers/factory.go:160" type="*v1.VolumeAttachment" totalItems=9
2026-06-19T12:02:42.546528680Z I0619 12:02:42.546370       1 leaderelection.go:293] successfully renewed lease kube-system/ebs-csi-aws-com
2026-06-19T12:02:47.552430480Z I0619 12:02:47.552295       1 leaderelection.go:293] successfully renewed lease kube-system/ebs-csi-aws-com
2026-06-19T12:02:52.559868988Z I0619 12:02:52.559740       1 leaderelection.go:293] successfully renewed lease kube-system/ebs-csi-aws-com
2026-06-19T12:02:57.565465644Z I0619 12:02:57.565285       1 leaderelection.go:293] successfully renewed lease kube-system/ebs-csi-aws-com
2026-06-19T12:03:02.741685410Z I0619 12:03:02.741527       1 leaderelection.go:293] successfully renewed lease kube-system/ebs-csi-aws-com
2026-06-19T12:03:04.199666928Z I0619 12:03:04.199401       1 reflector.go:946] "Watch close" reflector="k8s.io/client-go/informers/factory.go:160" type="*v1.Node" totalItems=9
2026-06-19T12:03:07.750613639Z I0619 12:03:07.750166       1 leaderelection.go:293] successfully renewed lease kube-system/ebs-csi-aws-com
2026-06-19T12:03:12.756101751Z I0619 12:03:12.755962       1 leaderelection.go:293] successfully renewed lease kube-system/ebs-csi-aws-com
2026-06-19T12:03:17.763856625Z I0619 12:03:17.763726       1 leaderelection.go:293] successfully renewed lease kube-system/ebs-csi-aws-com
2026-06-19T12:03:22.772167726Z I0619 12:03:22.771984       1 leaderelection.go:293] successfully renewed lease kube-system/ebs-csi-aws-com
2026-06-19T12:03:27.778232759Z I0619 12:03:27.778108       1 leaderelection.go:293] successfully renewed lease kube-system/ebs-csi-aws-com
2026-06-19T12:03:32.786192302Z I0619 12:03:32.786016       1 leaderelection.go:293] successfully renewed lease kube-system/ebs-csi-aws-com
2026-06-19T12:03:37.792079576Z I0619 12:03:37.791944       1 leaderelection.go:293] successfully renewed lease kube-system/ebs-csi-aws-com
2026-06-19T12:03:42.797272708Z I0619 12:03:42.797118       1 leaderelection.go:293] successfully renewed lease kube-system/ebs-csi-aws-com
2026-06-19T12:03:47.802401807Z I0619 12:03:47.802270       1 leaderelection.go:293] successfully renewed lease kube-system/ebs-csi-aws-com
2026-06-19T12:03:52.808239074Z I0619 12:03:52.808127       1 leaderelection.go:293] successfully renewed lease kube-system/ebs-csi-aws-com
2026-06-19T12:03:57.820785936Z I0619 12:03:57.820641       1 leaderelection.go:293] successfully renewed lease kube-system/ebs-csi-aws-com
2026-06-19T12:04:02.867655430Z I0619 12:04:02.867484       1 leaderelection.go:293] successfully renewed lease kube-system/ebs-csi-aws-com
2026-06-19T12:04:07.875737046Z I0619 12:04:07.875591       1 leaderelection.go:293] successfully renewed lease kube-system/ebs-csi-aws-com
2026-06-19T12:04:12.883268945Z I0619 12:04:12.883143       1 leaderelection.go:293] successfully renewed lease kube-system/ebs-csi-aws-com
2026-06-19T12:04:17.888332986Z I0619 12:04:17.888188       1 leaderelection.go:293] successfully renewed lease kube-system/ebs-csi-aws-com
2026-06-19T12:04:22.893295102Z I0619 12:04:22.893144       1 leaderelection.go:293] successfully renewed lease kube-system/ebs-csi-aws-com
2026-06-19T12:04:27.899390035Z I0619 12:04:27.899237       1 leaderelection.go:293] successfully renewed lease kube-system/ebs-csi-aws-com
2026-06-19T12:04:32.904715166Z I0619 12:04:32.904512       1 leaderelection.go:293] successfully renewed lease kube-system/ebs-csi-aws-com
2026-06-19T12:04:37.912233016Z I0619 12:04:37.912109       1 leaderelection.go:293] successfully renewed lease kube-system/ebs-csi-aws-com
2026-06-19T12:04:42.918329107Z I0619 12:04:42.918215       1 leaderelection.go:293] successfully renewed lease kube-system/ebs-csi-aws-com
2026-06-19T12:04:47.929644446Z I0619 12:04:47.929466       1 leaderelection.go:293] successfully renewed lease kube-system/ebs-csi-aws-com
2026-06-19T12:04:52.935465552Z I0619 12:04:52.935340       1 leaderelection.go:293] successfully renewed lease kube-system/ebs-csi-aws-com
2026-06-19T12:04:57.941753968Z I0619 12:04:57.941618       1 leaderelection.go:293] successfully renewed lease kube-system/ebs-csi-aws-com
2026-06-19T12:05:03.025293248Z I0619 12:05:03.013696       1 leaderelection.go:293] successfully renewed lease kube-system/ebs-csi-aws-com
2026-06-19T12:05:08.026190195Z I0619 12:05:08.026093       1 leaderelection.go:293] successfully renewed lease kube-system/ebs-csi-aws-com
2026-06-19T12:05:13.033426961Z I0619 12:05:13.032825       1 leaderelection.go:293] successfully renewed lease kube-system/ebs-csi-aws-com
2026-06-19T12:05:18.039012164Z I0619 12:05:18.038887       1 leaderelection.go:293] successfully renewed lease kube-system/ebs-csi-aws-com
2026-06-19T12:05:23.047013432Z I0619 12:05:23.046854       1 leaderelection.go:293] successfully renewed lease kube-system/ebs-csi-aws-com
2026-06-19T12:05:28.053639419Z I0619 12:05:28.053501       1 leaderelection.go:293] successfully renewed lease kube-system/ebs-csi-aws-com
2026-06-19T12:05:33.061442141Z I0619 12:05:33.061307       1 leaderelection.go:293] successfully renewed lease kube-system/ebs-csi-aws-com
2026-06-19T12:05:35.167463728Z I0619 12:05:35.167090       1 reflector.go:946] "Watch close" reflector="k8s.io/client-go/informers/factory.go:160" type="*v1.StorageClass" totalItems=8
2026-06-19T12:05:38.067789834Z I0619 12:05:38.067645       1 leaderelection.go:293] successfully renewed lease kube-system/ebs-csi-aws-com
2026-06-19T12:05:43.073832265Z I0619 12:05:43.073703       1 leaderelection.go:293] successfully renewed lease kube-system/ebs-csi-aws-com
2026-06-19T12:05:48.080702164Z I0619 12:05:48.080538       1 leaderelection.go:293] successfully renewed lease kube-system/ebs-csi-aws-com
2026-06-19T12:05:53.086133760Z I0619 12:05:53.086010       1 leaderelection.go:293] successfully renewed lease kube-system/ebs-csi-aws-com
2026-06-19T12:05:58.094869974Z I0619 12:05:58.094757       1 leaderelection.go:293] successfully renewed lease kube-system/ebs-csi-aws-com
2026-06-19T12:06:03.114101696Z I0619 12:06:03.113797       1 leaderelection.go:293] successfully renewed lease kube-system/ebs-csi-aws-com
2026-06-19T12:06:08.122330300Z I0619 12:06:08.122201       1 leaderelection.go:293] successfully renewed lease kube-system/ebs-csi-aws-com
2026-06-19T12:06:13.128353507Z I0619 12:06:13.128234       1 leaderelection.go:293] successfully renewed lease kube-system/ebs-csi-aws-com
2026-06-19T12:06:18.135438562Z I0619 12:06:18.135284       1 leaderelection.go:293] successfully renewed lease kube-system/ebs-csi-aws-com
2026-06-19T12:06:23.141337700Z I0619 12:06:23.140915       1 leaderelection.go:293] successfully renewed lease kube-system/ebs-csi-aws-com
2026-06-19T12:06:28.146777450Z I0619 12:06:28.146655       1 leaderelection.go:293] successfully renewed lease kube-system/ebs-csi-aws-com
2026-06-19T12:06:31.274161833Z I0619 12:06:31.273944       1 reflector.go:946] "Watch close" reflector="sigs.k8s.io/sig-storage-lib-external-provisioner/v11/controller/controller.go:875" type="*v1.StorageClass" totalItems=6
2026-06-19T12:06:33.151881736Z I0619 12:06:33.151748       1 leaderelection.go:293] successfully renewed lease kube-system/ebs-csi-aws-com
2026-06-19T12:06:38.159154582Z I0619 12:06:38.158926       1 leaderelection.go:293] successfully renewed lease kube-system/ebs-csi-aws-com
2026-06-19T12:06:43.166530390Z I0619 12:06:43.166404       1 leaderelection.go:293] successfully renewed lease kube-system/ebs-csi-aws-com
2026-06-19T12:06:46.185850277Z I0619 12:06:46.185701       1 reflector.go:946] "Watch close" reflector="k8s.io/client-go/informers/factory.go:160" type="*v1.PersistentVolumeClaim" totalItems=7
2026-06-19T12:06:48.172173193Z I0619 12:06:48.172039       1 leaderelection.go:293] successfully renewed lease kube-system/ebs-csi-aws-com
2026-06-19T12:06:51.275114631Z I0619 12:06:51.274979       1 reflector.go:946] "Watch close" reflector="k8s.io/client-go/informers/factory.go:160" type="*v1.CSINode" totalItems=10
2026-06-19T12:06:53.178347625Z I0619 12:06:53.178186       1 leaderelection.go:293] successfully renewed lease kube-system/ebs-csi-aws-com
2026-06-19T12:06:58.183426430Z I0619 12:06:58.183304       1 leaderelection.go:293] successfully renewed lease kube-system/ebs-csi-aws-com
2026-06-19T12:07:03.202944859Z I0619 12:07:03.202006       1 leaderelection.go:293] successfully renewed lease kube-system/ebs-csi-aws-com
2026-06-19T12:07:08.210278874Z I0619 12:07:08.210109       1 leaderelection.go:293] successfully renewed lease kube-system/ebs-csi-aws-com
2026-06-19T12:07:13.215702037Z I0619 12:07:13.215523       1 leaderelection.go:293] successfully renewed lease kube-system/ebs-csi-aws-com
2026-06-19T12:07:18.221691562Z I0619 12:07:18.221527       1 leaderelection.go:293] successfully renewed lease kube-system/ebs-csi-aws-com
2026-06-19T12:07:23.226444170Z I0619 12:07:23.226322       1 leaderelection.go:293] successfully renewed lease kube-system/ebs-csi-aws-com
2026-06-19T12:07:28.233335542Z I0619 12:07:28.233217       1 leaderelection.go:293] successfully renewed lease kube-system/ebs-csi-aws-com
2026-06-19T12:07:33.240400902Z I0619 12:07:33.240173       1 leaderelection.go:293] successfully renewed lease kube-system/ebs-csi-aws-com
2026-06-19T12:07:38.246910386Z I0619 12:07:38.246747       1 leaderelection.go:293] successfully renewed lease kube-system/ebs-csi-aws-com
2026-06-19T12:07:43.253337536Z I0619 12:07:43.252943       1 leaderelection.go:293] successfully renewed lease kube-system/ebs-csi-aws-com
2026-06-19T12:07:48.259330771Z I0619 12:07:48.259185       1 leaderelection.go:293] successfully renewed lease kube-system/ebs-csi-aws-com
2026-06-19T12:07:53.264899946Z I0619 12:07:53.264752       1 leaderelection.go:293] successfully renewed lease kube-system/ebs-csi-aws-com
2026-06-19T12:07:58.271233833Z I0619 12:07:58.271091       1 leaderelection.go:293] successfully renewed lease kube-system/ebs-csi-aws-com
2026-06-19T12:08:03.347628313Z I0619 12:08:03.347461       1 leaderelection.go:293] successfully renewed lease kube-system/ebs-csi-aws-com
2026-06-19T12:08:08.353593279Z I0619 12:08:08.353450       1 leaderelection.go:293] successfully renewed lease kube-system/ebs-csi-aws-com
2026-06-19T12:08:13.359001636Z I0619 12:08:13.358854       1 leaderelection.go:293] successfully renewed lease kube-system/ebs-csi-aws-com
2026-06-19T12:08:18.366285732Z I0619 12:08:18.366109       1 leaderelection.go:293] successfully renewed lease kube-system/ebs-csi-aws-com
2026-06-19T12:08:23.372040903Z I0619 12:08:23.371923       1 leaderelection.go:293] successfully renewed lease kube-system/ebs-csi-aws-com
2026-06-19T12:08:28.378082411Z I0619 12:08:28.377958       1 leaderelection.go:293] successfully renewed lease kube-system/ebs-csi-aws-com
2026-06-19T12:08:33.383341707Z I0619 12:08:33.383199       1 leaderelection.go:293] successfully renewed lease kube-system/ebs-csi-aws-com
2026-06-19T12:08:38.390180151Z I0619 12:08:38.390042       1 leaderelection.go:293] successfully renewed lease kube-system/ebs-csi-aws-com
2026-06-19T12:08:43.398318871Z I0619 12:08:43.398199       1 leaderelection.go:293] successfully renewed lease kube-system/ebs-csi-aws-com
2026-06-19T12:08:48.406092903Z I0619 12:08:48.405958       1 leaderelection.go:293] successfully renewed lease kube-system/ebs-csi-aws-com
2026-06-19T12:08:53.411536109Z I0619 12:08:53.411411       1 leaderelection.go:293] successfully renewed lease kube-system/ebs-csi-aws-com
2026-06-19T12:08:58.417913048Z I0619 12:08:58.417709       1 leaderelection.go:293] successfully renewed lease kube-system/ebs-csi-aws-com
2026-06-19T12:09:03.672377276Z I0619 12:09:03.672295       1 leaderelection.go:293] successfully renewed lease kube-system/ebs-csi-aws-com
2026-06-19T12:09:08.678674085Z I0619 12:09:08.678475       1 leaderelection.go:293] successfully renewed lease kube-system/ebs-csi-aws-com
2026-06-19T12:09:13.684632172Z I0619 12:09:13.684486       1 leaderelection.go:293] successfully renewed lease kube-system/ebs-csi-aws-com
2026-06-19T12:09:18.690599630Z I0619 12:09:18.690435       1 leaderelection.go:293] successfully renewed lease kube-system/ebs-csi-aws-com
2026-06-19T12:09:20.281808118Z I0619 12:09:20.281668       1 reflector.go:946] "Watch close" reflector="k8s.io/client-go/informers/factory.go:160" type="*v1.VolumeAttachment" totalItems=7
2026-06-19T12:09:23.697057139Z I0619 12:09:23.696819       1 leaderelection.go:293] successfully renewed lease kube-system/ebs-csi-aws-com
2026-06-19T12:09:28.646042669Z I0619 12:09:28.645836       1 controller.go:1416] "Started" PVC="kubentic-foresight/server-volume-vlogs-server-0" StorageClass="kops-csi-1-21"
2026-06-19T12:09:28.647399645Z I0619 12:09:28.647252       1 controller.go:580] skip translation of storage class for plugin: ebs.csi.aws.com
2026-06-19T12:09:28.651002564Z I0619 12:09:28.649660       1 connection.go:264] "GRPC call" method="/csi.v1.Controller/CreateVolume" request="{\"accessibility_requirements\":{\"preferred\":[{\"segments\":{\"kubernetes.io/os\":\"linux\",\"topology.ebs.csi.aws.com/zone\":\"us-west-2a\",\"topology.kubernetes.io/zone\":\"us-west-2a\"}}],\"requisite\":[{\"segments\":{\"kubernetes.io/os\":\"linux\",\"topology.ebs.csi.aws.com/zone\":\"us-west-2a\",\"topology.kubernetes.io/zone\":\"us-west-2a\"}}]},\"capacity_range\":{\"required_bytes\":10737418240},\"name\":\"pvc-aadf1544-cc0d-48a8-971b-741e09e58afb\",\"parameters\":{\"csi.storage.k8s.io/pv/name\":\"pvc-aadf1544-cc0d-48a8-971b-741e09e58afb\",\"csi.storage.k8s.io/pvc/name\":\"server-volume-vlogs-server-0\",\"csi.storage.k8s.io/pvc/namespace\":\"kubentic-foresight\",\"encrypted\":\"true\",\"type\":\"gp3\"},\"volume_capabilities\":[{\"access_mode\":{\"mode\":\"SINGLE_NODE_WRITER\"},\"mount\":{\"fs_type\":\"ext4\"}}]}"
2026-06-19T12:09:28.651045038Z I0619 12:09:28.648405       1 event.go:389] "Event occurred" object="kubentic-foresight/server-volume-vlogs-server-0" fieldPath="" kind="PersistentVolumeClaim" apiVersion="v1" type="Normal" reason="Provisioning" message="External provisioner is provisioning volume for claim \"kubentic-foresight/server-volume-vlogs-server-0\""
2026-06-19T12:09:28.721095954Z I0619 12:09:28.720574       1 leaderelection.go:293] successfully renewed lease kube-system/ebs-csi-aws-com
2026-06-19T12:09:30.777619084Z I0619 12:09:30.777495       1 connection.go:270] "GRPC response" response="{\"volume\":{\"accessible_topology\":[{\"segments\":{\"topology.kubernetes.io/zone\":\"us-west-2a\"}}],\"capacity_bytes\":10737418240,\"volume_id\":\"vol-0dd4656eba8ec6c05\"}}" err=null
2026-06-19T12:09:30.778111008Z I0619 12:09:30.777913       1 controller.go:857] create volume rep: capacity_bytes:10737418240 volume_id:"vol-0dd4656eba8ec6c05" accessible_topology:{segments:{key:"topology.kubernetes.io/zone" value:"us-west-2a"}}
2026-06-19T12:09:30.778255670Z I0619 12:09:30.778183       1 controller.go:929] createVolumeOperation: set annotation [volume.kubernetes.io/provisioner-deletion-secret-namespace/volume.kubernetes.io/provisioner-deletion-secret-name] on pv [pvc-aadf1544-cc0d-48a8-971b-741e09e58afb].
2026-06-19T12:09:30.778385548Z I0619 12:09:30.778329       1 controller.go:959] successfully created PV pvc-aadf1544-cc0d-48a8-971b-741e09e58afb for PVC server-volume-vlogs-server-0 and csi volume name vol-0dd4656eba8ec6c05
2026-06-19T12:09:30.778570985Z I0619 12:09:30.778449       1 controller.go:975] successfully created PV {GCEPersistentDisk:nil AWSElasticBlockStore:nil HostPath:nil Glusterfs:nil NFS:nil RBD:nil ISCSI:nil Cinder:nil CephFS:nil FC:nil Flocker:nil FlexVolume:nil AzureFile:nil VsphereVolume:nil Quobyte:nil AzureDisk:nil PhotonPersistentDisk:nil PortworxVolume:nil ScaleIO:nil Local:nil StorageOS:nil CSI:&CSIPersistentVolumeSource{Driver:ebs.csi.aws.com,VolumeHandle:vol-0dd4656eba8ec6c05,ReadOnly:false,FSType:ext4,VolumeAttributes:map[string]string{storage.kubernetes.io/csiProvisionerIdentity: 1781855100628-189-ebs.csi.aws.com,},ControllerPublishSecretRef:nil,NodeStageSecretRef:nil,NodePublishSecretRef:nil,ControllerExpandSecretRef:nil,NodeExpandSecretRef:nil,}}
2026-06-19T12:09:30.778759880Z I0619 12:09:30.778682       1 controller.go:1501] "Volume is provisioned" PVC="kubentic-foresight/server-volume-vlogs-server-0" StorageClass="kops-csi-1-21" PV="pvc-aadf1544-cc0d-48a8-971b-741e09e58afb"
2026-06-19T12:09:30.778913034Z I0619 12:09:30.778873       1 controller.go:1514] "Succeeded" PVC="kubentic-foresight/server-volume-vlogs-server-0" StorageClass="kops-csi-1-21"
2026-06-19T12:09:30.779060043Z I0619 12:09:30.778978       1 volume_store.go:156] "Saving volume" PVC="kubentic-foresight/server-volume-vlogs-server-0" StorageClass="kops-csi-1-21" volume="pvc-aadf1544-cc0d-48a8-971b-741e09e58afb"
2026-06-19T12:09:30.804596126Z I0619 12:09:30.804040       1 controller.go:1185] "handleProtectionFinalizer" PV="&PersistentVolume{ObjectMeta:{pvc-aadf1544-cc0d-48a8-971b-741e09e58afb    e89cbcfc-425f-4c5e-8441-a14f3173d292 74276 0 2026-06-19 12:09:30 +0000 UTC <nil> <nil> map[] map[pv.kubernetes.io/provisioned-by:ebs.csi.aws.com volume.kubernetes.io/provisioner-deletion-secret-name: volume.kubernetes.io/provisioner-deletion-secret-namespace:] [] [external-provisioner.volume.kubernetes.io/finalizer kubernetes.io/pv-protection] [{csi-provisioner Update v1 2026-06-19 12:09:30 +0000 UTC FieldsV1 {\"f:metadata\":{\"f:annotations\":{\".\":{},\"f:pv.kubernetes.io/provisioned-by\":{},\"f:volume.kubernetes.io/provisioner-deletion-secret-name\":{},\"f:volume.kubernetes.io/provisioner-deletion-secret-namespace\":{}},\"f:finalizers\":{\".\":{},\"v:\\\"external-provisioner.volume.kubernetes.io/finalizer\\\"\":{}}},\"f:spec\":{\"f:accessModes\":{},\"f:capacity\":{\".\":{},\"f:storage\":{}},\"f:claimRef\":{\".\":{},\"f:apiVersion\":{},\"f:kind\":{},\"f:name\":{},\"f:namespace\":{},\"f:resourceVersion\":{},\"f:uid\":{}},\"f:csi\":{\".\":{},\"f:driver\":{},\"f:fsType\":{},\"f:volumeAttributes\":{\".\":{},\"f:storage.kubernetes.io/csiProvisionerIdentity\":{}},\"f:volumeHandle\":{}},\"f:nodeAffinity\":{\".\":{},\"f:required\":{}},\"f:persistentVolumeReclaimPolicy\":{},\"f:storageClassName\":{},\"f:volumeMode\":{}}} }]},Spec:PersistentVolumeSpec{Capacity:ResourceList{storage: {{10737418240 0} {<nil>} 10Gi BinarySI},},PersistentVolumeSource:PersistentVolumeSource{GCEPersistentDisk:nil,AWSElasticBlockStore:nil,HostPath:nil,Glusterfs:nil,NFS:nil,RBD:nil,ISCSI:nil,Cinder:nil,CephFS:nil,FC:nil,Flocker:nil,FlexVolume:nil,AzureFile:nil,VsphereVolume:nil,Quobyte:nil,AzureDisk:nil,PhotonPersistentDisk:nil,PortworxVolume:nil,ScaleIO:nil,Local:nil,StorageOS:nil,CSI:&CSIPersistentVolumeSource{Driver:ebs.csi.aws.com,VolumeHandle:vol-0dd4656eba8ec6c05,ReadOnly:false,FSType:ext4,VolumeAttributes:map[string]string{storage.kubernetes.io/csiProvisionerIdentity: 1781855100628-189-ebs.csi.aws.com,},ControllerPublishSecretRef:nil,NodeStageSecretRef:nil,NodePublishSecretRef:nil,ControllerExpandSecretRef:nil,NodeExpandSecretRef:nil,},},AccessModes:[ReadWriteOnce],ClaimRef:&ObjectReference{Kind:PersistentVolumeClaim,Namespace:kubentic-foresight,Name:server-volume-vlogs-server-0,UID:aadf1544-cc0d-48a8-971b-741e09e58afb,APIVersion:v1,ResourceVersion:74211,FieldPath:,},PersistentVolumeReclaimPolicy:Delete,StorageClassName:kops-csi-1-21,MountOptions:[],VolumeMode:*Filesystem,NodeAffinity:&VolumeNodeAffinity{Required:&NodeSelector{NodeSelectorTerms:[]NodeSelectorTerm{NodeSelectorTerm{MatchExpressions:[]NodeSelectorRequirement{NodeSelectorRequirement{Key:topology.kubernetes.io/zone,Operator:In,Values:[us-west-2a],},},MatchFields:[]NodeSelectorRequirement{},},},},},VolumeAttributesClassName:nil,},Status:PersistentVolumeStatus{Phase:Pending,Message:,Reason:,LastPhaseTransitionTime:2026-06-19 12:09:30 +0000 UTC,},}"
2026-06-19T12:09:30.804620348Z I0619 12:09:30.804490       1 controller.go:1272] "shouldDelete" PV="pvc-aadf1544-cc0d-48a8-971b-741e09e58afb"
2026-06-19T12:09:30.804661665Z I0619 12:09:30.804565       1 controller.go:1293] "shouldDelete is false: PersistentVolumePhase is not Released" PV="pvc-aadf1544-cc0d-48a8-971b-741e09e58afb"
2026-06-19T12:09:30.805394050Z I0619 12:09:30.805300       1 volume_store.go:159] "Volume saved" PVC="kubentic-foresight/server-volume-vlogs-server-0" StorageClass="kops-csi-1-21" volume="pvc-aadf1544-cc0d-48a8-971b-741e09e58afb"
2026-06-19T12:09:30.805498566Z I0619 12:09:30.805416       1 controller.go:1102] "Claim processing succeeded, removing PVC from claims in progress" claimUID="aadf1544-cc0d-48a8-971b-741e09e58afb"
2026-06-19T12:09:30.805926217Z I0619 12:09:30.805534       1 event.go:389] "Event occurred" object="kubentic-foresight/server-volume-vlogs-server-0" fieldPath="" kind="PersistentVolumeClaim" apiVersion="v1" type="Normal" reason="ProvisioningSucceeded" message="Successfully provisioned volume pvc-aadf1544-cc0d-48a8-971b-741e09e58afb"
2026-06-19T12:09:30.813568534Z I0619 12:09:30.813211       1 controller.go:1185] "handleProtectionFinalizer" PV="&PersistentVolume{ObjectMeta:{pvc-aadf1544-cc0d-48a8-971b-741e09e58afb    e89cbcfc-425f-4c5e-8441-a14f3173d292 74277 0 2026-06-19 12:09:30 +0000 UTC <nil> <nil> map[] map[pv.kubernetes.io/provisioned-by:ebs.csi.aws.com volume.kubernetes.io/provisioner-deletion-secret-name: volume.kubernetes.io/provisioner-deletion-secret-namespace:] [] [external-provisioner.volume.kubernetes.io/finalizer kubernetes.io/pv-protection] [{csi-provisioner Update v1 2026-06-19 12:09:30 +0000 UTC FieldsV1 {\"f:metadata\":{\"f:annotations\":{\".\":{},\"f:pv.kubernetes.io/provisioned-by\":{},\"f:volume.kubernetes.io/provisioner-deletion-secret-name\":{},\"f:volume.kubernetes.io/provisioner-deletion-secret-namespace\":{}},\"f:finalizers\":{\".\":{},\"v:\\\"external-provisioner.volume.kubernetes.io/finalizer\\\"\":{}}},\"f:spec\":{\"f:accessModes\":{},\"f:capacity\":{\".\":{},\"f:storage\":{}},\"f:claimRef\":{\".\":{},\"f:apiVersion\":{},\"f:kind\":{},\"f:name\":{},\"f:namespace\":{},\"f:resourceVersion\":{},\"f:uid\":{}},\"f:csi\":{\".\":{},\"f:driver\":{},\"f:fsType\":{},\"f:volumeAttributes\":{\".\":{},\"f:storage.kubernetes.io/csiProvisionerIdentity\":{}},\"f:volumeHandle\":{}},\"f:nodeAffinity\":{\".\":{},\"f:required\":{}},\"f:persistentVolumeReclaimPolicy\":{},\"f:storageClassName\":{},\"f:volumeMode\":{}}} } {kube-controller-manager Update v1 2026-06-19 12:09:30 +0000 UTC FieldsV1 {\"f:status\":{\"f:phase\":{}}} status}]},Spec:PersistentVolumeSpec{Capacity:ResourceList{storage: {{10737418240 0} {<nil>} 10Gi BinarySI},},PersistentVolumeSource:PersistentVolumeSource{GCEPersistentDisk:nil,AWSElasticBlockStore:nil,HostPath:nil,Glusterfs:nil,NFS:nil,RBD:nil,ISCSI:nil,Cinder:nil,CephFS:nil,FC:nil,Flocker:nil,FlexVolume:nil,AzureFile:nil,VsphereVolume:nil,Quobyte:nil,AzureDisk:nil,PhotonPersistentDisk:nil,PortworxVolume:nil,ScaleIO:nil,Local:nil,StorageOS:nil,CSI:&CSIPersistentVolumeSource{Driver:ebs.csi.aws.com,VolumeHandle:vol-0dd4656eba8ec6c05,ReadOnly:false,FSType:ext4,VolumeAttributes:map[string]string{storage.kubernetes.io/csiProvisionerIdentity: 1781855100628-189-ebs.csi.aws.com,},ControllerPublishSecretRef:nil,NodeStageSecretRef:nil,NodePublishSecretRef:nil,ControllerExpandSecretRef:nil,NodeExpandSecretRef:nil,},},AccessModes:[ReadWriteOnce],ClaimRef:&ObjectReference{Kind:PersistentVolumeClaim,Namespace:kubentic-foresight,Name:server-volume-vlogs-server-0,UID:aadf1544-cc0d-48a8-971b-741e09e58afb,APIVersion:v1,ResourceVersion:74211,FieldPath:,},PersistentVolumeReclaimPolicy:Delete,StorageClassName:kops-csi-1-21,MountOptions:[],VolumeMode:*Filesystem,NodeAffinity:&VolumeNodeAffinity{Required:&NodeSelector{NodeSelectorTerms:[]NodeSelectorTerm{NodeSelectorTerm{MatchExpressions:[]NodeSelectorRequirement{NodeSelectorRequirement{Key:topology.kubernetes.io/zone,Operator:In,Values:[us-west-2a],},},MatchFields:[]NodeSelectorRequirement{},},},},},VolumeAttributesClassName:nil,},Status:PersistentVolumeStatus{Phase:Bound,Message:,Reason:,LastPhaseTransitionTime:2026-06-19 12:09:30 +0000 UTC,},}"
2026-06-19T12:09:30.813926393Z I0619 12:09:30.813839       1 controller.go:1272] "shouldDelete" PV="pvc-aadf1544-cc0d-48a8-971b-741e09e58afb"
2026-06-19T12:09:30.813959767Z I0619 12:09:30.813921       1 controller.go:1293] "shouldDelete is false: PersistentVolumePhase is not Released" PV="pvc-aadf1544-cc0d-48a8-971b-741e09e58afb"
2026-06-19T12:09:31.682179416Z I0619 12:09:31.680193       1 controller.go:1185] "handleProtectionFinalizer" PV="&PersistentVolume{ObjectMeta:{pvc-aadf1544-cc0d-48a8-971b-741e09e58afb    e89cbcfc-425f-4c5e-8441-a14f3173d292 74285 0 2026-06-19 12:09:30 +0000 UTC <nil> <nil> map[] map[pv.kubernetes.io/provisioned-by:ebs.csi.aws.com volume.kubernetes.io/provisioner-deletion-secret-name: volume.kubernetes.io/provisioner-deletion-secret-namespace:] [] [external-provisioner.volume.kubernetes.io/finalizer kubernetes.io/pv-protection external-attacher/ebs-csi-aws-com] [{csi-provisioner Update v1 2026-06-19 12:09:30 +0000 UTC FieldsV1 {\"f:metadata\":{\"f:annotations\":{\".\":{},\"f:pv.kubernetes.io/provisioned-by\":{},\"f:volume.kubernetes.io/provisioner-deletion-secret-name\":{},\"f:volume.kubernetes.io/provisioner-deletion-secret-namespace\":{}},\"f:finalizers\":{\".\":{},\"v:\\\"external-provisioner.volume.kubernetes.io/finalizer\\\"\":{}}},\"f:spec\":{\"f:accessModes\":{},\"f:capacity\":{\".\":{},\"f:storage\":{}},\"f:claimRef\":{\".\":{},\"f:apiVersion\":{},\"f:kind\":{},\"f:name\":{},\"f:namespace\":{},\"f:resourceVersion\":{},\"f:uid\":{}},\"f:csi\":{\".\":{},\"f:driver\":{},\"f:fsType\":{},\"f:volumeAttributes\":{\".\":{},\"f:storage.kubernetes.io/csiProvisionerIdentity\":{}},\"f:volumeHandle\":{}},\"f:nodeAffinity\":{\".\":{},\"f:required\":{}},\"f:persistentVolumeReclaimPolicy\":{},\"f:storageClassName\":{},\"f:volumeMode\":{}}} } {kube-controller-manager Update v1 2026-06-19 12:09:30 +0000 UTC FieldsV1 {\"f:status\":{\"f:phase\":{}}} status} {csi-attacher Update v1 2026-06-19 12:09:31 +0000 UTC FieldsV1 {\"f:metadata\":{\"f:finalizers\":{\"v:\\\"external-attacher/ebs-csi-aws-com\\\"\":{}}}} }]},Spec:PersistentVolumeSpec{Capacity:ResourceList{storage: {{10737418240 0} {<nil>} 10Gi BinarySI},},PersistentVolumeSource:PersistentVolumeSource{GCEPersistentDisk:nil,AWSElasticBlockStore:nil,HostPath:nil,Glusterfs:nil,NFS:nil,RBD:nil,ISCSI:nil,Cinder:nil,CephFS:nil,FC:nil,Flocker:nil,FlexVolume:nil,AzureFile:nil,VsphereVolume:nil,Quobyte:nil,AzureDisk:nil,PhotonPersistentDisk:nil,PortworxVolume:nil,ScaleIO:nil,Local:nil,StorageOS:nil,CSI:&CSIPersistentVolumeSource{Driver:ebs.csi.aws.com,VolumeHandle:vol-0dd4656eba8ec6c05,ReadOnly:false,FSType:ext4,VolumeAttributes:map[string]string{storage.kubernetes.io/csiProvisionerIdentity: 1781855100628-189-ebs.csi.aws.com,},ControllerPublishSecretRef:nil,NodeStageSecretRef:nil,NodePublishSecretRef:nil,ControllerExpandSecretRef:nil,NodeExpandSecretRef:nil,},},AccessModes:[ReadWriteOnce],ClaimRef:&ObjectReference{Kind:PersistentVolumeClaim,Namespace:kubentic-foresight,Name:server-volume-vlogs-server-0,UID:aadf1544-cc0d-48a8-971b-741e09e58afb,APIVersion:v1,ResourceVersion:74211,FieldPath:,},PersistentVolumeReclaimPolicy:Delete,StorageClassName:kops-csi-1-21,MountOptions:[],VolumeMode:*Filesystem,NodeAffinity:&VolumeNodeAffinity{Required:&NodeSelector{NodeSelectorTerms:[]NodeSelectorTerm{NodeSelectorTerm{MatchExpressions:[]NodeSelectorRequirement{NodeSelectorRequirement{Key:topology.kubernetes.io/zone,Operator:In,Values:[us-west-2a],},},MatchFields:[]NodeSelectorRequirement{},},},},},VolumeAttributesClassName:nil,},Status:PersistentVolumeStatus{Phase:Bound,Message:,Reason:,LastPhaseTransitionTime:2026-06-19 12:09:30 +0000 UTC,},}"
2026-06-19T12:09:31.682737748Z I0619 12:09:31.682619       1 controller.go:1272] "shouldDelete" PV="pvc-aadf1544-cc0d-48a8-971b-741e09e58afb"
2026-06-19T12:09:31.682953636Z I0619 12:09:31.682879       1 controller.go:1293] "shouldDelete is false: PersistentVolumePhase is not Released" PV="pvc-aadf1544-cc0d-48a8-971b-741e09e58afb"
2026-06-19T12:09:32.309082162Z I0619 12:09:32.308849       1 controller.go:1416] "Started" PVC="kubentic-foresight/vmsingle-vmstack" StorageClass="kops-csi-1-21"
2026-06-19T12:09:32.309108987Z I0619 12:09:32.309000       1 controller.go:580] skip translation of storage class for plugin: ebs.csi.aws.com
2026-06-19T12:09:32.309520263Z I0619 12:09:32.309170       1 connection.go:264] "GRPC call" method="/csi.v1.Controller/CreateVolume" request="{\"accessibility_requirements\":{\"preferred\":[{\"segments\":{\"kubernetes.io/os\":\"linux\",\"topology.ebs.csi.aws.com/zone\":\"us-west-2a\",\"topology.kubernetes.io/zone\":\"us-west-2a\"}}],\"requisite\":[{\"segments\":{\"kubernetes.io/os\":\"linux\",\"topology.ebs.csi.aws.com/zone\":\"us-west-2a\",\"topology.kubernetes.io/zone\":\"us-west-2a\"}}]},\"capacity_range\":{\"required_bytes\":10737418240},\"name\":\"pvc-145a2d39-444b-4f32-a485-a26454ae8b53\",\"parameters\":{\"csi.storage.k8s.io/pv/name\":\"pvc-145a2d39-444b-4f32-a485-a26454ae8b53\",\"csi.storage.k8s.io/pvc/name\":\"vmsingle-vmstack\",\"csi.storage.k8s.io/pvc/namespace\":\"kubentic-foresight\",\"encrypted\":\"true\",\"type\":\"gp3\"},\"volume_capabilities\":[{\"access_mode\":{\"mode\":\"SINGLE_NODE_WRITER\"},\"mount\":{\"fs_type\":\"ext4\"}}]}"
2026-06-19T12:09:32.309676093Z I0619 12:09:32.309587       1 event.go:389] "Event occurred" object="kubentic-foresight/vmsingle-vmstack" fieldPath="" kind="PersistentVolumeClaim" apiVersion="v1" type="Normal" reason="Provisioning" message="External provisioner is provisioning volume for claim \"kubentic-foresight/vmsingle-vmstack\""
2026-06-19T12:09:33.728421461Z I0619 12:09:33.728227       1 leaderelection.go:293] successfully renewed lease kube-system/ebs-csi-aws-com
2026-06-19T12:09:34.440602217Z I0619 12:09:34.440448       1 connection.go:270] "GRPC response" response="{\"volume\":{\"accessible_topology\":[{\"segments\":{\"topology.kubernetes.io/zone\":\"us-west-2a\"}}],\"capacity_bytes\":10737418240,\"volume_id\":\"vol-0f1b453e6a7af752c\"}}" err=null
2026-06-19T12:09:34.440620087Z I0619 12:09:34.440479       1 controller.go:857] create volume rep: capacity_bytes:10737418240 volume_id:"vol-0f1b453e6a7af752c" accessible_topology:{segments:{key:"topology.kubernetes.io/zone" value:"us-west-2a"}}
2026-06-19T12:09:34.440915669Z I0619 12:09:34.440849       1 controller.go:929] createVolumeOperation: set annotation [volume.kubernetes.io/provisioner-deletion-secret-namespace/volume.kubernetes.io/provisioner-deletion-secret-name] on pv [pvc-145a2d39-444b-4f32-a485-a26454ae8b53].
2026-06-19T12:09:34.441590789Z I0619 12:09:34.440885       1 controller.go:959] successfully created PV pvc-145a2d39-444b-4f32-a485-a26454ae8b53 for PVC vmsingle-vmstack and csi volume name vol-0f1b453e6a7af752c
2026-06-19T12:09:34.441604425Z I0619 12:09:34.441159       1 controller.go:975] successfully created PV {GCEPersistentDisk:nil AWSElasticBlockStore:nil HostPath:nil Glusterfs:nil NFS:nil RBD:nil ISCSI:nil Cinder:nil CephFS:nil FC:nil Flocker:nil FlexVolume:nil AzureFile:nil VsphereVolume:nil Quobyte:nil AzureDisk:nil PhotonPersistentDisk:nil PortworxVolume:nil ScaleIO:nil Local:nil StorageOS:nil CSI:&CSIPersistentVolumeSource{Driver:ebs.csi.aws.com,VolumeHandle:vol-0f1b453e6a7af752c,ReadOnly:false,FSType:ext4,VolumeAttributes:map[string]string{storage.kubernetes.io/csiProvisionerIdentity: 1781855100628-189-ebs.csi.aws.com,},ControllerPublishSecretRef:nil,NodeStageSecretRef:nil,NodePublishSecretRef:nil,ControllerExpandSecretRef:nil,NodeExpandSecretRef:nil,}}
2026-06-19T12:09:34.441607267Z I0619 12:09:34.441234       1 controller.go:1501] "Volume is provisioned" PVC="kubentic-foresight/vmsingle-vmstack" StorageClass="kops-csi-1-21" PV="pvc-145a2d39-444b-4f32-a485-a26454ae8b53"
2026-06-19T12:09:34.441610309Z I0619 12:09:34.441251       1 controller.go:1514] "Succeeded" PVC="kubentic-foresight/vmsingle-vmstack" StorageClass="kops-csi-1-21"
2026-06-19T12:09:34.441612872Z I0619 12:09:34.441256       1 volume_store.go:156] "Saving volume" PVC="kubentic-foresight/vmsingle-vmstack" StorageClass="kops-csi-1-21" volume="pvc-145a2d39-444b-4f32-a485-a26454ae8b53"
2026-06-19T12:09:34.446733994Z I0619 12:09:34.446453       1 volume_store.go:159] "Volume saved" PVC="kubentic-foresight/vmsingle-vmstack" StorageClass="kops-csi-1-21" volume="pvc-145a2d39-444b-4f32-a485-a26454ae8b53"
2026-06-19T12:09:34.446774657Z I0619 12:09:34.446575       1 controller.go:1102] "Claim processing succeeded, removing PVC from claims in progress" claimUID="145a2d39-444b-4f32-a485-a26454ae8b53"
2026-06-19T12:09:34.447363879Z I0619 12:09:34.447068       1 controller.go:1185] "handleProtectionFinalizer" PV="&PersistentVolume{ObjectMeta:{pvc-145a2d39-444b-4f32-a485-a26454ae8b53    33982ac3-f03e-412d-94e6-9bc9f19c3a73 74370 0 2026-06-19 12:09:34 +0000 UTC <nil> <nil> map[] map[pv.kubernetes.io/provisioned-by:ebs.csi.aws.com volume.kubernetes.io/provisioner-deletion-secret-name: volume.kubernetes.io/provisioner-deletion-secret-namespace:] [] [external-provisioner.volume.kubernetes.io/finalizer kubernetes.io/pv-protection] [{csi-provisioner Update v1 2026-06-19 12:09:34 +0000 UTC FieldsV1 {\"f:metadata\":{\"f:annotations\":{\".\":{},\"f:pv.kubernetes.io/provisioned-by\":{},\"f:volume.kubernetes.io/provisioner-deletion-secret-name\":{},\"f:volume.kubernetes.io/provisioner-deletion-secret-namespace\":{}},\"f:finalizers\":{\".\":{},\"v:\\\"external-provisioner.volume.kubernetes.io/finalizer\\\"\":{}}},\"f:spec\":{\"f:accessModes\":{},\"f:capacity\":{\".\":{},\"f:storage\":{}},\"f:claimRef\":{\".\":{},\"f:apiVersion\":{},\"f:kind\":{},\"f:name\":{},\"f:namespace\":{},\"f:resourceVersion\":{},\"f:uid\":{}},\"f:csi\":{\".\":{},\"f:driver\":{},\"f:fsType\":{},\"f:volumeAttributes\":{\".\":{},\"f:storage.kubernetes.io/csiProvisionerIdentity\":{}},\"f:volumeHandle\":{}},\"f:nodeAffinity\":{\".\":{},\"f:required\":{}},\"f:persistentVolumeReclaimPolicy\":{},\"f:storageClassName\":{},\"f:volumeMode\":{}}} }]},Spec:PersistentVolumeSpec{Capacity:ResourceList{storage: {{10737418240 0} {<nil>} 10Gi BinarySI},},PersistentVolumeSource:PersistentVolumeSource{GCEPersistentDisk:nil,AWSElasticBlockStore:nil,HostPath:nil,Glusterfs:nil,NFS:nil,RBD:nil,ISCSI:nil,Cinder:nil,CephFS:nil,FC:nil,Flocker:nil,FlexVolume:nil,AzureFile:nil,VsphereVolume:nil,Quobyte:nil,AzureDisk:nil,PhotonPersistentDisk:nil,PortworxVolume:nil,ScaleIO:nil,Local:nil,StorageOS:nil,CSI:&CSIPersistentVolumeSource{Driver:ebs.csi.aws.com,VolumeHandle:vol-0f1b453e6a7af752c,ReadOnly:false,FSType:ext4,VolumeAttributes:map[string]string{storage.kubernetes.io/csiProvisionerIdentity: 1781855100628-189-ebs.csi.aws.com,},ControllerPublishSecretRef:nil,NodeStageSecretRef:nil,NodePublishSecretRef:nil,ControllerExpandSecretRef:nil,NodeExpandSecretRef:nil,},},AccessModes:[ReadWriteOnce],ClaimRef:&ObjectReference{Kind:PersistentVolumeClaim,Namespace:kubentic-foresight,Name:vmsingle-vmstack,UID:145a2d39-444b-4f32-a485-a26454ae8b53,APIVersion:v1,ResourceVersion:74332,FieldPath:,},PersistentVolumeReclaimPolicy:Delete,StorageClassName:kops-csi-1-21,MountOptions:[],VolumeMode:*Filesystem,NodeAffinity:&VolumeNodeAffinity{Required:&NodeSelector{NodeSelectorTerms:[]NodeSelectorTerm{NodeSelectorTerm{MatchExpressions:[]NodeSelectorRequirement{NodeSelectorRequirement{Key:topology.kubernetes.io/zone,Operator:In,Values:[us-west-2a],},},MatchFields:[]NodeSelectorRequirement{},},},},},VolumeAttributesClassName:nil,},Status:PersistentVolumeStatus{Phase:Pending,Message:,Reason:,LastPhaseTransitionTime:2026-06-19 12:09:34 +0000 UTC,},}"
2026-06-19T12:09:34.448359605Z I0619 12:09:34.448266       1 controller.go:1272] "shouldDelete" PV="pvc-145a2d39-444b-4f32-a485-a26454ae8b53"
2026-06-19T12:09:34.448460056Z I0619 12:09:34.448401       1 controller.go:1293] "shouldDelete is false: PersistentVolumePhase is not Released" PV="pvc-145a2d39-444b-4f32-a485-a26454ae8b53"
2026-06-19T12:09:34.448529760Z I0619 12:09:34.447668       1 event.go:389] "Event occurred" object="kubentic-foresight/vmsingle-vmstack" fieldPath="" kind="PersistentVolumeClaim" apiVersion="v1" type="Normal" reason="ProvisioningSucceeded" message="Successfully provisioned volume pvc-145a2d39-444b-4f32-a485-a26454ae8b53"
2026-06-19T12:09:34.458128284Z I0619 12:09:34.457780       1 controller.go:1185] "handleProtectionFinalizer" PV="&PersistentVolume{ObjectMeta:{pvc-145a2d39-444b-4f32-a485-a26454ae8b53    33982ac3-f03e-412d-94e6-9bc9f19c3a73 74371 0 2026-06-19 12:09:34 +0000 UTC <nil> <nil> map[] map[pv.kubernetes.io/provisioned-by:ebs.csi.aws.com volume.kubernetes.io/provisioner-deletion-secret-name: volume.kubernetes.io/provisioner-deletion-secret-namespace:] [] [external-provisioner.volume.kubernetes.io/finalizer kubernetes.io/pv-protection] [{csi-provisioner Update v1 2026-06-19 12:09:34 +0000 UTC FieldsV1 {\"f:metadata\":{\"f:annotations\":{\".\":{},\"f:pv.kubernetes.io/provisioned-by\":{},\"f:volume.kubernetes.io/provisioner-deletion-secret-name\":{},\"f:volume.kubernetes.io/provisioner-deletion-secret-namespace\":{}},\"f:finalizers\":{\".\":{},\"v:\\\"external-provisioner.volume.kubernetes.io/finalizer\\\"\":{}}},\"f:spec\":{\"f:accessModes\":{},\"f:capacity\":{\".\":{},\"f:storage\":{}},\"f:claimRef\":{\".\":{},\"f:apiVersion\":{},\"f:kind\":{},\"f:name\":{},\"f:namespace\":{},\"f:resourceVersion\":{},\"f:uid\":{}},\"f:csi\":{\".\":{},\"f:driver\":{},\"f:fsType\":{},\"f:volumeAttributes\":{\".\":{},\"f:storage.kubernetes.io/csiProvisionerIdentity\":{}},\"f:volumeHandle\":{}},\"f:nodeAffinity\":{\".\":{},\"f:required\":{}},\"f:persistentVolumeReclaimPolicy\":{},\"f:storageClassName\":{},\"f:volumeMode\":{}}} } {kube-controller-manager Update v1 2026-06-19 12:09:34 +0000 UTC FieldsV1 {\"f:status\":{\"f:phase\":{}}} status}]},Spec:PersistentVolumeSpec{Capacity:ResourceList{storage: {{10737418240 0} {<nil>} 10Gi BinarySI},},PersistentVolumeSource:PersistentVolumeSource{GCEPersistentDisk:nil,AWSElasticBlockStore:nil,HostPath:nil,Glusterfs:nil,NFS:nil,RBD:nil,ISCSI:nil,Cinder:nil,CephFS:nil,FC:nil,Flocker:nil,FlexVolume:nil,AzureFile:nil,VsphereVolume:nil,Quobyte:nil,AzureDisk:nil,PhotonPersistentDisk:nil,PortworxVolume:nil,ScaleIO:nil,Local:nil,StorageOS:nil,CSI:&CSIPersistentVolumeSource{Driver:ebs.csi.aws.com,VolumeHandle:vol-0f1b453e6a7af752c,ReadOnly:false,FSType:ext4,VolumeAttributes:map[string]string{storage.kubernetes.io/csiProvisionerIdentity: 1781855100628-189-ebs.csi.aws.com,},ControllerPublishSecretRef:nil,NodeStageSecretRef:nil,NodePublishSecretRef:nil,ControllerExpandSecretRef:nil,NodeExpandSecretRef:nil,},},AccessModes:[ReadWriteOnce],ClaimRef:&ObjectReference{Kind:PersistentVolumeClaim,Namespace:kubentic-foresight,Name:vmsingle-vmstack,UID:145a2d39-444b-4f32-a485-a26454ae8b53,APIVersion:v1,ResourceVersion:74332,FieldPath:,},PersistentVolumeReclaimPolicy:Delete,StorageClassName:kops-csi-1-21,MountOptions:[],VolumeMode:*Filesystem,NodeAffinity:&VolumeNodeAffinity{Required:&NodeSelector{NodeSelectorTerms:[]NodeSelectorTerm{NodeSelectorTerm{MatchExpressions:[]NodeSelectorRequirement{NodeSelectorRequirement{Key:topology.kubernetes.io/zone,Operator:In,Values:[us-west-2a],},},MatchFields:[]NodeSelectorRequirement{},},},},},VolumeAttributesClassName:nil,},Status:PersistentVolumeStatus{Phase:Bound,Message:,Reason:,LastPhaseTransitionTime:2026-06-19 12:09:34 +0000 UTC,},}"
2026-06-19T12:09:34.458175441Z I0619 12:09:34.457979       1 controller.go:1272] "shouldDelete" PV="pvc-145a2d39-444b-4f32-a485-a26454ae8b53"
2026-06-19T12:09:34.458179538Z I0619 12:09:34.457992       1 controller.go:1293] "shouldDelete is false: PersistentVolumePhase is not Released" PV="pvc-145a2d39-444b-4f32-a485-a26454ae8b53"
2026-06-19T12:09:35.425487325Z I0619 12:09:35.424928       1 controller.go:1185] "handleProtectionFinalizer" PV="&PersistentVolume{ObjectMeta:{pvc-145a2d39-444b-4f32-a485-a26454ae8b53    33982ac3-f03e-412d-94e6-9bc9f19c3a73 74385 0 2026-06-19 12:09:34 +0000 UTC <nil> <nil> map[] map[pv.kubernetes.io/provisioned-by:ebs.csi.aws.com volume.kubernetes.io/provisioner-deletion-secret-name: volume.kubernetes.io/provisioner-deletion-secret-namespace:] [] [external-provisioner.volume.kubernetes.io/finalizer kubernetes.io/pv-protection external-attacher/ebs-csi-aws-com] [{csi-provisioner Update v1 2026-06-19 12:09:34 +0000 UTC FieldsV1 {\"f:metadata\":{\"f:annotations\":{\".\":{},\"f:pv.kubernetes.io/provisioned-by\":{},\"f:volume.kubernetes.io/provisioner-deletion-secret-name\":{},\"f:volume.kubernetes.io/provisioner-deletion-secret-namespace\":{}},\"f:finalizers\":{\".\":{},\"v:\\\"external-provisioner.volume.kubernetes.io/finalizer\\\"\":{}}},\"f:spec\":{\"f:accessModes\":{},\"f:capacity\":{\".\":{},\"f:storage\":{}},\"f:claimRef\":{\".\":{},\"f:apiVersion\":{},\"f:kind\":{},\"f:name\":{},\"f:namespace\":{},\"f:resourceVersion\":{},\"f:uid\":{}},\"f:csi\":{\".\":{},\"f:driver\":{},\"f:fsType\":{},\"f:volumeAttributes\":{\".\":{},\"f:storage.kubernetes.io/csiProvisionerIdentity\":{}},\"f:volumeHandle\":{}},\"f:nodeAffinity\":{\".\":{},\"f:required\":{}},\"f:persistentVolumeReclaimPolicy\":{},\"f:storageClassName\":{},\"f:volumeMode\":{}}} } {kube-controller-manager Update v1 2026-06-19 12:09:34 +0000 UTC FieldsV1 {\"f:status\":{\"f:phase\":{}}} status} {csi-attacher Update v1 2026-06-19 12:09:35 +0000 UTC FieldsV1 {\"f:metadata\":{\"f:finalizers\":{\"v:\\\"external-attacher/ebs-csi-aws-com\\\"\":{}}}} }]},Spec:PersistentVolumeSpec{Capacity:ResourceList{storage: {{10737418240 0} {<nil>} 10Gi BinarySI},},PersistentVolumeSource:PersistentVolumeSource{GCEPersistentDisk:nil,AWSElasticBlockStore:nil,HostPath:nil,Glusterfs:nil,NFS:nil,RBD:nil,ISCSI:nil,Cinder:nil,CephFS:nil,FC:nil,Flocker:nil,FlexVolume:nil,AzureFile:nil,VsphereVolume:nil,Quobyte:nil,AzureDisk:nil,PhotonPersistentDisk:nil,PortworxVolume:nil,ScaleIO:nil,Local:nil,StorageOS:nil,CSI:&CSIPersistentVolumeSource{Driver:ebs.csi.aws.com,VolumeHandle:vol-0f1b453e6a7af752c,ReadOnly:false,FSType:ext4,VolumeAttributes:map[string]string{storage.kubernetes.io/csiProvisionerIdentity: 1781855100628-189-ebs.csi.aws.com,},ControllerPublishSecretRef:nil,NodeStageSecretRef:nil,NodePublishSecretRef:nil,ControllerExpandSecretRef:nil,NodeExpandSecretRef:nil,},},AccessModes:[ReadWriteOnce],ClaimRef:&ObjectReference{Kind:PersistentVolumeClaim,Namespace:kubentic-foresight,Name:vmsingle-vmstack,UID:145a2d39-444b-4f32-a485-a26454ae8b53,APIVersion:v1,ResourceVersion:74332,FieldPath:,},PersistentVolumeReclaimPolicy:Delete,StorageClassName:kops-csi-1-21,MountOptions:[],VolumeMode:*Filesystem,NodeAffinity:&VolumeNodeAffinity{Required:&NodeSelector{NodeSelectorTerms:[]NodeSelectorTerm{NodeSelectorTerm{MatchExpressions:[]NodeSelectorRequirement{NodeSelectorRequirement{Key:topology.kubernetes.io/zone,Operator:In,Values:[us-west-2a],},},MatchFields:[]NodeSelectorRequirement{},},},},},VolumeAttributesClassName:nil,},Status:PersistentVolumeStatus{Phase:Bound,Message:,Reason:,LastPhaseTransitionTime:2026-06-19 12:09:34 +0000 UTC,},}"
2026-06-19T12:09:35.425573958Z I0619 12:09:35.425514       1 controller.go:1272] "shouldDelete" PV="pvc-145a2d39-444b-4f32-a485-a26454ae8b53"
2026-06-19T12:09:35.425711171Z I0619 12:09:35.425612       1 controller.go:1293] "shouldDelete is false: PersistentVolumePhase is not Released" PV="pvc-145a2d39-444b-4f32-a485-a26454ae8b53"
2026-06-19T12:09:38.734421204Z I0619 12:09:38.734196       1 leaderelection.go:293] successfully renewed lease kube-system/ebs-csi-aws-com
2026-06-19T12:09:43.743422078Z I0619 12:09:43.743224       1 leaderelection.go:293] successfully renewed lease kube-system/ebs-csi-aws-com
2026-06-19T12:09:48.758061744Z I0619 12:09:48.757838       1 leaderelection.go:293] successfully renewed lease kube-system/ebs-csi-aws-com
2026-06-19T12:09:53.763580540Z I0619 12:09:53.763314       1 leaderelection.go:293] successfully renewed lease kube-system/ebs-csi-aws-com
2026-06-19T12:09:58.769669374Z I0619 12:09:58.769288       1 leaderelection.go:293] successfully renewed lease kube-system/ebs-csi-aws-com
2026-06-19T12:09:59.500212932Z I0619 12:09:59.500005       1 reflector.go:946] "Watch close" reflector="sigs.k8s.io/sig-storage-lib-external-provisioner/v11/controller/controller.go:872" type="*v1.PersistentVolume" totalItems=14
2026-06-19T12:10:03.793743393Z I0619 12:10:03.793353       1 leaderelection.go:293] successfully renewed lease kube-system/ebs-csi-aws-com
2026-06-19T12:10:08.800281898Z I0619 12:10:08.800053       1 leaderelection.go:293] successfully renewed lease kube-system/ebs-csi-aws-com
2026-06-19T12:10:13.806591832Z I0619 12:10:13.806430       1 leaderelection.go:293] successfully renewed lease kube-system/ebs-csi-aws-com
2026-06-19T12:10:18.817828475Z I0619 12:10:18.817704       1 leaderelection.go:293] successfully renewed lease kube-system/ebs-csi-aws-com
2026-06-19T12:10:23.823296006Z I0619 12:10:23.823167       1 leaderelection.go:293] successfully renewed lease kube-system/ebs-csi-aws-com
2026-06-19T12:10:28.829230772Z I0619 12:10:28.828904       1 leaderelection.go:293] successfully renewed lease kube-system/ebs-csi-aws-com
2026-06-19T12:10:33.834044555Z I0619 12:10:33.833923       1 leaderelection.go:293] successfully renewed lease kube-system/ebs-csi-aws-com
2026-06-19T12:10:38.840696178Z I0619 12:10:38.840406       1 leaderelection.go:293] successfully renewed lease kube-system/ebs-csi-aws-com
2026-06-19T12:10:43.847700904Z I0619 12:10:43.847508       1 leaderelection.go:293] successfully renewed lease kube-system/ebs-csi-aws-com
2026-06-19T12:10:48.852497172Z I0619 12:10:48.852349       1 leaderelection.go:293] successfully renewed lease kube-system/ebs-csi-aws-com
2026-06-19T12:10:53.857935627Z I0619 12:10:53.857694       1 leaderelection.go:293] successfully renewed lease kube-system/ebs-csi-aws-com
2026-06-19T12:10:58.863454925Z I0619 12:10:58.863278       1 leaderelection.go:293] successfully renewed lease kube-system/ebs-csi-aws-com
2026-06-19T12:11:03.871765439Z I0619 12:11:03.871440       1 leaderelection.go:293] successfully renewed lease kube-system/ebs-csi-aws-com
2026-06-19T12:11:08.883966418Z I0619 12:11:08.883797       1 leaderelection.go:293] successfully renewed lease kube-system/ebs-csi-aws-com
2026-06-19T12:11:10.203229076Z I0619 12:11:10.203001       1 reflector.go:946] "Watch close" reflector="k8s.io/client-go/informers/factory.go:160" type="*v1.Node" totalItems=20
2026-06-19T12:11:13.890440349Z I0619 12:11:13.890309       1 leaderelection.go:293] successfully renewed lease kube-system/ebs-csi-aws-com
2026-06-19T12:11:18.896467685Z I0619 12:11:18.896280       1 leaderelection.go:293] successfully renewed lease kube-system/ebs-csi-aws-com
2026-06-19T12:11:23.902073777Z I0619 12:11:23.901931       1 leaderelection.go:293] successfully renewed lease kube-system/ebs-csi-aws-com
2026-06-19T12:11:28.910720498Z I0619 12:11:28.910592       1 leaderelection.go:293] successfully renewed lease kube-system/ebs-csi-aws-com
2026-06-19T12:11:33.915478279Z I0619 12:11:33.915293       1 leaderelection.go:293] successfully renewed lease kube-system/ebs-csi-aws-com
2026-06-19T12:11:38.922170632Z I0619 12:11:38.921894       1 leaderelection.go:293] successfully renewed lease kube-system/ebs-csi-aws-com
2026-06-19T12:11:41.169171965Z I0619 12:11:41.168943       1 reflector.go:946] "Watch close" reflector="k8s.io/client-go/informers/factory.go:160" type="*v1.StorageClass" totalItems=8
2026-06-19T12:11:43.931161247Z I0619 12:11:43.930945       1 leaderelection.go:293] successfully renewed lease kube-system/ebs-csi-aws-com
2026-06-19T12:11:48.937191075Z I0619 12:11:48.936923       1 leaderelection.go:293] successfully renewed lease kube-system/ebs-csi-aws-com
2026-06-19T12:11:49.187888356Z I0619 12:11:49.187679       1 reflector.go:946] "Watch close" reflector="k8s.io/client-go/informers/factory.go:160" type="*v1.PersistentVolumeClaim" totalItems=15
2026-06-19T12:11:53.956138628Z I0619 12:11:53.955993       1 leaderelection.go:293] successfully renewed lease kube-system/ebs-csi-aws-com
2026-06-19T12:11:58.961997249Z I0619 12:11:58.961871       1 leaderelection.go:293] successfully renewed lease kube-system/ebs-csi-aws-com
2026-06-19T12:12:03.972816357Z I0619 12:12:03.972674       1 leaderelection.go:293] successfully renewed lease kube-system/ebs-csi-aws-com
2026-06-19T12:12:08.978607795Z I0619 12:12:08.978382       1 leaderelection.go:293] successfully renewed lease kube-system/ebs-csi-aws-com
2026-06-19T12:12:13.984368434Z I0619 12:12:13.984232       1 leaderelection.go:293] successfully renewed lease kube-system/ebs-csi-aws-com
2026-06-19T12:12:18.990404078Z I0619 12:12:18.990249       1 leaderelection.go:293] successfully renewed lease kube-system/ebs-csi-aws-com
2026-06-19T12:12:22.276267384Z I0619 12:12:22.276107       1 reflector.go:946] "Watch close" reflector="sigs.k8s.io/sig-storage-lib-external-provisioner/v11/controller/controller.go:875" type="*v1.StorageClass" totalItems=6
2026-06-19T12:12:23.996453114Z I0619 12:12:23.996220       1 leaderelection.go:293] successfully renewed lease kube-system/ebs-csi-aws-com
2026-06-19T12:12:29.002435977Z I0619 12:12:29.002302       1 leaderelection.go:293] successfully renewed lease kube-system/ebs-csi-aws-com
2026-06-19T12:12:34.008384734Z I0619 12:12:34.008250       1 leaderelection.go:293] successfully renewed lease kube-system/ebs-csi-aws-com
2026-06-19T12:12:39.014214384Z I0619 12:12:39.014038       1 leaderelection.go:293] successfully renewed lease kube-system/ebs-csi-aws-com
2026-06-19T12:12:44.020395808Z I0619 12:12:44.020265       1 leaderelection.go:293] successfully renewed lease kube-system/ebs-csi-aws-com
2026-06-19T12:12:49.031045437Z I0619 12:12:49.030774       1 leaderelection.go:293] successfully renewed lease kube-system/ebs-csi-aws-com
2026-06-19T12:12:54.036832418Z I0619 12:12:54.036659       1 leaderelection.go:293] successfully renewed lease kube-system/ebs-csi-aws-com
2026-06-19T12:12:59.042489485Z I0619 12:12:59.042374       1 leaderelection.go:293] successfully renewed lease kube-system/ebs-csi-aws-com
2026-06-19T12:13:04.076138907Z I0619 12:13:04.073647       1 leaderelection.go:293] successfully renewed lease kube-system/ebs-csi-aws-com
2026-06-19T12:13:07.277070155Z I0619 12:13:07.276555       1 reflector.go:946] "Watch close" reflector="k8s.io/client-go/informers/factory.go:160" type="*v1.CSINode" totalItems=8
2026-06-19T12:13:09.079624641Z I0619 12:13:09.079474       1 leaderelection.go:293] successfully renewed lease kube-system/ebs-csi-aws-com
2026-06-19T12:13:14.085734865Z I0619 12:13:14.085534       1 leaderelection.go:293] successfully renewed lease kube-system/ebs-csi-aws-com
2026-06-19T12:13:19.093128556Z I0619 12:13:19.092733       1 leaderelection.go:293] successfully renewed lease kube-system/ebs-csi-aws-com
2026-06-19T12:13:24.098327157Z I0619 12:13:24.098187       1 leaderelection.go:293] successfully renewed lease kube-system/ebs-csi-aws-com
2026-06-19T12:13:29.106998266Z I0619 12:13:29.106880       1 leaderelection.go:293] successfully renewed lease kube-system/ebs-csi-aws-com
2026-06-19T12:13:34.112783710Z I0619 12:13:34.112627       1 leaderelection.go:293] successfully renewed lease kube-system/ebs-csi-aws-com
2026-06-19T12:13:39.119420278Z I0619 12:13:39.119287       1 leaderelection.go:293] successfully renewed lease kube-system/ebs-csi-aws-com
2026-06-19T12:13:44.124697447Z I0619 12:13:44.124520       1 leaderelection.go:293] successfully renewed lease kube-system/ebs-csi-aws-com
2026-06-19T12:13:49.131292363Z I0619 12:13:49.131105       1 leaderelection.go:293] successfully renewed lease kube-system/ebs-csi-aws-com
2026-06-19T12:13:54.144111827Z I0619 12:13:54.143994       1 leaderelection.go:293] successfully renewed lease kube-system/ebs-csi-aws-com
2026-06-19T12:13:59.149972631Z I0619 12:13:59.149790       1 leaderelection.go:293] successfully renewed lease kube-system/ebs-csi-aws-com
2026-06-19T12:14:04.215734604Z I0619 12:14:04.215608       1 leaderelection.go:293] successfully renewed lease kube-system/ebs-csi-aws-com
2026-06-19T12:14:09.221171530Z I0619 12:14:09.220853       1 leaderelection.go:293] successfully renewed lease kube-system/ebs-csi-aws-com
2026-06-19T12:14:14.226301522Z I0619 12:14:14.226167       1 leaderelection.go:293] successfully renewed lease kube-system/ebs-csi-aws-com
2026-06-19T12:14:19.232753151Z I0619 12:14:19.232605       1 leaderelection.go:293] successfully renewed lease kube-system/ebs-csi-aws-com
2026-06-19T12:14:24.240462151Z I0619 12:14:24.240232       1 leaderelection.go:293] successfully renewed lease kube-system/ebs-csi-aws-com
2026-06-19T12:14:29.248555349Z I0619 12:14:29.248296       1 leaderelection.go:293] successfully renewed lease kube-system/ebs-csi-aws-com
2026-06-19T12:14:34.253932474Z I0619 12:14:34.253811       1 leaderelection.go:293] successfully renewed lease kube-system/ebs-csi-aws-com
2026-06-19T12:14:39.259579977Z I0619 12:14:39.259376       1 leaderelection.go:293] successfully renewed lease kube-system/ebs-csi-aws-com
2026-06-19T12:14:44.264371974Z I0619 12:14:44.264223       1 leaderelection.go:293] successfully renewed lease kube-system/ebs-csi-aws-com
2026-06-19T12:14:49.271162963Z I0619 12:14:49.271042       1 leaderelection.go:293] successfully renewed lease kube-system/ebs-csi-aws-com
2026-06-19T12:14:54.277613303Z I0619 12:14:54.277405       1 leaderelection.go:293] successfully renewed lease kube-system/ebs-csi-aws-com
2026-06-19T12:14:59.283507303Z I0619 12:14:59.283307       1 leaderelection.go:293] successfully renewed lease kube-system/ebs-csi-aws-com
2026-06-19T12:15:04.290367806Z I0619 12:15:04.290218       1 leaderelection.go:293] successfully renewed lease kube-system/ebs-csi-aws-com
2026-06-19T12:15:09.296157636Z I0619 12:15:09.296020       1 leaderelection.go:293] successfully renewed lease kube-system/ebs-csi-aws-com
2026-06-19T12:15:14.302217249Z I0619 12:15:14.302069       1 leaderelection.go:293] successfully renewed lease kube-system/ebs-csi-aws-com
2026-06-19T12:15:16.284519793Z I0619 12:15:16.284115       1 reflector.go:946] "Watch close" reflector="k8s.io/client-go/informers/factory.go:160" type="*v1.VolumeAttachment" totalItems=13
2026-06-19T12:15:19.308258977Z I0619 12:15:19.308113       1 leaderelection.go:293] successfully renewed lease kube-system/ebs-csi-aws-com
2026-06-19T12:15:24.316885293Z I0619 12:15:24.316609       1 leaderelection.go:293] successfully renewed lease kube-system/ebs-csi-aws-com
2026-06-19T12:15:29.322481841Z I0619 12:15:29.322325       1 leaderelection.go:293] successfully renewed lease kube-system/ebs-csi-aws-com
2026-06-19T12:15:34.329211825Z I0619 12:15:34.328890       1 leaderelection.go:293] successfully renewed lease kube-system/ebs-csi-aws-com
2026-06-19T12:15:37.063923139Z I0619 12:15:37.063738       1 reflector.go:450] "Forcing resync" reflector="k8s.io/client-go/informers/factory.go:160"
2026-06-19T12:15:37.141474476Z I0619 12:15:37.141276       1 reflector.go:450] "Forcing resync" reflector="sigs.k8s.io/sig-storage-lib-external-provisioner/v11/controller/controller.go:872"
2026-06-19T12:15:37.141924667Z I0619 12:15:37.141400       1 controller.go:1185] "handleProtectionFinalizer" PV="&PersistentVolume{ObjectMeta:{pvc-aadf1544-cc0d-48a8-971b-741e09e58afb    e89cbcfc-425f-4c5e-8441-a14f3173d292 74285 0 2026-06-19 12:09:30 +0000 UTC <nil> <nil> map[] map[pv.kubernetes.io/provisioned-by:ebs.csi.aws.com volume.kubernetes.io/provisioner-deletion-secret-name: volume.kubernetes.io/provisioner-deletion-secret-namespace:] [] [external-provisioner.volume.kubernetes.io/finalizer kubernetes.io/pv-protection external-attacher/ebs-csi-aws-com] [{csi-provisioner Update v1 2026-06-19 12:09:30 +0000 UTC FieldsV1 {\"f:metadata\":{\"f:annotations\":{\".\":{},\"f:pv.kubernetes.io/provisioned-by\":{},\"f:volume.kubernetes.io/provisioner-deletion-secret-name\":{},\"f:volume.kubernetes.io/provisioner-deletion-secret-namespace\":{}},\"f:finalizers\":{\".\":{},\"v:\\\"external-provisioner.volume.kubernetes.io/finalizer\\\"\":{}}},\"f:spec\":{\"f:accessModes\":{},\"f:capacity\":{\".\":{},\"f:storage\":{}},\"f:claimRef\":{\".\":{},\"f:apiVersion\":{},\"f:kind\":{},\"f:name\":{},\"f:namespace\":{},\"f:resourceVersion\":{},\"f:uid\":{}},\"f:csi\":{\".\":{},\"f:driver\":{},\"f:fsType\":{},\"f:volumeAttributes\":{\".\":{},\"f:storage.kubernetes.io/csiProvisionerIdentity\":{}},\"f:volumeHandle\":{}},\"f:nodeAffinity\":{\".\":{},\"f:required\":{}},\"f:persistentVolumeReclaimPolicy\":{},\"f:storageClassName\":{},\"f:volumeMode\":{}}} } {kube-controller-manager Update v1 2026-06-19 12:09:30 +0000 UTC FieldsV1 {\"f:status\":{\"f:phase\":{}}} status} {csi-attacher Update v1 2026-06-19 12:09:31 +0000 UTC FieldsV1 {\"f:metadata\":{\"f:finalizers\":{\"v:\\\"external-attacher/ebs-csi-aws-com\\\"\":{}}}} }]},Spec:PersistentVolumeSpec{Capacity:ResourceList{storage: {{10737418240 0} {<nil>} 10Gi BinarySI},},PersistentVolumeSource:PersistentVolumeSource{GCEPersistentDisk:nil,AWSElasticBlockStore:nil,HostPath:nil,Glusterfs:nil,NFS:nil,RBD:nil,ISCSI:nil,Cinder:nil,CephFS:nil,FC:nil,Flocker:nil,FlexVolume:nil,AzureFile:nil,VsphereVolume:nil,Quobyte:nil,AzureDisk:nil,PhotonPersistentDisk:nil,PortworxVolume:nil,ScaleIO:nil,Local:nil,StorageOS:nil,CSI:&CSIPersistentVolumeSource{Driver:ebs.csi.aws.com,VolumeHandle:vol-0dd4656eba8ec6c05,ReadOnly:false,FSType:ext4,VolumeAttributes:map[string]string{storage.kubernetes.io/csiProvisionerIdentity: 1781855100628-189-ebs.csi.aws.com,},ControllerPublishSecretRef:nil,NodeStageSecretRef:nil,NodePublishSecretRef:nil,ControllerExpandSecretRef:nil,NodeExpandSecretRef:nil,},},AccessModes:[ReadWriteOnce],ClaimRef:&ObjectReference{Kind:PersistentVolumeClaim,Namespace:kubentic-foresight,Name:server-volume-vlogs-server-0,UID:aadf1544-cc0d-48a8-971b-741e09e58afb,APIVersion:v1,ResourceVersion:74211,FieldPath:,},PersistentVolumeReclaimPolicy:Delete,StorageClassName:kops-csi-1-21,MountOptions:[],VolumeMode:*Filesystem,NodeAffinity:&VolumeNodeAffinity{Required:&NodeSelector{NodeSelectorTerms:[]NodeSelectorTerm{NodeSelectorTerm{MatchExpressions:[]NodeSelectorRequirement{NodeSelectorRequirement{Key:topology.kubernetes.io/zone,Operator:In,Values:[us-west-2a],},},MatchFields:[]NodeSelectorRequirement{},},},},},VolumeAttributesClassName:nil,},Status:PersistentVolumeStatus{Phase:Bound,Message:,Reason:,LastPhaseTransitionTime:2026-06-19 12:09:30 +0000 UTC,},}"
2026-06-19T12:15:37.141986206Z I0619 12:15:37.141790       1 controller.go:1272] "shouldDelete" PV="pvc-aadf1544-cc0d-48a8-971b-741e09e58afb"
2026-06-19T12:15:37.141990652Z I0619 12:15:37.141801       1 controller.go:1293] "shouldDelete is false: PersistentVolumePhase is not Released" PV="pvc-aadf1544-cc0d-48a8-971b-741e09e58afb"
2026-06-19T12:15:37.142006506Z I0619 12:15:37.141609       1 controller.go:1185] "handleProtectionFinalizer" PV="&PersistentVolume{ObjectMeta:{pvc-145a2d39-444b-4f32-a485-a26454ae8b53    33982ac3-f03e-412d-94e6-9bc9f19c3a73 74385 0 2026-06-19 12:09:34 +0000 UTC <nil> <nil> map[] map[pv.kubernetes.io/provisioned-by:ebs.csi.aws.com volume.kubernetes.io/provisioner-deletion-secret-name: volume.kubernetes.io/provisioner-deletion-secret-namespace:] [] [external-provisioner.volume.kubernetes.io/finalizer kubernetes.io/pv-protection external-attacher/ebs-csi-aws-com] [{csi-provisioner Update v1 2026-06-19 12:09:34 +0000 UTC FieldsV1 {\"f:metadata\":{\"f:annotations\":{\".\":{},\"f:pv.kubernetes.io/provisioned-by\":{},\"f:volume.kubernetes.io/provisioner-deletion-secret-name\":{},\"f:volume.kubernetes.io/provisioner-deletion-secret-namespace\":{}},\"f:finalizers\":{\".\":{},\"v:\\\"external-provisioner.volume.kubernetes.io/finalizer\\\"\":{}}},\"f:spec\":{\"f:accessModes\":{},\"f:capacity\":{\".\":{},\"f:storage\":{}},\"f:claimRef\":{\".\":{},\"f:apiVersion\":{},\"f:kind\":{},\"f:name\":{},\"f:namespace\":{},\"f:resourceVersion\":{},\"f:uid\":{}},\"f:csi\":{\".\":{},\"f:driver\":{},\"f:fsType\":{},\"f:volumeAttributes\":{\".\":{},\"f:storage.kubernetes.io/csiProvisionerIdentity\":{}},\"f:volumeHandle\":{}},\"f:nodeAffinity\":{\".\":{},\"f:required\":{}},\"f:persistentVolumeReclaimPolicy\":{},\"f:storageClassName\":{},\"f:volumeMode\":{}}} } {kube-controller-manager Update v1 2026-06-19 12:09:34 +0000 UTC FieldsV1 {\"f:status\":{\"f:phase\":{}}} status} {csi-attacher Update v1 2026-06-19 12:09:35 +0000 UTC FieldsV1 {\"f:metadata\":{\"f:finalizers\":{\"v:\\\"external-attacher/ebs-csi-aws-com\\\"\":{}}}} }]},Spec:PersistentVolumeSpec{Capacity:ResourceList{storage: {{10737418240 0} {<nil>} 10Gi BinarySI},},PersistentVolumeSource:PersistentVolumeSource{GCEPersistentDisk:nil,AWSElasticBlockStore:nil,HostPath:nil,Glusterfs:nil,NFS:nil,RBD:nil,ISCSI:nil,Cinder:nil,CephFS:nil,FC:nil,Flocker:nil,FlexVolume:nil,AzureFile:nil,VsphereVolume:nil,Quobyte:nil,AzureDisk:nil,PhotonPersistentDisk:nil,PortworxVolume:nil,ScaleIO:nil,Local:nil,StorageOS:nil,CSI:&CSIPersistentVolumeSource{Driver:ebs.csi.aws.com,VolumeHandle:vol-0f1b453e6a7af752c,ReadOnly:false,FSType:ext4,VolumeAttributes:map[string]string{storage.kubernetes.io/csiProvisionerIdentity: 1781855100628-189-ebs.csi.aws.com,},ControllerPublishSecretRef:nil,NodeStageSecretRef:nil,NodePublishSecretRef:nil,ControllerExpandSecretRef:nil,NodeExpandSecretRef:nil,},},AccessModes:[ReadWriteOnce],ClaimRef:&ObjectReference{Kind:PersistentVolumeClaim,Namespace:kubentic-foresight,Name:vmsingle-vmstack,UID:145a2d39-444b-4f32-a485-a26454ae8b53,APIVersion:v1,ResourceVersion:74332,FieldPath:,},PersistentVolumeReclaimPolicy:Delete,StorageClassName:kops-csi-1-21,MountOptions:[],VolumeMode:*Filesystem,NodeAffinity:&VolumeNodeAffinity{Required:&NodeSelector{NodeSelectorTerms:[]NodeSelectorTerm{NodeSelectorTerm{MatchExpressions:[]NodeSelectorRequirement{NodeSelectorRequirement{Key:topology.kubernetes.io/zone,Operator:In,Values:[us-west-2a],},},MatchFields:[]NodeSelectorRequirement{},},},},},VolumeAttributesClassName:nil,},Status:PersistentVolumeStatus{Phase:Bound,Message:,Reason:,LastPhaseTransitionTime:2026-06-19 12:09:34 +0000 UTC,},}"
2026-06-19T12:15:37.142013557Z I0619 12:15:37.141818       1 controller.go:1272] "shouldDelete" PV="pvc-145a2d39-444b-4f32-a485-a26454ae8b53"
2026-06-19T12:15:37.142015902Z I0619 12:15:37.141823       1 controller.go:1293] "shouldDelete is false: PersistentVolumePhase is not Released" PV="pvc-145a2d39-444b-4f32-a485-a26454ae8b53"
2026-06-19T12:15:39.335697986Z I0619 12:15:39.335491       1 leaderelection.go:293] successfully renewed lease kube-system/ebs-csi-aws-com
2026-06-19T12:15:44.341322771Z I0619 12:15:44.341146       1 leaderelection.go:293] successfully renewed lease kube-system/ebs-csi-aws-com
2026-06-19T12:15:49.347331567Z I0619 12:15:49.347213       1 leaderelection.go:293] successfully renewed lease kube-system/ebs-csi-aws-com
2026-06-19T12:15:54.355109091Z I0619 12:15:54.354947       1 leaderelection.go:293] successfully renewed lease kube-system/ebs-csi-aws-com
2026-06-19T12:15:59.360640841Z I0619 12:15:59.360472       1 leaderelection.go:293] successfully renewed lease kube-system/ebs-csi-aws-com
2026-06-19T12:16:04.367438320Z I0619 12:16:04.366043       1 leaderelection.go:293] successfully renewed lease kube-system/ebs-csi-aws-com
2026-06-19T12:16:09.372197551Z I0619 12:16:09.372049       1 leaderelection.go:293] successfully renewed lease kube-system/ebs-csi-aws-com
2026-06-19T12:16:14.377779773Z I0619 12:16:14.377645       1 leaderelection.go:293] successfully renewed lease kube-system/ebs-csi-aws-com
2026-06-19T12:16:19.383720516Z I0619 12:16:19.383505       1 leaderelection.go:293] successfully renewed lease kube-system/ebs-csi-aws-com
2026-06-19T12:16:24.389313213Z I0619 12:16:24.389182       1 leaderelection.go:293] successfully renewed lease kube-system/ebs-csi-aws-com
2026-06-19T12:16:29.395524984Z I0619 12:16:29.395399       1 leaderelection.go:293] successfully renewed lease kube-system/ebs-csi-aws-com
2026-06-19T12:16:34.404204200Z I0619 12:16:34.404019       1 leaderelection.go:293] successfully renewed lease kube-system/ebs-csi-aws-com
2026-06-19T12:16:39.410350152Z I0619 12:16:39.410216       1 leaderelection.go:293] successfully renewed lease kube-system/ebs-csi-aws-com
2026-06-19T12:16:44.416906925Z I0619 12:16:44.416782       1 leaderelection.go:293] successfully renewed lease kube-system/ebs-csi-aws-com
2026-06-19T12:16:49.423148937Z I0619 12:16:49.423025       1 leaderelection.go:293] successfully renewed lease kube-system/ebs-csi-aws-com
2026-06-19T12:16:54.429063434Z I0619 12:16:54.428842       1 leaderelection.go:293] successfully renewed lease kube-system/ebs-csi-aws-com
2026-06-19T12:16:59.435949652Z I0619 12:16:59.435733       1 leaderelection.go:293] successfully renewed lease kube-system/ebs-csi-aws-com
2026-06-19T12:17:04.487143438Z I0619 12:17:04.486842       1 leaderelection.go:293] successfully renewed lease kube-system/ebs-csi-aws-com
2026-06-19T12:17:07.190146372Z I0619 12:17:07.189670       1 reflector.go:946] "Watch close" reflector="k8s.io/client-go/informers/factory.go:160" type="*v1.PersistentVolumeClaim" totalItems=6
2026-06-19T12:17:09.493220731Z I0619 12:17:09.493090       1 leaderelection.go:293] successfully renewed lease kube-system/ebs-csi-aws-com
2026-06-19T12:17:14.498863932Z I0619 12:17:14.498716       1 leaderelection.go:293] successfully renewed lease kube-system/ebs-csi-aws-com
2026-06-19T12:17:19.504322895Z I0619 12:17:19.504114       1 leaderelection.go:293] successfully renewed lease kube-system/ebs-csi-aws-com
2026-06-19T12:17:24.509631746Z I0619 12:17:24.509480       1 leaderelection.go:293] successfully renewed lease kube-system/ebs-csi-aws-com
2026-06-19T12:17:29.205801600Z I0619 12:17:29.205664       1 reflector.go:946] "Watch close" reflector="k8s.io/client-go/informers/factory.go:160" type="*v1.Node" totalItems=10
2026-06-19T12:17:29.515398520Z I0619 12:17:29.515220       1 leaderelection.go:293] successfully renewed lease kube-system/ebs-csi-aws-com
2026-06-19T12:17:34.520583950Z I0619 12:17:34.520431       1 leaderelection.go:293] successfully renewed lease kube-system/ebs-csi-aws-com
2026-06-19T12:17:39.528172974Z I0619 12:17:39.528043       1 leaderelection.go:293] successfully renewed lease kube-system/ebs-csi-aws-com
2026-06-19T12:17:44.533939453Z I0619 12:17:44.533825       1 leaderelection.go:293] successfully renewed lease kube-system/ebs-csi-aws-com
2026-06-19T12:17:49.540628008Z I0619 12:17:49.540472       1 leaderelection.go:293] successfully renewed lease kube-system/ebs-csi-aws-com
2026-06-19T12:17:54.545826531Z I0619 12:17:54.545658       1 leaderelection.go:293] successfully renewed lease kube-system/ebs-csi-aws-com
2026-06-19T12:17:59.556785282Z I0619 12:17:59.556651       1 leaderelection.go:293] successfully renewed lease kube-system/ebs-csi-aws-com
2026-06-19T12:18:04.623798557Z I0619 12:18:04.623689       1 leaderelection.go:293] successfully renewed lease kube-system/ebs-csi-aws-com
2026-06-19T12:18:09.633602965Z I0619 12:18:09.633413       1 leaderelection.go:293] successfully renewed lease kube-system/ebs-csi-aws-com
2026-06-19T12:18:14.643572123Z I0619 12:18:14.643403       1 leaderelection.go:293] successfully renewed lease kube-system/ebs-csi-aws-com
2026-06-19T12:18:19.650068323Z I0619 12:18:19.649936       1 leaderelection.go:293] successfully renewed lease kube-system/ebs-csi-aws-com
2026-06-19T12:18:21.502274207Z I0619 12:18:21.502066       1 reflector.go:946] "Watch close" reflector="sigs.k8s.io/sig-storage-lib-external-provisioner/v11/controller/controller.go:872" type="*v1.PersistentVolume" totalItems=9
2026-06-19T12:18:24.655643910Z I0619 12:18:24.655417       1 leaderelection.go:293] successfully renewed lease kube-system/ebs-csi-aws-com
2026-06-19T12:18:29.662720086Z I0619 12:18:29.662536       1 leaderelection.go:293] successfully renewed lease kube-system/ebs-csi-aws-com
2026-06-19T12:18:34.670020310Z I0619 12:18:34.669834       1 leaderelection.go:293] successfully renewed lease kube-system/ebs-csi-aws-com
2026-06-19T12:18:39.676856760Z I0619 12:18:39.676741       1 leaderelection.go:293] successfully renewed lease kube-system/ebs-csi-aws-com
2026-06-19T12:18:44.683421241Z I0619 12:18:44.683241       1 leaderelection.go:293] successfully renewed lease kube-system/ebs-csi-aws-com
2026-06-19T12:18:49.690083426Z I0619 12:18:49.689959       1 leaderelection.go:293] successfully renewed lease kube-system/ebs-csi-aws-com
2026-06-19T12:18:54.695412779Z I0619 12:18:54.695220       1 leaderelection.go:293] successfully renewed lease kube-system/ebs-csi-aws-com
2026-06-19T12:18:59.703266607Z I0619 12:18:59.703131       1 leaderelection.go:293] successfully renewed lease kube-system/ebs-csi-aws-com
2026-06-19T12:19:04.750228219Z I0619 12:19:04.749861       1 leaderelection.go:293] successfully renewed lease kube-system/ebs-csi-aws-com
2026-06-19T12:19:09.758083076Z I0619 12:19:09.757948       1 leaderelection.go:293] successfully renewed lease kube-system/ebs-csi-aws-com
2026-06-19T12:19:14.763885633Z I0619 12:19:14.763612       1 leaderelection.go:293] successfully renewed lease kube-system/ebs-csi-aws-com
2026-06-19T12:19:19.770620040Z I0619 12:19:19.770456       1 leaderelection.go:293] successfully renewed lease kube-system/ebs-csi-aws-com
2026-06-19T12:19:24.783475384Z I0619 12:19:24.783236       1 leaderelection.go:293] successfully renewed lease kube-system/ebs-csi-aws-com
2026-06-19T12:19:29.789164955Z I0619 12:19:29.788870       1 leaderelection.go:293] successfully renewed lease kube-system/ebs-csi-aws-com
2026-06-19T12:19:34.794357018Z I0619 12:19:34.794226       1 leaderelection.go:293] successfully renewed lease kube-system/ebs-csi-aws-com
2026-06-19T12:19:39.801298555Z I0619 12:19:39.801163       1 leaderelection.go:293] successfully renewed lease kube-system/ebs-csi-aws-com
2026-06-19T12:19:44.809480334Z I0619 12:19:44.809331       1 leaderelection.go:293] successfully renewed lease kube-system/ebs-csi-aws-com
2026-06-19T12:19:49.814910171Z I0619 12:19:49.814781       1 leaderelection.go:293] successfully renewed lease kube-system/ebs-csi-aws-com
2026-06-19T12:19:54.821151778Z I0619 12:19:54.820817       1 leaderelection.go:293] successfully renewed lease kube-system/ebs-csi-aws-com
2026-06-19T12:19:59.829898964Z I0619 12:19:59.829778       1 leaderelection.go:293] successfully renewed lease kube-system/ebs-csi-aws-com
2026-06-19T12:20:04.880280843Z I0619 12:20:04.879978       1 leaderelection.go:293] successfully renewed lease kube-system/ebs-csi-aws-com
2026-06-19T12:20:09.892274907Z I0619 12:20:09.892127       1 leaderelection.go:293] successfully renewed lease kube-system/ebs-csi-aws-com
2026-06-19T12:20:14.899009000Z I0619 12:20:14.898868       1 leaderelection.go:293] successfully renewed lease kube-system/ebs-csi-aws-com
2026-06-19T12:20:16.278844917Z I0619 12:20:16.278680       1 reflector.go:946] "Watch close" reflector="sigs.k8s.io/sig-storage-lib-external-provisioner/v11/controller/controller.go:875" type="*v1.StorageClass" totalItems=9
2026-06-19T12:20:18.290605409Z I0619 12:20:18.290385       1 reflector.go:946] "Watch close" reflector="k8s.io/client-go/informers/factory.go:160" type="*v1.CSINode" totalItems=9
2026-06-19T12:20:19.904676698Z I0619 12:20:19.904503       1 leaderelection.go:293] successfully renewed lease kube-system/ebs-csi-aws-com
2026-06-19T12:20:24.910661637Z I0619 12:20:24.910468       1 leaderelection.go:293] successfully renewed lease kube-system/ebs-csi-aws-com
2026-06-19T12:20:29.917158073Z I0619 12:20:29.916902       1 leaderelection.go:293] successfully renewed lease kube-system/ebs-csi-aws-com
2026-06-19T12:20:34.923360189Z I0619 12:20:34.923227       1 leaderelection.go:293] successfully renewed lease kube-system/ebs-csi-aws-com
2026-06-19T12:20:39.928669420Z I0619 12:20:39.928520       1 leaderelection.go:293] successfully renewed lease kube-system/ebs-csi-aws-com
2026-06-19T12:20:44.936519879Z I0619 12:20:44.936396       1 leaderelection.go:293] successfully renewed lease kube-system/ebs-csi-aws-com
2026-06-19T12:20:49.171013324Z I0619 12:20:49.170672       1 reflector.go:946] "Watch close" reflector="k8s.io/client-go/informers/factory.go:160" type="*v1.StorageClass" totalItems=11
2026-06-19T12:20:49.942274699Z I0619 12:20:49.942150       1 leaderelection.go:293] successfully renewed lease kube-system/ebs-csi-aws-com
2026-06-19T12:20:54.948006522Z I0619 12:20:54.947844       1 leaderelection.go:293] successfully renewed lease kube-system/ebs-csi-aws-com
2026-06-19T12:20:59.956910622Z I0619 12:20:59.956758       1 leaderelection.go:293] successfully renewed lease kube-system/ebs-csi-aws-com
2026-06-19T12:21:04.962357402Z I0619 12:21:04.962239       1 leaderelection.go:293] successfully renewed lease kube-system/ebs-csi-aws-com
2026-06-19T12:21:09.968659500Z I0619 12:21:09.968522       1 leaderelection.go:293] successfully renewed lease kube-system/ebs-csi-aws-com
2026-06-19T12:21:14.974587694Z I0619 12:21:14.974333       1 leaderelection.go:293] successfully renewed lease kube-system/ebs-csi-aws-com
2026-06-19T12:21:19.980038720Z I0619 12:21:19.979820       1 leaderelection.go:293] successfully renewed lease kube-system/ebs-csi-aws-com
2026-06-19T12:21:24.986675807Z I0619 12:21:24.986496       1 leaderelection.go:293] successfully renewed lease kube-system/ebs-csi-aws-com
2026-06-19T12:21:29.992229381Z I0619 12:21:29.992087       1 leaderelection.go:293] successfully renewed lease kube-system/ebs-csi-aws-com
2026-06-19T12:21:34.998192262Z I0619 12:21:34.997999       1 leaderelection.go:293] successfully renewed lease kube-system/ebs-csi-aws-com
2026-06-19T12:21:40.004257609Z I0619 12:21:40.004118       1 leaderelection.go:293] successfully renewed lease kube-system/ebs-csi-aws-com
2026-06-19T12:21:45.010647535Z I0619 12:21:45.010523       1 leaderelection.go:293] successfully renewed lease kube-system/ebs-csi-aws-com
2026-06-19T12:21:50.016528048Z I0619 12:21:50.016365       1 leaderelection.go:293] successfully renewed lease kube-system/ebs-csi-aws-com
2026-06-19T12:21:55.022363250Z I0619 12:21:55.022238       1 leaderelection.go:293] successfully renewed lease kube-system/ebs-csi-aws-com
2026-06-19T12:22:00.132570806Z I0619 12:22:00.131443       1 leaderelection.go:293] successfully renewed lease kube-system/ebs-csi-aws-com
2026-06-19T12:22:05.136812726Z I0619 12:22:05.136590       1 leaderelection.go:293] successfully renewed lease kube-system/ebs-csi-aws-com
2026-06-19T12:22:10.143438871Z I0619 12:22:10.143310       1 leaderelection.go:293] successfully renewed lease kube-system/ebs-csi-aws-com
2026-06-19T12:22:15.150849185Z I0619 12:22:15.150698       1 leaderelection.go:293] successfully renewed lease kube-system/ebs-csi-aws-com
2026-06-19T12:22:20.157140264Z I0619 12:22:20.156802       1 leaderelection.go:293] successfully renewed lease kube-system/ebs-csi-aws-com
2026-06-19T12:22:25.165271298Z I0619 12:22:25.164813       1 leaderelection.go:293] successfully renewed lease kube-system/ebs-csi-aws-com
2026-06-19T12:22:29.286810654Z I0619 12:22:29.286662       1 reflector.go:946] "Watch close" reflector="k8s.io/client-go/informers/factory.go:160" type="*v1.VolumeAttachment" totalItems=9
2026-06-19T12:22:30.171218303Z I0619 12:22:30.170967       1 leaderelection.go:293] successfully renewed lease kube-system/ebs-csi-aws-com
2026-06-19T12:22:35.177754716Z I0619 12:22:35.177602       1 leaderelection.go:293] successfully renewed lease kube-system/ebs-csi-aws-com
2026-06-19T12:22:40.184101869Z I0619 12:22:40.183936       1 leaderelection.go:293] successfully renewed lease kube-system/ebs-csi-aws-com
2026-06-19T12:22:45.190111380Z I0619 12:22:45.189980       1 leaderelection.go:293] successfully renewed lease kube-system/ebs-csi-aws-com
2026-06-19T12:22:50.197144593Z I0619 12:22:50.196730       1 leaderelection.go:293] successfully renewed lease kube-system/ebs-csi-aws-com
2026-06-19T12:22:55.202805068Z I0619 12:22:55.202603       1 leaderelection.go:293] successfully renewed lease kube-system/ebs-csi-aws-com
2026-06-19T12:23:00.210049161Z I0619 12:23:00.209802       1 leaderelection.go:293] successfully renewed lease kube-system/ebs-csi-aws-com
2026-06-19T12:23:05.215499092Z I0619 12:23:05.215300       1 leaderelection.go:293] successfully renewed lease kube-system/ebs-csi-aws-com
2026-06-19T12:23:10.225794713Z I0619 12:23:10.225526       1 leaderelection.go:293] successfully renewed lease kube-system/ebs-csi-aws-com
2026-06-19T12:23:15.231329310Z I0619 12:23:15.231199       1 leaderelection.go:293] successfully renewed lease kube-system/ebs-csi-aws-com
2026-06-19T12:23:20.237288033Z I0619 12:23:20.237144       1 leaderelection.go:293] successfully renewed lease kube-system/ebs-csi-aws-com
2026-06-19T12:23:25.260526739Z I0619 12:23:25.260302       1 leaderelection.go:293] successfully renewed lease kube-system/ebs-csi-aws-com
2026-06-19T12:23:30.266270660Z I0619 12:23:30.266151       1 leaderelection.go:293] successfully renewed lease kube-system/ebs-csi-aws-com
2026-06-19T12:23:35.271506535Z I0619 12:23:35.271325       1 leaderelection.go:293] successfully renewed lease kube-system/ebs-csi-aws-com
2026-06-19T12:23:40.277675429Z I0619 12:23:40.277527       1 leaderelection.go:293] successfully renewed lease kube-system/ebs-csi-aws-com
2026-06-19T12:23:45.283280763Z I0619 12:23:45.283106       1 leaderelection.go:293] successfully renewed lease kube-system/ebs-csi-aws-com
2026-06-19T12:23:50.289137924Z I0619 12:23:50.288812       1 leaderelection.go:293] successfully renewed lease kube-system/ebs-csi-aws-com
2026-06-19T12:23:55.294385108Z I0619 12:23:55.294222       1 leaderelection.go:293] successfully renewed lease kube-system/ebs-csi-aws-com
2026-06-19T12:24:00.307465018Z I0619 12:24:00.307322       1 leaderelection.go:293] successfully renewed lease kube-system/ebs-csi-aws-com
2026-06-19T12:24:05.315187782Z I0619 12:24:05.315045       1 leaderelection.go:293] successfully renewed lease kube-system/ebs-csi-aws-com
2026-06-19T12:24:10.323527550Z I0619 12:24:10.323152       1 leaderelection.go:293] successfully renewed lease kube-system/ebs-csi-aws-com
2026-06-19T12:24:15.328921496Z I0619 12:24:15.328792       1 leaderelection.go:293] successfully renewed lease kube-system/ebs-csi-aws-com
2026-06-19T12:24:20.334832225Z I0619 12:24:20.334679       1 leaderelection.go:293] successfully renewed lease kube-system/ebs-csi-aws-com
2026-06-19T12:24:25.341074593Z I0619 12:24:25.340832       1 leaderelection.go:293] successfully renewed lease kube-system/ebs-csi-aws-com
2026-06-19T12:24:30.346812890Z I0619 12:24:30.346611       1 leaderelection.go:293] successfully renewed lease kube-system/ebs-csi-aws-com
2026-06-19T12:24:35.352348208Z I0619 12:24:35.352231       1 leaderelection.go:293] successfully renewed lease kube-system/ebs-csi-aws-com
2026-06-19T12:24:40.361831398Z I0619 12:24:40.361677       1 leaderelection.go:293] successfully renewed lease kube-system/ebs-csi-aws-com
2026-06-19T12:24:45.367778378Z I0619 12:24:45.367612       1 leaderelection.go:293] successfully renewed lease kube-system/ebs-csi-aws-com
2026-06-19T12:24:50.375391403Z I0619 12:24:50.375254       1 leaderelection.go:293] successfully renewed lease kube-system/ebs-csi-aws-com
2026-06-19T12:24:55.383401790Z I0619 12:24:55.383260       1 leaderelection.go:293] successfully renewed lease kube-system/ebs-csi-aws-com
2026-06-19T12:24:57.191736629Z I0619 12:24:57.191414       1 reflector.go:946] "Watch close" reflector="k8s.io/client-go/informers/factory.go:160" type="*v1.PersistentVolumeClaim" totalItems=7
2026-06-19T12:25:00.388634744Z I0619 12:25:00.388493       1 leaderelection.go:293] successfully renewed lease kube-system/ebs-csi-aws-com
2026-06-19T12:25:05.398740467Z I0619 12:25:05.397660       1 leaderelection.go:293] successfully renewed lease kube-system/ebs-csi-aws-com
2026-06-19T12:25:10.403886632Z I0619 12:25:10.403646       1 leaderelection.go:293] successfully renewed lease kube-system/ebs-csi-aws-com
2026-06-19T12:25:15.409306373Z I0619 12:25:15.409086       1 leaderelection.go:293] successfully renewed lease kube-system/ebs-csi-aws-com
2026-06-19T12:25:20.414323517Z I0619 12:25:20.414198       1 leaderelection.go:293] successfully renewed lease kube-system/ebs-csi-aws-com
2026-06-19T12:25:25.420701425Z I0619 12:25:25.420566       1 leaderelection.go:293] successfully renewed lease kube-system/ebs-csi-aws-com
2026-06-19T12:25:30.426236692Z I0619 12:25:30.425904       1 leaderelection.go:293] successfully renewed lease kube-system/ebs-csi-aws-com
2026-06-19T12:25:35.431058780Z I0619 12:25:35.430909       1 leaderelection.go:293] successfully renewed lease kube-system/ebs-csi-aws-com
2026-06-19T12:25:40.436576053Z I0619 12:25:40.436411       1 leaderelection.go:293] successfully renewed lease kube-system/ebs-csi-aws-com
2026-06-19T12:25:45.441853022Z I0619 12:25:45.441635       1 leaderelection.go:293] successfully renewed lease kube-system/ebs-csi-aws-com
2026-06-19T12:25:50.447030538Z I0619 12:25:50.446894       1 leaderelection.go:293] successfully renewed lease kube-system/ebs-csi-aws-com
2026-06-19T12:25:55.455455600Z I0619 12:25:55.455335       1 leaderelection.go:293] successfully renewed lease kube-system/ebs-csi-aws-com
2026-06-19T12:26:00.461075286Z I0619 12:26:00.460654       1 leaderelection.go:293] successfully renewed lease kube-system/ebs-csi-aws-com
2026-06-19T12:26:05.466796074Z I0619 12:26:05.466662       1 leaderelection.go:293] successfully renewed lease kube-system/ebs-csi-aws-com
2026-06-19T12:26:10.474652401Z I0619 12:26:10.474514       1 leaderelection.go:293] successfully renewed lease kube-system/ebs-csi-aws-com
2026-06-19T12:26:15.481926371Z I0619 12:26:15.481789       1 leaderelection.go:293] successfully renewed lease kube-system/ebs-csi-aws-com
2026-06-19T12:26:20.506999103Z I0619 12:26:20.506763       1 leaderelection.go:293] successfully renewed lease kube-system/ebs-csi-aws-com
2026-06-19T12:26:25.512260483Z I0619 12:26:25.512119       1 leaderelection.go:293] successfully renewed lease kube-system/ebs-csi-aws-com
2026-06-19T12:26:29.504284997Z I0619 12:26:29.504150       1 reflector.go:946] "Watch close" reflector="sigs.k8s.io/sig-storage-lib-external-provisioner/v11/controller/controller.go:872" type="*v1.PersistentVolume" totalItems=10
2026-06-19T12:26:30.517985630Z I0619 12:26:30.517846       1 leaderelection.go:293] successfully renewed lease kube-system/ebs-csi-aws-com
2026-06-19T12:26:35.524195721Z I0619 12:26:35.523947       1 leaderelection.go:293] successfully renewed lease kube-system/ebs-csi-aws-com
2026-06-19T12:26:40.530241524Z I0619 12:26:40.530122       1 leaderelection.go:293] successfully renewed lease kube-system/ebs-csi-aws-com
2026-06-19T12:26:45.539845687Z I0619 12:26:45.539717       1 leaderelection.go:293] successfully renewed lease kube-system/ebs-csi-aws-com
2026-06-19T12:26:50.545931218Z I0619 12:26:50.545785       1 leaderelection.go:293] successfully renewed lease kube-system/ebs-csi-aws-com
2026-06-19T12:26:55.551075960Z I0619 12:26:55.550948       1 leaderelection.go:293] successfully renewed lease kube-system/ebs-csi-aws-com
2026-06-19T12:27:00.561517392Z I0619 12:27:00.561398       1 leaderelection.go:293] successfully renewed lease kube-system/ebs-csi-aws-com
2026-06-19T12:27:05.570455184Z I0619 12:27:05.570301       1 leaderelection.go:293] successfully renewed lease kube-system/ebs-csi-aws-com
2026-06-19T12:27:10.578040297Z I0619 12:27:10.577846       1 leaderelection.go:293] successfully renewed lease kube-system/ebs-csi-aws-com
2026-06-19T12:27:14.207603226Z I0619 12:27:14.207333       1 reflector.go:946] "Watch close" reflector="k8s.io/client-go/informers/factory.go:160" type="*v1.Node" totalItems=14
2026-06-19T12:27:15.583580816Z I0619 12:27:15.583364       1 leaderelection.go:293] successfully renewed lease kube-system/ebs-csi-aws-com
2026-06-19T12:27:20.591600164Z I0619 12:27:20.591462       1 leaderelection.go:293] successfully renewed lease kube-system/ebs-csi-aws-com
2026-06-19T12:27:25.599195026Z I0619 12:27:25.599068       1 leaderelection.go:293] successfully renewed lease kube-system/ebs-csi-aws-com
2026-06-19T12:27:30.604881784Z I0619 12:27:30.604763       1 leaderelection.go:293] successfully renewed lease kube-system/ebs-csi-aws-com
2026-06-19T12:27:35.610752872Z I0619 12:27:35.610630       1 leaderelection.go:293] successfully renewed lease kube-system/ebs-csi-aws-com
2026-06-19T12:27:40.616734223Z I0619 12:27:40.616613       1 leaderelection.go:293] successfully renewed lease kube-system/ebs-csi-aws-com
2026-06-19T12:27:45.622737564Z I0619 12:27:45.622609       1 leaderelection.go:293] successfully renewed lease kube-system/ebs-csi-aws-com
2026-06-19T12:27:50.628408251Z I0619 12:27:50.628278       1 leaderelection.go:293] successfully renewed lease kube-system/ebs-csi-aws-com
2026-06-19T12:27:55.634636561Z I0619 12:27:55.634460       1 leaderelection.go:293] successfully renewed lease kube-system/ebs-csi-aws-com
2026-06-19T12:28:00.640174720Z I0619 12:28:00.640043       1 leaderelection.go:293] successfully renewed lease kube-system/ebs-csi-aws-com
2026-06-19T12:28:05.649473952Z I0619 12:28:05.649225       1 leaderelection.go:293] successfully renewed lease kube-system/ebs-csi-aws-com
2026-06-19T12:28:10.655279613Z I0619 12:28:10.655162       1 leaderelection.go:293] successfully renewed lease kube-system/ebs-csi-aws-com
2026-06-19T12:28:15.661402280Z I0619 12:28:15.660926       1 leaderelection.go:293] successfully renewed lease kube-system/ebs-csi-aws-com
2026-06-19T12:28:20.671644432Z I0619 12:28:20.671469       1 leaderelection.go:293] successfully renewed lease kube-system/ebs-csi-aws-com
2026-06-19T12:28:25.678808727Z I0619 12:28:25.678668       1 leaderelection.go:293] successfully renewed lease kube-system/ebs-csi-aws-com
2026-06-19T12:28:30.685293710Z I0619 12:28:30.685176       1 leaderelection.go:293] successfully renewed lease kube-system/ebs-csi-aws-com
2026-06-19T12:28:35.691250144Z I0619 12:28:35.691118       1 leaderelection.go:293] successfully renewed lease kube-system/ebs-csi-aws-com
2026-06-19T12:28:40.697238861Z I0619 12:28:40.696901       1 leaderelection.go:293] successfully renewed lease kube-system/ebs-csi-aws-com
2026-06-19T12:28:45.704770602Z I0619 12:28:45.704652       1 leaderelection.go:293] successfully renewed lease kube-system/ebs-csi-aws-com
2026-06-19T12:28:50.710293257Z I0619 12:28:50.710134       1 leaderelection.go:293] successfully renewed lease kube-system/ebs-csi-aws-com
2026-06-19T12:28:55.715805162Z I0619 12:28:55.715587       1 leaderelection.go:293] successfully renewed lease kube-system/ebs-csi-aws-com
2026-06-19T12:29:00.722001898Z I0619 12:29:00.721797       1 leaderelection.go:293] successfully renewed lease kube-system/ebs-csi-aws-com
2026-06-19T12:29:05.727510013Z I0619 12:29:05.727373       1 leaderelection.go:293] successfully renewed lease kube-system/ebs-csi-aws-com
2026-06-19T12:29:10.734064493Z I0619 12:29:10.733935       1 leaderelection.go:293] successfully renewed lease kube-system/ebs-csi-aws-com
2026-06-19T12:29:12.292795377Z I0619 12:29:12.292540       1 reflector.go:946] "Watch close" reflector="k8s.io/client-go/informers/factory.go:160" type="*v1.CSINode" totalItems=10
2026-06-19T12:29:15.740129078Z I0619 12:29:15.739915       1 leaderelection.go:293] successfully renewed lease kube-system/ebs-csi-aws-com
2026-06-19T12:29:18.280861416Z I0619 12:29:18.280403       1 reflector.go:946] "Watch close" reflector="sigs.k8s.io/sig-storage-lib-external-provisioner/v11/controller/controller.go:875" type="*v1.StorageClass" totalItems=10
2026-06-19T12:29:20.747468484Z I0619 12:29:20.747181       1 leaderelection.go:293] successfully renewed lease kube-system/ebs-csi-aws-com
2026-06-19T12:29:25.752528234Z I0619 12:29:25.752326       1 leaderelection.go:293] successfully renewed lease kube-system/ebs-csi-aws-com
2026-06-19T12:29:30.758910438Z I0619 12:29:30.758778       1 leaderelection.go:293] successfully renewed lease kube-system/ebs-csi-aws-com
2026-06-19T12:29:35.764750941Z I0619 12:29:35.764624       1 leaderelection.go:293] successfully renewed lease kube-system/ebs-csi-aws-com
2026-06-19T12:29:40.772885996Z I0619 12:29:40.772706       1 leaderelection.go:293] successfully renewed lease kube-system/ebs-csi-aws-com
2026-06-19T12:29:45.778663037Z I0619 12:29:45.778468       1 leaderelection.go:293] successfully renewed lease kube-system/ebs-csi-aws-com
2026-06-19T12:29:47.173253190Z I0619 12:29:47.172827       1 reflector.go:946] "Watch close" reflector="k8s.io/client-go/informers/factory.go:160" type="*v1.StorageClass" totalItems=10
2026-06-19T12:29:50.786202903Z I0619 12:29:50.786078       1 leaderelection.go:293] successfully renewed lease kube-system/ebs-csi-aws-com
2026-06-19T12:29:55.791094699Z I0619 12:29:55.790959       1 leaderelection.go:293] successfully renewed lease kube-system/ebs-csi-aws-com
2026-06-19T12:30:00.798775340Z I0619 12:30:00.798644       1 leaderelection.go:293] successfully renewed lease kube-system/ebs-csi-aws-com
2026-06-19T12:30:05.820623362Z I0619 12:30:05.820000       1 leaderelection.go:293] successfully renewed lease kube-system/ebs-csi-aws-com
2026-06-19T12:30:10.846669151Z I0619 12:30:10.846497       1 leaderelection.go:293] successfully renewed lease kube-system/ebs-csi-aws-com
2026-06-19T12:30:15.851968220Z I0619 12:30:15.851825       1 leaderelection.go:293] successfully renewed lease kube-system/ebs-csi-aws-com
2026-06-19T12:30:20.858651403Z I0619 12:30:20.858487       1 leaderelection.go:293] successfully renewed lease kube-system/ebs-csi-aws-com
2026-06-19T12:30:25.863918132Z I0619 12:30:25.863774       1 leaderelection.go:293] successfully renewed lease kube-system/ebs-csi-aws-com
2026-06-19T12:30:30.871879680Z I0619 12:30:30.871737       1 leaderelection.go:293] successfully renewed lease kube-system/ebs-csi-aws-com
2026-06-19T12:30:35.882786937Z I0619 12:30:35.882101       1 leaderelection.go:293] successfully renewed lease kube-system/ebs-csi-aws-com
2026-06-19T12:30:37.064255686Z I0619 12:30:37.064115       1 reflector.go:450] "Forcing resync" reflector="k8s.io/client-go/informers/factory.go:160"
2026-06-19T12:30:37.142206695Z I0619 12:30:37.141691       1 reflector.go:450] "Forcing resync" reflector="sigs.k8s.io/sig-storage-lib-external-provisioner/v11/controller/controller.go:872"
2026-06-19T12:30:37.142238083Z I0619 12:30:37.141780       1 controller.go:1185] "handleProtectionFinalizer" PV="&PersistentVolume{ObjectMeta:{pvc-aadf1544-cc0d-48a8-971b-741e09e58afb    e89cbcfc-425f-4c5e-8441-a14f3173d292 74285 0 2026-06-19 12:09:30 +0000 UTC <nil> <nil> map[] map[pv.kubernetes.io/provisioned-by:ebs.csi.aws.com volume.kubernetes.io/provisioner-deletion-secret-name: volume.kubernetes.io/provisioner-deletion-secret-namespace:] [] [external-provisioner.volume.kubernetes.io/finalizer kubernetes.io/pv-protection external-attacher/ebs-csi-aws-com] [{csi-provisioner Update v1 2026-06-19 12:09:30 +0000 UTC FieldsV1 {\"f:metadata\":{\"f:annotations\":{\".\":{},\"f:pv.kubernetes.io/provisioned-by\":{},\"f:volume.kubernetes.io/provisioner-deletion-secret-name\":{},\"f:volume.kubernetes.io/provisioner-deletion-secret-namespace\":{}},\"f:finalizers\":{\".\":{},\"v:\\\"external-provisioner.volume.kubernetes.io/finalizer\\\"\":{}}},\"f:spec\":{\"f:accessModes\":{},\"f:capacity\":{\".\":{},\"f:storage\":{}},\"f:claimRef\":{\".\":{},\"f:apiVersion\":{},\"f:kind\":{},\"f:name\":{},\"f:namespace\":{},\"f:resourceVersion\":{},\"f:uid\":{}},\"f:csi\":{\".\":{},\"f:driver\":{},\"f:fsType\":{},\"f:volumeAttributes\":{\".\":{},\"f:storage.kubernetes.io/csiProvisionerIdentity\":{}},\"f:volumeHandle\":{}},\"f:nodeAffinity\":{\".\":{},\"f:required\":{}},\"f:persistentVolumeReclaimPolicy\":{},\"f:storageClassName\":{},\"f:volumeMode\":{}}} } {kube-controller-manager Update v1 2026-06-19 12:09:30 +0000 UTC FieldsV1 {\"f:status\":{\"f:phase\":{}}} status} {csi-attacher Update v1 2026-06-19 12:09:31 +0000 UTC FieldsV1 {\"f:metadata\":{\"f:finalizers\":{\"v:\\\"external-attacher/ebs-csi-aws-com\\\"\":{}}}} }]},Spec:PersistentVolumeSpec{Capacity:ResourceList{storage: {{10737418240 0} {<nil>} 10Gi BinarySI},},PersistentVolumeSource:PersistentVolumeSource{GCEPersistentDisk:nil,AWSElasticBlockStore:nil,HostPath:nil,Glusterfs:nil,NFS:nil,RBD:nil,ISCSI:nil,Cinder:nil,CephFS:nil,FC:nil,Flocker:nil,FlexVolume:nil,AzureFile:nil,VsphereVolume:nil,Quobyte:nil,AzureDisk:nil,PhotonPersistentDisk:nil,PortworxVolume:nil,ScaleIO:nil,Local:nil,StorageOS:nil,CSI:&CSIPersistentVolumeSource{Driver:ebs.csi.aws.com,VolumeHandle:vol-0dd4656eba8ec6c05,ReadOnly:false,FSType:ext4,VolumeAttributes:map[string]string{storage.kubernetes.io/csiProvisionerIdentity: 1781855100628-189-ebs.csi.aws.com,},ControllerPublishSecretRef:nil,NodeStageSecretRef:nil,NodePublishSecretRef:nil,ControllerExpandSecretRef:nil,NodeExpandSecretRef:nil,},},AccessModes:[ReadWriteOnce],ClaimRef:&ObjectReference{Kind:PersistentVolumeClaim,Namespace:kubentic-foresight,Name:server-volume-vlogs-server-0,UID:aadf1544-cc0d-48a8-971b-741e09e58afb,APIVersion:v1,ResourceVersion:74211,FieldPath:,},PersistentVolumeReclaimPolicy:Delete,StorageClassName:kops-csi-1-21,MountOptions:[],VolumeMode:*Filesystem,NodeAffinity:&VolumeNodeAffinity{Required:&NodeSelector{NodeSelectorTerms:[]NodeSelectorTerm{NodeSelectorTerm{MatchExpressions:[]NodeSelectorRequirement{NodeSelectorRequirement{Key:topology.kubernetes.io/zone,Operator:In,Values:[us-west-2a],},},MatchFields:[]NodeSelectorRequirement{},},},},},VolumeAttributesClassName:nil,},Status:PersistentVolumeStatus{Phase:Bound,Message:,Reason:,LastPhaseTransitionTime:2026-06-19 12:09:30 +0000 UTC,},}"
2026-06-19T12:30:37.142263714Z I0619 12:30:37.141982       1 controller.go:1272] "shouldDelete" PV="pvc-aadf1544-cc0d-48a8-971b-741e09e58afb"
2026-06-19T12:30:37.142266134Z I0619 12:30:37.141993       1 controller.go:1293] "shouldDelete is false: PersistentVolumePhase is not Released" PV="pvc-aadf1544-cc0d-48a8-971b-741e09e58afb"
2026-06-19T12:30:37.142283421Z I0619 12:30:37.142012       1 controller.go:1185] "handleProtectionFinalizer" PV="&PersistentVolume{ObjectMeta:{pvc-145a2d39-444b-4f32-a485-a26454ae8b53    33982ac3-f03e-412d-94e6-9bc9f19c3a73 74385 0 2026-06-19 12:09:34 +0000 UTC <nil> <nil> map[] map[pv.kubernetes.io/provisioned-by:ebs.csi.aws.com volume.kubernetes.io/provisioner-deletion-secret-name: volume.kubernetes.io/provisioner-deletion-secret-namespace:] [] [external-provisioner.volume.kubernetes.io/finalizer kubernetes.io/pv-protection external-attacher/ebs-csi-aws-com] [{csi-provisioner Update v1 2026-06-19 12:09:34 +0000 UTC FieldsV1 {\"f:metadata\":{\"f:annotations\":{\".\":{},\"f:pv.kubernetes.io/provisioned-by\":{},\"f:volume.kubernetes.io/provisioner-deletion-secret-name\":{},\"f:volume.kubernetes.io/provisioner-deletion-secret-namespace\":{}},\"f:finalizers\":{\".\":{},\"v:\\\"external-provisioner.volume.kubernetes.io/finalizer\\\"\":{}}},\"f:spec\":{\"f:accessModes\":{},\"f:capacity\":{\".\":{},\"f:storage\":{}},\"f:claimRef\":{\".\":{},\"f:apiVersion\":{},\"f:kind\":{},\"f:name\":{},\"f:namespace\":{},\"f:resourceVersion\":{},\"f:uid\":{}},\"f:csi\":{\".\":{},\"f:driver\":{},\"f:fsType\":{},\"f:volumeAttributes\":{\".\":{},\"f:storage.kubernetes.io/csiProvisionerIdentity\":{}},\"f:volumeHandle\":{}},\"f:nodeAffinity\":{\".\":{},\"f:required\":{}},\"f:persistentVolumeReclaimPolicy\":{},\"f:storageClassName\":{},\"f:volumeMode\":{}}} } {kube-controller-manager Update v1 2026-06-19 12:09:34 +0000 UTC FieldsV1 {\"f:status\":{\"f:phase\":{}}} status} {csi-attacher Update v1 2026-06-19 12:09:35 +0000 UTC FieldsV1 {\"f:metadata\":{\"f:finalizers\":{\"v:\\\"external-attacher/ebs-csi-aws-com\\\"\":{}}}} }]},Spec:PersistentVolumeSpec{Capacity:ResourceList{storage: {{10737418240 0} {<nil>} 10Gi BinarySI},},PersistentVolumeSource:PersistentVolumeSource{GCEPersistentDisk:nil,AWSElasticBlockStore:nil,HostPath:nil,Glusterfs:nil,NFS:nil,RBD:nil,ISCSI:nil,Cinder:nil,CephFS:nil,FC:nil,Flocker:nil,FlexVolume:nil,AzureFile:nil,VsphereVolume:nil,Quobyte:nil,AzureDisk:nil,PhotonPersistentDisk:nil,PortworxVolume:nil,ScaleIO:nil,Local:nil,StorageOS:nil,CSI:&CSIPersistentVolumeSource{Driver:ebs.csi.aws.com,VolumeHandle:vol-0f1b453e6a7af752c,ReadOnly:false,FSType:ext4,VolumeAttributes:map[string]string{storage.kubernetes.io/csiProvisionerIdentity: 1781855100628-189-ebs.csi.aws.com,},ControllerPublishSecretRef:nil,NodeStageSecretRef:nil,NodePublishSecretRef:nil,ControllerExpandSecretRef:nil,NodeExpandSecretRef:nil,},},AccessModes:[ReadWriteOnce],ClaimRef:&ObjectReference{Kind:PersistentVolumeClaim,Namespace:kubentic-foresight,Name:vmsingle-vmstack,UID:145a2d39-444b-4f32-a485-a26454ae8b53,APIVersion:v1,ResourceVersion:74332,FieldPath:,},PersistentVolumeReclaimPolicy:Delete,StorageClassName:kops-csi-1-21,MountOptions:[],VolumeMode:*Filesystem,NodeAffinity:&VolumeNodeAffinity{Required:&NodeSelector{NodeSelectorTerms:[]NodeSelectorTerm{NodeSelectorTerm{MatchExpressions:[]NodeSelectorRequirement{NodeSelectorRequirement{Key:topology.kubernetes.io/zone,Operator:In,Values:[us-west-2a],},},MatchFields:[]NodeSelectorRequirement{},},},},},VolumeAttributesClassName:nil,},Status:PersistentVolumeStatus{Phase:Bound,Message:,Reason:,LastPhaseTransitionTime:2026-06-19 12:09:34 +0000 UTC,},}"
2026-06-19T12:30:37.142292165Z I0619 12:30:37.142118       1 controller.go:1272] "shouldDelete" PV="pvc-145a2d39-444b-4f32-a485-a26454ae8b53"
2026-06-19T12:30:37.142295011Z I0619 12:30:37.142126       1 controller.go:1293] "shouldDelete is false: PersistentVolumePhase is not Released" PV="pvc-145a2d39-444b-4f32-a485-a26454ae8b53"
2026-06-19T12:30:40.888269261Z I0619 12:30:40.888131       1 leaderelection.go:293] successfully renewed lease kube-system/ebs-csi-aws-com
2026-06-19T12:30:45.894515980Z I0619 12:30:45.894323       1 leaderelection.go:293] successfully renewed lease kube-system/ebs-csi-aws-com
2026-06-19T12:30:50.900474630Z I0619 12:30:50.900340       1 leaderelection.go:293] successfully renewed lease kube-system/ebs-csi-aws-com
2026-06-19T12:30:55.905933608Z I0619 12:30:55.905809       1 leaderelection.go:293] successfully renewed lease kube-system/ebs-csi-aws-com
2026-06-19T12:31:00.911720015Z I0619 12:31:00.911525       1 leaderelection.go:293] successfully renewed lease kube-system/ebs-csi-aws-com
2026-06-19T12:31:05.919907193Z I0619 12:31:05.919669       1 leaderelection.go:293] successfully renewed lease kube-system/ebs-csi-aws-com
2026-06-19T12:31:10.926665069Z I0619 12:31:10.926503       1 leaderelection.go:293] successfully renewed lease kube-system/ebs-csi-aws-com
2026-06-19T12:31:15.932765198Z I0619 12:31:15.932634       1 leaderelection.go:293] successfully renewed lease kube-system/ebs-csi-aws-com
2026-06-19T12:31:20.939011440Z I0619 12:31:20.938874       1 leaderelection.go:293] successfully renewed lease kube-system/ebs-csi-aws-com
2026-06-19T12:31:25.944157851Z I0619 12:31:25.944032       1 leaderelection.go:293] successfully renewed lease kube-system/ebs-csi-aws-com
2026-06-19T12:31:30.952005210Z I0619 12:31:30.951886       1 leaderelection.go:293] successfully renewed lease kube-system/ebs-csi-aws-com
2026-06-19T12:31:35.959377559Z I0619 12:31:35.959179       1 leaderelection.go:293] successfully renewed lease kube-system/ebs-csi-aws-com
2026-06-19T12:31:38.507568475Z I0619 12:31:38.507010       1 reflector.go:946] "Watch close" reflector="sigs.k8s.io/sig-storage-lib-external-provisioner/v11/controller/controller.go:872" type="*v1.PersistentVolume" totalItems=5
2026-06-19T12:31:40.966329613Z I0619 12:31:40.966161       1 leaderelection.go:293] successfully renewed lease kube-system/ebs-csi-aws-com
2026-06-19T12:31:45.972415201Z I0619 12:31:45.972301       1 leaderelection.go:293] successfully renewed lease kube-system/ebs-csi-aws-com
2026-06-19T12:31:49.289334926Z I0619 12:31:49.289172       1 reflector.go:946] "Watch close" reflector="k8s.io/client-go/informers/factory.go:160" type="*v1.VolumeAttachment" totalItems=10
2026-06-19T12:31:50.982623817Z I0619 12:31:50.981752       1 leaderelection.go:293] successfully renewed lease kube-system/ebs-csi-aws-com
2026-06-19T12:31:55.988396713Z I0619 12:31:55.988278       1 leaderelection.go:293] successfully renewed lease kube-system/ebs-csi-aws-com
2026-06-19T12:32:00.994189377Z I0619 12:32:00.994055       1 leaderelection.go:293] successfully renewed lease kube-system/ebs-csi-aws-com
2026-06-19T12:32:06.002828564Z I0619 12:32:06.002680       1 leaderelection.go:293] successfully renewed lease kube-system/ebs-csi-aws-com
2026-06-19T12:32:11.009344032Z I0619 12:32:11.009211       1 leaderelection.go:293] successfully renewed lease kube-system/ebs-csi-aws-com
2026-06-19T12:32:16.014629175Z I0619 12:32:16.014400       1 leaderelection.go:293] successfully renewed lease kube-system/ebs-csi-aws-com
2026-06-19T12:32:21.020325416Z I0619 12:32:21.020083       1 leaderelection.go:293] successfully renewed lease kube-system/ebs-csi-aws-com
2026-06-19T12:32:26.025698715Z I0619 12:32:26.025575       1 leaderelection.go:293] successfully renewed lease kube-system/ebs-csi-aws-com
2026-06-19T12:32:31.031221906Z I0619 12:32:31.030912       1 leaderelection.go:293] successfully renewed lease kube-system/ebs-csi-aws-com
2026-06-19T12:32:36.036389652Z I0619 12:32:36.036257       1 leaderelection.go:293] successfully renewed lease kube-system/ebs-csi-aws-com
2026-06-19T12:32:41.042555300Z I0619 12:32:41.042373       1 leaderelection.go:293] successfully renewed lease kube-system/ebs-csi-aws-com
2026-06-19T12:32:46.049158896Z I0619 12:32:46.048709       1 leaderelection.go:293] successfully renewed lease kube-system/ebs-csi-aws-com
2026-06-19T12:32:51.054534482Z I0619 12:32:51.054418       1 leaderelection.go:293] successfully renewed lease kube-system/ebs-csi-aws-com
2026-06-19T12:32:56.062751346Z I0619 12:32:56.062622       1 leaderelection.go:293] successfully renewed lease kube-system/ebs-csi-aws-com
2026-06-19T12:33:00.195945590Z I0619 12:33:00.195381       1 reflector.go:946] "Watch close" reflector="k8s.io/client-go/informers/factory.go:160" type="*v1.PersistentVolumeClaim" totalItems=7
2026-06-19T12:33:01.069694906Z I0619 12:33:01.069534       1 leaderelection.go:293] successfully renewed lease kube-system/ebs-csi-aws-com
2026-06-19T12:33:06.077554943Z I0619 12:33:06.077311       1 leaderelection.go:293] successfully renewed lease kube-system/ebs-csi-aws-com
2026-06-19T12:33:11.087577560Z I0619 12:33:11.087286       1 leaderelection.go:293] successfully renewed lease kube-system/ebs-csi-aws-com
2026-06-19T12:33:16.095297837Z I0619 12:33:16.095164       1 leaderelection.go:293] successfully renewed lease kube-system/ebs-csi-aws-com
2026-06-19T12:33:21.101591907Z I0619 12:33:21.101395       1 leaderelection.go:293] successfully renewed lease kube-system/ebs-csi-aws-com
2026-06-19T12:33:26.107045802Z I0619 12:33:26.106916       1 leaderelection.go:293] successfully renewed lease kube-system/ebs-csi-aws-com
2026-06-19T12:33:31.113965942Z I0619 12:33:31.113805       1 leaderelection.go:293] successfully renewed lease kube-system/ebs-csi-aws-com
2026-06-19T12:33:36.120129328Z I0619 12:33:36.120001       1 leaderelection.go:293] successfully renewed lease kube-system/ebs-csi-aws-com
2026-06-19T12:33:41.125648588Z I0619 12:33:41.125432       1 leaderelection.go:293] successfully renewed lease kube-system/ebs-csi-aws-com
2026-06-19T12:33:46.131257727Z I0619 12:33:46.131123       1 leaderelection.go:293] successfully renewed lease kube-system/ebs-csi-aws-com
2026-06-19T12:33:51.138123032Z I0619 12:33:51.137957       1 leaderelection.go:293] successfully renewed lease kube-system/ebs-csi-aws-com
2026-06-19T12:33:56.146180959Z I0619 12:33:56.146023       1 leaderelection.go:293] successfully renewed lease kube-system/ebs-csi-aws-com
2026-06-19T12:34:01.152707042Z I0619 12:34:01.152588       1 leaderelection.go:293] successfully renewed lease kube-system/ebs-csi-aws-com
2026-06-19T12:34:06.162758348Z I0619 12:34:06.162640       1 leaderelection.go:293] successfully renewed lease kube-system/ebs-csi-aws-com
2026-06-19T12:34:11.168878483Z I0619 12:34:11.168762       1 leaderelection.go:293] successfully renewed lease kube-system/ebs-csi-aws-com
2026-06-19T12:34:16.174723434Z I0619 12:34:16.174586       1 leaderelection.go:293] successfully renewed lease kube-system/ebs-csi-aws-com
2026-06-19T12:34:21.180844210Z I0619 12:34:21.180697       1 leaderelection.go:293] successfully renewed lease kube-system/ebs-csi-aws-com
2026-06-19T12:34:26.186534269Z I0619 12:34:26.186293       1 leaderelection.go:293] successfully renewed lease kube-system/ebs-csi-aws-com
2026-06-19T12:34:31.192051426Z I0619 12:34:31.191924       1 leaderelection.go:293] successfully renewed lease kube-system/ebs-csi-aws-com
2026-06-19T12:34:36.220775347Z I0619 12:34:36.220640       1 leaderelection.go:293] successfully renewed lease kube-system/ebs-csi-aws-com
2026-06-19T12:34:41.228828189Z I0619 12:34:41.228654       1 leaderelection.go:293] successfully renewed lease kube-system/ebs-csi-aws-com
2026-06-19T12:34:46.234575024Z I0619 12:34:46.234314       1 leaderelection.go:293] successfully renewed lease kube-system/ebs-csi-aws-com
2026-06-19T12:34:51.240484877Z I0619 12:34:51.240338       1 leaderelection.go:293] successfully renewed lease kube-system/ebs-csi-aws-com
2026-06-19T12:34:56.248799358Z I0619 12:34:56.248682       1 leaderelection.go:293] successfully renewed lease kube-system/ebs-csi-aws-com
2026-06-19T12:34:57.209643432Z I0619 12:34:57.209468       1 reflector.go:946] "Watch close" reflector="k8s.io/client-go/informers/factory.go:160" type="*v1.Node" totalItems=12
2026-06-19T12:35:01.345262054Z I0619 12:35:01.345139       1 leaderelection.go:293] successfully renewed lease kube-system/ebs-csi-aws-com
2026-06-19T12:35:06.354049806Z I0619 12:35:06.353858       1 leaderelection.go:293] successfully renewed lease kube-system/ebs-csi-aws-com
2026-06-19T12:35:11.358888890Z I0619 12:35:11.358602       1 leaderelection.go:293] successfully renewed lease kube-system/ebs-csi-aws-com
2026-06-19T12:35:16.364636614Z I0619 12:35:16.364419       1 leaderelection.go:293] successfully renewed lease kube-system/ebs-csi-aws-com
2026-06-19T12:35:21.370956239Z I0619 12:35:21.370796       1 leaderelection.go:293] successfully renewed lease kube-system/ebs-csi-aws-com
2026-06-19T12:35:26.376720873Z I0619 12:35:26.376427       1 leaderelection.go:293] successfully renewed lease kube-system/ebs-csi-aws-com
2026-06-19T12:35:31.382618844Z I0619 12:35:31.382348       1 leaderelection.go:293] successfully renewed lease kube-system/ebs-csi-aws-com
2026-06-19T12:35:34.294696895Z I0619 12:35:34.294394       1 reflector.go:946] "Watch close" reflector="k8s.io/client-go/informers/factory.go:160" type="*v1.CSINode" totalItems=7
2026-06-19T12:35:36.388345845Z I0619 12:35:36.388191       1 leaderelection.go:293] successfully renewed lease kube-system/ebs-csi-aws-com
2026-06-19T12:35:41.394288275Z I0619 12:35:41.394154       1 leaderelection.go:293] successfully renewed lease kube-system/ebs-csi-aws-com
2026-06-19T12:35:46.400593641Z I0619 12:35:46.400310       1 leaderelection.go:293] successfully renewed lease kube-system/ebs-csi-aws-com
2026-06-19T12:35:51.406560184Z I0619 12:35:51.406394       1 leaderelection.go:293] successfully renewed lease kube-system/ebs-csi-aws-com
2026-06-19T12:35:56.412515950Z I0619 12:35:56.412402       1 leaderelection.go:293] successfully renewed lease kube-system/ebs-csi-aws-com
2026-06-19T12:36:01.652370196Z I0619 12:36:01.652160       1 leaderelection.go:293] successfully renewed lease kube-system/ebs-csi-aws-com
2026-06-19T12:36:06.659162306Z I0619 12:36:06.659013       1 leaderelection.go:293] successfully renewed lease kube-system/ebs-csi-aws-com
2026-06-19T12:36:11.665799771Z I0619 12:36:11.665669       1 leaderelection.go:293] successfully renewed lease kube-system/ebs-csi-aws-com
2026-06-19T12:36:16.671129036Z I0619 12:36:16.671003       1 leaderelection.go:293] successfully renewed lease kube-system/ebs-csi-aws-com
2026-06-19T12:36:21.677669245Z I0619 12:36:21.677444       1 leaderelection.go:293] successfully renewed lease kube-system/ebs-csi-aws-com
2026-06-19T12:36:26.686247328Z I0619 12:36:26.686110       1 leaderelection.go:293] successfully renewed lease kube-system/ebs-csi-aws-com
2026-06-19T12:36:31.694607951Z I0619 12:36:31.694456       1 leaderelection.go:293] successfully renewed lease kube-system/ebs-csi-aws-com
2026-06-19T12:36:36.699880226Z I0619 12:36:36.699751       1 leaderelection.go:293] successfully renewed lease kube-system/ebs-csi-aws-com
2026-06-19T12:36:41.707385575Z I0619 12:36:41.707264       1 leaderelection.go:293] successfully renewed lease kube-system/ebs-csi-aws-com
2026-06-19T12:36:46.712692515Z I0619 12:36:46.712445       1 leaderelection.go:293] successfully renewed lease kube-system/ebs-csi-aws-com
2026-06-19T12:36:51.718735939Z I0619 12:36:51.718596       1 leaderelection.go:293] successfully renewed lease kube-system/ebs-csi-aws-com
2026-06-19T12:36:56.724454349Z I0619 12:36:56.724330       1 leaderelection.go:293] successfully renewed lease kube-system/ebs-csi-aws-com
2026-06-19T12:37:01.805270941Z I0619 12:37:01.799099       1 leaderelection.go:293] successfully renewed lease kube-system/ebs-csi-aws-com
2026-06-19T12:37:06.812397414Z I0619 12:37:06.812211       1 leaderelection.go:293] successfully renewed lease kube-system/ebs-csi-aws-com
2026-06-19T12:37:11.818442762Z I0619 12:37:11.818305       1 leaderelection.go:293] successfully renewed lease kube-system/ebs-csi-aws-com
2026-06-19T12:37:16.826889421Z I0619 12:37:16.826608       1 leaderelection.go:293] successfully renewed lease kube-system/ebs-csi-aws-com
2026-06-19T12:37:21.832455534Z I0619 12:37:21.832175       1 leaderelection.go:293] successfully renewed lease kube-system/ebs-csi-aws-com
2026-06-19T12:37:26.838285215Z I0619 12:37:26.838073       1 leaderelection.go:293] successfully renewed lease kube-system/ebs-csi-aws-com
2026-06-19T12:37:31.844430762Z I0619 12:37:31.844271       1 leaderelection.go:293] successfully renewed lease kube-system/ebs-csi-aws-com
2026-06-19T12:37:36.850541147Z I0619 12:37:36.850403       1 leaderelection.go:293] successfully renewed lease kube-system/ebs-csi-aws-com
2026-06-19T12:37:41.858032774Z I0619 12:37:41.857878       1 leaderelection.go:293] successfully renewed lease kube-system/ebs-csi-aws-com
2026-06-19T12:37:46.863639655Z I0619 12:37:46.863349       1 leaderelection.go:293] successfully renewed lease kube-system/ebs-csi-aws-com
2026-06-19T12:37:47.286172349Z I0619 12:37:47.285941       1 reflector.go:946] "Watch close" reflector="sigs.k8s.io/sig-storage-lib-external-provisioner/v11/controller/controller.go:875" type="*v1.StorageClass" totalItems=10
2026-06-19T12:37:51.869990151Z I0619 12:37:51.869843       1 leaderelection.go:293] successfully renewed lease kube-system/ebs-csi-aws-com
2026-06-19T12:37:56.878371785Z I0619 12:37:56.878248       1 leaderelection.go:293] successfully renewed lease kube-system/ebs-csi-aws-com
2026-06-19T12:38:01.911733574Z I0619 12:38:01.911239       1 leaderelection.go:293] successfully renewed lease kube-system/ebs-csi-aws-com
2026-06-19T12:38:06.917286061Z I0619 12:38:06.917100       1 leaderelection.go:293] successfully renewed lease kube-system/ebs-csi-aws-com
2026-06-19T12:38:11.922079139Z I0619 12:38:11.921950       1 leaderelection.go:293] successfully renewed lease kube-system/ebs-csi-aws-com
2026-06-19T12:38:16.928640096Z I0619 12:38:16.928515       1 leaderelection.go:293] successfully renewed lease kube-system/ebs-csi-aws-com
2026-06-19T12:38:21.934508019Z I0619 12:38:21.934329       1 leaderelection.go:293] successfully renewed lease kube-system/ebs-csi-aws-com
2026-06-19T12:38:25.199303492Z I0619 12:38:25.199154       1 reflector.go:946] "Watch close" reflector="k8s.io/client-go/informers/factory.go:160" type="*v1.PersistentVolumeClaim" totalItems=6
2026-06-19T12:38:26.943101841Z I0619 12:38:26.942976       1 leaderelection.go:293] successfully renewed lease kube-system/ebs-csi-aws-com
2026-06-19T12:38:31.948393117Z I0619 12:38:31.948270       1 leaderelection.go:293] successfully renewed lease kube-system/ebs-csi-aws-com
2026-06-19T12:38:36.953981517Z I0619 12:38:36.953829       1 leaderelection.go:293] successfully renewed lease kube-system/ebs-csi-aws-com
2026-06-19T12:38:41.962947892Z I0619 12:38:41.962825       1 leaderelection.go:293] successfully renewed lease kube-system/ebs-csi-aws-com
2026-06-19T12:38:46.971501770Z I0619 12:38:46.971364       1 leaderelection.go:293] successfully renewed lease kube-system/ebs-csi-aws-com
2026-06-19T12:38:51.977128539Z I0619 12:38:51.976785       1 leaderelection.go:293] successfully renewed lease kube-system/ebs-csi-aws-com
2026-06-19T12:38:52.175394162Z I0619 12:38:52.174960       1 reflector.go:946] "Watch close" reflector="k8s.io/client-go/informers/factory.go:160" type="*v1.StorageClass" totalItems=10
2026-06-19T12:38:56.982585636Z I0619 12:38:56.982433       1 leaderelection.go:293] successfully renewed lease kube-system/ebs-csi-aws-com
2026-06-19T12:39:02.110224539Z I0619 12:39:02.109836       1 leaderelection.go:293] successfully renewed lease kube-system/ebs-csi-aws-com
2026-06-19T12:39:07.115052056Z I0619 12:39:07.114866       1 leaderelection.go:293] successfully renewed lease kube-system/ebs-csi-aws-com
2026-06-19T12:39:12.124101710Z I0619 12:39:12.123989       1 leaderelection.go:293] successfully renewed lease kube-system/ebs-csi-aws-com
2026-06-19T12:39:17.130190268Z I0619 12:39:17.130046       1 leaderelection.go:293] successfully renewed lease kube-system/ebs-csi-aws-com
2026-06-19T12:39:21.509292333Z I0619 12:39:21.509133       1 reflector.go:946] "Watch close" reflector="sigs.k8s.io/sig-storage-lib-external-provisioner/v11/controller/controller.go:872" type="*v1.PersistentVolume" totalItems=8
2026-06-19T12:39:22.135325338Z I0619 12:39:22.135122       1 leaderelection.go:293] successfully renewed lease kube-system/ebs-csi-aws-com
2026-06-19T12:39:27.145725189Z I0619 12:39:27.145566       1 leaderelection.go:293] successfully renewed lease kube-system/ebs-csi-aws-com
2026-06-19T12:39:32.151341133Z I0619 12:39:32.151131       1 leaderelection.go:293] successfully renewed lease kube-system/ebs-csi-aws-com
2026-06-19T12:39:37.157725711Z I0619 12:39:37.157600       1 leaderelection.go:293] successfully renewed lease kube-system/ebs-csi-aws-com
2026-06-19T12:39:42.163146189Z I0619 12:39:42.162949       1 leaderelection.go:293] successfully renewed lease kube-system/ebs-csi-aws-com
2026-06-19T12:39:47.169994208Z I0619 12:39:47.169846       1 leaderelection.go:293] successfully renewed lease kube-system/ebs-csi-aws-com
2026-06-19T12:39:52.175819880Z I0619 12:39:52.175632       1 leaderelection.go:293] successfully renewed lease kube-system/ebs-csi-aws-com
2026-06-19T12:39:57.183320335Z I0619 12:39:57.183176       1 leaderelection.go:293] successfully renewed lease kube-system/ebs-csi-aws-com
2026-06-19T12:40:03.143111145Z I0619 12:40:03.138770       1 leaderelection.go:293] successfully renewed lease kube-system/ebs-csi-aws-com
2026-06-19T12:40:08.154354017Z I0619 12:40:08.153996       1 leaderelection.go:293] successfully renewed lease kube-system/ebs-csi-aws-com
2026-06-19T12:40:13.160238883Z I0619 12:40:13.160101       1 leaderelection.go:293] successfully renewed lease kube-system/ebs-csi-aws-com
2026-06-19T12:40:18.167562409Z I0619 12:40:18.166958       1 leaderelection.go:293] successfully renewed lease kube-system/ebs-csi-aws-com
2026-06-19T12:40:23.173304774Z I0619 12:40:23.173165       1 leaderelection.go:293] successfully renewed lease kube-system/ebs-csi-aws-com
2026-06-19T12:40:28.179301655Z I0619 12:40:28.179145       1 leaderelection.go:293] successfully renewed lease kube-system/ebs-csi-aws-com
2026-06-19T12:40:33.185695940Z I0619 12:40:33.185516       1 leaderelection.go:293] successfully renewed lease kube-system/ebs-csi-aws-com
2026-06-19T12:40:38.194145205Z I0619 12:40:38.193947       1 leaderelection.go:293] successfully renewed lease kube-system/ebs-csi-aws-com
2026-06-19T12:40:39.291082816Z I0619 12:40:39.290843       1 reflector.go:946] "Watch close" reflector="k8s.io/client-go/informers/factory.go:160" type="*v1.VolumeAttachment" totalItems=10
2026-06-19T12:40:43.200279743Z I0619 12:40:43.200130       1 leaderelection.go:293] successfully renewed lease kube-system/ebs-csi-aws-com
2026-06-19T12:40:48.206608390Z I0619 12:40:48.206444       1 leaderelection.go:293] successfully renewed lease kube-system/ebs-csi-aws-com
2026-06-19T12:40:53.212267788Z I0619 12:40:53.212044       1 leaderelection.go:293] successfully renewed lease kube-system/ebs-csi-aws-com
2026-06-19T12:40:58.219218532Z I0619 12:40:58.218983       1 leaderelection.go:293] successfully renewed lease kube-system/ebs-csi-aws-com
2026-06-19T12:41:03.292258492Z I0619 12:41:03.292036       1 leaderelection.go:293] successfully renewed lease kube-system/ebs-csi-aws-com
2026-06-19T12:41:08.305446625Z I0619 12:41:08.305318       1 leaderelection.go:293] successfully renewed lease kube-system/ebs-csi-aws-com
2026-06-19T12:41:13.314870234Z I0619 12:41:13.314600       1 leaderelection.go:293] successfully renewed lease kube-system/ebs-csi-aws-com
2026-06-19T12:41:16.211917640Z I0619 12:41:16.211689       1 reflector.go:946] "Watch close" reflector="k8s.io/client-go/informers/factory.go:160" type="*v1.Node" totalItems=11
2026-06-19T12:41:18.323611445Z I0619 12:41:18.323393       1 leaderelection.go:293] successfully renewed lease kube-system/ebs-csi-aws-com
2026-06-19T12:41:23.329757176Z I0619 12:41:23.329517       1 leaderelection.go:293] successfully renewed lease kube-system/ebs-csi-aws-com
2026-06-19T12:41:28.336020198Z I0619 12:41:28.335851       1 leaderelection.go:293] successfully renewed lease kube-system/ebs-csi-aws-com
2026-06-19T12:41:33.341535059Z I0619 12:41:33.341099       1 leaderelection.go:293] successfully renewed lease kube-system/ebs-csi-aws-com
2026-06-19T12:41:38.351672589Z I0619 12:41:38.347951       1 leaderelection.go:293] successfully renewed lease kube-system/ebs-csi-aws-com
2026-06-19T12:41:43.354629619Z I0619 12:41:43.354486       1 leaderelection.go:293] successfully renewed lease kube-system/ebs-csi-aws-com
2026-06-19T12:41:48.361639101Z I0619 12:41:48.361464       1 leaderelection.go:293] successfully renewed lease kube-system/ebs-csi-aws-com
2026-06-19T12:41:53.369484735Z I0619 12:41:53.369293       1 leaderelection.go:293] successfully renewed lease kube-system/ebs-csi-aws-com
2026-06-19T12:41:58.375939444Z I0619 12:41:58.375812       1 leaderelection.go:293] successfully renewed lease kube-system/ebs-csi-aws-com
2026-06-19T12:42:03.399047502Z I0619 12:42:03.398845       1 leaderelection.go:293] successfully renewed lease kube-system/ebs-csi-aws-com
2026-06-19T12:42:08.406229625Z I0619 12:42:08.406058       1 leaderelection.go:293] successfully renewed lease kube-system/ebs-csi-aws-com
2026-06-19T12:42:13.411828083Z I0619 12:42:13.411702       1 leaderelection.go:293] successfully renewed lease kube-system/ebs-csi-aws-com
2026-06-19T12:42:18.417581788Z I0619 12:42:18.417413       1 leaderelection.go:293] successfully renewed lease kube-system/ebs-csi-aws-com
2026-06-19T12:42:23.423022783Z I0619 12:42:23.422883       1 leaderelection.go:293] successfully renewed lease kube-system/ebs-csi-aws-com
2026-06-19T12:42:28.427950527Z I0619 12:42:28.427791       1 leaderelection.go:293] successfully renewed lease kube-system/ebs-csi-aws-com
2026-06-19T12:42:33.434518442Z I0619 12:42:33.434359       1 leaderelection.go:293] successfully renewed lease kube-system/ebs-csi-aws-com
2026-06-19T12:42:38.440689301Z I0619 12:42:38.440506       1 leaderelection.go:293] successfully renewed lease kube-system/ebs-csi-aws-com
2026-06-19T12:42:43.445875134Z I0619 12:42:43.445672       1 leaderelection.go:293] successfully renewed lease kube-system/ebs-csi-aws-com
2026-06-19T12:42:48.460767633Z I0619 12:42:48.460600       1 leaderelection.go:293] successfully renewed lease kube-system/ebs-csi-aws-com
2026-06-19T12:42:53.466572524Z I0619 12:42:53.466288       1 leaderelection.go:293] successfully renewed lease kube-system/ebs-csi-aws-com
2026-06-19T12:42:58.474920024Z I0619 12:42:58.474789       1 leaderelection.go:293] successfully renewed lease kube-system/ebs-csi-aws-com
2026-06-19T12:43:03.510713283Z I0619 12:43:03.510570       1 leaderelection.go:293] successfully renewed lease kube-system/ebs-csi-aws-com
2026-06-19T12:43:08.517174622Z I0619 12:43:08.516691       1 leaderelection.go:293] successfully renewed lease kube-system/ebs-csi-aws-com
2026-06-19T12:43:13.522321587Z I0619 12:43:13.522203       1 leaderelection.go:293] successfully renewed lease kube-system/ebs-csi-aws-com
2026-06-19T12:43:18.527771944Z I0619 12:43:18.527633       1 leaderelection.go:293] successfully renewed lease kube-system/ebs-csi-aws-com
2026-06-19T12:43:23.533782396Z I0619 12:43:23.533648       1 leaderelection.go:293] successfully renewed lease kube-system/ebs-csi-aws-com
2026-06-19T12:43:28.540335325Z I0619 12:43:28.540197       1 leaderelection.go:293] successfully renewed lease kube-system/ebs-csi-aws-com
2026-06-19T12:43:33.546799057Z I0619 12:43:33.546675       1 leaderelection.go:293] successfully renewed lease kube-system/ebs-csi-aws-com
2026-06-19T12:43:38.558681064Z I0619 12:43:38.558320       1 leaderelection.go:293] successfully renewed lease kube-system/ebs-csi-aws-com
2026-06-19T12:43:43.564280858Z I0619 12:43:43.564154       1 leaderelection.go:293] successfully renewed lease kube-system/ebs-csi-aws-com
2026-06-19T12:43:48.570217710Z I0619 12:43:48.570016       1 leaderelection.go:293] successfully renewed lease kube-system/ebs-csi-aws-com
2026-06-19T12:43:53.576664550Z I0619 12:43:53.576524       1 leaderelection.go:293] successfully renewed lease kube-system/ebs-csi-aws-com
2026-06-19T12:43:55.012221842Z I0619 12:43:55.011869       1 controller.go:1185] "handleProtectionFinalizer" PV="&PersistentVolume{ObjectMeta:{pvc-aadf1544-cc0d-48a8-971b-741e09e58afb    e89cbcfc-425f-4c5e-8441-a14f3173d292 84257 0 2026-06-19 12:09:30 +0000 UTC <nil> <nil> map[] map[pv.kubernetes.io/provisioned-by:ebs.csi.aws.com volume.kubernetes.io/provisioner-deletion-secret-name: volume.kubernetes.io/provisioner-deletion-secret-namespace:] [] [external-provisioner.volume.kubernetes.io/finalizer kubernetes.io/pv-protection external-attacher/ebs-csi-aws-com] [{csi-provisioner Update v1 2026-06-19 12:09:30 +0000 UTC FieldsV1 {\"f:metadata\":{\"f:annotations\":{\".\":{},\"f:pv.kubernetes.io/provisioned-by\":{},\"f:volume.kubernetes.io/provisioner-deletion-secret-name\":{},\"f:volume.kubernetes.io/provisioner-deletion-secret-namespace\":{}},\"f:finalizers\":{\".\":{},\"v:\\\"external-provisioner.volume.kubernetes.io/finalizer\\\"\":{}}},\"f:spec\":{\"f:accessModes\":{},\"f:capacity\":{\".\":{},\"f:storage\":{}},\"f:claimRef\":{\".\":{},\"f:apiVersion\":{},\"f:kind\":{},\"f:name\":{},\"f:namespace\":{},\"f:resourceVersion\":{},\"f:uid\":{}},\"f:csi\":{\".\":{},\"f:driver\":{},\"f:fsType\":{},\"f:volumeAttributes\":{\".\":{},\"f:storage.kubernetes.io/csiProvisionerIdentity\":{}},\"f:volumeHandle\":{}},\"f:nodeAffinity\":{\".\":{},\"f:required\":{}},\"f:persistentVolumeReclaimPolicy\":{},\"f:storageClassName\":{},\"f:volumeMode\":{}}} } {csi-attacher Update v1 2026-06-19 12:09:31 +0000 UTC FieldsV1 {\"f:metadata\":{\"f:finalizers\":{\"v:\\\"external-attacher/ebs-csi-aws-com\\\"\":{}}}} } {kube-controller-manager Update v1 2026-06-19 12:43:55 +0000 UTC FieldsV1 {\"f:status\":{\"f:phase\":{}}} status}]},Spec:PersistentVolumeSpec{Capacity:ResourceList{storage: {{10737418240 0} {<nil>} 10Gi BinarySI},},PersistentVolumeSource:PersistentVolumeSource{GCEPersistentDisk:nil,AWSElasticBlockStore:nil,HostPath:nil,Glusterfs:nil,NFS:nil,RBD:nil,ISCSI:nil,Cinder:nil,CephFS:nil,FC:nil,Flocker:nil,FlexVolume:nil,AzureFile:nil,VsphereVolume:nil,Quobyte:nil,AzureDisk:nil,PhotonPersistentDisk:nil,PortworxVolume:nil,ScaleIO:nil,Local:nil,StorageOS:nil,CSI:&CSIPersistentVolumeSource{Driver:ebs.csi.aws.com,VolumeHandle:vol-0dd4656eba8ec6c05,ReadOnly:false,FSType:ext4,VolumeAttributes:map[string]string{storage.kubernetes.io/csiProvisionerIdentity: 1781855100628-189-ebs.csi.aws.com,},ControllerPublishSecretRef:nil,NodeStageSecretRef:nil,NodePublishSecretRef:nil,ControllerExpandSecretRef:nil,NodeExpandSecretRef:nil,},},AccessModes:[ReadWriteOnce],ClaimRef:&ObjectReference{Kind:PersistentVolumeClaim,Namespace:kubentic-foresight,Name:server-volume-vlogs-server-0,UID:aadf1544-cc0d-48a8-971b-741e09e58afb,APIVersion:v1,ResourceVersion:74211,FieldPath:,},PersistentVolumeReclaimPolicy:Delete,StorageClassName:kops-csi-1-21,MountOptions:[],VolumeMode:*Filesystem,NodeAffinity:&VolumeNodeAffinity{Required:&NodeSelector{NodeSelectorTerms:[]NodeSelectorTerm{NodeSelectorTerm{MatchExpressions:[]NodeSelectorRequirement{NodeSelectorRequirement{Key:topology.kubernetes.io/zone,Operator:In,Values:[us-west-2a],},},MatchFields:[]NodeSelectorRequirement{},},},},},VolumeAttributesClassName:nil,},Status:PersistentVolumeStatus{Phase:Released,Message:,Reason:,LastPhaseTransitionTime:2026-06-19 12:43:55 +0000 UTC,},}"
2026-06-19T12:43:55.012266048Z I0619 12:43:55.012123       1 controller.go:1272] "shouldDelete" PV="pvc-aadf1544-cc0d-48a8-971b-741e09e58afb"
2026-06-19T12:43:55.012270093Z I0619 12:43:55.012134       1 controller.go:1302] "shouldDelete is true" PV="pvc-aadf1544-cc0d-48a8-971b-741e09e58afb"
2026-06-19T12:43:55.012273600Z I0619 12:43:55.012141       1 controller.go:1146] "shouldDelete" PV="pvc-aadf1544-cc0d-48a8-971b-741e09e58afb"
2026-06-19T12:43:55.012276165Z I0619 12:43:55.012148       1 controller.go:1559] "Started" PV="pvc-aadf1544-cc0d-48a8-971b-741e09e58afb"
2026-06-19T12:43:55.012355503Z I0619 12:43:55.012167       1 controller.go:1317] volume pvc-aadf1544-cc0d-48a8-971b-741e09e58afb does not need any deletion secrets
2026-06-19T12:43:55.012360007Z I0619 12:43:55.012225       1 connection.go:264] "GRPC call" method="/csi.v1.Controller/DeleteVolume" request="{\"volume_id\":\"vol-0dd4656eba8ec6c05\"}"
2026-06-19T12:43:55.096298575Z I0619 12:43:55.095908       1 controller.go:1185] "handleProtectionFinalizer" PV="&PersistentVolume{ObjectMeta:{pvc-145a2d39-444b-4f32-a485-a26454ae8b53    33982ac3-f03e-412d-94e6-9bc9f19c3a73 84259 0 2026-06-19 12:09:34 +0000 UTC <nil> <nil> map[] map[pv.kubernetes.io/provisioned-by:ebs.csi.aws.com volume.kubernetes.io/provisioner-deletion-secret-name: volume.kubernetes.io/provisioner-deletion-secret-namespace:] [] [external-provisioner.volume.kubernetes.io/finalizer kubernetes.io/pv-protection external-attacher/ebs-csi-aws-com] [{csi-provisioner Update v1 2026-06-19 12:09:34 +0000 UTC FieldsV1 {\"f:metadata\":{\"f:annotations\":{\".\":{},\"f:pv.kubernetes.io/provisioned-by\":{},\"f:volume.kubernetes.io/provisioner-deletion-secret-name\":{},\"f:volume.kubernetes.io/provisioner-deletion-secret-namespace\":{}},\"f:finalizers\":{\".\":{},\"v:\\\"external-provisioner.volume.kubernetes.io/finalizer\\\"\":{}}},\"f:spec\":{\"f:accessModes\":{},\"f:capacity\":{\".\":{},\"f:storage\":{}},\"f:claimRef\":{\".\":{},\"f:apiVersion\":{},\"f:kind\":{},\"f:name\":{},\"f:namespace\":{},\"f:resourceVersion\":{},\"f:uid\":{}},\"f:csi\":{\".\":{},\"f:driver\":{},\"f:fsType\":{},\"f:volumeAttributes\":{\".\":{},\"f:storage.kubernetes.io/csiProvisionerIdentity\":{}},\"f:volumeHandle\":{}},\"f:nodeAffinity\":{\".\":{},\"f:required\":{}},\"f:persistentVolumeReclaimPolicy\":{},\"f:storageClassName\":{},\"f:volumeMode\":{}}} } {csi-attacher Update v1 2026-06-19 12:09:35 +0000 UTC FieldsV1 {\"f:metadata\":{\"f:finalizers\":{\"v:\\\"external-attacher/ebs-csi-aws-com\\\"\":{}}}} } {kube-controller-manager Update v1 2026-06-19 12:43:55 +0000 UTC FieldsV1 {\"f:status\":{\"f:phase\":{}}} status}]},Spec:PersistentVolumeSpec{Capacity:ResourceList{storage: {{10737418240 0} {<nil>} 10Gi BinarySI},},PersistentVolumeSource:PersistentVolumeSource{GCEPersistentDisk:nil,AWSElasticBlockStore:nil,HostPath:nil,Glusterfs:nil,NFS:nil,RBD:nil,ISCSI:nil,Cinder:nil,CephFS:nil,FC:nil,Flocker:nil,FlexVolume:nil,AzureFile:nil,VsphereVolume:nil,Quobyte:nil,AzureDisk:nil,PhotonPersistentDisk:nil,PortworxVolume:nil,ScaleIO:nil,Local:nil,StorageOS:nil,CSI:&CSIPersistentVolumeSource{Driver:ebs.csi.aws.com,VolumeHandle:vol-0f1b453e6a7af752c,ReadOnly:false,FSType:ext4,VolumeAttributes:map[string]string{storage.kubernetes.io/csiProvisionerIdentity: 1781855100628-189-ebs.csi.aws.com,},ControllerPublishSecretRef:nil,NodeStageSecretRef:nil,NodePublishSecretRef:nil,ControllerExpandSecretRef:nil,NodeExpandSecretRef:nil,},},AccessModes:[ReadWriteOnce],ClaimRef:&ObjectReference{Kind:PersistentVolumeClaim,Namespace:kubentic-foresight,Name:vmsingle-vmstack,UID:145a2d39-444b-4f32-a485-a26454ae8b53,APIVersion:v1,ResourceVersion:74332,FieldPath:,},PersistentVolumeReclaimPolicy:Delete,StorageClassName:kops-csi-1-21,MountOptions:[],VolumeMode:*Filesystem,NodeAffinity:&VolumeNodeAffinity{Required:&NodeSelector{NodeSelectorTerms:[]NodeSelectorTerm{NodeSelectorTerm{MatchExpressions:[]NodeSelectorRequirement{NodeSelectorRequirement{Key:topology.kubernetes.io/zone,Operator:In,Values:[us-west-2a],},},MatchFields:[]NodeSelectorRequirement{},},},},},VolumeAttributesClassName:nil,},Status:PersistentVolumeStatus{Phase:Released,Message:,Reason:,LastPhaseTransitionTime:2026-06-19 12:43:55 +0000 UTC,},}"
2026-06-19T12:43:55.096353680Z I0619 12:43:55.096110       1 controller.go:1272] "shouldDelete" PV="pvc-145a2d39-444b-4f32-a485-a26454ae8b53"
2026-06-19T12:43:55.096360477Z I0619 12:43:55.096122       1 controller.go:1302] "shouldDelete is true" PV="pvc-145a2d39-444b-4f32-a485-a26454ae8b53"
2026-06-19T12:43:55.096363105Z I0619 12:43:55.096129       1 controller.go:1146] "shouldDelete" PV="pvc-145a2d39-444b-4f32-a485-a26454ae8b53"
2026-06-19T12:43:55.096365597Z I0619 12:43:55.096139       1 controller.go:1559] "Started" PV="pvc-145a2d39-444b-4f32-a485-a26454ae8b53"
2026-06-19T12:43:55.098674309Z I0619 12:43:55.096156       1 controller.go:1317] volume pvc-145a2d39-444b-4f32-a485-a26454ae8b53 does not need any deletion secrets
2026-06-19T12:43:55.099409088Z I0619 12:43:55.098594       1 connection.go:264] "GRPC call" method="/csi.v1.Controller/DeleteVolume" request="{\"volume_id\":\"vol-0f1b453e6a7af752c\"}"
2026-06-19T12:43:55.224463328Z I0619 12:43:55.224248       1 connection.go:270] "GRPC response" response="{}" err=null
2026-06-19T12:43:55.224535073Z I0619 12:43:55.224304       1 controller.go:1574] "Volume deleted" PV="pvc-aadf1544-cc0d-48a8-971b-741e09e58afb"
2026-06-19T12:43:55.251158966Z I0619 12:43:55.250998       1 controller.go:1617] "PersistentVolume deleted succeeded" PV="pvc-aadf1544-cc0d-48a8-971b-741e09e58afb"
2026-06-19T12:43:55.251655602Z I0619 12:43:55.251291       1 controller.go:1185] "handleProtectionFinalizer" PV="&PersistentVolume{ObjectMeta:{pvc-aadf1544-cc0d-48a8-971b-741e09e58afb    e89cbcfc-425f-4c5e-8441-a14f3173d292 84261 0 2026-06-19 12:09:30 +0000 UTC 2026-06-19 12:43:55 +0000 UTC 0xc00024d720 map[] map[pv.kubernetes.io/provisioned-by:ebs.csi.aws.com volume.kubernetes.io/provisioner-deletion-secret-name: volume.kubernetes.io/provisioner-deletion-secret-namespace:] [] [external-provisioner.volume.kubernetes.io/finalizer kubernetes.io/pv-protection external-attacher/ebs-csi-aws-com] [{csi-provisioner Update v1 2026-06-19 12:09:30 +0000 UTC FieldsV1 {\"f:metadata\":{\"f:annotations\":{\".\":{},\"f:pv.kubernetes.io/provisioned-by\":{},\"f:volume.kubernetes.io/provisioner-deletion-secret-name\":{},\"f:volume.kubernetes.io/provisioner-deletion-secret-namespace\":{}},\"f:finalizers\":{\".\":{},\"v:\\\"external-provisioner.volume.kubernetes.io/finalizer\\\"\":{}}},\"f:spec\":{\"f:accessModes\":{},\"f:capacity\":{\".\":{},\"f:storage\":{}},\"f:claimRef\":{\".\":{},\"f:apiVersion\":{},\"f:kind\":{},\"f:name\":{},\"f:namespace\":{},\"f:resourceVersion\":{},\"f:uid\":{}},\"f:csi\":{\".\":{},\"f:driver\":{},\"f:fsType\":{},\"f:volumeAttributes\":{\".\":{},\"f:storage.kubernetes.io/csiProvisionerIdentity\":{}},\"f:volumeHandle\":{}},\"f:nodeAffinity\":{\".\":{},\"f:required\":{}},\"f:persistentVolumeReclaimPolicy\":{},\"f:storageClassName\":{},\"f:volumeMode\":{}}} } {csi-attacher Update v1 2026-06-19 12:09:31 +0000 UTC FieldsV1 {\"f:metadata\":{\"f:finalizers\":{\"v:\\\"external-attacher/ebs-csi-aws-com\\\"\":{}}}} } {kube-controller-manager Update v1 2026-06-19 12:43:55 +0000 UTC FieldsV1 {\"f:status\":{\"f:phase\":{}}} status}]},Spec:PersistentVolumeSpec{Capacity:ResourceList{storage: {{10737418240 0} {<nil>} 10Gi BinarySI},},PersistentVolumeSource:PersistentVolumeSource{GCEPersistentDisk:nil,AWSElasticBlockStore:nil,HostPath:nil,Glusterfs:nil,NFS:nil,RBD:nil,ISCSI:nil,Cinder:nil,CephFS:nil,FC:nil,Flocker:nil,FlexVolume:nil,AzureFile:nil,VsphereVolume:nil,Quobyte:nil,AzureDisk:nil,PhotonPersistentDisk:nil,PortworxVolume:nil,ScaleIO:nil,Local:nil,StorageOS:nil,CSI:&CSIPersistentVolumeSource{Driver:ebs.csi.aws.com,VolumeHandle:vol-0dd4656eba8ec6c05,ReadOnly:false,FSType:ext4,VolumeAttributes:map[string]string{storage.kubernetes.io/csiProvisionerIdentity: 1781855100628-189-ebs.csi.aws.com,},ControllerPublishSecretRef:nil,NodeStageSecretRef:nil,NodePublishSecretRef:nil,ControllerExpandSecretRef:nil,NodeExpandSecretRef:nil,},},AccessModes:[ReadWriteOnce],ClaimRef:&ObjectReference{Kind:PersistentVolumeClaim,Namespace:kubentic-foresight,Name:server-volume-vlogs-server-0,UID:aadf1544-cc0d-48a8-971b-741e09e58afb,APIVersion:v1,ResourceVersion:74211,FieldPath:,},PersistentVolumeReclaimPolicy:Delete,StorageClassName:kops-csi-1-21,MountOptions:[],VolumeMode:*Filesystem,NodeAffinity:&VolumeNodeAffinity{Required:&NodeSelector{NodeSelectorTerms:[]NodeSelectorTerm{NodeSelectorTerm{MatchExpressions:[]NodeSelectorRequirement{NodeSelectorRequirement{Key:topology.kubernetes.io/zone,Operator:In,Values:[us-west-2a],},},MatchFields:[]NodeSelectorRequirement{},},},},},VolumeAttributesClassName:nil,},Status:PersistentVolumeStatus{Phase:Released,Message:,Reason:,LastPhaseTransitionTime:2026-06-19 12:43:55 +0000 UTC,},}"
2026-06-19T12:43:55.251794182Z I0619 12:43:55.251718       1 controller.go:1272] "shouldDelete" PV="pvc-aadf1544-cc0d-48a8-971b-741e09e58afb"
2026-06-19T12:43:55.251937214Z I0619 12:43:55.251863       1 controller.go:1302] "shouldDelete is true" PV="pvc-aadf1544-cc0d-48a8-971b-741e09e58afb"
2026-06-19T12:43:55.252099983Z I0619 12:43:55.252010       1 controller.go:1146] "shouldDelete" PV="pvc-aadf1544-cc0d-48a8-971b-741e09e58afb"
2026-06-19T12:43:55.252210371Z I0619 12:43:55.252128       1 controller.go:1559] "Started" PV="pvc-aadf1544-cc0d-48a8-971b-741e09e58afb"
2026-06-19T12:43:55.252356239Z I0619 12:43:55.252283       1 controller.go:1317] volume pvc-aadf1544-cc0d-48a8-971b-741e09e58afb does not need any deletion secrets
2026-06-19T12:43:55.252559145Z I0619 12:43:55.252423       1 connection.go:264] "GRPC call" method="/csi.v1.Controller/DeleteVolume" request="{\"volume_id\":\"vol-0dd4656eba8ec6c05\"}"
2026-06-19T12:43:55.335412333Z I0619 12:43:55.335311       1 connection.go:270] "GRPC response" response="{}" err=null
2026-06-19T12:43:55.335709737Z I0619 12:43:55.335615       1 controller.go:1574] "Volume deleted" PV="pvc-145a2d39-444b-4f32-a485-a26454ae8b53"
2026-06-19T12:43:55.385437343Z I0619 12:43:55.385286       1 controller.go:1617] "PersistentVolume deleted succeeded" PV="pvc-145a2d39-444b-4f32-a485-a26454ae8b53"
2026-06-19T12:43:55.388122664Z I0619 12:43:55.385722       1 controller.go:1185] "handleProtectionFinalizer" PV="&PersistentVolume{ObjectMeta:{pvc-145a2d39-444b-4f32-a485-a26454ae8b53    33982ac3-f03e-412d-94e6-9bc9f19c3a73 84267 0 2026-06-19 12:09:34 +0000 UTC 2026-06-19 12:43:55 +0000 UTC 0xc0007be3b0 map[] map[pv.kubernetes.io/provisioned-by:ebs.csi.aws.com volume.kubernetes.io/provisioner-deletion-secret-name: volume.kubernetes.io/provisioner-deletion-secret-namespace:] [] [external-attacher/ebs-csi-aws-com] [{csi-provisioner Update v1 2026-06-19 12:09:34 +0000 UTC FieldsV1 {\"f:metadata\":{\"f:annotations\":{\".\":{},\"f:pv.kubernetes.io/provisioned-by\":{},\"f:volume.kubernetes.io/provisioner-deletion-secret-name\":{},\"f:volume.kubernetes.io/provisioner-deletion-secret-namespace\":{}},\"f:finalizers\":{}},\"f:spec\":{\"f:accessModes\":{},\"f:capacity\":{\".\":{},\"f:storage\":{}},\"f:claimRef\":{\".\":{},\"f:apiVersion\":{},\"f:kind\":{},\"f:name\":{},\"f:namespace\":{},\"f:resourceVersion\":{},\"f:uid\":{}},\"f:csi\":{\".\":{},\"f:driver\":{},\"f:fsType\":{},\"f:volumeAttributes\":{\".\":{},\"f:storage.kubernetes.io/csiProvisionerIdentity\":{}},\"f:volumeHandle\":{}},\"f:nodeAffinity\":{\".\":{},\"f:required\":{}},\"f:persistentVolumeReclaimPolicy\":{},\"f:storageClassName\":{},\"f:volumeMode\":{}}} } {csi-attacher Update v1 2026-06-19 12:09:35 +0000 UTC FieldsV1 {\"f:metadata\":{\"f:finalizers\":{\"v:\\\"external-attacher/ebs-csi-aws-com\\\"\":{}}}} } {kube-controller-manager Update v1 2026-06-19 12:43:55 +0000 UTC FieldsV1 {\"f:status\":{\"f:phase\":{}}} status}]},Spec:PersistentVolumeSpec{Capacity:ResourceList{storage: {{10737418240 0} {<nil>} 10Gi BinarySI},},PersistentVolumeSource:PersistentVolumeSource{GCEPersistentDisk:nil,AWSElasticBlockStore:nil,HostPath:nil,Glusterfs:nil,NFS:nil,RBD:nil,ISCSI:nil,Cinder:nil,CephFS:nil,FC:nil,Flocker:nil,FlexVolume:nil,AzureFile:nil,VsphereVolume:nil,Quobyte:nil,AzureDisk:nil,PhotonPersistentDisk:nil,PortworxVolume:nil,ScaleIO:nil,Local:nil,StorageOS:nil,CSI:&CSIPersistentVolumeSource{Driver:ebs.csi.aws.com,VolumeHandle:vol-0f1b453e6a7af752c,ReadOnly:false,FSType:ext4,VolumeAttributes:map[string]string{storage.kubernetes.io/csiProvisionerIdentity: 1781855100628-189-ebs.csi.aws.com,},ControllerPublishSecretRef:nil,NodeStageSecretRef:nil,NodePublishSecretRef:nil,ControllerExpandSecretRef:nil,NodeExpandSecretRef:nil,},},AccessModes:[ReadWriteOnce],ClaimRef:&ObjectReference{Kind:PersistentVolumeClaim,Namespace:kubentic-foresight,Name:vmsingle-vmstack,UID:145a2d39-444b-4f32-a485-a26454ae8b53,APIVersion:v1,ResourceVersion:74332,FieldPath:,},PersistentVolumeReclaimPolicy:Delete,StorageClassName:kops-csi-1-21,MountOptions:[],VolumeMode:*Filesystem,NodeAffinity:&VolumeNodeAffinity{Required:&NodeSelector{NodeSelectorTerms:[]NodeSelectorTerm{NodeSelectorTerm{MatchExpressions:[]NodeSelectorRequirement{NodeSelectorRequirement{Key:topology.kubernetes.io/zone,Operator:In,Values:[us-west-2a],},},MatchFields:[]NodeSelectorRequirement{},},},},},VolumeAttributesClassName:nil,},Status:PersistentVolumeStatus{Phase:Released,Message:,Reason:,LastPhaseTransitionTime:2026-06-19 12:43:55 +0000 UTC,},}"
2026-06-19T12:43:55.388263191Z I0619 12:43:55.388204       1 controller.go:1272] "shouldDelete" PV="pvc-145a2d39-444b-4f32-a485-a26454ae8b53"
2026-06-19T12:43:55.388354899Z I0619 12:43:55.388291       1 controller.go:1282] "shouldDelete is false: finalizer already removed from volume" PV="pvc-145a2d39-444b-4f32-a485-a26454ae8b53"
2026-06-19T12:43:55.435855967Z I0619 12:43:55.435653       1 connection.go:270] "GRPC response" response="{}" err=null
2026-06-19T12:43:55.436294347Z I0619 12:43:55.435945       1 controller.go:1574] "Volume deleted" PV="pvc-aadf1544-cc0d-48a8-971b-741e09e58afb"
2026-06-19T12:43:55.439970834Z I0619 12:43:55.439798       1 controller.go:1580] "Failed to delete persistentvolume" PV="pvc-aadf1544-cc0d-48a8-971b-741e09e58afb" err="persistentvolumes \"pvc-aadf1544-cc0d-48a8-971b-741e09e58afb\" not found"
2026-06-19T12:43:55.440398919Z I0619 12:43:55.440075       1 controller.go:1021] "Retrying syncing volume" key="pvc-aadf1544-cc0d-48a8-971b-741e09e58afb" failures=0
2026-06-19T12:43:55.440597844Z E0619 12:43:55.440517       1 controller.go:1039] "Unhandled Error" err="error syncing volume \"pvc-aadf1544-cc0d-48a8-971b-741e09e58afb\": persistentvolumes \"pvc-aadf1544-cc0d-48a8-971b-741e09e58afb\" not found" logger="UnhandledError"
2026-06-19T12:43:58.584507487Z I0619 12:43:58.584363       1 leaderelection.go:293] successfully renewed lease kube-system/ebs-csi-aws-com
2026-06-19T12:44:03.775464704Z I0619 12:44:03.775172       1 leaderelection.go:293] successfully renewed lease kube-system/ebs-csi-aws-com
2026-06-19T12:44:06.297197311Z I0619 12:44:06.296780       1 reflector.go:946] "Watch close" reflector="k8s.io/client-go/informers/factory.go:160" type="*v1.CSINode" totalItems=10
2026-06-19T12:44:08.288594262Z I0619 12:44:08.288374       1 reflector.go:946] "Watch close" reflector="sigs.k8s.io/sig-storage-lib-external-provisioner/v11/controller/controller.go:875" type="*v1.StorageClass" totalItems=8
2026-06-19T12:44:08.783962408Z I0619 12:44:08.783836       1 leaderelection.go:293] successfully renewed lease kube-system/ebs-csi-aws-com
2026-06-19T12:44:13.791009356Z I0619 12:44:13.790883       1 leaderelection.go:293] successfully renewed lease kube-system/ebs-csi-aws-com
2026-06-19T12:44:18.796757192Z I0619 12:44:18.796619       1 leaderelection.go:293] successfully renewed lease kube-system/ebs-csi-aws-com
2026-06-19T12:44:23.802487273Z I0619 12:44:23.802332       1 leaderelection.go:293] successfully renewed lease kube-system/ebs-csi-aws-com
2026-06-19T12:44:28.809347061Z I0619 12:44:28.809216       1 leaderelection.go:293] successfully renewed lease kube-system/ebs-csi-aws-com
2026-06-19T12:44:33.861094305Z I0619 12:44:33.860977       1 leaderelection.go:293] successfully renewed lease kube-system/ebs-csi-aws-com
2026-06-19T12:44:38.868744213Z I0619 12:44:38.868584       1 leaderelection.go:293] successfully renewed lease kube-system/ebs-csi-aws-com
2026-06-19T12:44:40.201473663Z I0619 12:44:40.201316       1 reflector.go:946] "Watch close" reflector="k8s.io/client-go/informers/factory.go:160" type="*v1.PersistentVolumeClaim" totalItems=13
2026-06-19T12:44:43.874373332Z I0619 12:44:43.874259       1 leaderelection.go:293] successfully renewed lease kube-system/ebs-csi-aws-com
2026-06-19T12:44:48.879615203Z I0619 12:44:48.879452       1 leaderelection.go:293] successfully renewed lease kube-system/ebs-csi-aws-com
2026-06-19T12:44:53.885498241Z I0619 12:44:53.885372       1 leaderelection.go:293] successfully renewed lease kube-system/ebs-csi-aws-com
2026-06-19T12:44:58.890489455Z I0619 12:44:58.890360       1 leaderelection.go:293] successfully renewed lease kube-system/ebs-csi-aws-com
2026-06-19T12:45:03.906332753Z I0619 12:45:03.906183       1 leaderelection.go:293] successfully renewed lease kube-system/ebs-csi-aws-com
2026-06-19T12:45:08.924421621Z I0619 12:45:08.924288       1 leaderelection.go:293] successfully renewed lease kube-system/ebs-csi-aws-com
2026-06-19T12:45:13.932668571Z I0619 12:45:13.932492       1 leaderelection.go:293] successfully renewed lease kube-system/ebs-csi-aws-com
2026-06-19T12:45:18.939797124Z I0619 12:45:18.939605       1 leaderelection.go:293] successfully renewed lease kube-system/ebs-csi-aws-com
2026-06-19T12:45:23.944657775Z I0619 12:45:23.944503       1 leaderelection.go:293] successfully renewed lease kube-system/ebs-csi-aws-com
2026-06-19T12:45:28.950216112Z I0619 12:45:28.950073       1 leaderelection.go:293] successfully renewed lease kube-system/ebs-csi-aws-com
2026-06-19T12:45:33.955203035Z I0619 12:45:33.955066       1 leaderelection.go:293] successfully renewed lease kube-system/ebs-csi-aws-com
2026-06-19T12:45:37.065229446Z I0619 12:45:37.065092       1 reflector.go:450] "Forcing resync" reflector="k8s.io/client-go/informers/factory.go:160"
2026-06-19T12:45:37.142378314Z I0619 12:45:37.142175       1 reflector.go:450] "Forcing resync" reflector="sigs.k8s.io/sig-storage-lib-external-provisioner/v11/controller/controller.go:872"
2026-06-19T12:45:38.961772468Z I0619 12:45:38.961416       1 leaderelection.go:293] successfully renewed lease kube-system/ebs-csi-aws-com
2026-06-19T12:45:43.967697983Z I0619 12:45:43.967572       1 leaderelection.go:293] successfully renewed lease kube-system/ebs-csi-aws-com
2026-06-19T12:45:48.972532309Z I0619 12:45:48.972404       1 leaderelection.go:293] successfully renewed lease kube-system/ebs-csi-aws-com
2026-06-19T12:45:53.978677212Z I0619 12:45:53.978484       1 leaderelection.go:293] successfully renewed lease kube-system/ebs-csi-aws-com
2026-06-19T12:45:58.984674627Z I0619 12:45:58.984515       1 leaderelection.go:293] successfully renewed lease kube-system/ebs-csi-aws-com
2026-06-19T12:46:00.293404872Z I0619 12:46:00.293159       1 reflector.go:946] "Watch close" reflector="k8s.io/client-go/informers/factory.go:160" type="*v1.VolumeAttachment" totalItems=10
2026-06-19T12:46:04.022600118Z I0619 12:46:04.022294       1 leaderelection.go:293] successfully renewed lease kube-system/ebs-csi-aws-com
2026-06-19T12:46:09.028621170Z I0619 12:46:09.028449       1 leaderelection.go:293] successfully renewed lease kube-system/ebs-csi-aws-com
2026-06-19T12:46:14.035316495Z I0619 12:46:14.035190       1 leaderelection.go:293] successfully renewed lease kube-system/ebs-csi-aws-com
2026-06-19T12:46:19.040499590Z I0619 12:46:19.040303       1 leaderelection.go:293] successfully renewed lease kube-system/ebs-csi-aws-com
2026-06-19T12:46:24.046268163Z I0619 12:46:24.046073       1 leaderelection.go:293] successfully renewed lease kube-system/ebs-csi-aws-com
2026-06-19T12:46:29.055933392Z I0619 12:46:29.055783       1 leaderelection.go:293] successfully renewed lease kube-system/ebs-csi-aws-com
2026-06-19T12:46:31.177246851Z I0619 12:46:31.176695       1 reflector.go:946] "Watch close" reflector="k8s.io/client-go/informers/factory.go:160" type="*v1.StorageClass" totalItems=9
2026-06-19T12:46:34.061342686Z I0619 12:46:34.061210       1 leaderelection.go:293] successfully renewed lease kube-system/ebs-csi-aws-com
2026-06-19T12:46:39.066738343Z I0619 12:46:39.066613       1 leaderelection.go:293] successfully renewed lease kube-system/ebs-csi-aws-com
2026-06-19T12:46:44.071845742Z I0619 12:46:44.071727       1 leaderelection.go:293] successfully renewed lease kube-system/ebs-csi-aws-com
2026-06-19T12:46:49.078262669Z I0619 12:46:49.078150       1 leaderelection.go:293] successfully renewed lease kube-system/ebs-csi-aws-com
2026-06-19T12:46:54.083600458Z I0619 12:46:54.083366       1 leaderelection.go:293] successfully renewed lease kube-system/ebs-csi-aws-com
2026-06-19T12:46:59.090901853Z I0619 12:46:59.090749       1 leaderelection.go:293] successfully renewed lease kube-system/ebs-csi-aws-com
2026-06-19T12:47:04.107260138Z I0619 12:47:04.105566       1 leaderelection.go:293] successfully renewed lease kube-system/ebs-csi-aws-com
2026-06-19T12:47:07.068352037Z I0619 12:47:07.068083       1 controller.go:1416] "Started" PVC="kubentic-foresight/server-volume-vlogs-server-0" StorageClass="kops-csi-1-21"
2026-06-19T12:47:07.068442247Z I0619 12:47:07.068272       1 controller.go:580] skip translation of storage class for plugin: ebs.csi.aws.com
2026-06-19T12:47:07.069042219Z I0619 12:47:07.068860       1 event.go:389] "Event occurred" object="kubentic-foresight/server-volume-vlogs-server-0" fieldPath="" kind="PersistentVolumeClaim" apiVersion="v1" type="Normal" reason="Provisioning" message="External provisioner is provisioning volume for claim \"kubentic-foresight/server-volume-vlogs-server-0\""
2026-06-19T12:47:07.069950396Z I0619 12:47:07.069629       1 connection.go:264] "GRPC call" method="/csi.v1.Controller/CreateVolume" request="{\"accessibility_requirements\":{\"preferred\":[{\"segments\":{\"kubernetes.io/os\":\"linux\",\"topology.ebs.csi.aws.com/zone\":\"us-west-2a\",\"topology.kubernetes.io/zone\":\"us-west-2a\"}}],\"requisite\":[{\"segments\":{\"kubernetes.io/os\":\"linux\",\"topology.ebs.csi.aws.com/zone\":\"us-west-2a\",\"topology.kubernetes.io/zone\":\"us-west-2a\"}}]},\"capacity_range\":{\"required_bytes\":10737418240},\"name\":\"pvc-e2c608ed-9f91-4b79-b288-3d1c3131687b\",\"parameters\":{\"csi.storage.k8s.io/pv/name\":\"pvc-e2c608ed-9f91-4b79-b288-3d1c3131687b\",\"csi.storage.k8s.io/pvc/name\":\"server-volume-vlogs-server-0\",\"csi.storage.k8s.io/pvc/namespace\":\"kubentic-foresight\",\"encrypted\":\"true\",\"type\":\"gp3\"},\"volume_capabilities\":[{\"access_mode\":{\"mode\":\"SINGLE_NODE_WRITER\"},\"mount\":{\"fs_type\":\"ext4\"}}]}"
2026-06-19T12:47:09.115780951Z I0619 12:47:09.115622       1 leaderelection.go:293] successfully renewed lease kube-system/ebs-csi-aws-com
2026-06-19T12:47:09.281760400Z I0619 12:47:09.281589       1 connection.go:270] "GRPC response" response="{\"volume\":{\"accessible_topology\":[{\"segments\":{\"topology.kubernetes.io/zone\":\"us-west-2a\"}}],\"capacity_bytes\":10737418240,\"volume_id\":\"vol-0f563ad56f9dc6760\"}}" err=null
2026-06-19T12:47:09.283336112Z I0619 12:47:09.283164       1 controller.go:857] create volume rep: capacity_bytes:10737418240 volume_id:"vol-0f563ad56f9dc6760" accessible_topology:{segments:{key:"topology.kubernetes.io/zone" value:"us-west-2a"}}
2026-06-19T12:47:09.283368027Z I0619 12:47:09.283317       1 controller.go:929] createVolumeOperation: set annotation [volume.kubernetes.io/provisioner-deletion-secret-namespace/volume.kubernetes.io/provisioner-deletion-secret-name] on pv [pvc-e2c608ed-9f91-4b79-b288-3d1c3131687b].
2026-06-19T12:47:09.283380048Z I0619 12:47:09.283362       1 controller.go:959] successfully created PV pvc-e2c608ed-9f91-4b79-b288-3d1c3131687b for PVC server-volume-vlogs-server-0 and csi volume name vol-0f563ad56f9dc6760
2026-06-19T12:47:09.283533522Z I0619 12:47:09.283397       1 controller.go:975] successfully created PV {GCEPersistentDisk:nil AWSElasticBlockStore:nil HostPath:nil Glusterfs:nil NFS:nil RBD:nil ISCSI:nil Cinder:nil CephFS:nil FC:nil Flocker:nil FlexVolume:nil AzureFile:nil VsphereVolume:nil Quobyte:nil AzureDisk:nil PhotonPersistentDisk:nil PortworxVolume:nil ScaleIO:nil Local:nil StorageOS:nil CSI:&CSIPersistentVolumeSource{Driver:ebs.csi.aws.com,VolumeHandle:vol-0f563ad56f9dc6760,ReadOnly:false,FSType:ext4,VolumeAttributes:map[string]string{storage.kubernetes.io/csiProvisionerIdentity: 1781855100628-189-ebs.csi.aws.com,},ControllerPublishSecretRef:nil,NodeStageSecretRef:nil,NodePublishSecretRef:nil,ControllerExpandSecretRef:nil,NodeExpandSecretRef:nil,}}
2026-06-19T12:47:09.283613420Z I0619 12:47:09.283495       1 controller.go:1501] "Volume is provisioned" PVC="kubentic-foresight/server-volume-vlogs-server-0" StorageClass="kops-csi-1-21" PV="pvc-e2c608ed-9f91-4b79-b288-3d1c3131687b"
2026-06-19T12:47:09.283664042Z I0619 12:47:09.283531       1 controller.go:1514] "Succeeded" PVC="kubentic-foresight/server-volume-vlogs-server-0" StorageClass="kops-csi-1-21"
2026-06-19T12:47:09.283679435Z I0619 12:47:09.283571       1 volume_store.go:156] "Saving volume" PVC="kubentic-foresight/server-volume-vlogs-server-0" StorageClass="kops-csi-1-21" volume="pvc-e2c608ed-9f91-4b79-b288-3d1c3131687b"
2026-06-19T12:47:09.292667222Z I0619 12:47:09.292215       1 controller.go:1185] "handleProtectionFinalizer" PV="&PersistentVolume{ObjectMeta:{pvc-e2c608ed-9f91-4b79-b288-3d1c3131687b    efe397b9-4ac9-4d4d-863c-53a6a0ee76e0 85254 0 2026-06-19 12:47:09 +0000 UTC <nil> <nil> map[] map[pv.kubernetes.io/provisioned-by:ebs.csi.aws.com volume.kubernetes.io/provisioner-deletion-secret-name: volume.kubernetes.io/provisioner-deletion-secret-namespace:] [] [external-provisioner.volume.kubernetes.io/finalizer kubernetes.io/pv-protection] [{csi-provisioner Update v1 2026-06-19 12:47:09 +0000 UTC FieldsV1 {\"f:metadata\":{\"f:annotations\":{\".\":{},\"f:pv.kubernetes.io/provisioned-by\":{},\"f:volume.kubernetes.io/provisioner-deletion-secret-name\":{},\"f:volume.kubernetes.io/provisioner-deletion-secret-namespace\":{}},\"f:finalizers\":{\".\":{},\"v:\\\"external-provisioner.volume.kubernetes.io/finalizer\\\"\":{}}},\"f:spec\":{\"f:accessModes\":{},\"f:capacity\":{\".\":{},\"f:storage\":{}},\"f:claimRef\":{\".\":{},\"f:apiVersion\":{},\"f:kind\":{},\"f:name\":{},\"f:namespace\":{},\"f:resourceVersion\":{},\"f:uid\":{}},\"f:csi\":{\".\":{},\"f:driver\":{},\"f:fsType\":{},\"f:volumeAttributes\":{\".\":{},\"f:storage.kubernetes.io/csiProvisionerIdentity\":{}},\"f:volumeHandle\":{}},\"f:nodeAffinity\":{\".\":{},\"f:required\":{}},\"f:persistentVolumeReclaimPolicy\":{},\"f:storageClassName\":{},\"f:volumeMode\":{}}} }]},Spec:PersistentVolumeSpec{Capacity:ResourceList{storage: {{10737418240 0} {<nil>} 10Gi BinarySI},},PersistentVolumeSource:PersistentVolumeSource{GCEPersistentDisk:nil,AWSElasticBlockStore:nil,HostPath:nil,Glusterfs:nil,NFS:nil,RBD:nil,ISCSI:nil,Cinder:nil,CephFS:nil,FC:nil,Flocker:nil,FlexVolume:nil,AzureFile:nil,VsphereVolume:nil,Quobyte:nil,AzureDisk:nil,PhotonPersistentDisk:nil,PortworxVolume:nil,ScaleIO:nil,Local:nil,StorageOS:nil,CSI:&CSIPersistentVolumeSource{Driver:ebs.csi.aws.com,VolumeHandle:vol-0f563ad56f9dc6760,ReadOnly:false,FSType:ext4,VolumeAttributes:map[string]string{storage.kubernetes.io/csiProvisionerIdentity: 1781855100628-189-ebs.csi.aws.com,},ControllerPublishSecretRef:nil,NodeStageSecretRef:nil,NodePublishSecretRef:nil,ControllerExpandSecretRef:nil,NodeExpandSecretRef:nil,},},AccessModes:[ReadWriteOnce],ClaimRef:&ObjectReference{Kind:PersistentVolumeClaim,Namespace:kubentic-foresight,Name:server-volume-vlogs-server-0,UID:e2c608ed-9f91-4b79-b288-3d1c3131687b,APIVersion:v1,ResourceVersion:85176,FieldPath:,},PersistentVolumeReclaimPolicy:Delete,StorageClassName:kops-csi-1-21,MountOptions:[],VolumeMode:*Filesystem,NodeAffinity:&VolumeNodeAffinity{Required:&NodeSelector{NodeSelectorTerms:[]NodeSelectorTerm{NodeSelectorTerm{MatchExpressions:[]NodeSelectorRequirement{NodeSelectorRequirement{Key:topology.kubernetes.io/zone,Operator:In,Values:[us-west-2a],},},MatchFields:[]NodeSelectorRequirement{},},},},},VolumeAttributesClassName:nil,},Status:PersistentVolumeStatus{Phase:Pending,Message:,Reason:,LastPhaseTransitionTime:2026-06-19 12:47:09 +0000 UTC,},}"
2026-06-19T12:47:09.292713071Z I0619 12:47:09.292445       1 controller.go:1272] "shouldDelete" PV="pvc-e2c608ed-9f91-4b79-b288-3d1c3131687b"
2026-06-19T12:47:09.292717655Z I0619 12:47:09.292454       1 controller.go:1293] "shouldDelete is false: PersistentVolumePhase is not Released" PV="pvc-e2c608ed-9f91-4b79-b288-3d1c3131687b"
2026-06-19T12:47:09.294730944Z I0619 12:47:09.294506       1 volume_store.go:159] "Volume saved" PVC="kubentic-foresight/server-volume-vlogs-server-0" StorageClass="kops-csi-1-21" volume="pvc-e2c608ed-9f91-4b79-b288-3d1c3131687b"
2026-06-19T12:47:09.294820395Z I0619 12:47:09.294672       1 controller.go:1102] "Claim processing succeeded, removing PVC from claims in progress" claimUID="e2c608ed-9f91-4b79-b288-3d1c3131687b"
2026-06-19T12:47:09.294897641Z I0619 12:47:09.294814       1 event.go:389] "Event occurred" object="kubentic-foresight/server-volume-vlogs-server-0" fieldPath="" kind="PersistentVolumeClaim" apiVersion="v1" type="Normal" reason="ProvisioningSucceeded" message="Successfully provisioned volume pvc-e2c608ed-9f91-4b79-b288-3d1c3131687b"
2026-06-19T12:47:09.305690507Z I0619 12:47:09.305294       1 controller.go:1185] "handleProtectionFinalizer" PV="&PersistentVolume{ObjectMeta:{pvc-e2c608ed-9f91-4b79-b288-3d1c3131687b    efe397b9-4ac9-4d4d-863c-53a6a0ee76e0 85256 0 2026-06-19 12:47:09 +0000 UTC <nil> <nil> map[] map[pv.kubernetes.io/provisioned-by:ebs.csi.aws.com volume.kubernetes.io/provisioner-deletion-secret-name: volume.kubernetes.io/provisioner-deletion-secret-namespace:] [] [external-provisioner.volume.kubernetes.io/finalizer kubernetes.io/pv-protection] [{csi-provisioner Update v1 2026-06-19 12:47:09 +0000 UTC FieldsV1 {\"f:metadata\":{\"f:annotations\":{\".\":{},\"f:pv.kubernetes.io/provisioned-by\":{},\"f:volume.kubernetes.io/provisioner-deletion-secret-name\":{},\"f:volume.kubernetes.io/provisioner-deletion-secret-namespace\":{}},\"f:finalizers\":{\".\":{},\"v:\\\"external-provisioner.volume.kubernetes.io/finalizer\\\"\":{}}},\"f:spec\":{\"f:accessModes\":{},\"f:capacity\":{\".\":{},\"f:storage\":{}},\"f:claimRef\":{\".\":{},\"f:apiVersion\":{},\"f:kind\":{},\"f:name\":{},\"f:namespace\":{},\"f:resourceVersion\":{},\"f:uid\":{}},\"f:csi\":{\".\":{},\"f:driver\":{},\"f:fsType\":{},\"f:volumeAttributes\":{\".\":{},\"f:storage.kubernetes.io/csiProvisionerIdentity\":{}},\"f:volumeHandle\":{}},\"f:nodeAffinity\":{\".\":{},\"f:required\":{}},\"f:persistentVolumeReclaimPolicy\":{},\"f:storageClassName\":{},\"f:volumeMode\":{}}} } {kube-controller-manager Update v1 2026-06-19 12:47:09 +0000 UTC FieldsV1 {\"f:status\":{\"f:phase\":{}}} status}]},Spec:PersistentVolumeSpec{Capacity:ResourceList{storage: {{10737418240 0} {<nil>} 10Gi BinarySI},},PersistentVolumeSource:PersistentVolumeSource{GCEPersistentDisk:nil,AWSElasticBlockStore:nil,HostPath:nil,Glusterfs:nil,NFS:nil,RBD:nil,ISCSI:nil,Cinder:nil,CephFS:nil,FC:nil,Flocker:nil,FlexVolume:nil,AzureFile:nil,VsphereVolume:nil,Quobyte:nil,AzureDisk:nil,PhotonPersistentDisk:nil,PortworxVolume:nil,ScaleIO:nil,Local:nil,StorageOS:nil,CSI:&CSIPersistentVolumeSource{Driver:ebs.csi.aws.com,VolumeHandle:vol-0f563ad56f9dc6760,ReadOnly:false,FSType:ext4,VolumeAttributes:map[string]string{storage.kubernetes.io/csiProvisionerIdentity: 1781855100628-189-ebs.csi.aws.com,},ControllerPublishSecretRef:nil,NodeStageSecretRef:nil,NodePublishSecretRef:nil,ControllerExpandSecretRef:nil,NodeExpandSecretRef:nil,},},AccessModes:[ReadWriteOnce],ClaimRef:&ObjectReference{Kind:PersistentVolumeClaim,Namespace:kubentic-foresight,Name:server-volume-vlogs-server-0,UID:e2c608ed-9f91-4b79-b288-3d1c3131687b,APIVersion:v1,ResourceVersion:85176,FieldPath:,},PersistentVolumeReclaimPolicy:Delete,StorageClassName:kops-csi-1-21,MountOptions:[],VolumeMode:*Filesystem,NodeAffinity:&VolumeNodeAffinity{Required:&NodeSelector{NodeSelectorTerms:[]NodeSelectorTerm{NodeSelectorTerm{MatchExpressions:[]NodeSelectorRequirement{NodeSelectorRequirement{Key:topology.kubernetes.io/zone,Operator:In,Values:[us-west-2a],},},MatchFields:[]NodeSelectorRequirement{},},},},},VolumeAttributesClassName:nil,},Status:PersistentVolumeStatus{Phase:Bound,Message:,Reason:,LastPhaseTransitionTime:2026-06-19 12:47:09 +0000 UTC,},}"
2026-06-19T12:47:09.305716181Z I0619 12:47:09.305522       1 controller.go:1272] "shouldDelete" PV="pvc-e2c608ed-9f91-4b79-b288-3d1c3131687b"
2026-06-19T12:47:09.305719967Z I0619 12:47:09.305534       1 controller.go:1293] "shouldDelete is false: PersistentVolumePhase is not Released" PV="pvc-e2c608ed-9f91-4b79-b288-3d1c3131687b"
2026-06-19T12:47:10.158974566Z I0619 12:47:10.158370       1 controller.go:1185] "handleProtectionFinalizer" PV="&PersistentVolume{ObjectMeta:{pvc-e2c608ed-9f91-4b79-b288-3d1c3131687b    efe397b9-4ac9-4d4d-863c-53a6a0ee76e0 85295 0 2026-06-19 12:47:09 +0000 UTC <nil> <nil> map[] map[pv.kubernetes.io/provisioned-by:ebs.csi.aws.com volume.kubernetes.io/provisioner-deletion-secret-name: volume.kubernetes.io/provisioner-deletion-secret-namespace:] [] [external-provisioner.volume.kubernetes.io/finalizer kubernetes.io/pv-protection external-attacher/ebs-csi-aws-com] [{csi-provisioner Update v1 2026-06-19 12:47:09 +0000 UTC FieldsV1 {\"f:metadata\":{\"f:annotations\":{\".\":{},\"f:pv.kubernetes.io/provisioned-by\":{},\"f:volume.kubernetes.io/provisioner-deletion-secret-name\":{},\"f:volume.kubernetes.io/provisioner-deletion-secret-namespace\":{}},\"f:finalizers\":{\".\":{},\"v:\\\"external-provisioner.volume.kubernetes.io/finalizer\\\"\":{}}},\"f:spec\":{\"f:accessModes\":{},\"f:capacity\":{\".\":{},\"f:storage\":{}},\"f:claimRef\":{\".\":{},\"f:apiVersion\":{},\"f:kind\":{},\"f:name\":{},\"f:namespace\":{},\"f:resourceVersion\":{},\"f:uid\":{}},\"f:csi\":{\".\":{},\"f:driver\":{},\"f:fsType\":{},\"f:volumeAttributes\":{\".\":{},\"f:storage.kubernetes.io/csiProvisionerIdentity\":{}},\"f:volumeHandle\":{}},\"f:nodeAffinity\":{\".\":{},\"f:required\":{}},\"f:persistentVolumeReclaimPolicy\":{},\"f:storageClassName\":{},\"f:volumeMode\":{}}} } {kube-controller-manager Update v1 2026-06-19 12:47:09 +0000 UTC FieldsV1 {\"f:status\":{\"f:phase\":{}}} status} {csi-attacher Update v1 2026-06-19 12:47:10 +0000 UTC FieldsV1 {\"f:metadata\":{\"f:finalizers\":{\"v:\\\"external-attacher/ebs-csi-aws-com\\\"\":{}}}} }]},Spec:PersistentVolumeSpec{Capacity:ResourceList{storage: {{10737418240 0} {<nil>} 10Gi BinarySI},},PersistentVolumeSource:PersistentVolumeSource{GCEPersistentDisk:nil,AWSElasticBlockStore:nil,HostPath:nil,Glusterfs:nil,NFS:nil,RBD:nil,ISCSI:nil,Cinder:nil,CephFS:nil,FC:nil,Flocker:nil,FlexVolume:nil,AzureFile:nil,VsphereVolume:nil,Quobyte:nil,AzureDisk:nil,PhotonPersistentDisk:nil,PortworxVolume:nil,ScaleIO:nil,Local:nil,StorageOS:nil,CSI:&CSIPersistentVolumeSource{Driver:ebs.csi.aws.com,VolumeHandle:vol-0f563ad56f9dc6760,ReadOnly:false,FSType:ext4,VolumeAttributes:map[string]string{storage.kubernetes.io/csiProvisionerIdentity: 1781855100628-189-ebs.csi.aws.com,},ControllerPublishSecretRef:nil,NodeStageSecretRef:nil,NodePublishSecretRef:nil,ControllerExpandSecretRef:nil,NodeExpandSecretRef:nil,},},AccessModes:[ReadWriteOnce],ClaimRef:&ObjectReference{Kind:PersistentVolumeClaim,Namespace:kubentic-foresight,Name:server-volume-vlogs-server-0,UID:e2c608ed-9f91-4b79-b288-3d1c3131687b,APIVersion:v1,ResourceVersion:85176,FieldPath:,},PersistentVolumeReclaimPolicy:Delete,StorageClassName:kops-csi-1-21,MountOptions:[],VolumeMode:*Filesystem,NodeAffinity:&VolumeNodeAffinity{Required:&NodeSelector{NodeSelectorTerms:[]NodeSelectorTerm{NodeSelectorTerm{MatchExpressions:[]NodeSelectorRequirement{NodeSelectorRequirement{Key:topology.kubernetes.io/zone,Operator:In,Values:[us-west-2a],},},MatchFields:[]NodeSelectorRequirement{},},},},},VolumeAttributesClassName:nil,},Status:PersistentVolumeStatus{Phase:Bound,Message:,Reason:,LastPhaseTransitionTime:2026-06-19 12:47:09 +0000 UTC,},}"
2026-06-19T12:47:10.159065110Z I0619 12:47:10.158950       1 controller.go:1272] "shouldDelete" PV="pvc-e2c608ed-9f91-4b79-b288-3d1c3131687b"
2026-06-19T12:47:10.159073583Z I0619 12:47:10.159009       1 controller.go:1293] "shouldDelete is false: PersistentVolumePhase is not Released" PV="pvc-e2c608ed-9f91-4b79-b288-3d1c3131687b"
2026-06-19T12:47:14.121881322Z I0619 12:47:14.121731       1 leaderelection.go:293] successfully renewed lease kube-system/ebs-csi-aws-com
2026-06-19T12:47:14.346002309Z I0619 12:47:14.345821       1 controller.go:1416] "Started" PVC="kubentic-foresight/vmsingle-vmstack" StorageClass="kops-csi-1-21"
2026-06-19T12:47:14.346782914Z I0619 12:47:14.346658       1 controller.go:580] skip translation of storage class for plugin: ebs.csi.aws.com
2026-06-19T12:47:14.347080260Z I0619 12:47:14.346986       1 event.go:389] "Event occurred" object="kubentic-foresight/vmsingle-vmstack" fieldPath="" kind="PersistentVolumeClaim" apiVersion="v1" type="Normal" reason="Provisioning" message="External provisioner is provisioning volume for claim \"kubentic-foresight/vmsingle-vmstack\""
2026-06-19T12:47:14.347360225Z I0619 12:47:14.346941       1 connection.go:264] "GRPC call" method="/csi.v1.Controller/CreateVolume" request="{\"accessibility_requirements\":{\"preferred\":[{\"segments\":{\"kubernetes.io/os\":\"linux\",\"topology.ebs.csi.aws.com/zone\":\"us-west-2a\",\"topology.kubernetes.io/zone\":\"us-west-2a\"}}],\"requisite\":[{\"segments\":{\"kubernetes.io/os\":\"linux\",\"topology.ebs.csi.aws.com/zone\":\"us-west-2a\",\"topology.kubernetes.io/zone\":\"us-west-2a\"}}]},\"capacity_range\":{\"required_bytes\":10737418240},\"name\":\"pvc-1880076b-7d3e-4e12-959e-36682f7f4b30\",\"parameters\":{\"csi.storage.k8s.io/pv/name\":\"pvc-1880076b-7d3e-4e12-959e-36682f7f4b30\",\"csi.storage.k8s.io/pvc/name\":\"vmsingle-vmstack\",\"csi.storage.k8s.io/pvc/namespace\":\"kubentic-foresight\",\"encrypted\":\"true\",\"type\":\"gp3\"},\"volume_capabilities\":[{\"access_mode\":{\"mode\":\"SINGLE_NODE_WRITER\"},\"mount\":{\"fs_type\":\"ext4\"}}]}"
2026-06-19T12:47:16.446609325Z I0619 12:47:16.446444       1 connection.go:270] "GRPC response" response="{\"volume\":{\"accessible_topology\":[{\"segments\":{\"topology.kubernetes.io/zone\":\"us-west-2a\"}}],\"capacity_bytes\":10737418240,\"volume_id\":\"vol-063ffa3cab378b541\"}}" err=null
2026-06-19T12:47:16.446858413Z I0619 12:47:16.446476       1 controller.go:857] create volume rep: capacity_bytes:10737418240 volume_id:"vol-063ffa3cab378b541" accessible_topology:{segments:{key:"topology.kubernetes.io/zone" value:"us-west-2a"}}
2026-06-19T12:47:16.446867932Z I0619 12:47:16.446763       1 controller.go:929] createVolumeOperation: set annotation [volume.kubernetes.io/provisioner-deletion-secret-namespace/volume.kubernetes.io/provisioner-deletion-secret-name] on pv [pvc-1880076b-7d3e-4e12-959e-36682f7f4b30].
2026-06-19T12:47:16.446871518Z I0619 12:47:16.446786       1 controller.go:959] successfully created PV pvc-1880076b-7d3e-4e12-959e-36682f7f4b30 for PVC vmsingle-vmstack and csi volume name vol-063ffa3cab378b541
2026-06-19T12:47:16.446951330Z I0619 12:47:16.446806       1 controller.go:975] successfully created PV {GCEPersistentDisk:nil AWSElasticBlockStore:nil HostPath:nil Glusterfs:nil NFS:nil RBD:nil ISCSI:nil Cinder:nil CephFS:nil FC:nil Flocker:nil FlexVolume:nil AzureFile:nil VsphereVolume:nil Quobyte:nil AzureDisk:nil PhotonPersistentDisk:nil PortworxVolume:nil ScaleIO:nil Local:nil StorageOS:nil CSI:&CSIPersistentVolumeSource{Driver:ebs.csi.aws.com,VolumeHandle:vol-063ffa3cab378b541,ReadOnly:false,FSType:ext4,VolumeAttributes:map[string]string{storage.kubernetes.io/csiProvisionerIdentity: 1781855100628-189-ebs.csi.aws.com,},ControllerPublishSecretRef:nil,NodeStageSecretRef:nil,NodePublishSecretRef:nil,ControllerExpandSecretRef:nil,NodeExpandSecretRef:nil,}}
2026-06-19T12:47:16.446957044Z I0619 12:47:16.446899       1 controller.go:1501] "Volume is provisioned" PVC="kubentic-foresight/vmsingle-vmstack" StorageClass="kops-csi-1-21" PV="pvc-1880076b-7d3e-4e12-959e-36682f7f4b30"
2026-06-19T12:47:16.447029030Z I0619 12:47:16.446940       1 controller.go:1514] "Succeeded" PVC="kubentic-foresight/vmsingle-vmstack" StorageClass="kops-csi-1-21"
2026-06-19T12:47:16.447033869Z I0619 12:47:16.446964       1 volume_store.go:156] "Saving volume" PVC="kubentic-foresight/vmsingle-vmstack" StorageClass="kops-csi-1-21" volume="pvc-1880076b-7d3e-4e12-959e-36682f7f4b30"
2026-06-19T12:47:16.455915098Z I0619 12:47:16.455498       1 volume_store.go:159] "Volume saved" PVC="kubentic-foresight/vmsingle-vmstack" StorageClass="kops-csi-1-21" volume="pvc-1880076b-7d3e-4e12-959e-36682f7f4b30"
2026-06-19T12:47:16.457584523Z I0619 12:47:16.457396       1 controller.go:1102] "Claim processing succeeded, removing PVC from claims in progress" claimUID="1880076b-7d3e-4e12-959e-36682f7f4b30"
2026-06-19T12:47:16.458203255Z I0619 12:47:16.455623       1 controller.go:1185] "handleProtectionFinalizer" PV="&PersistentVolume{ObjectMeta:{pvc-1880076b-7d3e-4e12-959e-36682f7f4b30    4f6e3b0b-93b5-451c-ba39-1bc8773e8af8 85356 0 2026-06-19 12:47:16 +0000 UTC <nil> <nil> map[] map[pv.kubernetes.io/provisioned-by:ebs.csi.aws.com volume.kubernetes.io/provisioner-deletion-secret-name: volume.kubernetes.io/provisioner-deletion-secret-namespace:] [] [external-provisioner.volume.kubernetes.io/finalizer kubernetes.io/pv-protection] [{csi-provisioner Update v1 2026-06-19 12:47:16 +0000 UTC FieldsV1 {\"f:metadata\":{\"f:annotations\":{\".\":{},\"f:pv.kubernetes.io/provisioned-by\":{},\"f:volume.kubernetes.io/provisioner-deletion-secret-name\":{},\"f:volume.kubernetes.io/provisioner-deletion-secret-namespace\":{}},\"f:finalizers\":{\".\":{},\"v:\\\"external-provisioner.volume.kubernetes.io/finalizer\\\"\":{}}},\"f:spec\":{\"f:accessModes\":{},\"f:capacity\":{\".\":{},\"f:storage\":{}},\"f:claimRef\":{\".\":{},\"f:apiVersion\":{},\"f:kind\":{},\"f:name\":{},\"f:namespace\":{},\"f:resourceVersion\":{},\"f:uid\":{}},\"f:csi\":{\".\":{},\"f:driver\":{},\"f:fsType\":{},\"f:volumeAttributes\":{\".\":{},\"f:storage.kubernetes.io/csiProvisionerIdentity\":{}},\"f:volumeHandle\":{}},\"f:nodeAffinity\":{\".\":{},\"f:required\":{}},\"f:persistentVolumeReclaimPolicy\":{},\"f:storageClassName\":{},\"f:volumeMode\":{}}} }]},Spec:PersistentVolumeSpec{Capacity:ResourceList{storage: {{10737418240 0} {<nil>} 10Gi BinarySI},},PersistentVolumeSource:PersistentVolumeSource{GCEPersistentDisk:nil,AWSElasticBlockStore:nil,HostPath:nil,Glusterfs:nil,NFS:nil,RBD:nil,ISCSI:nil,Cinder:nil,CephFS:nil,FC:nil,Flocker:nil,FlexVolume:nil,AzureFile:nil,VsphereVolume:nil,Quobyte:nil,AzureDisk:nil,PhotonPersistentDisk:nil,PortworxVolume:nil,ScaleIO:nil,Local:nil,StorageOS:nil,CSI:&CSIPersistentVolumeSource{Driver:ebs.csi.aws.com,VolumeHandle:vol-063ffa3cab378b541,ReadOnly:false,FSType:ext4,VolumeAttributes:map[string]string{storage.kubernetes.io/csiProvisionerIdentity: 1781855100628-189-ebs.csi.aws.com,},ControllerPublishSecretRef:nil,NodeStageSecretRef:nil,NodePublishSecretRef:nil,ControllerExpandSecretRef:nil,NodeExpandSecretRef:nil,},},AccessModes:[ReadWriteOnce],ClaimRef:&ObjectReference{Kind:PersistentVolumeClaim,Namespace:kubentic-foresight,Name:vmsingle-vmstack,UID:1880076b-7d3e-4e12-959e-36682f7f4b30,APIVersion:v1,ResourceVersion:85342,FieldPath:,},PersistentVolumeReclaimPolicy:Delete,StorageClassName:kops-csi-1-21,MountOptions:[],VolumeMode:*Filesystem,NodeAffinity:&VolumeNodeAffinity{Required:&NodeSelector{NodeSelectorTerms:[]NodeSelectorTerm{NodeSelectorTerm{MatchExpressions:[]NodeSelectorRequirement{NodeSelectorRequirement{Key:topology.kubernetes.io/zone,Operator:In,Values:[us-west-2a],},},MatchFields:[]NodeSelectorRequirement{},},},},},VolumeAttributesClassName:nil,},Status:PersistentVolumeStatus{Phase:Pending,Message:,Reason:,LastPhaseTransitionTime:2026-06-19 12:47:16 +0000 UTC,},}"
2026-06-19T12:47:16.458370010Z I0619 12:47:16.458270       1 controller.go:1272] "shouldDelete" PV="pvc-1880076b-7d3e-4e12-959e-36682f7f4b30"
2026-06-19T12:47:16.458534875Z I0619 12:47:16.458427       1 controller.go:1293] "shouldDelete is false: PersistentVolumePhase is not Released" PV="pvc-1880076b-7d3e-4e12-959e-36682f7f4b30"
2026-06-19T12:47:16.459473364Z I0619 12:47:16.458101       1 event.go:389] "Event occurred" object="kubentic-foresight/vmsingle-vmstack" fieldPath="" kind="PersistentVolumeClaim" apiVersion="v1" type="Normal" reason="ProvisioningSucceeded" message="Successfully provisioned volume pvc-1880076b-7d3e-4e12-959e-36682f7f4b30"
2026-06-19T12:47:16.463206785Z I0619 12:47:16.462576       1 controller.go:1185] "handleProtectionFinalizer" PV="&PersistentVolume{ObjectMeta:{pvc-1880076b-7d3e-4e12-959e-36682f7f4b30    4f6e3b0b-93b5-451c-ba39-1bc8773e8af8 85357 0 2026-06-19 12:47:16 +0000 UTC <nil> <nil> map[] map[pv.kubernetes.io/provisioned-by:ebs.csi.aws.com volume.kubernetes.io/provisioner-deletion-secret-name: volume.kubernetes.io/provisioner-deletion-secret-namespace:] [] [external-provisioner.volume.kubernetes.io/finalizer kubernetes.io/pv-protection] [{csi-provisioner Update v1 2026-06-19 12:47:16 +0000 UTC FieldsV1 {\"f:metadata\":{\"f:annotations\":{\".\":{},\"f:pv.kubernetes.io/provisioned-by\":{},\"f:volume.kubernetes.io/provisioner-deletion-secret-name\":{},\"f:volume.kubernetes.io/provisioner-deletion-secret-namespace\":{}},\"f:finalizers\":{\".\":{},\"v:\\\"external-provisioner.volume.kubernetes.io/finalizer\\\"\":{}}},\"f:spec\":{\"f:accessModes\":{},\"f:capacity\":{\".\":{},\"f:storage\":{}},\"f:claimRef\":{\".\":{},\"f:apiVersion\":{},\"f:kind\":{},\"f:name\":{},\"f:namespace\":{},\"f:resourceVersion\":{},\"f:uid\":{}},\"f:csi\":{\".\":{},\"f:driver\":{},\"f:fsType\":{},\"f:volumeAttributes\":{\".\":{},\"f:storage.kubernetes.io/csiProvisionerIdentity\":{}},\"f:volumeHandle\":{}},\"f:nodeAffinity\":{\".\":{},\"f:required\":{}},\"f:persistentVolumeReclaimPolicy\":{},\"f:storageClassName\":{},\"f:volumeMode\":{}}} } {kube-controller-manager Update v1 2026-06-19 12:47:16 +0000 UTC FieldsV1 {\"f:status\":{\"f:phase\":{}}} status}]},Spec:PersistentVolumeSpec{Capacity:ResourceList{storage: {{10737418240 0} {<nil>} 10Gi BinarySI},},PersistentVolumeSource:PersistentVolumeSource{GCEPersistentDisk:nil,AWSElasticBlockStore:nil,HostPath:nil,Glusterfs:nil,NFS:nil,RBD:nil,ISCSI:nil,Cinder:nil,CephFS:nil,FC:nil,Flocker:nil,FlexVolume:nil,AzureFile:nil,VsphereVolume:nil,Quobyte:nil,AzureDisk:nil,PhotonPersistentDisk:nil,PortworxVolume:nil,ScaleIO:nil,Local:nil,StorageOS:nil,CSI:&CSIPersistentVolumeSource{Driver:ebs.csi.aws.com,VolumeHandle:vol-063ffa3cab378b541,ReadOnly:false,FSType:ext4,VolumeAttributes:map[string]string{storage.kubernetes.io/csiProvisionerIdentity: 1781855100628-189-ebs.csi.aws.com,},ControllerPublishSecretRef:nil,NodeStageSecretRef:nil,NodePublishSecretRef:nil,ControllerExpandSecretRef:nil,NodeExpandSecretRef:nil,},},AccessModes:[ReadWriteOnce],ClaimRef:&ObjectReference{Kind:PersistentVolumeClaim,Namespace:kubentic-foresight,Name:vmsingle-vmstack,UID:1880076b-7d3e-4e12-959e-36682f7f4b30,APIVersion:v1,ResourceVersion:85342,FieldPath:,},PersistentVolumeReclaimPolicy:Delete,StorageClassName:kops-csi-1-21,MountOptions:[],VolumeMode:*Filesystem,NodeAffinity:&VolumeNodeAffinity{Required:&NodeSelector{NodeSelectorTerms:[]NodeSelectorTerm{NodeSelectorTerm{MatchExpressions:[]NodeSelectorRequirement{NodeSelectorRequirement{Key:topology.kubernetes.io/zone,Operator:In,Values:[us-west-2a],},},MatchFields:[]NodeSelectorRequirement{},},},},},VolumeAttributesClassName:nil,},Status:PersistentVolumeStatus{Phase:Bound,Message:,Reason:,LastPhaseTransitionTime:2026-06-19 12:47:16 +0000 UTC,},}"
2026-06-19T12:47:16.463271095Z I0619 12:47:16.462985       1 controller.go:1272] "shouldDelete" PV="pvc-1880076b-7d3e-4e12-959e-36682f7f4b30"
2026-06-19T12:47:16.463277277Z I0619 12:47:16.462995       1 controller.go:1293] "shouldDelete is false: PersistentVolumePhase is not Released" PV="pvc-1880076b-7d3e-4e12-959e-36682f7f4b30"
2026-06-19T12:47:17.416144136Z I0619 12:47:17.415525       1 controller.go:1185] "handleProtectionFinalizer" PV="&PersistentVolume{ObjectMeta:{pvc-1880076b-7d3e-4e12-959e-36682f7f4b30    4f6e3b0b-93b5-451c-ba39-1bc8773e8af8 85367 0 2026-06-19 12:47:16 +0000 UTC <nil> <nil> map[] map[pv.kubernetes.io/provisioned-by:ebs.csi.aws.com volume.kubernetes.io/provisioner-deletion-secret-name: volume.kubernetes.io/provisioner-deletion-secret-namespace:] [] [external-provisioner.volume.kubernetes.io/finalizer kubernetes.io/pv-protection external-attacher/ebs-csi-aws-com] [{csi-provisioner Update v1 2026-06-19 12:47:16 +0000 UTC FieldsV1 {\"f:metadata\":{\"f:annotations\":{\".\":{},\"f:pv.kubernetes.io/provisioned-by\":{},\"f:volume.kubernetes.io/provisioner-deletion-secret-name\":{},\"f:volume.kubernetes.io/provisioner-deletion-secret-namespace\":{}},\"f:finalizers\":{\".\":{},\"v:\\\"external-provisioner.volume.kubernetes.io/finalizer\\\"\":{}}},\"f:spec\":{\"f:accessModes\":{},\"f:capacity\":{\".\":{},\"f:storage\":{}},\"f:claimRef\":{\".\":{},\"f:apiVersion\":{},\"f:kind\":{},\"f:name\":{},\"f:namespace\":{},\"f:resourceVersion\":{},\"f:uid\":{}},\"f:csi\":{\".\":{},\"f:driver\":{},\"f:fsType\":{},\"f:volumeAttributes\":{\".\":{},\"f:storage.kubernetes.io/csiProvisionerIdentity\":{}},\"f:volumeHandle\":{}},\"f:nodeAffinity\":{\".\":{},\"f:required\":{}},\"f:persistentVolumeReclaimPolicy\":{},\"f:storageClassName\":{},\"f:volumeMode\":{}}} } {kube-controller-manager Update v1 2026-06-19 12:47:16 +0000 UTC FieldsV1 {\"f:status\":{\"f:phase\":{}}} status} {csi-attacher Update v1 2026-06-19 12:47:17 +0000 UTC FieldsV1 {\"f:metadata\":{\"f:finalizers\":{\"v:\\\"external-attacher/ebs-csi-aws-com\\\"\":{}}}} }]},Spec:PersistentVolumeSpec{Capacity:ResourceList{storage: {{10737418240 0} {<nil>} 10Gi BinarySI},},PersistentVolumeSource:PersistentVolumeSource{GCEPersistentDisk:nil,AWSElasticBlockStore:nil,HostPath:nil,Glusterfs:nil,NFS:nil,RBD:nil,ISCSI:nil,Cinder:nil,CephFS:nil,FC:nil,Flocker:nil,FlexVolume:nil,AzureFile:nil,VsphereVolume:nil,Quobyte:nil,AzureDisk:nil,PhotonPersistentDisk:nil,PortworxVolume:nil,ScaleIO:nil,Local:nil,StorageOS:nil,CSI:&CSIPersistentVolumeSource{Driver:ebs.csi.aws.com,VolumeHandle:vol-063ffa3cab378b541,ReadOnly:false,FSType:ext4,VolumeAttributes:map[string]string{storage.kubernetes.io/csiProvisionerIdentity: 1781855100628-189-ebs.csi.aws.com,},ControllerPublishSecretRef:nil,NodeStageSecretRef:nil,NodePublishSecretRef:nil,ControllerExpandSecretRef:nil,NodeExpandSecretRef:nil,},},AccessModes:[ReadWriteOnce],ClaimRef:&ObjectReference{Kind:PersistentVolumeClaim,Namespace:kubentic-foresight,Name:vmsingle-vmstack,UID:1880076b-7d3e-4e12-959e-36682f7f4b30,APIVersion:v1,ResourceVersion:85342,FieldPath:,},PersistentVolumeReclaimPolicy:Delete,StorageClassName:kops-csi-1-21,MountOptions:[],VolumeMode:*Filesystem,NodeAffinity:&VolumeNodeAffinity{Required:&NodeSelector{NodeSelectorTerms:[]NodeSelectorTerm{NodeSelectorTerm{MatchExpressions:[]NodeSelectorRequirement{NodeSelectorRequirement{Key:topology.kubernetes.io/zone,Operator:In,Values:[us-west-2a],},},MatchFields:[]NodeSelectorRequirement{},},},},},VolumeAttributesClassName:nil,},Status:PersistentVolumeStatus{Phase:Bound,Message:,Reason:,LastPhaseTransitionTime:2026-06-19 12:47:16 +0000 UTC,},}"
2026-06-19T12:47:17.416172714Z I0619 12:47:17.416021       1 controller.go:1272] "shouldDelete" PV="pvc-1880076b-7d3e-4e12-959e-36682f7f4b30"
2026-06-19T12:47:17.416176370Z I0619 12:47:17.416031       1 controller.go:1293] "shouldDelete is false: PersistentVolumePhase is not Released" PV="pvc-1880076b-7d3e-4e12-959e-36682f7f4b30"
2026-06-19T12:47:19.127294153Z I0619 12:47:19.127132       1 leaderelection.go:293] successfully renewed lease kube-system/ebs-csi-aws-com
2026-06-19T12:47:24.134203757Z I0619 12:47:24.134081       1 leaderelection.go:293] successfully renewed lease kube-system/ebs-csi-aws-com
2026-06-19T12:47:29.140010349Z I0619 12:47:29.139834       1 leaderelection.go:293] successfully renewed lease kube-system/ebs-csi-aws-com
2026-06-19T12:47:34.145705769Z I0619 12:47:34.145589       1 leaderelection.go:293] successfully renewed lease kube-system/ebs-csi-aws-com
2026-06-19T12:47:39.150656740Z I0619 12:47:39.150501       1 leaderelection.go:293] successfully renewed lease kube-system/ebs-csi-aws-com
2026-06-19T12:47:44.157841918Z I0619 12:47:44.157677       1 leaderelection.go:293] successfully renewed lease kube-system/ebs-csi-aws-com
2026-06-19T12:47:49.164060248Z I0619 12:47:49.163863       1 leaderelection.go:293] successfully renewed lease kube-system/ebs-csi-aws-com
2026-06-19T12:47:54.169118236Z I0619 12:47:54.168993       1 leaderelection.go:293] successfully renewed lease kube-system/ebs-csi-aws-com
2026-06-19T12:47:59.174977982Z I0619 12:47:59.174826       1 leaderelection.go:293] successfully renewed lease kube-system/ebs-csi-aws-com
2026-06-19T12:48:04.266503999Z I0619 12:48:04.266369       1 leaderelection.go:293] successfully renewed lease kube-system/ebs-csi-aws-com
2026-06-19T12:48:09.271841044Z I0619 12:48:09.271691       1 leaderelection.go:293] successfully renewed lease kube-system/ebs-csi-aws-com
2026-06-19T12:48:14.280054050Z I0619 12:48:14.279929       1 leaderelection.go:293] successfully renewed lease kube-system/ebs-csi-aws-com
2026-06-19T12:48:19.287984292Z I0619 12:48:19.287862       1 leaderelection.go:293] successfully renewed lease kube-system/ebs-csi-aws-com
2026-06-19T12:48:24.293982709Z I0619 12:48:24.293809       1 leaderelection.go:293] successfully renewed lease kube-system/ebs-csi-aws-com
2026-06-19T12:48:29.298909380Z I0619 12:48:29.298698       1 leaderelection.go:293] successfully renewed lease kube-system/ebs-csi-aws-com
2026-06-19T12:48:34.304165864Z I0619 12:48:34.304018       1 leaderelection.go:293] successfully renewed lease kube-system/ebs-csi-aws-com
2026-06-19T12:48:39.311472181Z I0619 12:48:39.311347       1 leaderelection.go:293] successfully renewed lease kube-system/ebs-csi-aws-com
2026-06-19T12:48:44.321290024Z I0619 12:48:44.321169       1 leaderelection.go:293] successfully renewed lease kube-system/ebs-csi-aws-com
2026-06-19T12:48:49.326894619Z I0619 12:48:49.326755       1 leaderelection.go:293] successfully renewed lease kube-system/ebs-csi-aws-com
2026-06-19T12:48:54.332722970Z I0619 12:48:54.332595       1 leaderelection.go:293] successfully renewed lease kube-system/ebs-csi-aws-com
2026-06-19T12:48:57.216066916Z I0619 12:48:57.215724       1 reflector.go:946] "Watch close" reflector="k8s.io/client-go/informers/factory.go:160" type="*v1.Node" totalItems=21
2026-06-19T12:48:59.338631412Z I0619 12:48:59.338472       1 leaderelection.go:293] successfully renewed lease kube-system/ebs-csi-aws-com
2026-06-19T12:49:04.374187840Z I0619 12:49:04.373364       1 leaderelection.go:293] successfully renewed lease kube-system/ebs-csi-aws-com
2026-06-19T12:49:09.379078630Z I0619 12:49:09.378927       1 leaderelection.go:293] successfully renewed lease kube-system/ebs-csi-aws-com
2026-06-19T12:49:13.512134843Z I0619 12:49:13.511887       1 reflector.go:946] "Watch close" reflector="sigs.k8s.io/sig-storage-lib-external-provisioner/v11/controller/controller.go:872" type="*v1.PersistentVolume" totalItems=26
2026-06-19T12:49:14.386797419Z I0619 12:49:14.386672       1 leaderelection.go:293] successfully renewed lease kube-system/ebs-csi-aws-com
2026-06-19T12:49:19.395069000Z I0619 12:49:19.394957       1 leaderelection.go:293] successfully renewed lease kube-system/ebs-csi-aws-com
2026-06-19T12:49:24.400335247Z I0619 12:49:24.400174       1 leaderelection.go:293] successfully renewed lease kube-system/ebs-csi-aws-com
2026-06-19T12:49:29.406890059Z I0619 12:49:29.406741       1 leaderelection.go:293] successfully renewed lease kube-system/ebs-csi-aws-com
2026-06-19T12:49:34.412440085Z I0619 12:49:34.412298       1 leaderelection.go:293] successfully renewed lease kube-system/ebs-csi-aws-com
2026-06-19T12:49:39.417860811Z I0619 12:49:39.417498       1 leaderelection.go:293] successfully renewed lease kube-system/ebs-csi-aws-com
2026-06-19T12:49:44.425602146Z I0619 12:49:44.425416       1 leaderelection.go:293] successfully renewed lease kube-system/ebs-csi-aws-com
2026-06-19T12:49:49.431536074Z I0619 12:49:49.431401       1 leaderelection.go:293] successfully renewed lease kube-system/ebs-csi-aws-com
2026-06-19T12:49:54.437896070Z I0619 12:49:54.437753       1 leaderelection.go:293] successfully renewed lease kube-system/ebs-csi-aws-com
2026-06-19T12:49:59.444109703Z I0619 12:49:59.443951       1 leaderelection.go:293] successfully renewed lease kube-system/ebs-csi-aws-com
2026-06-19T12:50:04.459014905Z I0619 12:50:04.455280       1 leaderelection.go:293] successfully renewed lease kube-system/ebs-csi-aws-com
2026-06-19T12:50:09.466837345Z I0619 12:50:09.466697       1 leaderelection.go:293] successfully renewed lease kube-system/ebs-csi-aws-com
2026-06-19T12:50:14.472287818Z I0619 12:50:14.472156       1 leaderelection.go:293] successfully renewed lease kube-system/ebs-csi-aws-com
2026-06-19T12:50:19.477604638Z I0619 12:50:19.477450       1 leaderelection.go:293] successfully renewed lease kube-system/ebs-csi-aws-com
2026-06-19T12:50:24.483155415Z I0619 12:50:24.483049       1 leaderelection.go:293] successfully renewed lease kube-system/ebs-csi-aws-com
2026-06-19T12:50:29.488124738Z I0619 12:50:29.487997       1 leaderelection.go:293] successfully renewed lease kube-system/ebs-csi-aws-com
2026-06-19T12:50:34.494182492Z I0619 12:50:34.494056       1 leaderelection.go:293] successfully renewed lease kube-system/ebs-csi-aws-com
2026-06-19T12:50:39.499800740Z I0619 12:50:39.499678       1 leaderelection.go:293] successfully renewed lease kube-system/ebs-csi-aws-com
2026-06-19T12:50:44.510141735Z I0619 12:50:44.510011       1 leaderelection.go:293] successfully renewed lease kube-system/ebs-csi-aws-com
2026-06-19T12:50:49.515868827Z I0619 12:50:49.515737       1 leaderelection.go:293] successfully renewed lease kube-system/ebs-csi-aws-com
2026-06-19T12:50:54.521753299Z I0619 12:50:54.521573       1 leaderelection.go:293] successfully renewed lease kube-system/ebs-csi-aws-com
2026-06-19T12:50:59.528400483Z I0619 12:50:59.528281       1 leaderelection.go:293] successfully renewed lease kube-system/ebs-csi-aws-com
2026-06-19T12:51:04.536127279Z I0619 12:51:04.535993       1 leaderelection.go:293] successfully renewed lease kube-system/ebs-csi-aws-com
2026-06-19T12:51:09.541463353Z I0619 12:51:09.541322       1 leaderelection.go:293] successfully renewed lease kube-system/ebs-csi-aws-com
2026-06-19T12:51:14.547577507Z I0619 12:51:14.547421       1 leaderelection.go:293] successfully renewed lease kube-system/ebs-csi-aws-com
2026-06-19T12:51:19.555032855Z I0619 12:51:19.554897       1 leaderelection.go:293] successfully renewed lease kube-system/ebs-csi-aws-com
2026-06-19T12:51:24.564765228Z I0619 12:51:24.564624       1 leaderelection.go:293] successfully renewed lease kube-system/ebs-csi-aws-com
2026-06-19T12:51:26.203130387Z I0619 12:51:26.202988       1 reflector.go:946] "Watch close" reflector="k8s.io/client-go/informers/factory.go:160" type="*v1.PersistentVolumeClaim" totalItems=17
2026-06-19T12:51:29.570219949Z I0619 12:51:29.569868       1 leaderelection.go:293] successfully renewed lease kube-system/ebs-csi-aws-com
2026-06-19T12:51:34.575103480Z I0619 12:51:34.574985       1 leaderelection.go:293] successfully renewed lease kube-system/ebs-csi-aws-com
2026-06-19T12:51:39.580988639Z I0619 12:51:39.580754       1 leaderelection.go:293] successfully renewed lease kube-system/ebs-csi-aws-com
2026-06-19T12:51:44.586242079Z I0619 12:51:44.586096       1 leaderelection.go:293] successfully renewed lease kube-system/ebs-csi-aws-com
2026-06-19T12:51:49.591402966Z I0619 12:51:49.591271       1 leaderelection.go:293] successfully renewed lease kube-system/ebs-csi-aws-com
2026-06-19T12:51:54.597520864Z I0619 12:51:54.597385       1 leaderelection.go:293] successfully renewed lease kube-system/ebs-csi-aws-com
2026-06-19T12:51:59.605577487Z I0619 12:51:59.605434       1 leaderelection.go:293] successfully renewed lease kube-system/ebs-csi-aws-com
2026-06-19T12:52:04.615737376Z I0619 12:52:04.615508       1 leaderelection.go:293] successfully renewed lease kube-system/ebs-csi-aws-com
2026-06-19T12:52:09.621867250Z I0619 12:52:09.621754       1 leaderelection.go:293] successfully renewed lease kube-system/ebs-csi-aws-com
2026-06-19T12:52:14.627773246Z I0619 12:52:14.627623       1 leaderelection.go:293] successfully renewed lease kube-system/ebs-csi-aws-com
2026-06-19T12:52:19.633484313Z I0619 12:52:19.633334       1 leaderelection.go:293] successfully renewed lease kube-system/ebs-csi-aws-com
2026-06-19T12:52:23.295209283Z I0619 12:52:23.294993       1 reflector.go:946] "Watch close" reflector="k8s.io/client-go/informers/factory.go:160" type="*v1.VolumeAttachment" totalItems=12
2026-06-19T12:52:24.639528848Z I0619 12:52:24.639391       1 leaderelection.go:293] successfully renewed lease kube-system/ebs-csi-aws-com
2026-06-19T12:52:29.644616808Z I0619 12:52:29.644479       1 leaderelection.go:293] successfully renewed lease kube-system/ebs-csi-aws-com
2026-06-19T12:52:34.651165412Z I0619 12:52:34.651018       1 leaderelection.go:293] successfully renewed lease kube-system/ebs-csi-aws-com
2026-06-19T12:52:39.657084038Z I0619 12:52:39.656780       1 leaderelection.go:293] successfully renewed lease kube-system/ebs-csi-aws-com
2026-06-19T12:52:44.662489080Z I0619 12:52:44.662340       1 leaderelection.go:293] successfully renewed lease kube-system/ebs-csi-aws-com
2026-06-19T12:52:49.669078376Z I0619 12:52:49.668651       1 leaderelection.go:293] successfully renewed lease kube-system/ebs-csi-aws-com
2026-06-19T12:52:54.675095422Z I0619 12:52:54.674954       1 leaderelection.go:293] successfully renewed lease kube-system/ebs-csi-aws-com
2026-06-19T12:52:59.681773287Z I0619 12:52:59.681540       1 leaderelection.go:293] successfully renewed lease kube-system/ebs-csi-aws-com
2026-06-19T12:53:04.690731413Z I0619 12:53:04.690598       1 leaderelection.go:293] successfully renewed lease kube-system/ebs-csi-aws-com
2026-06-19T12:53:09.697998732Z I0619 12:53:09.697868       1 leaderelection.go:293] successfully renewed lease kube-system/ebs-csi-aws-com
2026-06-19T12:53:14.704268489Z I0619 12:53:14.704146       1 leaderelection.go:293] successfully renewed lease kube-system/ebs-csi-aws-com
2026-06-19T12:53:19.710609477Z I0619 12:53:19.710421       1 leaderelection.go:293] successfully renewed lease kube-system/ebs-csi-aws-com
2026-06-19T12:53:23.291176303Z I0619 12:53:23.290957       1 reflector.go:946] "Watch close" reflector="sigs.k8s.io/sig-storage-lib-external-provisioner/v11/controller/controller.go:875" type="*v1.StorageClass" totalItems=11
2026-06-19T12:53:24.715623735Z I0619 12:53:24.715165       1 leaderelection.go:293] successfully renewed lease kube-system/ebs-csi-aws-com
2026-06-19T12:53:29.721422273Z I0619 12:53:29.721183       1 leaderelection.go:293] successfully renewed lease kube-system/ebs-csi-aws-com
2026-06-19T12:53:34.727403984Z I0619 12:53:34.727269       1 leaderelection.go:293] successfully renewed lease kube-system/ebs-csi-aws-com
2026-06-19T12:53:39.736632871Z I0619 12:53:39.736484       1 leaderelection.go:293] successfully renewed lease kube-system/ebs-csi-aws-com
2026-06-19T12:53:44.742600461Z I0619 12:53:44.742452       1 leaderelection.go:293] successfully renewed lease kube-system/ebs-csi-aws-com
2026-06-19T12:53:49.299595169Z I0619 12:53:49.299238       1 reflector.go:946] "Watch close" reflector="k8s.io/client-go/informers/factory.go:160" type="*v1.CSINode" totalItems=11
2026-06-19T12:53:49.750882624Z I0619 12:53:49.750722       1 leaderelection.go:293] successfully renewed lease kube-system/ebs-csi-aws-com
2026-06-19T12:53:54.756163860Z I0619 12:53:54.756032       1 leaderelection.go:293] successfully renewed lease kube-system/ebs-csi-aws-com
2026-06-19T12:53:59.764155568Z I0619 12:53:59.764014       1 leaderelection.go:293] successfully renewed lease kube-system/ebs-csi-aws-com
2026-06-19T12:54:04.819967144Z I0619 12:54:04.816644       1 leaderelection.go:293] successfully renewed lease kube-system/ebs-csi-aws-com
2026-06-19T12:54:09.824426550Z I0619 12:54:09.824257       1 leaderelection.go:293] successfully renewed lease kube-system/ebs-csi-aws-com
2026-06-19T12:54:14.830760437Z I0619 12:54:14.830630       1 leaderelection.go:293] successfully renewed lease kube-system/ebs-csi-aws-com
2026-06-19T12:54:19.836148106Z I0619 12:54:19.836029       1 leaderelection.go:293] successfully renewed lease kube-system/ebs-csi-aws-com
2026-06-19T12:54:24.842727158Z I0619 12:54:24.842589       1 leaderelection.go:293] successfully renewed lease kube-system/ebs-csi-aws-com
2026-06-19T12:54:29.847643958Z I0619 12:54:29.847459       1 leaderelection.go:293] successfully renewed lease kube-system/ebs-csi-aws-com
2026-06-19T12:54:34.853503612Z I0619 12:54:34.853323       1 leaderelection.go:293] successfully renewed lease kube-system/ebs-csi-aws-com
2026-06-19T12:54:39.858618008Z I0619 12:54:39.858452       1 leaderelection.go:293] successfully renewed lease kube-system/ebs-csi-aws-com
2026-06-19T12:54:44.866427935Z I0619 12:54:44.866219       1 leaderelection.go:293] successfully renewed lease kube-system/ebs-csi-aws-com
2026-06-19T12:54:49.874311768Z I0619 12:54:49.874172       1 leaderelection.go:293] successfully renewed lease kube-system/ebs-csi-aws-com
2026-06-19T12:54:54.881501309Z I0619 12:54:54.881155       1 leaderelection.go:293] successfully renewed lease kube-system/ebs-csi-aws-com
2026-06-19T12:54:59.890671112Z I0619 12:54:59.890512       1 leaderelection.go:293] successfully renewed lease kube-system/ebs-csi-aws-com
2026-06-19T12:55:01.180271992Z I0619 12:55:01.180033       1 reflector.go:946] "Watch close" reflector="k8s.io/client-go/informers/factory.go:160" type="*v1.StorageClass" totalItems=10
2026-06-19T12:55:04.906289203Z I0619 12:55:04.906126       1 leaderelection.go:293] successfully renewed lease kube-system/ebs-csi-aws-com
2026-06-19T12:55:09.911378846Z I0619 12:55:09.911269       1 leaderelection.go:293] successfully renewed lease kube-system/ebs-csi-aws-com
2026-06-19T12:55:14.919009252Z I0619 12:55:14.918786       1 leaderelection.go:293] successfully renewed lease kube-system/ebs-csi-aws-com
2026-06-19T12:55:19.923890377Z I0619 12:55:19.923598       1 leaderelection.go:293] successfully renewed lease kube-system/ebs-csi-aws-com
2026-06-19T12:55:24.930754456Z I0619 12:55:24.930623       1 leaderelection.go:293] successfully renewed lease kube-system/ebs-csi-aws-com
2026-06-19T12:55:29.936289143Z I0619 12:55:29.936125       1 leaderelection.go:293] successfully renewed lease kube-system/ebs-csi-aws-com
2026-06-19T12:55:34.944735215Z I0619 12:55:34.944607       1 leaderelection.go:293] successfully renewed lease kube-system/ebs-csi-aws-com
2026-06-19T12:55:39.951866747Z I0619 12:55:39.951747       1 leaderelection.go:293] successfully renewed lease kube-system/ebs-csi-aws-com
2026-06-19T12:55:44.959083405Z I0619 12:55:44.958937       1 leaderelection.go:293] successfully renewed lease kube-system/ebs-csi-aws-com
2026-06-19T12:55:49.965359672Z I0619 12:55:49.965193       1 leaderelection.go:293] successfully renewed lease kube-system/ebs-csi-aws-com
2026-06-19T12:55:54.970909275Z I0619 12:55:54.970751       1 leaderelection.go:293] successfully renewed lease kube-system/ebs-csi-aws-com
2026-06-19T12:55:59.977820993Z I0619 12:55:59.977673       1 leaderelection.go:293] successfully renewed lease kube-system/ebs-csi-aws-com
2026-06-19T12:56:04.989430413Z I0619 12:56:04.989309       1 leaderelection.go:293] successfully renewed lease kube-system/ebs-csi-aws-com
2026-06-19T12:56:09.995288562Z I0619 12:56:09.995167       1 leaderelection.go:293] successfully renewed lease kube-system/ebs-csi-aws-com
2026-06-19T12:56:15.000728057Z I0619 12:56:15.000588       1 leaderelection.go:293] successfully renewed lease kube-system/ebs-csi-aws-com
2026-06-19T12:56:15.218230207Z I0619 12:56:15.218069       1 reflector.go:946] "Watch close" reflector="k8s.io/client-go/informers/factory.go:160" type="*v1.Node" totalItems=12
2026-06-19T12:56:20.006603982Z I0619 12:56:20.006441       1 leaderelection.go:293] successfully renewed lease kube-system/ebs-csi-aws-com
2026-06-19T12:56:25.011268958Z I0619 12:56:25.011023       1 leaderelection.go:293] successfully renewed lease kube-system/ebs-csi-aws-com
2026-06-19T12:56:30.017094013Z I0619 12:56:30.016796       1 leaderelection.go:293] successfully renewed lease kube-system/ebs-csi-aws-com
2026-06-19T12:56:35.022096573Z I0619 12:56:35.021927       1 leaderelection.go:293] successfully renewed lease kube-system/ebs-csi-aws-com
2026-06-19T12:56:40.027917526Z I0619 12:56:40.027791       1 leaderelection.go:293] successfully renewed lease kube-system/ebs-csi-aws-com
2026-06-19T12:56:45.034307929Z I0619 12:56:45.034184       1 leaderelection.go:293] successfully renewed lease kube-system/ebs-csi-aws-com
2026-06-19T12:56:50.040640107Z I0619 12:56:50.040481       1 leaderelection.go:293] successfully renewed lease kube-system/ebs-csi-aws-com
2026-06-19T12:56:55.046827262Z I0619 12:56:55.046704       1 leaderelection.go:293] successfully renewed lease kube-system/ebs-csi-aws-com
2026-06-19T12:57:00.126587312Z I0619 12:57:00.126413       1 leaderelection.go:293] successfully renewed lease kube-system/ebs-csi-aws-com
2026-06-19T12:57:05.142237561Z I0619 12:57:05.142113       1 leaderelection.go:293] successfully renewed lease kube-system/ebs-csi-aws-com
2026-06-19T12:57:10.150107897Z I0619 12:57:10.149968       1 leaderelection.go:293] successfully renewed lease kube-system/ebs-csi-aws-com
2026-06-19T12:57:15.155747594Z I0619 12:57:15.155579       1 leaderelection.go:293] successfully renewed lease kube-system/ebs-csi-aws-com
2026-06-19T12:57:20.162325932Z I0619 12:57:20.162192       1 leaderelection.go:293] successfully renewed lease kube-system/ebs-csi-aws-com
2026-06-19T12:57:25.167622504Z I0619 12:57:25.167482       1 leaderelection.go:293] successfully renewed lease kube-system/ebs-csi-aws-com
2026-06-19T12:57:30.173715965Z I0619 12:57:30.173594       1 leaderelection.go:293] successfully renewed lease kube-system/ebs-csi-aws-com
